material,liberation_state,residual_coating_fraction,size_mm,aerodynamic_size_mm,metal_thickness_mm,coating_thickness_mm,total_thickness_mm,metal_density_kg_m3,coating_density_kg_m3,effective_density_kg_m3,areal_density_kg_m2,suspension_velocity_m_s,eq9_velocity_m_s,physical_particle_mass_kg,source_subfraction,pneumatic_fraction,statistical_mass,mill_fraction,x_m,z_m,vx_m_s,vz_m_s,dynamic_stream,exit_time_s
aluminum,partial,0.25105283737545864,0.9715058492201383,0.9715058492201383,0.0218,0.0394655060354221,0.0612655060354221,2700.0,,2281.9030535288784,0.13980194529822162,1.5129272922401213,1.481327557767318,1.31948377405038e-07,0.50-1.00,0.25-1.00,1.6666666666666667e-05,pneumatic_feed,0.0007059975149927687,0.5764574512779644,-1.2464668799090576e-35,-0.2905526322117477,active,
copper,partial,0.25073971207604906,0.5262277279179064,0.5262277279179064,0.012,0.03660799796310317,0.04860799796310317,8900.0,,2950.2963292575796,0.14340799796310316,1.4940172380686492,1.5003106131827726,3.971191490261516e-08,0.50-1.00,0.25-1.00,1.6666666666666667e-05,pneumatic_feed,-0.04239219730659992,0.5806763589538217,-1.058724296118279e-34,-0.2905412506884653,active,
copper,partial,0.35245481612512064,0.29822106375509816,0.29822106375509816,0.012,0.05145840315426761,0.06345840315426761,8900.0,,2493.891987315547,0.15825840315426762,1.4307116471059476,1.576078645217105,1.4074838145009339e-08,0.25-0.50,0.25-1.00,1.6666666666666667e-05,pneumatic_feed,4.825875952822131e-05,0.5953952935352858,-1.4873474798807446e-36,-0.2902133448740733,active,
aluminum,partial,0.1250635694641018,0.7141380043505245,0.7141380043505245,0.0218,0.019659993119756802,0.0414599931197568,2700.0,,2392.2277349259443,0.09918174543092106,1.2800354296879957,1.247700555535557,5.058200475029115e-08,0.50-1.00,0.25-1.00,1.6666666666666667e-05,pneumatic_feed,-0.03370237402758062,2.25,0.0,0.0,light,4.143999999999766
aluminum,partial,0.17904609752778256,0.6422934807556271,0.6422934807556271,0.0218,0.028146046531367416,0.049946046531367416,2700.0,,2334.2438571331804,0.11658625230393238,1.3639280525585147,1.3527519418439298,4.809659925098881e-08,0.50-1.00,0.25-1.00,1.6666666666666667e-05,pneumatic_feed,-0.006993403744747068,0.6120006163072723,-2.1958137726891205e-38,-0.28960343280681544,active,
aluminum,heavily_coated,0.3074913090742947,0.9389714357948282,0.9389714357948282,0.0218,0.04833763378647914,0.07013763378647914,2700.0,,2252.6889549715843,0.15799827295864335,1.5920079275273302,1.5747828079957142,1.3930191976771023e-07,0.50-1.00,0.25-1.00,1.6666666666666667e-05,pneumatic_feed,0.014775707324295891,0.5596193446086535,2.703087025246562e-33,-0.2905773862071487,active,
aluminum,partial,0.0913534686532696,0.5540024245876183,0.5540024245876183,0.0218,0.014360765272293984,0.03616076527229398,2700.0,,2442.2401230586065,0.08831327182850066,1.2001390092521524,1.1773551353012168,2.7104993385613335e-08,0.50-1.00,0.25-1.00,1.6666666666666667e-05,pneumatic_feed,-0.030437805721781407,2.25,0.0,0.0,light,3.19199999999987
aluminum,partial,0.15006518811063685,0.7039587844800383,0.7039587844800383,0.0218,0.02359024757099211,0.04539024757099211,2700.0,,2362.677514173479,0.10724251729875042,1.323437430936583,1.2974122519543227,5.314488419670604e-08,0.50-1.00,0.25-1.00,1.6666666666666667e-05,pneumatic_feed,0.025361330731810374,0.6248213966878706,-1.7270916254854596e-39,-0.27972812740053954,active,
aluminum,partial,0.16880661479790554,0.9685051895753176,0.9685051895753176,0.0218,0.026536399846230754,0.048336399846230754,2700.0,,2343.6776639836285,0.11328494067699273,1.3781094608544289,1.3334618213005118,1.0626153516349775e-07,0.50-1.00,0.25-1.00,1.6666666666666667e-05,pneumatic_feed,0.02920311751155189,0.6083755477492775,-1.350794235478262e-38,-0.2897584958470376,active,
aluminum,heavily_coated,0.2805948723935264,0.689055580668966,0.689055580668966,0.0218,0.04410951394026234,0.06590951394026234,2700.0,,2265.6303146726323,0.14932659280839683,1.5202366151431075,1.530957282461074,7.089990687380575e-08,0.50-1.00,0.25-1.00,1.6666666666666667e-05,pneumatic_feed,0.0032041913398042493,0.5748472375419899,1.498958763062942e-34,-0.29056552542238373,active,
aluminum,partial,0.08540450813473877,0.8871474177776244,0.8871474177776244,0.0218,0.013425588678780936,0.035225588678780936,2700.0,,2452.628066930322,0.08639526746772112,1.2148252778914623,1.1644999433977448,6.799571408368626e-08,0.50-1.00,0.25-1.00,1.6666666666666667e-05,pneumatic_feed,0.011918024530665837,2.25,0.0,0.0,light,3.3439999999998533
aluminum,partial,0.061340497935128024,0.6547373350950416,0.6547373350950416,0.0218,0.009642726275402122,0.03144272627540212,2700.0,,2500.9532968132844,0.07863678993926462,1.15017278931936,1.110982922860067,3.3710096015377565e-08,0.50-1.00,0.25-1.00,1.6666666666666667e-05,pneumatic_feed,-0.025445940907588182,2.25,0.0,0.0,light,2.893999999999903
aluminum,partial,0.0682694146692977,0.9832997555729774,0.9832997555729774,0.0218,0.0107319519860136,0.0325319519860136,2700.0,,2485.8865529586687,0.08087074198352827,1.1826243705145194,1.1266530815532614,7.819217436874331e-08,0.50-1.00,0.25-1.00,1.6666666666666667e-05,pneumatic_feed,-0.022957409369309883,2.25,0.0,0.0,light,3.1139999999998786
aluminum,bare_like,0.049953609986066794,0.8207606630738021,0.8207606630738021,0.0218,0.0078527074898097,0.0296527074898097,2700.0,,2528.1179946677744,0.07496554339560779,1.1353959856509408,1.0847392171104813,5.0500393328789614e-08,0.50-1.00,0.25-1.00,1.6666666666666667e-05,pneumatic_feed,0.0056631392000699166,2.25,0.0,0.0,light,2.82999999999991
aluminum,partial,0.059777564959273666,0.9547435745188988,0.9547435745188988,0.0218,0.009397033211597822,0.03119703321159782,2700.0,,2504.4972766664464,0.07813288471851942,1.1628811860839765,1.107417608015098,7.122088197148181e-08,0.50-1.00,0.25-1.00,1.6666666666666667e-05,pneumatic_feed,-0.007739115767371404,2.25,0.0,0.0,light,2.9619999999998954
aluminum,bare_like,0.02847099122794361,0.6421633445082188,0.6421633445082188,0.0218,0.004475639821032735,0.026275639821032735,2700.0,,2589.4453092380336,0.0680393322818013,1.0768814322479396,1.0334144180797717,2.805763535101502e-08,0.50-1.00,0.25-1.00,1.6666666666666667e-05,pneumatic_feed,0.025581335736107987,2.25,0.0,0.0,light,2.5799999999999375
aluminum,partial,0.10052109727049147,0.7550232014090907,0.7550232014090907,0.0218,0.01580191649092126,0.03760191649092126,2700.0,,2427.2434888529006,0.09126900697097914,1.2371004291367802,1.19689528924484,5.2028813277810725e-08,0.50-1.00,0.25-1.00,1.6666666666666667e-05,pneumatic_feed,0.030111069593902248,2.25,0.0,0.0,light,3.5339999999998324
aluminum,heavily_coated,0.3388632701378686,0.7283832918454611,0.7283832918454611,0.0218,0.05326930606567294,0.07506930606567294,2700.0,,2239.4360056835994,0.1681129069251502,1.6030857853344067,1.6244076419104774,8.919099482376233e-08,0.50-1.00,0.25-1.00,1.6666666666666667e-05,pneumatic_feed,-0.023188648963551,0.5573588421696011,-4.209585486476474e-33,-0.29056001474050636,active,
aluminum,partial,0.14943743569668294,0.8811196979294711,0.8811196979294711,0.0218,0.02349156489151856,0.04529156489151856,2700.0,,2363.356706692469,0.10704012364296756,1.3377738162001902,1.2961874018443549,8.310294653229905e-08,0.50-1.00,0.25-1.00,1.6666666666666667e-05,pneumatic_feed,0.00659505215088823,0.6192002175468228,-5.2557754613500445e-39,-0.2876737299939705,active,
copper,partial,0.1388740909305256,0.8920349464020421,0.8920349464020421,0.012,0.020275617275856733,0.03227561727585673,8900.0,,3937.2017640980534,0.12707561727585673,1.4783011142536895,1.4122956095527053,1.0111741655009862e-07,0.50-1.00,0.25-1.00,1.6666666666666667e-05,pneumatic_feed,-0.000602117602787485,0.5842429368574621,-4.7539291230609294e-35,-0.2905183611040648,active,
aluminum,partial,0.18834795230674334,0.7306947768570473,0.7306947768570473,0.0218,0.029608298102620056,0.051408298102620056,2700.0,,2326.185999476267,0.11958526330321712,1.3902982253242098,1.3700402522580482,6.384834874701556e-08,0.50-1.00,0.25-1.00,1.6666666666666667e-05,pneumatic_feed,0.01849414109536997,0.6053035582925098,-1.2101162211771536e-37,-0.28987790363505833,active,
aluminum,partial,0.2045216393502574,0.9925376059288773,0.9925376059288773,0.0218,0.03215080170586047,0.05395080170586047,2700.0,,2313.215333171962,0.12479982174291648,1.4406341620906735,1.3995920841719625,1.2294416061148086e-07,0.50-1.00,0.25-1.00,1.6666666666666667e-05,pneumatic_feed,-0.027799414508066063,0.5930257307234245,-2.7861886492510256e-37,-0.2902651243711677,active,
aluminum,partial,0.1416566743360394,0.6159713058561609,0.6159713058561609,0.0218,0.022268429205625398,0.0440684292056254,2700.0,,2372.027554804219,0.10453152837268245,1.2985039469449722,1.2809086108452952,3.9661420402831276e-08,0.50-1.00,0.25-1.00,1.6666666666666667e-05,pneumatic_feed,-0.03110434503664123,2.25,0.0,0.0,light,4.877999999999685
aluminum,bare_like,0.020958004256586154,0.6112960174254874,0.6112960174254874,0.0218,0.0032945982691353418,0.02509459826913534,2700.0,,2614.788626964015,0.06561707015236594,1.0574100682096677,1.0148524686433669,2.4519971875058824e-08,0.50-1.00,0.25-1.00,1.6666666666666667e-05,pneumatic_feed,-0.010770511540124308,2.25,0.0,0.0,light,2.4779999999999487
aluminum,partial,0.09406386522366689,0.6531339596724846,0.6531339596724846,0.0218,0.014786839613160435,0.036586839613160435,2700.0,,2437.6833782243784,0.08918713078676244,1.21605709607963,1.1831657554328654,3.804580025948496e-08,0.50-1.00,0.25-1.00,1.6666666666666667e-05,pneumatic_feed,-0.006284485453711951,2.25,0.0,0.0,light,3.3519999999998524
aluminum,partial,0.054348294317085655,0.9271500029686126,0.9271500029686126,0.0218,0.008543551866645866,0.030343551866645866,2700.0,,2517.25420631236,0.07638243357077158,1.1497264291534146,1.0949423168947443,6.565888435178063e-08,0.50-1.00,0.25-1.00,1.6666666666666667e-05,pneumatic_feed,0.026711886497696635,2.25,0.0,0.0,light,2.893999999999903
copper,partial,0.11222914047351928,0.7401458894469184,0.7401458894469184,0.012,0.016385454509133816,0.028385454509133816,8900.0,,4339.7386668406325,0.12318545450913382,1.4525830045031378,1.3905102998451198,6.748295526863126e-08,0.50-1.00,0.25-1.00,1.6666666666666667e-05,pneumatic_feed,0.030450517228707095,0.5902022314863767,-1.1964867986035437e-36,-0.29040808619892,active,
aluminum,partial,0.10966476380646412,0.8417056210906497,0.8417056210906497,0.0218,0.01723930087037616,0.03903930087037616,2700.0,,2413.388928548563,0.0942170164988421,1.2608481127022113,1.216071663581479,6.674977446352245e-08,0.50-1.00,0.25-1.00,1.6666666666666667e-05,pneumatic_feed,-0.016504538604041302,2.25,0.0,0.0,light,3.8139999999998015
copper,partial,0.0780462952384599,0.6893165032338575,0.6893165032338575,0.012,0.011394759104815144,0.023394759104815144,8900.0,,5052.189619703677,0.11819475910481514,1.4287486368958153,1.3620517387049504,5.616109571143161e-08,0.50-1.00,0.25-1.00,1.6666666666666667e-05,pneumatic_feed,-0.03464091912998393,0.5958654212996949,-6.122073502882683e-37,-0.29027468788047256,active,
aluminum,partial,0.054427277983037536,0.8886272114834188,0.8886272114834188,0.0218,0.008555968098933501,0.0303559680989335,2700.0,,2517.063479757563,0.07640789869451113,1.148374827935255,1.0951248229809454,6.033613299338973e-08,0.50-1.00,0.25-1.00,1.6666666666666667e-05,pneumatic_feed,-0.03575007097509139,2.25,0.0,0.0,light,2.8899999999999033
aluminum,bare_like,0.044511324300850405,0.563858699643206,0.563858699643206,0.0218,0.006997180180093685,0.028797180180093685,2700.0,,2542.2939194041255,0.07321089606783718,1.1067137280212367,1.0719693207740475,2.327642580667842e-08,0.50-1.00,0.25-1.00,1.6666666666666667e-05,pneumatic_feed,-0.0024315300765179104,2.25,0.0,0.0,light,2.6679999999999278
aluminum,partial,0.2480503204993193,0.8628636660750892,0.8628636660750892,0.0218,0.038993510382493,0.060793510382493,2700.0,,2283.6961208307885,0.13883390383218552,1.4978788316233018,1.4761900130233858,1.0336652097090956e-07,0.50-1.00,0.25-1.00,1.6666666666666667e-05,pneumatic_feed,0.014753176044863469,0.579808963550862,5.6221783272362e-35,-0.29051552537162406,active,
copper,partial,0.1867611159449004,0.6710056054666635,0.6710056054666635,0.012,0.027267122927955464,0.039267122927955464,8900.0,,3414.233407778113,0.13406712292795545,1.4877144709420662,1.4506266099438507,6.036352402321199e-08,0.50-1.00,0.25-1.00,1.6666666666666667e-05,pneumatic_feed,-0.020442769937159384,0.5820999513270884,1.637953194726598e-35,-0.29053816817499517,active,
aluminum,heavily_coated,0.2723537902809515,0.6565804168794833,0.6565804168794833,0.0218,0.04281401583216558,0.06461401583216558,2700.0,,2269.934527911943,0.1466695855244816,1.5031757517081479,1.517275787189746,6.322894207499043e-08,0.50-1.00,0.25-1.00,1.6666666666666667e-05,pneumatic_feed,-0.042945344884132874,0.578623643368565,-1.5184917835736962e-34,-0.29052892299014366,active,
copper,heavily_coated,0.5089061895412924,0.6124937634282828,0.6124937634282828,0.012,0.07430030367302869,0.08630030367302868,8900.0,,2098.4897615097007,0.1811003036730287,1.6139652924390668,1.6859864668649802,6.79395272367145e-08,0.50-1.00,0.25-1.00,1.6666666666666667e-05,pneumatic_feed,-0.03557522863367626,0.555161209734838,-1.8655213046036444e-32,-0.2905280666304577,active,
copper,partial,0.4148938224911931,0.6835519376184136,0.6835519376184136,0.012,0.06057449808371419,0.07257449808371419,8900.0,,2306.243963143208,0.16737449808371418,1.5954654966596338,1.6208362415500148,7.820460468974111e-08,0.50-1.00,0.25-1.00,1.6666666666666667e-05,pneumatic_feed,-0.023659146635355045,0.5589112741485162,5.153627230900452e-33,-0.2905767323522418,active,
aluminum,bare_like,0.03986124904925574,0.6037962044425444,0.6037962044425444,0.0218,0.006266188350543003,0.028066188350543003,2700.0,,2555.091001681499,0.07171166530597055,1.0999136665328464,1.0609365196101574,2.6143911529917987e-08,0.50-1.00,0.25-1.00,1.6666666666666667e-05,pneumatic_feed,0.0032850317757792333,2.25,0.0,0.0,light,2.6439999999999304
copper,heavily_coated,0.5912278899275296,0.2900747347884862,0.2900747347884862,0.012,0.08631927192941932,0.09831927192941932,8900.0,,1964.205675445342,0.19311927192941933,1.4566906671901592,1.7410342019053406,1.6249702830096385e-08,0.25-0.50,0.25-1.00,1.6666666666666667e-05,pneumatic_feed,0.03960446739955755,0.5892420112007093,6.355145237642312e-36,-0.2903262827345512,active,
aluminum,partial,0.15590704124337285,0.6557684061177902,0.6557684061177902,0.0218,0.024508586883458208,0.04630858688345821,2700.0,,2356.495771332994,0.10912598916727584,1.3278070865509461,1.308755716690308,4.692768946747711e-08,0.50-1.00,0.25-1.00,1.6666666666666667e-05,pneumatic_feed,-0.0099417305667239,0.6229014378671276,4.9703509784744695e-39,-0.28299706638811445,active,
aluminum,heavily_coated,0.29849956958006635,0.6811022853716862,0.6811022853716862,0.0218,0.04692413233798644,0.06872413233798644,2700.0,,2256.8381869927216,0.15509924622830917,1.54255871780294,1.560268492535673,7.195059044385566e-08,0.50-1.00,0.25-1.00,1.6666666666666667e-05,pneumatic_feed,-0.0064490332233003225,0.5699994875072022,4.80023768603028e-34,-0.2905924513149624,active,
copper,partial,0.3195413930001428,0.9015632018460324,0.9015632018460324,0.012,0.04665304337802084,0.05865304337802084,8900.0,,2616.2844166330947,0.15345304337802085,1.5823260358290367,1.5519661622797758,1.2472912065929354e-07,0.50-1.00,0.25-1.00,1.6666666666666667e-05,pneumatic_feed,0.022973221564495362,0.5616137457790313,-2.365878292392662e-34,-0.2906116284313256,active,
aluminum,bare_like,0.044451396651276516,0.272928126317468,0.272928126317468,0.0218,0.0069877595535806705,0.02878775955358067,2700.0,,2542.4547074638317,0.07319157479433806,1.0556817910269038,1.071827858367159,5.45202299672829e-09,0.25-0.50,0.25-1.00,1.6666666666666667e-05,pneumatic_feed,0.009206735707609492,2.25,0.0,0.0,light,2.4719999999999493
aluminum,partial,0.11514160392494921,0.8512293226204378,0.8512293226204378,0.0218,0.018100260137002014,0.039900260137002014,2700.0,,2405.5683895762872,0.09598280452144287,1.2720342798015887,1.2274143961061266,6.954831083494133e-08,0.50-1.00,0.25-1.00,1.6666666666666667e-05,pneumatic_feed,-0.007735575303086058,2.25,0.0,0.0,light,3.945999999999787
copper,partial,0.4479358845751992,0.8907813250430099,0.8907813250430099,0.012,0.06539863914797908,0.07739863914797908,8900.0,,2224.8277365542704,0.17219863914797906,1.6446513372848133,1.644028539918538,1.3663813392528134e-07,0.50-1.00,0.25-1.00,1.6666666666666667e-05,pneumatic_feed,0.011309185769788621,0.5490779884070842,-4.826853740869363e-32,-0.2904595494292062,active,
aluminum,partial,0.23999801632693257,0.7756782005901147,0.7756782005901147,0.0218,0.037727688166593804,0.0595276881665938,2700.0,,2288.645244590924,0.13623776044396632,1.4756988154902415,1.4623227714593299,8.197108215080808e-08,0.50-1.00,0.25-1.00,1.6666666666666667e-05,pneumatic_feed,0.007050211855628654,0.5848402351626094,-3.3140413759005155e-35,-0.29043974308769877,active,
aluminum,heavily_coated,0.2854908197503182,0.7783746562414533,0.7783746562414533,0.0218,0.044879156864750025,0.06667915686475002,2700.0,,2263.152419605296,0.15090509519570008,1.5412256677606173,1.5390277366544467,9.142843322825185e-08,0.50-1.00,0.25-1.00,1.6666666666666667e-05,pneumatic_feed,-0.028815376572261946,0.5702860767532137,-5.090773706731401e-34,-0.29059190648879807,active,
aluminum,bare_like,0.013675928985830093,0.9749438623225483,0.9749438623225483,0.0218,0.00214985603657249,0.02394985603657249,2700.0,,2641.738479250419,0.06326925626432148,1.0545128842040303,0.9965311065515166,6.013841094691327e-08,0.50-1.00,0.25-1.00,1.6666666666666667e-05,pneumatic_feed,-0.018481610144251658,2.25,0.0,0.0,light,2.46599999999995
copper,partial,0.40374295388843623,0.48904064903868505,0.48904064903868505,0.012,0.058946471267711686,0.07094647126771168,8900.0,,2336.2186773501203,0.1657464712677117,1.5390764140180497,1.6129341626421094,3.964005144103531e-08,0.25-0.50,0.25-1.00,1.6666666666666667e-05,pneumatic_feed,-0.001879108873766752,0.5707488415506775,3.9914907974661195e-34,-0.2905953543966515,active,
aluminum,partial,0.11698178551027211,0.541308707001985,0.541308707001985,0.0218,0.018389536682214776,0.040189536682214776,2700.0,,2403.0159449214307,0.09657609746636683,1.2451786397847475,1.2312020247839484,2.8298256428605314e-08,0.50-1.00,0.25-1.00,1.6666666666666667e-05,pneumatic_feed,-0.0008514327529506986,2.25,0.0,0.0,light,3.6079999999998242
copper,partial,0.25471319855707464,0.4205430832759054,0.4205430832759054,0.012,0.037188126989332895,0.04918812698933289,8900.0,,2927.294365580512,0.1439881269893329,1.4668937257487666,1.503342157070229,2.5465234005401872e-08,0.25-0.50,0.25-1.00,1.6666666666666667e-05,pneumatic_feed,0.0005408383663284128,0.5868679006463488,3.3133224606239604e-35,-0.2904376059328514,active,
aluminum,partial,0.13725779515636616,0.9042264379252147,0.9042264379252147,0.0218,0.021576925398580762,0.04337692539858076,2700.0,,2377.1460238105706,0.10311328573636401,1.317112028327163,1.2721895035402428,8.430804675871233e-08,0.50-1.00,0.25-1.00,1.6666666666666667e-05,pneumatic_feed,0.03841846343526701,0.6282101105459487,3.01781585699963e-39,-0.2735154916017174,active,
copper,partial,0.25308372551803393,0.5102119683872147,0.5102119683872147,0.012,0.03695022392563295,0.048950223925632946,8900.0,,2936.6612120921814,0.14375022392563294,1.491309984220604,1.5020997019960876,3.742051961503035e-08,0.50-1.00,0.25-1.00,1.6666666666666667e-05,pneumatic_feed,0.03711818241981454,0.5812868959627504,3.0272322755314534e-35,-0.2905321820982484,active,
aluminum,partial,0.051105760808846934,0.7262229761581585,0.7262229761581585,0.0218,0.008033825599150737,0.029833825599150737,2700.0,,2525.2211819769072,0.07533700834238034,1.1329842845281992,1.0874234147479085,3.973272396861151e-08,0.50-1.00,0.25-1.00,1.6666666666666667e-05,pneumatic_feed,-0.02355490602590988,2.25,0.0,0.0,light,2.8319999999999097
aluminum,heavily_coated,0.40971757190480035,0.773403115218509,0.773403115218509,0.0218,0.06440760230343462,0.08620760230343462,2700.0,,2215.083557082282,0.19095704235782668,1.6967513250669186,1.731260158626787,1.142214091024253e-07,0.50-1.00,0.25-1.00,1.6666666666666667e-05,pneumatic_feed,-0.037618160488217256,0.5391234499265389,-3.5759394088018e-31,-0.29025912754406813,active,
copper,partial,0.18462864845631488,0.8819579532371837,0.8819579532371837,0.012,0.02695578267462197,0.03895578267462197,8900.0,,3433.528310592977,0.13375578267462196,1.505453295844092,1.4489412565252142,1.0404191298595462e-07,0.50-1.00,0.25-1.00,1.6666666666666667e-05,pneumatic_feed,-0.00776773882852083,0.578114925139796,-4.657185369108246e-35,-0.2905908788260517,active,
aluminum,bare_like,0.03211021894662736,0.6868480882356032,0.6868480882356032,0.0218,0.005047726418409823,0.026847726418409823,2700.0,,2577.9708349203884,0.06921265569058213,1.0879669102855067,1.0422868337071984,3.2651782957191955e-08,0.50-1.00,0.25-1.00,1.6666666666666667e-05,pneumatic_feed,0.01910740533163623,2.25,0.0,0.0,light,2.6159999999999335
aluminum,partial,0.06460930994811126,0.6354349683979453,0.6354349683979453,0.0218,0.01015658352384309,0.03195658352384309,2700.0,,2493.7173762931393,0.07969068762037056,1.1554657748640278,1.1184028938130197,3.217731451502461e-08,0.50-1.00,0.25-1.00,1.6666666666666667e-05,pneumatic_feed,-0.017278634264108837,2.25,0.0,0.0,light,2.9159999999999004
aluminum,partial,0.0914026885107872,0.6032350966523883,0.6032350966523883,0.0218,0.014368502633895747,0.03616850263389575,2700.0,,2442.156417058421,0.0883291408027629,1.20592886328563,1.1774609097716011,3.2142319097827074e-08,0.50-1.00,0.25-1.00,1.6666666666666667e-05,pneumatic_feed,0.011931787261780947,2.25,0.0,0.0,light,3.245999999999864
copper,partial,0.1872682041918714,0.6844411299173614,0.6844411299173614,0.012,0.027341157812013222,0.03934115781201322,8900.0,,3409.690138073462,0.13414115781201322,1.4895130321060432,1.451027089001911,6.283972122388989e-08,0.50-1.00,0.25-1.00,1.6666666666666667e-05,pneumatic_feed,0.01025736486313803,0.5816927262880818,-5.159511492658434e-35,-0.29054404492220504,active,
aluminum,heavily_coated,0.29045010768142343,0.7246580354520678,0.7246580354520678,0.0218,0.045658756927519764,0.06745875692751976,2700.0,,2260.7001101639603,0.15250401921756773,1.5396386923714542,1.5471596833032275,8.008432403143133e-08,0.50-1.00,0.25-1.00,1.6666666666666667e-05,pneumatic_feed,0.03794531725994309,0.5706277441978345,1.730206330457122e-33,-0.2905904137539426,active,
aluminum,partial,0.22139328089691168,0.647801817399013,0.647801817399013,0.0218,0.03480302375699452,0.05660302375699452,2700.0,,2300.926682876715,0.1302394076939733,1.4297278603241486,1.4297684229149157,5.465460206845799e-08,0.50-1.00,0.25-1.00,1.6666666666666667e-05,pneumatic_feed,-0.029259278616188173,0.5956318306877023,-1.976625122891005e-37,-0.2901943655333197,active,
copper,partial,0.15812961194291386,0.879882192891448,0.879882192891448,0.012,0.02308692334366542,0.03508692334366542,8900.0,,3701.8612909277817,0.12988692334366542,1.4894264155071437,1.4278323251706317,1.005575044189071e-07,0.50-1.00,0.25-1.00,1.6666666666666667e-05,pneumatic_feed,-0.0027633493697772744,0.5817121684524899,1.1039636536769394e-34,-0.2905524318068129,active,
copper,partial,0.15333272052876834,0.7999138397525795,0.7999138397525795,0.012,0.022386577197200174,0.034386577197200174,8900.0,,3756.8896856567276,0.12918657719720017,1.4811476737296836,1.423977708985381,8.266160116930852e-08,0.50-1.00,0.25-1.00,1.6666666666666667e-05,pneumatic_feed,0.03491411731866667,0.583592795323552,5.217693630963911e-36,-0.29052470299204725,active,
aluminum,heavily_coated,0.35928087957161586,0.8335295345462894,0.8335295345462894,0.0218,0.056478954268658024,0.07827895426865802,2700.0,,2231.7077433497448,0.17469574838268467,1.6467096374914492,1.6559059353159584,1.2137362452020298e-07,0.50-1.00,0.25-1.00,1.6666666666666667e-05,pneumatic_feed,0.028822192681763642,0.5486759361804325,8.551742865411921e-32,-0.2904537073641521,active,
aluminum,partial,0.17298303750112742,0.6424157699471303,0.6424157699471303,0.0218,0.027192933495177235,0.048992933495177235,2700.0,,2339.755000219013,0.11463146112073849,1.354203330798157,1.341363266886011,4.7308177203519415e-08,0.50-1.00,0.25-1.00,1.6666666666666667e-05,pneumatic_feed,0.025750622659520536,0.6145187303520605,3.0956363733645584e-38,-0.28948873263244,active,
aluminum,partial,0.18051475577192128,0.6170900471676538,0.6170900471676538,0.0218,0.02837691960734602,0.05017691960734602,2700.0,,2332.940390212541,0.11705976240842514,1.362515168941822,1.3554962304494398,4.457637231134222e-08,0.50-1.00,0.25-1.00,1.6666666666666667e-05,pneumatic_feed,-0.02934848101560639,0.6123648245657551,-1.7614031610221988e-38,-0.2895871003845929,active,
aluminum,bare_like,0.040344533066965824,0.9430610265026995,0.9430610265026995,0.0218,0.0063421605981270265,0.028142160598127026,2700.0,,2553.7300398642287,0.07186748090612045,1.1182662854772942,1.0620884992798232,6.391635745437707e-08,0.50-1.00,0.25-1.00,1.6666666666666667e-05,pneumatic_feed,0.0020664678963873643,2.25,0.0,0.0,light,2.709999999999923
aluminum,partial,0.24041800361262716,0.7368949141137697,0.7368949141137697,0.0218,0.03779371016790499,0.05959371016790499,2700.0,,2288.381914140207,0.13637316854474713,1.4711756215119225,1.463049299742955,7.405255535162187e-08,0.50-1.00,0.25-1.00,1.6666666666666667e-05,pneumatic_feed,-0.010506011994357222,0.585879961307726,1.1009135814828384e-35,-0.2904209428298843,active,
copper,partial,0.20897565648987604,0.3997386809756784,0.3997386809756784,0.012,0.0305104458475219,0.0425104458475219,8900.0,,3230.0401256677537,0.1373104458475219,1.4449906720562544,1.4680683764807088,2.194097524681833e-08,0.25-0.50,0.25-1.00,1.6666666666666667e-05,pneumatic_feed,0.030281824558311903,0.5919919346997591,2.8045471411024083e-36,-0.2903363256512622,active,
aluminum,partial,0.11660989539738897,0.9860394091207685,0.9860394091207685,0.0218,0.018331075556469546,0.040131075556469546,2700.0,,2403.5288124622025,0.09645619637507218,1.282427134320958,1.2304375068662095,9.37818245135384e-08,0.50-1.00,0.25-1.00,1.6666666666666667e-05,pneumatic_feed,-0.03137946224278594,2.25,0.0,0.0,light,4.183999999999761
aluminum,partial,0.16177671430649465,0.8683708924238005,0.8683708924238005,0.0218,0.025431299488980957,0.04723129948898096,2700.0,,2350.526698624023,0.11101843045955694,1.358728360668877,1.320055030857883,8.371544657569142e-08,0.50-1.00,0.25-1.00,1.6666666666666667e-05,pneumatic_feed,0.02251756563424061,0.6133436930508482,1.6888102879224157e-38,-0.28954391887762265,active,
aluminum,partial,0.06261502217793707,0.9176927004030448,0.9176927004030448,0.0218,0.00984308148637171,0.03164308148637171,2700.0,,2498.104027398014,0.0790477093003887,1.1676914405547387,1.1138818811610596,6.657081035675011e-08,0.50-1.00,0.25-1.00,1.6666666666666667e-05,pneumatic_feed,-0.01687187100210614,2.25,0.0,0.0,light,3.019999999999889
aluminum,bare_like,0.030574771243266026,0.6553695536694963,0.6553695536694963,0.0218,0.004806354039441421,0.02660635403944142,2700.0,,2582.7519206379798,0.0687176119965414,1.0825553044928273,1.0385526649610572,2.951485011940536e-08,0.50-1.00,0.25-1.00,1.6666666666666667e-05,pneumatic_feed,-0.0029516025625513083,2.25,0.0,0.0,light,2.5999999999999353
aluminum,partial,0.14350536640737654,0.9562612694191717,0.9562612694191717,0.0218,0.02255904359923959,0.04435904359923959,2700.0,,2369.9240707976937,0.10512756518340227,1.3318389316348151,1.28455527834293,9.613238976305933e-08,0.50-1.00,0.25-1.00,1.6666666666666667e-05,pneumatic_feed,-0.026175838815763634,0.6213092172704563,-8.097157498786575e-39,-0.28527989772306156,active,
copper,partial,0.1950954645903351,0.697888256828804,0.697888256828804,0.012,0.02848393783018893,0.04048393783018893,8900.0,,3341.6694393129787,0.1352839378301889,1.4951284679992898,1.457194801041592,6.5889773925357e-08,0.50-1.00,0.25-1.00,1.6666666666666667e-05,pneumatic_feed,-0.010993239968387247,0.5804259733483824,3.054271343754708e-35,-0.2905595200604626,active,
aluminum,partial,0.24879288316530904,0.8867340086209539,0.8867340086209539,0.0218,0.039110241233586585,0.060910241233586584,2700.0,,2283.250084792649,0.13907331346132729,1.5014942902062494,1.47746225944658,1.0935295725376692e-07,0.50-1.00,0.25-1.00,1.6666666666666667e-05,pneumatic_feed,0.0236631257261479,0.5789992347072299,-5.698354169288235e-35,-0.29052547322046657,active,
copper,partial,0.2149575377510543,0.38806984449407167,0.38806984449407167,0.012,0.03138380051165393,0.04338380051165393,8900.0,,3185.1474255819157,0.1381838005116539,1.4431060850449822,1.472729755532535,2.0810232207367268e-08,0.25-0.50,0.25-1.00,1.6666666666666667e-05,pneumatic_feed,0.006274447405883578,0.5924382158064296,-2.706790599272781e-36,-0.2903236410128589,active,
aluminum,bare_like,0.04714616622511092,0.9028753681200838,0.9028753681200838,0.0218,0.007411377330587436,0.029211377330587436,2700.0,,2535.3270615928423,0.07406039545263801,1.1325152128791922,1.0781706576533263,6.03728442489475e-08,0.50-1.00,0.25-1.00,1.6666666666666667e-05,pneumatic_feed,-0.012849607916537732,2.25,0.0,0.0,light,2.8239999999999106
aluminum,heavily_coated,0.3787956382237264,0.8583617841101241,0.8583617841101241,0.0218,0.0595466743287698,0.0813466743287698,2700.0,,2224.8912228204263,0.18098750171971162,1.6748914411859774,1.6854613098474238,1.3334886784330185e-07,0.50-1.00,0.25-1.00,1.6666666666666667e-05,pneumatic_feed,0.03429630249103579,0.543244591005704,1.4958569896763133e-31,-0.29035302836045856,active,
aluminum,partial,0.21757798631374675,0.3495613659404069,0.3495613659404069,0.0218,0.03420325944852099,0.05600325944852099,2700.0,,2303.603751599536,0.1290093185674151,1.3421784459850588,1.4230004442143185,1.5764054829090373e-08,0.25-0.50,0.25-1.00,1.6666666666666667e-05,pneumatic_feed,-0.0073384766190491245,0.6177872014880157,-1.6912251459167294e-39,-0.28881759353038544,active,
aluminum,bare_like,0.04677792959147076,0.5254179145711,0.5254179145711,0.0218,0.007353490531779201,0.0291534905317792,2700.0,,2536.2888261693693,0.07394167227958609,1.1077944352736107,1.077306125528108,2.041263270353539e-08,0.50-1.00,0.25-1.00,1.6666666666666667e-05,pneumatic_feed,-0.006680744565289402,2.25,0.0,0.0,light,2.6719999999999273
copper,partial,0.20833394375195835,0.6258668576382977,0.6258668576382977,0.012,0.03041675578778592,0.04241675578778592,8900.0,,3234.965834593556,0.13721675578778592,1.4927592392032727,1.4675674426904843,5.374908258113127e-08,0.50-1.00,0.25-1.00,1.6666666666666667e-05,pneumatic_feed,0.00304580203002593,0.5809596587536234,1.2505161030037072e-35,-0.2905485450798015,active,
aluminum,partial,0.11343421398159487,0.8829974368134579,0.8829974368134579,0.0218,0.017831858437906717,0.03963185843790672,2700.0,,2407.969968890678,0.095432324929806,1.2706961551115956,1.2238896078071073,7.440710201005972e-08,0.50-1.00,0.25-1.00,1.6666666666666667e-05,pneumatic_feed,-0.0052040030712305,2.25,0.0,0.0,light,3.9239999999997894
aluminum,partial,0.2271562685324158,0.7016443698009471,0.7016443698009471,0.0218,0.03570896541329577,0.05750896541329577,2700.0,,2296.9888536196127,0.1320974525375362,1.4465716855066375,1.4399311146819378,6.503221281499797e-08,0.50-1.00,0.25-1.00,1.6666666666666667e-05,pneumatic_feed,0.02629343628328309,0.5916191596353676,1.0029470151616727e-36,-0.2902989555859121,active,
aluminum,partial,0.24844830403660206,0.802584032960911,0.802584032960911,0.0218,0.039056073394553845,0.060856073394553845,2700.0,,2283.4568507812555,0.13896221770444087,1.4915672619054319,1.4768720219060634,8.951127993441421e-08,0.50-1.00,0.25-1.00,1.6666666666666667e-05,pneumatic_feed,0.029322778020359916,0.5812294449039523,2.8279449212490643e-35,-0.29049648160260183,active,
aluminum,partial,0.11376844657456092,0.7773788467818371,0.7773788467818371,0.0218,0.017884399801520977,0.03968439980152098,2700.0,,2407.497287043319,0.09554008486010418,1.2642804099016578,1.224580406492034,5.773658071831302e-08,0.50-1.00,0.25-1.00,1.6666666666666667e-05,pneumatic_feed,0.0059933684381187876,2.25,0.0,0.0,light,3.8579999999997967
aluminum,partial,0.16078758523403341,0.610212190746205,0.610212190746205,0.0218,0.025275808398790053,0.04707580839879005,2700.0,,2351.516184651434,0.11069952535530471,1.3297589260080365,1.3181577105858246,4.121995545511077e-08,0.50-1.00,0.25-1.00,1.6666666666666667e-05,pneumatic_feed,-0.03887730532400276,0.6221125548287807,-2.7745300241946028e-39,-0.2841749597128615,active,
aluminum,heavily_coated,0.3044306588847375,0.8437955985176953,0.8437955985176953,0.0218,0.04785649957668074,0.06965649957668074,2700.0,,2254.0823854948885,0.15701148873102821,1.5762928269276226,1.5698574225458244,1.1179076876945248e-07,0.50-1.00,0.25-1.00,1.6666666666666667e-05,pneumatic_feed,0.013794226957612413,0.5628661528941322,-8.088167765431832e-34,-0.2905928126906256,active,
aluminum,partial,0.20833929493064082,0.7743189114549971,0.7743189114549971,0.0218,0.03275093716309674,0.05455093716309674,2700.0,,2310.330099403803,0.1260306720785879,1.4271524936439448,1.406476956421795,7.556418190755122e-08,0.50-1.00,0.25-1.00,1.6666666666666667e-05,pneumatic_feed,-0.01906288084671304,0.5962514853230374,1.0880266895723957e-36,-0.29017740857927676,active,
aluminum,partial,0.1521788910491097,0.6727534989810123,0.6727534989810123,0.0218,0.02392252167292004,0.04572252167292004,2700.0,,2360.4121626358883,0.10792399626314346,1.3235563003064765,1.3015279656412688,4.884610611840825e-08,0.50-1.00,0.25-1.00,1.6666666666666667e-05,pneumatic_feed,-0.011446659780032065,0.6247660611831459,-4.45027862854831e-39,-0.2798291441260795,active,
aluminum,heavily_coated,0.27934013814922537,0.7471595933954192,0.7471595933954192,0.0218,0.043912269717058236,0.06571226971705824,2700.0,,2266.2746939333474,0.14892205394069175,1.5280882860779073,1.5288821271285429,8.313535805294823e-08,0.50-1.00,0.25-1.00,1.6666666666666667e-05,pneumatic_feed,0.00777337744178417,0.5731301794836876,-3.712083197675851e-34,-0.29057787842808364,active,
aluminum,partial,0.07900292119098812,0.856337317809162,0.856337317809162,0.0218,0.012419259211223332,0.03421925921122333,2700.0,,2464.440603481189,0.08433133182118648,1.1999465080706295,1.1505062295639006,6.18413126885068e-08,0.50-1.00,0.25-1.00,1.6666666666666667e-05,pneumatic_feed,-0.028890884056411745,2.25,0.0,0.0,light,3.1899999999998703
aluminum,partial,0.09320435427465762,0.9849576564053563,0.9849576564053563,0.0218,0.01465172449197618,0.03645172449197618,2700.0,,2439.1168621189213,0.08891001586169237,1.2354691504144908,1.1813262076857194,8.625530370257169e-08,0.50-1.00,0.25-1.00,1.6666666666666667e-05,pneumatic_feed,0.006247739807764842,2.25,0.0,0.0,light,3.493999999999837
copper,partial,0.11196850374566769,0.5773977823899823,0.5773977823899823,0.012,0.016347401546867483,0.028347401546867483,8900.0,,4344.221862567006,0.12314740154686749,1.4380797640794856,1.3902955134357704,4.105589042664695e-08,0.50-1.00,0.25-1.00,1.6666666666666667e-05,pneumatic_feed,-0.01816839765853939,0.5936319694402894,-2.175346364615379e-36,-0.29032392287016107,active,
copper,partial,0.3586859118694845,0.5337312330307498,0.5337312330307498,0.012,0.052368143132944744,0.06436814313294474,8900.0,,2472.7782313714083,0.15916814313294475,1.5376966032911272,1.5806021557035472,4.53420743999253e-08,0.50-1.00,0.25-1.00,1.6666666666666667e-05,pneumatic_feed,-0.0020810433841517706,0.5710463510655495,2.259017720380415e-34,-0.29060306409676034,active,
aluminum,heavily_coated,0.27769481943015195,0.6161221924217664,0.6161221924217664,0.0218,0.04365362561441989,0.06545362561441989,2700.0,,2267.12554636215,0.1483915867324753,1.5021841528023117,1.526156723719072,5.6330419178089524e-08,0.50-1.00,0.25-1.00,1.6666666666666667e-05,pneumatic_feed,-0.028941280415888202,0.5788450769804145,-5.265045310277447e-35,-0.29052613078534884,active,
copper,partial,0.3856269490687072,0.4936640016054871,0.4936640016054871,0.012,0.05630153456403125,0.06830153456403125,8900.0,,2387.9629587403633,0.16310153456403126,1.5347662966017541,1.6000130269835413,3.9748520270691785e-08,0.25-0.50,0.25-1.00,1.6666666666666667e-05,pneumatic_feed,-0.017900476548410385,0.5716798492190669,1.6439916758919951e-34,-0.29059463349304593,active,
aluminum,partial,0.1495098266410445,0.9539378716953946,0.9539378716953946,0.0218,0.023502944747972196,0.045302944747972196,2700.0,,2363.2782328599383,0.10706346320733916,1.3426908651129157,1.2963287077367358,9.742747990453303e-08,0.50-1.00,0.25-1.00,1.6666666666666667e-05,pneumatic_feed,-0.023051214135577553,0.6176306542097935,2.063755301301387e-39,-0.2889214852888888,active,
aluminum,heavily_coated,0.358871842298805,0.9793711648584338,0.9793711648584338,0.0218,0.056414653609372145,0.07821465360937215,2700.0,,2231.8563417461764,0.1745638706755577,1.665911640575483,1.6552807961562153,1.6743605750842746e-07,0.50-1.00,0.25-1.00,1.6666666666666667e-05,pneumatic_feed,-0.021219879023895015,0.5449605297335651,-8.512778701168644e-33,-0.29038800767806067,active,
aluminum,partial,0.18441744199553695,0.7978387734298564,0.7978387734298564,0.0218,0.02899042188169841,0.05079042188169841,2700.0,,2329.534252528334,0.11831802747378106,1.3911018021441932,1.3627618130944483,7.531495093140312e-08,0.50-1.00,0.25-1.00,1.6666666666666667e-05,pneumatic_feed,-0.0007278603166775151,0.60510241778941,4.328973042386083e-39,-0.289885692187985,active,
copper,heavily_coated,0.694467855959277,0.5758763776636566,0.5758763776636566,0.012,0.10139230697005443,0.11339230697005442,8900.0,,1836.0355524386287,0.20819230697005445,1.659425540807565,1.8077019804718848,6.904356474224739e-08,0.50-1.00,0.25-1.00,1.6666666666666667e-05,pneumatic_feed,-0.014040703513052288,0.5462088060769076,-5.395543857278393e-32,-0.29037375473383553,active,
copper,partial,0.3166309677180552,0.3428300811820457,0.3428300811820457,0.012,0.046228121286836066,0.05822812128683606,8900.0,,2628.079318118614,0.15302812128683607,1.4512864624185928,1.5498159218817502,1.7985772242331606e-08,0.25-0.50,0.25-1.00,1.6666666666666667e-05,pneumatic_feed,-0.03559861919438088,0.5905078783192982,-5.411330555835045e-36,-0.29034550283728816,active,
aluminum,partial,0.07360468583746299,0.788048432810657,0.788048432810657,0.0218,0.011570656613649186,0.033370656613649186,2700.0,,2474.9553992016836,0.08259088676085644,1.184885886973918,1.1385721578355947,5.129061995400779e-08,0.50-1.00,0.25-1.00,1.6666666666666667e-05,pneumatic_feed,-0.033461725903192845,2.25,0.0,0.0,light,3.1219999999998778
aluminum,heavily_coated,0.31367115212909485,0.6345979744106143,0.6345979744106143,0.0218,0.049309105114693705,0.0711091051146937,2700.0,,2249.9329150590256,0.15999071615794147,1.5523537248540473,1.584681129065103,6.443059552152863e-08,0.50-1.00,0.25-1.00,1.6666666666666667e-05,pneumatic_feed,0.011786733072133137,0.5679047666000177,1.9232155372841754e-33,-0.2905970133222618,active,
aluminum,partial,0.06997505614251642,0.9722899314372492,0.9722899314372492,0.0218,0.011000078825603582,0.03280007882560358,2700.0,,2482.331164013916,0.08142065785090873,1.1859147986375043,1.1304771760756,7.697083250909008e-08,0.50-1.00,0.25-1.00,1.6666666666666667e-05,pneumatic_feed,0.016293303032638765,2.25,0.0,0.0,light,3.127999999999877
aluminum,partial,0.14365212927255133,0.6152914600496985,0.6152914600496985,0.0218,0.02258211472164507,0.04438211472164507,2700.0,,2369.75826092103,0.10517488299876326,1.3018229507395433,1.2848443343645128,3.981748381695402e-08,0.50-1.00,0.25-1.00,1.6666666666666667e-05,pneumatic_feed,0.011091846938964445,2.25,0.0,0.0,light,5.135999999999656
aluminum,heavily_coated,0.2846577857960625,0.5514728760551086,0.5514728760551086,0.0218,0.04474820392714103,0.06654820392714103,2700.0,,2263.569981294009,0.1506365167185085,1.4957957519453404,1.537657558240361,4.581192890311589e-08,0.50-1.00,0.25-1.00,1.6666666666666667e-05,pneumatic_feed,-0.027391849313751715,0.5802768302181066,-6.606669683933192e-37,-0.2905080111622981,active,
aluminum,partial,0.20622266087702865,0.5875074624374137,0.5875074624374137,0.0218,0.03241820228986891,0.05421820228986891,2700.0,,2311.921878619445,0.1253482480933628,1.3968022567337313,1.402663930552655,4.326583036201632e-08,0.50-1.00,0.25-1.00,1.6666666666666667e-05,pneumatic_feed,-0.020725912632878336,0.6036805225853414,-2.3655965181687973e-37,-0.2899368310857621,active,
aluminum,partial,0.17571335149331468,0.6517794081311613,0.6517794081311613,0.0218,0.027622138854749068,0.04942213885474907,2700.0,,2337.246916699556,0.11551174165495959,1.3599084855071686,1.346503730784377,4.907128188532286e-08,0.50-1.00,0.25-1.00,1.6666666666666667e-05,pneumatic_feed,0.027980099230806844,0.613038219214418,1.8999315231229447e-38,-0.28955699209106106,active,
aluminum,partial,0.1350537781843651,0.8084255388211123,0.8084255388211123,0.0218,0.02123045393058219,0.04303045393058219,2700.0,,2379.772446500791,0.10240268862442115,1.306315986806638,1.2677983280667768,6.692546678165357e-08,0.50-1.00,0.25-1.00,1.6666666666666667e-05,pneumatic_feed,0.005804129584384539,2.25,0.0,0.0,light,5.899999999999572
aluminum,partial,0.23486894439301303,0.6754633218154995,0.6754633218154995,0.0218,0.03692139805858165,0.05872139805858165,2700.0,,2291.9089260696337,0.13458409636175134,1.4539252901040818,1.453420784389039,6.140408805521724e-08,0.50-1.00,0.25-1.00,1.6666666666666667e-05,pneumatic_feed,-0.02833556458871433,0.589888851931418,-2.1728985867544825e-36,-0.2903389432529449,active,
aluminum,partial,0.14066659178717617,0.6837496959620828,0.6837496959620828,0.0218,0.022112788228944094,0.043912788228944094,2700.0,,2373.1655415452383,0.10421231585810346,1.304902527197436,1.2789513320329244,4.872067982081721e-08,0.50-1.00,0.25-1.00,1.6666666666666667e-05,pneumatic_feed,-0.0017576368151344913,2.25,0.0,0.0,light,5.583999999999607
aluminum,heavily_coated,0.4002434924971768,0.7573503843705955,0.7573503843705955,0.0218,0.06291827702055619,0.08471827702055619,2700.0,,2217.9689085322375,0.18790250441601475,1.682581735701703,1.7173577697479836,1.0777704420625943e-07,0.50-1.00,0.25-1.00,1.6666666666666667e-05,pneumatic_feed,-0.0017211977937091557,0.5417857938470009,-4.9604179254591555e-31,-0.2903211938160056,active,
aluminum,partial,0.15287834906496522,0.8473214832334159,0.8473214832334159,0.0218,0.024032476473012536,0.045832476473012536,2700.0,,2359.6697548236766,0.10814950852203543,1.3414213680453293,1.3028870579454952,7.76463393584498e-08,0.50-1.00,0.25-1.00,1.6666666666666667e-05,pneumatic_feed,-0.031230177633821164,0.6180212205295684,-3.0940378014000264e-39,-0.28866057667422834,active,
aluminum,partial,0.26922812886495123,0.9808201034546775,0.9808201034546775,0.0218,0.042322661857570346,0.06412266185757035,2700.0,,2271.612512763333,0.14566184102734892,1.541143899491403,1.5120543167377516,1.4012786733732395e-07,0.50-1.00,0.25-1.00,1.6666666666666667e-05,pneumatic_feed,-0.008686281267148595,0.5703036588852253,4.010147544956976e-34,-0.2905924671522128,active,
copper,partial,0.11306328198615156,0.6082327038945827,0.6082327038945827,0.012,0.01650723916997813,0.02850723916997813,8900.0,,4325.4710999806975,0.12330723916997813,1.441937773080547,1.3911974791567072,4.5617145932692424e-08,0.50-1.00,0.25-1.00,1.6666666666666667e-05,pneumatic_feed,-0.012210315181833601,0.5927146708492954,5.3160793012568674e-36,-0.2903472187917172,active,
copper,partial,0.05314279410013183,0.747576579338902,0.747576579338902,0.012,0.007758847938619248,0.019758847938619248,8900.0,,5797.850577852295,0.11455884793861924,1.41661882438559,1.340938356989078,6.402358834737802e-08,0.50-1.00,0.25-1.00,1.6666666666666667e-05,pneumatic_feed,-0.018608423009241162,0.5988012141165282,-2.785624431171429e-37,-0.2901961644544006,active,
aluminum,partial,0.09568988584976063,0.785354319217778,0.785354319217778,0.0218,0.015042450055582371,0.03684245005558237,2700.0,,2435.0002771661016,0.08971137609682132,1.2297363383992954,1.1866380068140863,5.5332308747247934e-08,0.50-1.00,0.25-1.00,1.6666666666666667e-05,pneumatic_feed,-0.003792095535594283,2.25,0.0,0.0,light,3.4319999999998436
aluminum,bare_like,0.03654281840246913,0.8551255555739401,0.8551255555739401,0.0218,0.005744531052868148,0.027544531052868148,2700.0,,2564.63869163546,0.07064177008114007,1.1062191727622812,1.0529925086122762,5.16560678774338e-08,0.50-1.00,0.25-1.00,1.6666666666666667e-05,pneumatic_feed,0.018230213672647877,2.25,0.0,0.0,light,2.6599999999999286
copper,partial,0.25071819885546043,0.4136950144488273,0.4136950144488273,0.012,0.03660485703289722,0.048604857032897214,8900.0,,2950.4223607907443,0.1434048570328972,1.4632980816343757,1.50029418314821,2.4542818468030783e-08,0.25-0.50,0.25-1.00,1.6666666666666667e-05,pneumatic_feed,-0.012671265032303232,0.5877013310424111,8.831050072802646e-37,-0.29042194809972194,active,
copper,partial,0.2194777966135134,0.9321591049780431,0.9321591049780431,0.012,0.03204375830557296,0.04404375830557296,8900.0,,3152.404872951197,0.13884375830557294,1.5294736207293391,1.4762424023053506,1.20644201355695e-07,0.50-1.00,0.25-1.00,1.6666666666666667e-05,pneumatic_feed,0.00916602369918277,0.5728278433059899,5.7313143213535425e-34,-0.2906267514441273,active,
aluminum,partial,0.20740968500370083,0.6105006908500534,0.6105006908500534,0.0218,0.03260480248258177,0.05440480248258177,2700.0,,2311.026799192906,0.1257309565420432,1.402691656285305,1.4048035783994537,4.6861322303155714e-08,0.50-1.00,0.25-1.00,1.6666666666666667e-05,pneumatic_feed,0.0253525444337421,0.6022204276173305,1.8660629579857914e-37,-0.2899884015793101,active,
aluminum,partial,0.11655216581597305,0.9451618681425651,0.9451618681425651,0.0218,0.018322000466270964,0.040122000466270964,2700.0,,2403.608560390683,0.09643758378072786,1.2802325912004688,1.2303187859340785,8.615067900871265e-08,0.50-1.00,0.25-1.00,1.6666666666666667e-05,pneumatic_feed,0.013622226424417367,2.25,0.0,0.0,light,4.143999999999766
aluminum,partial,0.12217002133612032,0.9487104875441206,0.9487104875441206,0.0218,0.019205127354038114,0.041005127354038114,2700.0,,2396.0134480426914,0.09824883657897855,1.2912794158448537,1.2418187222552441,8.842902149762271e-08,0.50-1.00,0.25-1.00,1.6666666666666667e-05,pneumatic_feed,0.03007681172956322,2.25,0.0,0.0,light,4.46799999999973
aluminum,bare_like,0.04313243662705044,0.7889930343909968,0.7889930343909968,0.0218,0.00678041903777233,0.02858041903777233,2700.0,,2546.020364388577,0.07276632889292733,1.118519997422235,1.0687096417191095,4.529776800437105e-08,0.50-1.00,0.25-1.00,1.6666666666666667e-05,pneumatic_feed,0.03222702916891885,2.25,0.0,0.0,light,2.719999999999922
aluminum,heavily_coated,0.3510182810095489,0.890813978569362,0.890813978569362,0.0218,0.05518007377470109,0.07698007377470109,2700.0,,2234.757587837303,0.17203180398028867,1.6445193137211227,1.6432319359343681,1.3651575967337568e-07,0.50-1.00,0.25-1.00,1.6666666666666667e-05,pneumatic_feed,-0.03294876659197794,0.5491037938942346,-1.3348787535024468e-31,-0.2904607310538796,active,
aluminum,partial,0.10676129611518387,0.6683341998423884,0.6683341998423884,0.0218,0.016782875749306904,0.038582875749306904,2700.0,,2417.6764346595423,0.09328090948049643,1.2417397222267879,1.21001535329345,4.166584005609538e-08,0.50-1.00,0.25-1.00,1.6666666666666667e-05,pneumatic_feed,0.003916334455105866,2.25,0.0,0.0,light,3.583999999999827
aluminum,partial,0.1697261632321378,0.5841882176858051,0.5841882176858051,0.0218,0.02668095286009206,0.04848095286009206,2700.0,,2342.8048663864042,0.11358141228767354,1.3401897954327744,1.3352055449507856,3.876259571261546e-08,0.50-1.00,0.25-1.00,1.6666666666666667e-05,pneumatic_feed,-0.026282290652984316,0.6184097520166273,3.9953508661627937e-39,-0.2883664404308392,active,
copper,partial,0.32954683936217305,0.77717859596265,0.77717859596265,0.012,0.04811383854687727,0.06011383854687727,8900.0,,2577.0079284834587,0.15491383854687726,1.572819254986386,1.5593356309120194,9.356897626971496e-08,0.50-1.00,0.25-1.00,1.6666666666666667e-05,pneumatic_feed,-0.0034449662835315574,0.5635899607157364,4.71285544758582e-33,-0.29061620229815044,active,
aluminum,heavily_coated,0.36024155392898555,0.5518818907033297,0.5518818907033297,0.0218,0.05662997227763654,0.07842997227763654,2700.0,,2231.3596998700605,0.17500547940224423,1.5851011522219647,1.6573732243214339,5.330205260648336e-08,0.50-1.00,0.25-1.00,1.6666666666666667e-05,pneumatic_feed,-0.0007434752807983959,0.5610404975516479,1.6005639576177188e-34,-0.29058365236125827,active,
copper,partial,0.27523779200837517,0.72654227863049,0.72654227863049,0.012,0.040184717633222775,0.05218471763322277,8900.0,,2816.6237990650106,0.14698471763322277,1.539449955638266,1.5189049107732402,7.758789434131848e-08,0.50-1.00,0.25-1.00,1.6666666666666667e-05,pneumatic_feed,0.009796778551738123,0.5706679140133115,1.1569929489405283e-34,-0.2906234190477378,active,
aluminum,partial,0.18078259333186703,0.5107649117144499,0.5107649117144499,0.0218,0.028419023671769503,0.0502190236717695,2700.0,,2332.703970546935,0.11714611591612725,1.3435040013877728,1.3559961045001323,3.056117185589146e-08,0.50-1.00,0.25-1.00,1.6666666666666667e-05,pneumatic_feed,0.012557643374673173,0.6173863715772855,-8.310069741424103e-39,-0.28906241210484823,active,
aluminum,partial,0.13048507307622237,0.6002784994108636,0.6002784994108636,0.0218,0.020512253487582156,0.042312253487582156,2700.0,,2385.353747233666,0.10092969241050485,1.2771179878670267,1.2586470720878369,3.6368427727932636e-08,0.50-1.00,0.25-1.00,1.6666666666666667e-05,pneumatic_feed,-0.012204955140181063,2.25,0.0,0.0,light,4.097999999999771
aluminum,partial,0.23474701534937556,0.8283620214076937,0.8283620214076937,0.0218,0.03690223081292184,0.05870223081292184,2700.0,,2291.987601758662,0.13454478521879218,1.4740315764862881,1.4532085014870242,9.232243026406343e-08,0.50-1.00,0.25-1.00,1.6666666666666667e-05,pneumatic_feed,0.01468036184503939,0.5852229243457653,-2.0370751867672868e-35,-0.29043318960151354,active,
aluminum,partial,0.2083670050942555,0.7576571243196256,0.7576571243196256,0.0218,0.032755293200816965,0.054555293200816965,2700.0,,2310.309389200597,0.12603960611243892,1.4252617801172713,1.406526806548969,7.235231973587275e-08,0.50-1.00,0.25-1.00,1.6666666666666667e-05,pneumatic_feed,-0.025099853737559227,0.5967074668088205,1.0721390152643682e-37,-0.2901642089579134,active,
aluminum,partial,0.058027890485082945,0.6962768119052047,0.6962768119052047,0.0218,0.009121984384255037,0.030921984384255037,2700.0,,2508.5315097304147,0.0775687721712956,1.146120545508582,1.1034126372308122,3.7605449251600283e-08,0.50-1.00,0.25-1.00,1.6666666666666667e-05,pneumatic_feed,-0.023239944971243157,2.25,0.0,0.0,light,2.8799999999999044
copper,partial,0.1129126069339853,0.7285306917688639,0.7285306917688639,0.012,0.016485240612361854,0.028485240612361854,8900.0,,4328.039291999495,0.12328524061236185,1.4521616268634219,1.391073375725246,6.543450061126386e-08,0.50-1.00,0.25-1.00,1.6666666666666667e-05,pneumatic_feed,0.021417215391630856,0.5903011712810384,3.619324819488966e-36,-0.29040558663284216,active,
aluminum,partial,0.05118327080861684,0.7366381852123363,0.7366381852123363,0.0218,0.008046010171114566,0.029846010171114566,2700.0,,2525.027563461151,0.07536199834140615,1.1337635152583507,1.0876037541157677,4.089411945881737e-08,0.50-1.00,0.25-1.00,1.6666666666666667e-05,pneumatic_feed,0.008136938632365896,2.25,0.0,0.0,light,2.8339999999999095
aluminum,partial,0.06719664217802362,0.9003582720687955,0.9003582720687955,0.0218,0.010563312150385314,0.032363312150385314,2700.0,,2488.1529131021857,0.08052486940461659,1.176939542447825,1.1242412330878377,6.527708421461305e-08,0.50-1.00,0.25-1.00,1.6666666666666667e-05,pneumatic_feed,0.022717821143913682,2.25,0.0,0.0,light,3.083999999999882
aluminum,bare_like,0.024711498392838305,0.8752383755669761,0.8752383755669761,0.0218,0.003884647547354181,0.02568464754735418,2700.0,,2601.835749298378,0.066827234196835,1.0788493067518297,1.024168085791352,5.119248244399173e-08,0.50-1.00,0.25-1.00,1.6666666666666667e-05,pneumatic_feed,-0.012351675226082161,2.25,0.0,0.0,light,2.5879999999999366
aluminum,partial,0.120560922627653,0.6756183205935145,0.6756183205935145,0.0218,0.01895217703706705,0.04075217703706705,2700.0,,2398.155243963753,0.0977300470643816,1.2680661540446723,1.238535755932195,4.460986853384709e-08,0.50-1.00,0.25-1.00,1.6666666666666667e-05,pneumatic_feed,0.002174998120870593,2.25,0.0,0.0,light,3.8939999999997927
copper,partial,0.40801599971429003,0.8958320330585016,0.8958320330585016,0.012,0.05957033595828634,0.07157033595828634,8900.0,,2324.5711191750265,0.16637033595828635,1.6263199644452992,1.6159668292391596,1.335146953945315e-07,0.50-1.00,0.25-1.00,1.6666666666666667e-05,pneumatic_feed,-0.008038216181755055,0.552691542255934,2.153991352293445e-33,-0.29051793140599574,active,
aluminum,bare_like,0.04606859121783807,0.784563013676484,0.784563013676484,0.0218,0.007241982539444147,0.029041982539444147,2700.0,,2538.1522902036018,0.07371297449454317,1.1249399498995845,1.0756388091112878,4.53732196320117e-08,0.50-1.00,0.25-1.00,1.6666666666666667e-05,pneumatic_feed,-0.019363824049291184,2.25,0.0,0.0,light,2.781999999999915
aluminum,partial,0.13588200726717314,0.6680064792486635,0.6680064792486635,0.0218,0.02136065154239962,0.04316065154239962,2700.0,,2378.7805395418995,0.10266971796300929,1.2947647178609634,1.269450232639072,4.581458097007355e-08,0.50-1.00,0.25-1.00,1.6666666666666667e-05,pneumatic_feed,-0.013525252691150336,2.25,0.0,0.0,light,4.6359999999997115
aluminum,partial,0.06381423250801804,0.8918397376549902,0.8918397376549902,0.0218,0.010031597350260435,0.031831597350260435,2700.0,,2495.455877656739,0.0794343467029101,1.1692196055146484,1.1166026624761725,6.318034115815391e-08,0.50-1.00,0.25-1.00,1.6666666666666667e-05,pneumatic_feed,-0.017228159951998785,2.25,0.0,0.0,light,3.039999999999887
aluminum,heavily_coated,0.29496654520084203,0.8756403789734608,0.8756403789734608,0.0218,0.04636874090557237,0.06816874090557237,2700.0,,2258.5155863663335,0.15396016383820346,1.5672385198691674,1.5545284595672224,1.1804835106584067e-07,0.50-1.00,0.25-1.00,1.6666666666666667e-05,pneumatic_feed,-0.02469614849125145,0.5647585335287965,-8.729726520232492e-34,-0.2905976001120645,active,
aluminum,bare_like,0.04719640492580218,0.5213259217967673,0.5213259217967673,0.0218,0.007419274854336105,0.029219274854336105,2700.0,,2535.196143005411,0.07407659291212788,1.1082443631796608,1.0782885524518746,2.0132589515111546e-08,0.50-1.00,0.25-1.00,1.6666666666666667e-05,pneumatic_feed,0.005687483249816167,2.25,0.0,0.0,light,2.6719999999999273
aluminum,bare_like,0.01486956403849953,0.9125786012126491,0.9125786012126491,0.0218,0.002337495466852125,0.024137495466852125,2700.0,,2637.145855876738,0.06365409614165264,1.0558199610867351,0.999557248505247,5.30111123864055e-08,0.50-1.00,0.25-1.00,1.6666666666666667e-05,pneumatic_feed,0.02359441343732732,2.25,0.0,0.0,light,2.473999999999949
copper,partial,0.30083953820756804,0.3161405053266798,0.3161405053266798,0.012,0.04392257257830494,0.055922572578304935,8900.0,,2695.2009828814184,0.15072257257830493,1.4328044185167004,1.5380967132105428,1.506394025186251e-08,0.25-0.50,0.25-1.00,1.6666666666666667e-05,pneumatic_feed,-0.048424073172470675,0.5948932351400299,-4.520559410418096e-36,-0.29023823908677265,active,
aluminum,partial,0.1434509761786003,0.7591894492366646,0.7591894492366646,0.0218,0.022550493455275974,0.044350493455275974,2700.0,,2369.985563649654,0.10511002922974252,1.317304787370201,1.2844481378358719,6.058212247767628e-08,0.50-1.00,0.25-1.00,1.6666666666666667e-05,pneumatic_feed,0.007705976835927099,0.6280877379118742,1.5857842281283867e-39,-0.27374052100359353,active,
aluminum,partial,0.16775364525629666,0.7101805813062199,0.7101805813062199,0.0218,0.026370873034289838,0.04817087303428984,2700.0,,2344.683532861939,0.1129454527670826,1.3541549499801484,1.331462288850919,5.6964768512090325e-08,0.50-1.00,0.25-1.00,1.6666666666666667e-05,pneumatic_feed,-0.002498460444451408,0.6145313164769803,1.4740336385995806e-38,-0.2894884618274525,active,
copper,partial,0.2077148754767446,0.9442960943080136,0.9442960943080136,0.012,0.030326371819604712,0.04232637181960471,8900.0,,3239.738392981998,0.13712637181960471,1.523373181095829,1.4670840235243912,1.2227491571442966e-07,0.50-1.00,0.25-1.00,1.6666666666666667e-05,pneumatic_feed,-0.008514674036039836,0.5741589533581675,-6.220539489753562e-34,-0.2906209928334569,active,
aluminum,heavily_coated,0.3023448180613679,0.7754106540604274,0.7754106540604274,0.0218,0.04752860539924704,0.06932860539924704,2700.0,,2255.0430935520244,0.15633899279116562,1.5637368424908655,1.5664918866212285,9.400064583509351e-08,0.50-1.00,0.25-1.00,1.6666666666666667e-05,pneumatic_feed,-0.022811354969500566,0.56549472380823,1.885108756074722e-33,-0.2905981770012136,active,
aluminum,partial,0.10186295661109929,0.5524228911876872,0.5524228911876872,0.0218,0.01601285677926481,0.03781285677926481,2700.0,,2425.144346440133,0.09170163584098452,1.2195208662791306,1.1997286677245373,2.7984684561250603e-08,0.50-1.00,0.25-1.00,1.6666666666666667e-05,pneumatic_feed,-0.021094507963719897,2.25,0.0,0.0,light,3.3719999999998502
copper,partial,0.3213327726608949,0.7208455531509211,0.7208455531509211,0.012,0.04691458480849066,0.058914584808490655,8900.0,,2609.109192709402,0.15371458480849065,1.5608133334920908,1.5532881648792891,7.987291301072064e-08,0.50-1.00,0.25-1.00,1.6666666666666667e-05,pneumatic_feed,-0.014077782243087596,0.5661108979916382,-8.170075090912102e-35,-0.29062147668024857,active,
copper,partial,0.3892267445976026,0.8535005563619319,0.8535005563619319,0.012,0.05682710471124998,0.06882710471124998,8900.0,,2377.3643450166032,0.16362710471124997,1.611825829612306,1.602588854181814,1.1919632425726119e-07,0.50-1.00,0.25-1.00,1.6666666666666667e-05,pneumatic_feed,0.021107496710274818,0.5555914266278335,-2.523540823298333e-32,-0.2905540016843877,active,
aluminum,partial,0.2198513330577359,0.8816262441293334,0.8816262441293334,0.0218,0.03456062955667609,0.05636062955667609,2700.0,,2302.0017574622048,0.12974226829114463,1.456362953046187,1.427037015321539,1.0084410266990033e-07,0.50-1.00,0.25-1.00,1.6666666666666667e-05,pneumatic_feed,0.007308155403847161,0.5893180953038598,3.764837279652153e-36,-0.2903523185046494,active,
copper,heavily_coated,0.514673472034261,0.41448643161814447,0.41448643161814447,0.012,0.0751423269170021,0.08714232691700209,8900.0,,2087.8754717015004,0.1819423269170021,1.5367133321002149,1.6899014063812319,3.1257510185087734e-08,0.25-0.50,0.25-1.00,1.6666666666666667e-05,pneumatic_feed,-0.02302587437240606,0.5712591257042793,2.998297783308612e-34,-0.29057380335480737,active,
copper,partial,0.2636541440865722,0.9848320158843193,0.9848320158843193,0.012,0.038493505036639536,0.05049350503663953,8900.0,,2877.469189972263,0.14529350503663954,1.5588484621774417,1.510141336118939,1.4091931323227538e-07,0.50-1.00,0.25-1.00,1.6666666666666667e-05,pneumatic_feed,0.00221494102846876,0.5665260027345761,2.8304810987786982e-34,-0.2906351247307549,active,
aluminum,heavily_coated,0.34826311558513,0.8915570365357323,0.8915570365357323,0.0218,0.054746961769982436,0.07654696176998244,2700.0,,2235.797569733394,0.17114351109580175,1.6410489463078815,1.6389839993604893,1.3603751857828262e-07,0.50-1.00,0.25-1.00,1.6666666666666667e-05,pneumatic_feed,-0.015283958624948118,0.5497834187311865,9.847758072588992e-33,-0.29047125717862937,active,
copper,heavily_coated,0.48814716977681755,0.7914591617863083,0.7914591617863083,0.012,0.07126948678741536,0.08326948678741536,8900.0,,2138.472250249623,0.17806948678741535,1.6469245591967014,1.6718189688525704,1.1154408070210486e-07,0.50-1.00,0.25-1.00,1.6666666666666667e-05,pneumatic_feed,-0.0026942149089048554,0.5486340747491654,-1.0329700312606931e-31,-0.29044543132213463,active,
aluminum,heavily_coated,0.27698487093414403,0.6446360584619693,0.6446360584619693,0.0218,0.04354202171084744,0.06534202171084744,2700.0,,2267.4947661327237,0.14816269223787737,1.5070934936497342,1.5249792186668392,6.15698435629832e-08,0.50-1.00,0.25-1.00,1.6666666666666667e-05,pneumatic_feed,0.034130605432035076,0.5777508903389186,7.139375048311765e-35,-0.2905384843146331,active,
aluminum,heavily_coated,0.2907747643025169,0.5869443373540033,0.5869443373540033,0.0218,0.04570979294835566,0.06750979294835566,2700.0,,2260.5415465504193,0.15260869175877448,1.512460284757687,1.5476905458927261,5.257425211885203e-08,0.50-1.00,0.25-1.00,1.6666666666666667e-05,pneumatic_feed,-0.01904448597077354,0.5765607472786782,-2.748047279118134e-34,-0.29055008290210627,active,
aluminum,partial,0.16693567768691348,0.6982488414478438,0.6982488414478438,0.0218,0.0262422885323828,0.0480422885323828,2700.0,,2345.4696952474465,0.11268173184303777,1.3514135709598134,1.3299069377247121,5.493814113821617e-08,0.50-1.00,0.25-1.00,1.6666666666666667e-05,pneumatic_feed,0.020272285734603105,0.6152460305367095,-2.346148304185066e-39,-0.28945468109040295,active,
aluminum,bare_like,0.026554403422756476,0.8714428363069263,0.8714428363069263,0.0218,0.004174352218057318,0.025974352218057318,2700.0,,2595.691497578896,0.06742140520753091,1.0831634112058477,1.0287110265460389,5.120066576714193e-08,0.50-1.00,0.25-1.00,1.6666666666666667e-05,pneumatic_feed,0.03215169849712015,2.25,0.0,0.0,light,2.5979999999999355
aluminum,partial,0.22173332799122725,0.5925828361294918,0.5925828361294918,0.0218,0.03485647916022092,0.05665647916022092,2700.0,,2300.6908337708874,0.13034904227765157,1.4204103001244608,1.4303700806399786,4.577264203553817e-08,0.50-1.00,0.25-1.00,1.6666666666666667e-05,pneumatic_feed,-0.004061765715654567,0.5978815972244574,8.332328327010372e-37,-0.29012861634779563,active,
aluminum,partial,0.2398892959896043,0.765952039657533,0.765952039657533,0.0218,0.0377105973295658,0.0595105973295658,2700.0,,2288.71350703685,0.13620270792000833,1.4742924803378281,1.4621346393244539,7.99077488743174e-08,0.50-1.00,0.25-1.00,1.6666666666666667e-05,pneumatic_feed,0.01597328741929014,0.5851629993936753,-6.828354176940616e-36,-0.2904340296606978,active,
aluminum,partial,0.08025892856764916,0.5313099193140376,0.5313099193140376,0.0218,0.012616703570834449,0.03441670357083445,2700.0,,2462.068483261231,0.08473628115949576,1.1761000745762225,1.1532652206146883,2.3920224328489975e-08,0.50-1.00,0.25-1.00,1.6666666666666667e-05,pneumatic_feed,0.008229075138394581,2.25,0.0,0.0,light,3.081999999999882
copper,partial,0.1245611909862524,0.7881017537466655,0.7881017537466655,0.012,0.01818593388399285,0.03018593388399285,8900.0,,4140.535600598761,0.12498593388399284,1.4632169166244078,1.4006352909459163,7.762931025614035e-08,0.50-1.00,0.25-1.00,1.6666666666666667e-05,pneumatic_feed,-0.014319295042919398,0.5877194892996094,6.696311871807458e-36,-0.2904577738189687,active,
copper,heavily_coated,0.6636832424755976,0.8792468135327625,0.8792468135327625,0.012,0.09689775340143725,0.10889775340143724,8900.0,,1870.5413751790845,0.20369775340143725,1.734867601683637,1.7880827546254563,1.5747363238110907e-07,0.50-1.00,0.25-1.00,1.6666666666666667e-05,pneumatic_feed,0.021276361387185957,0.5321215617751773,1.657358947503225e-31,-0.29003480228957207,active,
aluminum,partial,0.20779373080667696,0.7450931655608173,0.7450931655608173,0.0218,0.03266517448280962,0.05446517448280962,2700.0,,2310.738521348228,0.12585477674938073,1.4228573955940254,1.4054951354801197,6.987001930069957e-08,0.50-1.00,0.25-1.00,1.6666666666666667e-05,pneumatic_feed,-0.017804846315542924,0.5972886184875179,-1.696340082172441e-36,-0.29014711962051914,active,
copper,partial,0.0894157013918192,0.6602317455847573,0.6602317455847573,0.012,0.013054692403205604,0.025054692403205604,8900.0,,4783.722365231308,0.11985469240320559,1.4333653520564846,1.3715827543246215,5.224537449817988e-08,0.50-1.00,0.25-1.00,1.6666666666666667e-05,pneumatic_feed,-0.028164294694623837,0.5947576734478518,6.964693863492333e-37,-0.29030153030045686,active,
aluminum,partial,0.1985364724239046,0.7457018973372636,0.7457018973372636,0.0218,0.03120993346503781,0.05300993346503781,2700.0,,2317.8701809770973,0.12287014407419108,1.4083591890979457,1.3887295566050661,6.832456316613011e-08,0.50-1.00,0.25-1.00,1.6666666666666667e-05,pneumatic_feed,-0.016125558142084166,0.6008238335505941,6.479205816772048e-38,-0.29003626818104433,active,
aluminum,heavily_coated,0.3899200066873134,0.6134747420294452,0.6134747420294452,0.0218,0.061295425051245675,0.08309542505124567,2700.0,,2221.2307024391325,0.1845741093560567,1.6363685959779908,1.7020796751188432,6.946469845490703e-08,0.50-1.00,0.25-1.00,1.6666666666666667e-05,pneumatic_feed,0.029391514677160408,0.5507033740352624,-6.114856837447278e-33,-0.29048360345941754,active,
copper,heavily_coated,0.49350193772233975,0.8318825019571113,0.8318825019571113,0.012,0.0720512829074616,0.0840512829074616,8900.0,,2127.8828439105737,0.1788512829074616,1.6562530350725775,1.6754849257798525,1.2377018450813693e-07,0.50-1.00,0.25-1.00,1.6666666666666667e-05,pneumatic_feed,0.006386803270096171,0.546821534326145,1.3236423087656012e-31,-0.290413903288493,active,
copper,heavily_coated,0.5001845146298505,0.9230065508696454,0.9230065508696454,0.012,0.07302693913595816,0.08502693913595816,8900.0,,2114.9407583450075,0.17982693913595815,1.6732211648335393,1.6800487006863818,1.532019590690319e-07,0.50-1.00,0.25-1.00,1.6666666666666667e-05,pneumatic_feed,-0.04890577676483692,0.5435628180221458,1.7698120708809801e-31,-0.2903504689529827,active,
copper,partial,0.28895183886610665,0.9767836161935533,0.9767836161935533,0.012,0.04218696847445157,0.05418696847445156,8900.0,,2749.498129696939,0.14898696847445156,1.5725379613424832,1.529215307657817,1.4214939523700952e-07,0.50-1.00,0.25-1.00,1.6666666666666667e-05,pneumatic_feed,-0.03017404154473656,0.5636485762527178,-1.5517641709308248e-33,-0.2906256738941758,active,
aluminum,partial,0.07715648835383898,0.9994415173154326,0.9994415173154326,0.0218,0.012128999969223488,0.03392899996922349,2700.0,,2467.9779388168527,0.08373602341016123,1.2024168769851598,1.1464382335938954,8.364251928937232e-08,0.50-1.00,0.25-1.00,1.6666666666666667e-05,pneumatic_feed,0.01132624947103823,2.25,0.0,0.0,light,3.2079999999998683
aluminum,bare_like,0.02413426775665552,0.660138051357896,0.660138051357896,0.0218,0.0037939068913462465,0.025593906891346246,2700.0,,2603.7888451471963,0.06664112926742331,1.0678817030641565,1.0227410058179325,2.9041021044819023e-08,0.50-1.00,0.25-1.00,1.6666666666666667e-05,pneumatic_feed,0.010850864917211106,2.25,0.0,0.0,light,2.5519999999999405
aluminum,partial,0.06718708211557617,0.703561286667046,0.703561286667046,0.0218,0.010561809308568572,0.03236180930856857,2700.0,,2488.1732160618976,0.08052178714488291,1.16603272782197,1.1242197165261256,3.985816257346527e-08,0.50-1.00,0.25-1.00,1.6666666666666667e-05,pneumatic_feed,0.00887089221316533,2.25,0.0,0.0,light,2.9879999999998925
aluminum,partial,0.06581632781660901,0.9089809861833203,0.9089809861833203,0.0218,0.010346326732770937,0.03214632673277094,2700.0,,2491.103973310801,0.08007984225135291,1.1743184053143971,1.1211303242608486,6.616568403482654e-08,0.50-1.00,0.25-1.00,1.6666666666666667e-05,pneumatic_feed,0.030243123359818578,2.25,0.0,0.0,light,3.0699999999998835
copper,partial,0.1339208313387682,0.9075651789338397,0.9075651789338397,0.012,0.019552441375460156,0.03155244137546016,8900.0,,4004.521864787632,0.12635244137546014,1.476042755911761,1.4082712522199772,1.040732907984127e-07,0.50-1.00,0.25-1.00,1.6666666666666667e-05,pneumatic_feed,-0.005199656891490997,0.5847600855319126,1.9768059188873262e-35,-0.29051099429272775,active,
aluminum,bare_like,0.01954915385259203,0.8849849808397621,0.8849849808397621,0.0218,0.0030731269856274675,0.024873126985627467,2700.0,,2619.8090304957427,0.06516284269361419,1.0665815975951978,1.0113337623747012,5.103543520002362e-08,0.50-1.00,0.25-1.00,1.6666666666666667e-05,pneumatic_feed,0.015016312814246825,2.25,0.0,0.0,light,2.547999999999941
aluminum,partial,0.12848250811471812,0.6104956025454673,0.6104956025454673,0.0218,0.020197450275633688,0.04199745027563369,2700.0,,2387.860329212643,0.10028404544126626,1.2749226628717465,1.2546148322278496,3.7376353195043603e-08,0.50-1.00,0.25-1.00,1.6666666666666667e-05,pneumatic_feed,0.0037995408342572016,2.25,0.0,0.0,light,4.051999999999776
aluminum,partial,0.18988999767250053,0.5793335660930851,0.5793335660930851,0.0218,0.029850707634117082,0.05165070763411708,2700.0,,2324.8942686367436,0.1200824341495909,1.370776513886298,1.3728852415303978,4.030295285397156e-08,0.50-1.00,0.25-1.00,1.6666666666666667e-05,pneumatic_feed,-0.03358736985041817,0.6102431221700646,-2.0107559943534225e-38,-0.28967933823840736,active,
aluminum,partial,0.104803079107609,0.9693241639630648,0.9693241639630648,0.0218,0.016475044035716133,0.03827504403571613,2700.0,,2420.6258430069684,0.09264956073508421,1.2582813316905124,1.2059135563123429,8.705253914454559e-08,0.50-1.00,0.25-1.00,1.6666666666666667e-05,pneumatic_feed,0.03948763209128087,2.25,0.0,0.0,light,3.7399999999998097
aluminum,partial,0.06456371418727164,0.6900815324663987,0.6900815324663987,0.0218,0.010149415870239098,0.0319494158702391,2700.0,,2493.816707470276,0.07967598709111826,1.1595737344130208,1.118299733247841,3.794270271177256e-08,0.50-1.00,0.25-1.00,1.6666666666666667e-05,pneumatic_feed,0.01666249462685761,2.25,0.0,0.0,light,2.9359999999998982
aluminum,bare_like,0.023421334995963047,0.9172616110287216,0.9172616110287216,0.0218,0.003681833861365391,0.02548183386136539,2700.0,,2606.2202970696994,0.06641127261604844,1.0770807990256495,1.0209756779578525,5.587637693579765e-08,0.50-1.00,0.25-1.00,1.6666666666666667e-05,pneumatic_feed,-0.023951717804464406,2.25,0.0,0.0,light,2.583999999999937
copper,partial,0.4434453760844581,0.7440202678893642,0.7440202678893642,0.012,0.06474302490833088,0.07674302490833088,8900.0,,2235.2914172100736,0.1715430249083309,1.6192447036935997,1.6408958891292165,9.496041340692003e-08,0.50-1.00,0.25-1.00,1.6666666666666667e-05,pneumatic_feed,-0.015477964415092022,0.5541024317806346,2.0571342822538747e-32,-0.2905279792607303,active,
aluminum,partial,0.26605791844481963,0.5553769081272559,0.5553769081272559,0.0218,0.041824304779525645,0.06362430477952565,2700.0,,2273.340887370128,0.1446397334857943,1.472993200507234,1.5067399433190278,4.461318709353736e-08,0.50-1.00,0.25-1.00,1.6666666666666667e-05,pneumatic_feed,0.03080633721316157,0.5854616174735212,-3.439385376878462e-36,-0.29042754805330895,active,
aluminum,partial,0.093625381891832,0.8325758753464949,0.8325758753464949,0.0218,0.014717910033395995,0.036517910033395995,2700.0,,2438.413350991673,0.08904575937574556,1.228597412564804,1.1822276596162442,6.172496995311357e-08,0.50-1.00,0.25-1.00,1.6666666666666667e-05,pneumatic_feed,0.0026900106355504274,2.25,0.0,0.0,light,3.4239999999998445
aluminum,partial,0.10744023261556235,0.8265829189118307,0.8265829189118307,0.0218,0.0168896045671664,0.0386896045671664,2700.0,,2416.664797782174,0.09349980539758346,1.2555515795377847,1.211434251422862,6.388274363171788e-08,0.50-1.00,0.25-1.00,1.6666666666666667e-05,pneumatic_feed,0.021593258521623644,2.25,0.0,0.0,light,3.689999999999815
aluminum,heavily_coated,0.3650910645860403,0.751954365066526,0.751954365066526,0.0218,0.057392315352925535,0.07919231535292554,2700.0,,2229.6230302939666,0.17656901013318524,1.6398474160579268,1.6647603980905108,9.983836307066346e-08,0.50-1.00,0.25-1.00,1.6666666666666667e-05,pneumatic_feed,-0.014801259552787245,0.5500192208909622,1.7601216722159978e-32,-0.2904743040550734,active,
aluminum,heavily_coated,0.365314881730116,0.9985309293995612,0.9985309293995612,0.0218,0.057427499407974245,0.07922749940797424,2700.0,,2229.543685444498,0.17664117101860669,1.6765430725696453,1.6651005436033137,1.7612255553766424e-07,0.50-1.00,0.25-1.00,1.6666666666666667e-05,pneumatic_feed,0.006829981108740982,0.5429304528886011,-3.963842486430632e-32,-0.29034681442081234,active,
aluminum,partial,0.07741932837032822,0.8880088343218631,0.8880088343218631,0.0218,0.012170318419815598,0.0339703184198156,2700.0,,2467.4707085166183,0.08382076565987752,1.1982027856523452,1.1470181941876239,6.609767697037409e-08,0.50-1.00,0.25-1.00,1.6666666666666667e-05,pneumatic_feed,-0.034539462119364255,2.25,0.0,0.0,light,3.181999999999871
aluminum,partial,0.19653238832495723,0.8314722906254982,0.8314722906254982,0.0218,0.030894891444683277,0.05269489144468328,2700.0,,2319.465966604271,0.12222400731984945,1.414232765008819,1.3850732900797549,8.449909935216494e-08,0.50-1.00,0.25-1.00,1.6666666666666667e-05,pneumatic_feed,-0.035351506033608225,0.599385189554059,-9.718677324653184e-37,-0.2900831802481178,active,
aluminum,heavily_coated,0.33757478411786135,0.9320128319576368,0.9320128319576368,0.0218,0.05306675606332781,0.07486675606332781,2700.0,,2239.9459381623105,0.16769748614743968,1.632165051835205,1.6223993782574664,1.456700723523855e-07,0.50-1.00,0.25-1.00,1.6666666666666667e-05,pneumatic_feed,-0.012150560831119516,0.5515328917830774,-4.6689324892674286e-32,-0.2904965780723939,active,
aluminum,partial,0.062202382965422576,0.7168048226151696,0.7168048226151696,0.0218,0.00977821460216443,0.03157821460216443,2700.0,,2499.022547223836,0.0789146702918819,1.1563984361142479,1.112944142758916,4.054707995910912e-08,0.50-1.00,0.25-1.00,1.6666666666666667e-05,pneumatic_feed,-0.015765415505929307,2.25,0.0,0.0,light,2.9219999999999
aluminum,partial,0.10592988540780945,0.9467744861912321,0.9467744861912321,0.0218,0.016652177986107644,0.038452177986107644,2700.0,,2418.922912193332,0.09301285435433185,1.2594302097527255,1.20827553229617,8.33750416872638e-08,0.50-1.00,0.25-1.00,1.6666666666666667e-05,pneumatic_feed,-0.01632301609192037,2.25,0.0,0.0,light,3.781999999999805
aluminum,partial,0.13303547309929092,0.641754519143745,0.641754519143745,0.0218,0.020913176371208535,0.042713176371208535,2700.0,,2382.214939896857,0.10175196688194238,1.286750055719432,1.263763772300412,4.190643185220574e-08,0.50-1.00,0.25-1.00,1.6666666666666667e-05,pneumatic_feed,0.016125159315992087,2.25,0.0,0.0,light,4.337999999999744
aluminum,partial,0.08320976760068582,0.337171132922277,0.337171132922277,0.0218,0.01308057546682781,0.03488057546682781,2700.0,,2456.6011318714613,0.08568766117213712,1.1441583482484174,1.159721315557261,9.741348023573449e-09,0.25-0.50,0.25-1.00,1.6666666666666667e-05,pneumatic_feed,0.006851502566325719,2.25,0.0,0.0,light,2.873999999999905
aluminum,heavily_coated,0.3950493977538164,0.931654496818656,0.931654496818656,0.0218,0.06210176532689994,0.08390176532689994,2700.0,,2219.594255308249,0.18622787632980795,1.7057365677136085,1.7096879092023392,1.616420909881537e-07,0.50-1.00,0.25-1.00,1.6666666666666667e-05,pneumatic_feed,0.03984870271520686,0.5374520944045065,1.0052267715803525e-30,-0.29021756186245795,active,
aluminum,partial,0.07955049260626201,0.6432367769731758,0.6432367769731758,0.0218,0.012505337437704392,0.03430533743770439,2700.0,,2463.403092146933,0.08450787432118494,1.1865982913797077,1.1517098572753985,3.4965433109049865e-08,0.50-1.00,0.25-1.00,1.6666666666666667e-05,pneumatic_feed,0.006826867164295027,2.25,0.0,0.0,light,3.129999999999877
aluminum,heavily_coated,0.27773928085830607,0.7320497867355121,0.7320497867355121,0.0218,0.043660614950925714,0.06546061495092571,2700.0,,2267.1024653951526,0.14840592154152646,1.5235327299308288,1.5262304362434262,7.953027185020068e-08,0.50-1.00,0.25-1.00,1.6666666666666667e-05,pneumatic_feed,0.03207705576068694,0.5741248317780071,5.294176170250007e-35,-0.2905711511915548,active,
aluminum,heavily_coated,0.33278272865537323,0.8339200972347112,0.8339200972347112,0.0218,0.05231344494462467,0.07411344494462467,2700.0,,2241.8669064691703,0.16615247954577889,1.6127983099611483,1.614908455284864,1.155462106847207e-07,0.50-1.00,0.25-1.00,1.6666666666666667e-05,pneumatic_feed,0.03650542147641591,0.5553957703841856,8.791787059561094e-33,-0.29054222969133653,active,
aluminum,partial,0.2140623165992143,0.8624308395800953,0.8624308395800953,0.0218,0.03365059616939649,0.05545059616939649,2700.0,,2306.121851316147,0.12787583149475268,1.4453791574930765,1.4167353497183721,9.511237507734623e-08,0.50-1.00,0.25-1.00,1.6666666666666667e-05,pneumatic_feed,0.01951002617643643,0.5919009722107573,1.674821702156965e-36,-0.2902927439792961,active,
aluminum,partial,0.18249220604312727,0.8025775835400126,0.8025775835400126,0.0218,0.02868777478997961,0.05048777478997961,2700.0,,2331.2041903206286,0.11769731215036466,1.3883759406114105,1.3591824791072478,7.581246119695329e-08,0.50-1.00,0.25-1.00,1.6666666666666667e-05,pneumatic_feed,0.03522288488554742,0.6057853944484805,7.589612589695294e-38,-0.28985995232953815,active,
aluminum,partial,0.06015987763752567,0.6363046371261885,0.6363046371261885,0.0218,0.009457132764619035,0.031257132764619035,2700.0,,2503.6252281493753,0.07825614614911465,1.1462367273962233,1.1082907876349526,3.168462948853949e-08,0.50-1.00,0.25-1.00,1.6666666666666667e-05,pneumatic_feed,0.018143094142231725,2.25,0.0,0.0,light,2.8779999999999046
aluminum,heavily_coated,0.35304035363103925,0.9745912456487082,0.9745912456487082,0.0218,0.055497943590799376,0.07729794359079938,2700.0,,2234.0017391450706,0.17268374041418336,1.6577012917063014,1.646342610011969,1.6401986838418437e-07,0.50-1.00,0.25-1.00,1.6666666666666667e-05,pneumatic_feed,0.02996852270490245,0.5465413979021678,-7.574253279266882e-33,-0.29041761828830853,active,
aluminum,partial,0.25731327155204,0.964392516493159,0.964392516493159,0.0218,0.04044964628798069,0.06224964628798069,2700.0,,2278.251851022585,0.1418203718810932,1.5218028539747688,1.4919827603044344,1.319004518156997e-07,0.50-1.00,0.25-1.00,1.6666666666666667e-05,pneumatic_feed,-0.00031821962452320497,0.5745036655027919,-2.0676733470984167e-34,-0.2905691356806467,active,
copper,partial,0.3104244254270115,0.583642443708903,0.583642443708903,0.012,0.04532196611234368,0.05732196611234368,8900.0,,2653.8162667729193,0.1521219661123437,1.5311699466948976,1.5452204956249276,5.181859867278752e-08,0.50-1.00,0.25-1.00,1.6666666666666667e-05,pneumatic_feed,-0.005414055871173059,0.5724594299764086,3.958469881227721e-34,-0.2906063537833471,active,
copper,partial,0.1769747598064605,0.28373627824413294,0.28373627824413294,0.012,0.02583831493174323,0.03783831493174323,8900.0,,3505.3969811026286,0.13263831493174322,1.3896000510396034,1.4428759444833232,1.067821673593113e-08,0.25-0.50,0.25-1.00,1.6666666666666667e-05,pneumatic_feed,-0.029884584473484098,0.6054772230339388,1.1291182801299883e-37,-0.2899236724043405,active,
aluminum,partial,0.12379801119191147,0.5111874979114837,0.5111874979114837,0.0218,0.01946104735936849,0.04126104735936849,2700.0,,2393.8732317699446,0.09877371678838417,1.252229286137216,1.2451314222645247,2.581082247658644e-08,0.50-1.00,0.25-1.00,1.6666666666666667e-05,pneumatic_feed,0.011366659287445787,2.25,0.0,0.0,light,3.6579999999998187
aluminum,heavily_coated,0.3903152459793091,0.9896580555844592,0.9896580555844592,0.0218,0.061357556667947385,0.08315755666794739,2700.0,,2221.103479431367,0.18470153845618903,1.7074796690267253,1.7026671276583523,1.8090094727127843e-07,0.50-1.00,0.25-1.00,1.6666666666666667e-05,pneumatic_feed,-0.011336075143859392,0.5371293583612134,-2.6936019094525035e-30,-0.2902093118797399,active,
aluminum,partial,0.24105134646126392,0.5189295361641374,0.5189295361641374,0.0218,0.03789327166371069,0.05969327166371069,2700.0,,2287.9859120807,0.1365773646125761,1.4308057917209542,1.464144226146794,3.67786267194628e-08,0.50-1.00,0.25-1.00,1.6666666666666667e-05,pneumatic_feed,-0.001485252640348821,0.5953729727191942,-9.71609479707611e-39,-0.2902007049249446,active,
copper,partial,0.17192956196895848,0.464680933676937,0.464680933676937,0.012,0.02510171604746794,0.03710171604746794,8900.0,,3555.137877685034,0.13190171604746792,1.4482736402652374,1.438863904294307,2.8481322562539345e-08,0.25-0.50,0.25-1.00,1.6666666666666667e-05,pneumatic_feed,0.017635651738967677,0.5912164017299791,-7.079569426545884e-36,-0.29036557250045913,active,
aluminum,partial,0.15759174378951962,0.9506226928656725,0.9506226928656725,0.0218,0.024773422123712488,0.04657342212371249,2700.0,,2354.7583388625817,0.10966915411517902,1.3570701287932367,1.3120087815986028,9.910620549248783e-08,0.50-1.00,0.25-1.00,1.6666666666666667e-05,pneumatic_feed,-0.02740849981582587,0.613773610031912,1.6956914932703674e-38,-0.28952441752909674,active,
copper,partial,0.26658575121851225,0.8116738820909275,0.8116738820909275,0.012,0.03892151967790279,0.05092151967790279,8900.0,,2861.688351008466,0.14572151967790278,1.545155794760522,1.5123640345050402,9.600344879518991e-08,0.50-1.00,0.25-1.00,1.6666666666666667e-05,pneumatic_feed,0.003516407627471813,0.5694416552183176,-1.3126810813295658e-33,-0.2906298360807591,active,
aluminum,partial,0.26680542420038034,0.9246017253187941,0.9246017253187941,0.0218,0.04194181268429979,0.06374181268429979,2700.0,,2272.930917951916,0.14488073681644462,1.5321858638338022,1.5079947098948707,1.238568541108006e-07,0.50-1.00,0.25-1.00,1.6666666666666667e-05,pneumatic_feed,-0.001432653334760265,0.5722392363234616,-2.81954981422048e-34,-0.2905836550607197,active,
aluminum,heavily_coated,0.4281489386927608,0.8637149464220515,0.8637149464220515,0.0218,0.06730501316250201,0.08910501316250201,2700.0,,2209.7465937729535,0.196899499323933,1.7347634933220586,1.7579916215353395,1.4688771735158095e-07,0.50-1.00,0.25-1.00,1.6666666666666667e-05,pneumatic_feed,0.003420983869570184,0.5321401673177909,-1.0210006417374462e-30,-0.290067787074236,active,
aluminum,heavily_coated,0.36936590459904134,0.6637932523584178,0.6637932523584178,0.0218,0.0580643202029693,0.0798643202029693,2700.0,,2228.1196515482384,0.1779472613017769,1.6262093243716211,1.6712451087116726,7.840738597066547e-08,0.50-1.00,0.25-1.00,1.6666666666666667e-05,pneumatic_feed,0.016527363908219697,0.5527136135143375,-3.510281894428234e-32,-0.29051098848788554,active,
copper,partial,0.14129178621699912,0.7411147880185098,0.7411147880185098,0.012,0.02062860078768187,0.03262860078768187,8900.0,,3905.4264575080833,0.12742860078768187,1.4696396038762078,1.4142557470144694,6.999030285203753e-08,0.50-1.00,0.25-1.00,1.6666666666666667e-05,pneumatic_feed,0.014185024015894785,0.5862328504177184,3.139491521800453e-36,-0.2904816961682508,active,
aluminum,partial,0.11242842155905886,0.543246749178679,0.543246749178679,0.0218,0.01767374786908405,0.03947374786908405,2700.0,,2409.399981736851,0.09510804739485616,1.2373854060971998,1.2218084595834415,2.806800452317672e-08,0.50-1.00,0.25-1.00,1.6666666666666667e-05,pneumatic_feed,0.016955088223776442,2.25,0.0,0.0,light,3.5399999999998317
aluminum,partial,0.08789090691258905,0.8893409343633374,0.8893409343633374,0.0218,0.013816450566658998,0.035616450566659,2700.0,,2448.220019411871,0.08719690729768784,1.2200617464380654,1.1698900191661217,6.896641424230511e-08,0.50-1.00,0.25-1.00,1.6666666666666667e-05,pneumatic_feed,-0.016962286927240777,2.25,0.0,0.0,light,3.37399999999985
aluminum,bare_like,0.036980595135080514,0.7037964472219487,0.7037964472219487,0.0218,0.005813349555234659,0.02761334955523466,2700.0,,2563.3584776057346,0.07078291367750131,1.1000883033462905,1.0540439331840303,3.506086093131445e-08,0.50-1.00,0.25-1.00,1.6666666666666667e-05,pneumatic_feed,-0.02435732107657775,2.25,0.0,0.0,light,2.6439999999999304
aluminum,bare_like,0.03598355112769526,0.7410479022461627,0.7410479022461627,0.0218,0.0056566142372736945,0.027456614237273694,2700.0,,2566.2835231674476,0.07046145671908023,1.0998170297082763,1.0516477664421122,3.8694049416802223e-08,0.50-1.00,0.25-1.00,1.6666666666666667e-05,pneumatic_feed,0.023401731754742684,2.25,0.0,0.0,light,2.6419999999999306
aluminum,bare_like,0.04750206385736855,0.8161150536416344,0.8161150536416344,0.0218,0.007467324438378338,0.029267324438378338,2700.0,,2534.4011395516595,0.0741751404082542,1.1296761102678996,1.079005562473131,4.9403890957437155e-08,0.50-1.00,0.25-1.00,1.6666666666666667e-05,pneumatic_feed,-0.012683573352737548,2.25,0.0,0.0,light,2.811999999999912
aluminum,partial,0.15734612283165733,0.571524757697037,0.571524757697037,0.0218,0.024734810509136534,0.046534810509136534,2700.0,,2355.010416140794,0.10958996346215463,1.3182047116997704,1.3115350039179203,3.579652579297954e-08,0.50-1.00,0.25-1.00,1.6666666666666667e-05,pneumatic_feed,-0.0163351749035256,0.627542535891709,1.5145627083130976e-39,-0.274735785084077,active,
aluminum,partial,0.08591104209904615,0.9281732383090815,0.9281732383090815,0.0218,0.013505215817970054,0.035305215817970054,2700.0,,2451.7221344698846,0.08655857908315347,1.2178576307312843,1.165600041733517,7.457069717294369e-08,0.50-1.00,0.25-1.00,1.6666666666666667e-05,pneumatic_feed,-0.02175944181203494,2.25,0.0,0.0,light,3.3619999999998513
aluminum,partial,0.20082647419734892,0.6436778446901904,0.6436778446901904,0.0218,0.031569921743823254,0.053369921743823254,2700.0,,2316.0697918818487,0.12360846354596727,1.3981805686739062,1.3928957045728523,5.121360295953153e-08,0.50-1.00,0.25-1.00,1.6666666666666667e-05,pneumatic_feed,0.0055476204910182595,0.6033379934036865,-3.305528022840765e-37,-0.2899494154335493,active,
aluminum,bare_like,0.019550996563960314,0.46533669073491885,0.46533669073491885,0.0218,0.0030734166598545623,0.024873416659854562,2700.0,,2619.80240564858,0.06516343680218645,1.041876668294484,1.0113383726760883,1.4110375640169274e-08,0.25-0.50,0.25-1.00,1.6666666666666667e-05,pneumatic_feed,-0.03380116933656632,2.25,0.0,0.0,light,2.421999999999955
copper,partial,0.16295658840168847,0.7782356198743988,0.7782356198743988,0.012,0.023791661906646517,0.03579166190664652,8900.0,,3648.661586244913,0.1305916619066465,1.4850727426259225,1.4317006409465365,7.909292884148265e-08,0.50-1.00,0.25-1.00,1.6666666666666667e-05,pneumatic_feed,0.028875924153198174,0.5826992785551848,-2.2490907776582221e-35,-0.29053605331592175,active,
aluminum,partial,0.052834303212463796,0.9044987101220555,0.9044987101220555,0.0218,0.00830555246499931,0.03010555246499931,2700.0,,2520.9405403526516,0.07589430769873046,1.1454491553069273,1.0914380667904493,6.209049289723051e-08,0.50-1.00,0.25-1.00,1.6666666666666667e-05,pneumatic_feed,0.012512822712116518,2.25,0.0,0.0,light,2.8779999999999046
aluminum,partial,0.14913548243184088,0.8085842074589138,0.8085842074589138,0.0218,0.023444097838285383,0.04524409783828538,2700.0,,2363.6844583152515,0.10694277089084982,1.3316794376143841,1.2955978279940032,6.992008412559661e-08,0.50-1.00,0.25-1.00,1.6666666666666667e-05,pneumatic_feed,0.031885779346707804,0.6213696880534114,2.3641700672915054e-39,-0.28520101965556777,active,
aluminum,partial,0.21248743529630398,0.7985484206199724,0.7985484206199724,0.0218,0.03340302482857899,0.055203024828578987,2700.0,,2307.266212483741,0.12736807401388137,1.4363683640921974,1.4139198314338342,8.122001995208912e-08,0.50-1.00,0.25-1.00,1.6666666666666667e-05,pneumatic_feed,-0.04172953322498611,0.5940415871716013,-3.898896539920483e-36,-0.29023825738265246,active,
aluminum,heavily_coated,0.283691462024462,0.7138803165449519,0.7138803165449519,0.0218,0.04459629783024542,0.06639629783024542,2700.0,,2264.056418561781,0.1503249642713068,1.5287069489014942,1.5360666128792826,7.660937590387289e-08,0.50-1.00,0.25-1.00,1.6666666666666667e-05,pneumatic_feed,0.016087222106633485,0.5729954409043859,-1.233124380140514e-34,-0.2905785622643738,active,
aluminum,partial,0.19862683022523708,0.6041150155633592,0.6041150155633592,0.0218,0.031224137711407272,0.05302413771140727,2700.0,,2317.7986788171556,0.1228992763329187,1.3883912286947846,1.3888941793101057,4.4852699498493625e-08,0.50-1.00,0.25-1.00,1.6666666666666667e-05,pneumatic_feed,0.020884415389210695,0.6057815795386028,-1.317517666276985e-37,-0.28985920059702047,active,
aluminum,partial,0.11347474055363893,0.976403272820648,0.976403272820648,0.0218,0.017838229215032045,0.039638229215032045,2700.0,,2407.912588226895,0.09544539110189873,1.2758121067754051,1.2239733897170324,9.099413791510255e-08,0.50-1.00,0.25-1.00,1.6666666666666667e-05,pneumatic_feed,0.0016928159158466805,2.25,0.0,0.0,light,4.075999999999773
copper,partial,0.0884108964109398,0.2806685794926931,0.2806685794926931,0.012,0.01290799087599721,0.02490799087599721,8900.0,,4806.007496628514,0.1197079908759972,1.3692974392993165,1.3707430921911123,9.429979206349356e-09,0.25-0.50,0.25-1.00,1.6666666666666667e-05,pneumatic_feed,-0.017494337630168895,0.6106196229067613,7.306663196046088e-39,-0.2897428983139414,active,
copper,partial,0.37392757338672555,0.28191571668111315,0.28191571668111315,0.012,0.054593425714461935,0.06659342571446193,8900.0,,2423.5639476857923,0.1613934257144619,1.42162899333794,1.591612770121613,1.2826979968712697e-08,0.25-0.50,0.25-1.00,1.6666666666666667e-05,pneumatic_feed,0.03911710276417801,0.597585930213281,2.5586227324866673e-36,-0.2901456127465585,active,
aluminum,bare_like,0.04604297142903924,0.9033646877699979,0.9033646877699979,0.0218,0.007237955108644969,0.02903795510864497,2700.0,,2538.219862337817,0.07370471441843654,1.1300151185416591,1.075578540838269,6.014804113128023e-08,0.50-1.00,0.25-1.00,1.6666666666666667e-05,pneumatic_feed,-0.029582806833390804,2.25,0.0,0.0,light,2.809999999999912
aluminum,partial,0.11767334773620547,0.9966610046824864,0.9966610046824864,0.0218,0.018498250264131502,0.0402982502641315,2700.0,,2402.0661792799606,0.09679906404363,1.2850203346105837,1.2326224520220361,9.615372000255827e-08,0.50-1.00,0.25-1.00,1.6666666666666667e-05,pneumatic_feed,0.026389215262054327,2.25,0.0,0.0,light,4.28599999999975
aluminum,heavily_coated,0.355391357079632,0.5408296955178664,0.5408296955178664,0.0218,0.055867521332918155,0.07766752133291815,2700.0,,2233.1307148659266,0.17344172743604414,1.5761707473619373,1.6499519247045196,5.0731143246482004e-08,0.50-1.00,0.25-1.00,1.6666666666666667e-05,pneumatic_feed,0.03261041895332284,0.5628915826160495,-5.316842799164813e-34,-0.2905912987643384,active,
aluminum,heavily_coated,0.4139704626381714,0.5434250604263415,0.5434250604263415,0.0218,0.06507615672672054,0.08687615672672054,2700.0,,2213.8205015694293,0.1923282168591728,1.6391897743780492,1.7374647311014912,5.679659887152081e-08,0.50-1.00,0.25-1.00,1.6666666666666667e-05,pneumatic_feed,0.014822911963081279,0.550148402031869,1.0518876163907863e-31,-0.2904749719686649,active,
aluminum,partial,0.17354828121742322,0.8091365498749847,0.8091365498749847,0.0218,0.02728178980737893,0.04908178980737893,2700.0,,2339.2321632502567,0.11481370134730942,1.3740097333492902,1.3424290880144727,7.516875488713257e-08,0.50-1.00,0.25-1.00,1.6666666666666667e-05,pneumatic_feed,-0.01783331881109277,0.6094178559085266,1.394351103847625e-38,-0.2897151482435651,active,
aluminum,partial,0.1444990353227879,0.8520547114426655,0.8520547114426655,0.0218,0.02271524835274226,0.04451524835274226,2700.0,,2368.8048001629127,0.10544793397842005,1.3267748424850805,1.2865110849601262,7.655490811375702e-08,0.50-1.00,0.25-1.00,1.6666666666666667e-05,pneumatic_feed,-0.019572538489671325,0.6233335661648445,1.1186197307946452e-39,-0.28231274990565774,active,
aluminum,partial,0.19157470629746143,0.6704806330016382,0.6704806330016382,0.0218,0.030115543829960942,0.05191554382996094,2700.0,,2323.496821153405,0.12062560105736453,1.3877515375853902,1.3759867129432588,5.422654888405193e-08,0.50-1.00,0.25-1.00,1.6666666666666667e-05,pneumatic_feed,-0.03135773453389917,0.6059421324643486,-9.193943768866199e-38,-0.28985343934814956,active,
aluminum,partial,0.11456668134639697,0.6910476077513217,0.6910476077513217,0.0218,0.018009882307653602,0.0398098823076536,2700.0,,2406.3734474913135,0.09579744373289184,1.2585141558340078,1.2262286397044682,4.5747762336763714e-08,0.50-1.00,0.25-1.00,1.6666666666666667e-05,pneumatic_feed,-0.027219040913969577,2.25,0.0,0.0,light,3.7439999999998093
aluminum,partial,0.0956668447781317,0.6496164706748557,0.6496164706748557,0.0218,0.015038827999122303,0.0368388279991223,2700.0,,2435.0380372322015,0.08970394742491744,1.218817688739045,1.1865888752139488,3.7855205659262485e-08,0.50-1.00,0.25-1.00,1.6666666666666667e-05,pneumatic_feed,-0.014162879324430487,2.25,0.0,0.0,light,3.3679999999998507
aluminum,heavily_coated,0.2784156452956086,0.5273151045535986,0.5273151045535986,0.0218,0.04376693944046968,0.06556693944046968,2700.0,,2266.7519556055786,0.14862398819975717,1.481400363889986,1.5273513409767214,4.132656740434723e-08,0.50-1.00,0.25-1.00,1.6666666666666667e-05,pneumatic_feed,-0.005028810311833533,0.5835363443013323,-6.145629184443752e-36,-0.2904602405763516,active,
aluminum,partial,0.11973177170771471,0.5384402660107597,0.5384402660107597,0.0218,0.018821834512452756,0.040621834512452756,2700.0,,2399.269301498601,0.0974627205162843,1.2495776145214157,1.2368406773807201,2.825618921563959e-08,0.50-1.00,0.25-1.00,1.6666666666666667e-05,pneumatic_feed,-0.0300925539801101,2.25,0.0,0.0,light,3.635999999999821
aluminum,partial,0.11192671068540283,0.5713072536581023,0.5713072536581023,0.0218,0.01759487891974533,0.03939487891974533,2700.0,,2410.117593850305,0.09494629079208072,1.2403538578108755,1.2207690118415109,3.0989707663210496e-08,0.50-1.00,0.25-1.00,1.6666666666666667e-05,pneumatic_feed,0.028387597496416454,2.25,0.0,0.0,light,3.573999999999828
copper,partial,0.08860201930244826,0.6240910199079821,0.6240910199079821,0.012,0.012935894818157444,0.024935894818157445,8900.0,,4801.7484710823355,0.11973589481815744,1.4299901609067012,1.3709028430438823,4.6635885913642064e-08,0.50-1.00,0.25-1.00,1.6666666666666667e-05,pneumatic_feed,-0.021308306972934746,0.5955670651575857,-1.3288048160821164e-36,-0.2902793444123646,active,
copper,partial,0.3833138039555122,0.3677798564906537,0.3677798564906537,0.012,0.05596381537750478,0.06796381537750477,8900.0,,2394.8598893901667,0.16276381537750478,1.4802798301388933,1.5983556694820198,2.201576291316412e-08,0.25-0.50,0.25-1.00,1.6666666666666667e-05,pneumatic_feed,0.02528366143506006,0.5837918616455839,-4.142259583036091e-36,-0.2904648606079368,active,
aluminum,partial,0.2260647807676665,0.5131996388313433,0.5131996388313433,0.0218,0.035537383536677174,0.057337383536677174,2700.0,,2297.7251112797867,0.13174554596730337,1.4090625056470978,1.4380118530466965,3.4698334204004575e-08,0.50-1.00,0.25-1.00,1.6666666666666667e-05,pneumatic_feed,0.025438761170691084,0.6006511319700212,1.9011118463785005e-38,-0.2900406160100438,active,
aluminum,partial,0.14653061562114,0.6118064416700404,0.6118064416700404,0.0218,0.023034612775643212,0.04483461277564321,2700.0,,2366.5406973259974,0.10610293578241176,1.3062407708764259,1.290500554064482,3.971508453578185e-08,0.50-1.00,0.25-1.00,1.6666666666666667e-05,pneumatic_feed,0.024930052672577845,2.25,0.0,0.0,light,5.8799999999995745
aluminum,partial,0.0843887612296369,0.5393470634037341,0.5393470634037341,0.0218,0.013265913265298919,0.03506591326529892,2700.0,,2454.457120705296,0.08606778050804723,1.1850533536382946,1.1622907910046907,2.503670894115094e-08,0.50-1.00,0.25-1.00,1.6666666666666667e-05,pneumatic_feed,0.013261414091607722,2.25,0.0,0.0,light,3.1239999999998775
aluminum,partial,0.10530020176320981,0.8978106343661728,0.8978106343661728,0.0218,0.016553191717176584,0.038353191717176584,2700.0,,2419.872607601295,0.09280983805047648,1.255613335914458,1.2069561790057992,7.481066328247742e-08,0.50-1.00,0.25-1.00,1.6666666666666667e-05,pneumatic_feed,-0.013471800841179167,2.25,0.0,0.0,light,3.691999999999815
copper,partial,0.3998936065506361,0.3563709018687945,0.3563709018687945,0.012,0.05838446655639287,0.07038446655639287,8900.0,,2346.88809389562,0.16518446655639288,1.4775913178451772,1.6101973130859282,2.0978463543487335e-08,0.25-0.50,0.25-1.00,1.6666666666666667e-05,pneumatic_feed,-0.04059013858965167,0.5844065324698466,-2.2271773646061987e-35,-0.29045131552274694,active,
aluminum,partial,0.22390944954776426,0.7881947329867458,0.7881947329867458,0.0218,0.035198565468908545,0.056998565468908545,2700.0,,2299.191998089494,0.13105064562869467,1.4529225798160537,1.4342143960328917,8.141533640544122e-08,0.50-1.00,0.25-1.00,1.6666666666666667e-05,pneumatic_feed,0.011874011204536407,0.5901240211486851,-6.02848757524139e-36,-0.29033414373010075,active,
aluminum,bare_like,0.03879337323251734,0.9603426633989732,0.9603426633989732,0.0218,0.006098318272151727,0.027898318272151727,2700.0,,2558.124499394477,0.07136737146389592,1.1152017269802954,1.0583866318587507,6.581913149423181e-08,0.50-1.00,0.25-1.00,1.6666666666666667e-05,pneumatic_feed,0.0013586105403534223,2.25,0.0,0.0,light,2.703999999999924
aluminum,heavily_coated,0.34415884293742444,0.8959337506027469,0.8959337506027469,0.0218,0.05410177010976312,0.07590177010976312,2700.0,,2237.3688032028026,0.169820252551455,1.636284908629827,1.6326355025074146,1.3631425574073083e-07,0.50-1.00,0.25-1.00,1.6666666666666667e-05,pneumatic_feed,-0.024106518230028417,0.5507198451364912,-4.927103439433399e-32,-0.2904850992717587,active,
aluminum,partial,0.05928082870594398,0.5100263000428029,0.5100263000428029,0.0218,0.009318946272574395,0.031118946272574395,2700.0,,2505.6353547485623,0.0779727319830834,1.1319684656367728,1.1062820622275664,2.0282799342645512e-08,0.50-1.00,0.25-1.00,1.6666666666666667e-05,pneumatic_feed,-0.030005432612731968,2.25,0.0,0.0,light,2.8259999999999104
copper,partial,0.2504119477123896,0.7570385291228094,0.7570385291228094,0.012,0.03656014436600888,0.048560144366008876,8900.0,,2952.2182488888584,0.14336014436600888,1.5306808060397175,1.500060274111969,8.216075022209509e-08,0.50-1.00,0.25-1.00,1.6666666666666667e-05,pneumatic_feed,0.01912353525402805,0.5725654791198479,6.562900576555854e-34,-0.29062017396467776,active,
aluminum,partial,0.1908466503792935,0.5128030814431521,0.5128030814431521,0.0218,0.03000109343962494,0.05180109343962494,2700.0,,2324.098982371977,0.12039086854878801,1.3589257087516617,1.3746472539316321,3.165882557031214e-08,0.50-1.00,0.25-1.00,1.6666666666666667e-05,pneumatic_feed,0.02519940067444635,0.6132926228311357,1.3041905031265252e-38,-0.28954452688941373,active,
aluminum,partial,0.0575896569392616,0.9586710938371116,0.9586710938371116,0.0218,0.009053094070851926,0.030853094070851926,2700.0,,2509.5532109674527,0.07742748129378733,1.1581561244825838,1.1024072506960783,7.115974729106416e-08,0.50-1.00,0.25-1.00,1.6666666666666667e-05,pneumatic_feed,0.03665932396852992,2.25,0.0,0.0,light,2.929999999999899
aluminum,heavily_coated,0.3066287171836778,0.7841568104621386,0.7841568104621386,0.0218,0.04820203434127415,0.07000203434127415,2700.0,,2253.079731058553,0.15772016470718955,1.570813160874011,1.5733962327538626,9.69824294820904e-08,0.50-1.00,0.25-1.00,1.6666666666666667e-05,pneumatic_feed,0.02222674109926913,0.56400950669761,6.630091804633904e-33,-0.290595823943038,active,
copper,partial,0.11133637119874185,0.46916615931328565,0.46916615931328565,0.012,0.01625511019501631,0.02825511019501631,8900.0,,4355.145293920001,0.1230551101950163,1.4231910907826506,1.389774445592153,2.7086507544969055e-08,0.25-0.50,0.25-1.00,1.6666666666666667e-05,pneumatic_feed,-0.035415344408873915,0.5972062839295059,-4.441420224422398e-37,-0.29022402061205366,active,
aluminum,bare_like,0.046664194840690676,0.8764930435600649,0.8764930435600649,0.0218,0.007335611428956574,0.029135611428956574,2700.0,,2536.586652344499,0.07390500305858708,1.1303848609755744,1.0770389630870292,5.6776783644744975e-08,0.50-1.00,0.25-1.00,1.6666666666666667e-05,pneumatic_feed,0.011633206174988182,2.25,0.0,0.0,light,2.811999999999912
aluminum,heavily_coated,0.2782156242006667,0.5068996972771321,0.5068996972771321,0.0218,0.04373549612434481,0.06553549612434481,2700.0,,2266.855493344633,0.14855949939853694,1.4752472819775178,1.5270199417687498,3.817196272028786e-08,0.50-1.00,0.25-1.00,1.6666666666666667e-05,pneumatic_feed,0.006040206395107353,0.5849438448430209,-1.646069343109831e-35,-0.2904363519071871,active,
copper,partial,0.08730795608633857,0.31376751452710305,0.31376751452710305,0.012,0.01274696158860543,0.02474696158860543,8900.0,,4830.7733117285,0.11954696158860542,1.3799991058928254,1.369820831019426,1.176940472501091e-08,0.25-0.50,0.25-1.00,1.6666666666666667e-05,pneumatic_feed,-0.0050348195206837915,0.6078947624469578,7.788621902040659e-38,-0.28985717656438603,active,
aluminum,partial,0.056667830888032344,0.8953432849308637,0.8953432849308637,0.0218,0.008908183015598686,0.030708183015598686,2700.0,,2511.7173268581546,0.07713027535661052,1.1536418743405965,1.100289417379518,6.183068292053654e-08,0.50-1.00,0.25-1.00,1.6666666666666667e-05,pneumatic_feed,-0.012382743220597557,2.25,0.0,0.0,light,2.911999999999901
aluminum,heavily_coated,0.42150606426688947,0.5111823879826973,0.5111823879826973,0.0218,0.06626075330275502,0.08806075330275502,2700.0,,2211.629617915098,0.1947577701802878,1.6342256052542272,1.7484044042354154,5.0891653135245236e-08,0.50-1.00,0.25-1.00,1.6666666666666667e-05,pneumatic_feed,-0.00024826898766455605,0.5511258903852773,-4.961110366885845e-32,-0.29048878647174725,active,
aluminum,partial,0.08039665953833708,0.9321266667035228,0.9321266667035228,0.0218,0.012638354879426592,0.03443835487942659,2700.0,,2461.8100167265275,0.08478068700175526,1.2065109163489598,1.1535673639539004,7.366255811770259e-08,0.50-1.00,0.25-1.00,1.6666666666666667e-05,pneumatic_feed,-0.008237632246910006,2.25,0.0,0.0,light,3.257999999999863
copper,partial,0.44747560633723443,0.7660634764342364,0.7660634764342364,0.012,0.06533143852523622,0.07733143852523622,8900.0,,2225.8921055640662,0.1721314385252362,1.624983755142986,1.6437077170507255,1.0101589411305978e-07,0.50-1.00,0.25-1.00,1.6666666666666667e-05,pneumatic_feed,0.013902434174285438,0.5529573723197796,-6.132982319251874e-32,-0.2905138239567516,active,
copper,partial,0.4668233350823133,0.678018123880866,0.678018123880866,0.012,0.06815620692201774,0.08015620692201773,8900.0,,2182.6906940872204,0.17495620692201774,1.6152032975943746,1.6571398926608432,8.042886880088115e-08,0.50-1.00,0.25-1.00,1.6666666666666667e-05,pneumatic_feed,-0.013325234195979844,0.5549124209375325,5.144052914482301e-32,-0.2905325935203266,active,
aluminum,heavily_coated,0.35090810546446516,0.9305960414403991,0.9305960414403991,0.0218,0.05516275417901392,0.07696275417901392,2700.0,,2234.7989507072225,0.1719962822827982,1.649579833770278,1.6430622771857435,1.489503271067333e-07,0.50-1.00,0.25-1.00,1.6666666666666667e-05,pneumatic_feed,-0.012943084698344291,0.5481165333145455,1.0250537195035315e-31,-0.29044483237185453,active,
aluminum,partial,0.21570383664599257,0.7497482169701807,0.7497482169701807,0.0218,0.03390864312075004,0.05570864312075004,2700.0,,2304.939894061194,0.12840507397303447,1.4356922785240605,1.4196640592339969,7.217936692217862e-08,0.50-1.00,0.25-1.00,1.6666666666666667e-05,pneumatic_feed,-0.026086000937309888,0.5942030002779868,-2.2767385606968453e-36,-0.29023379926390347,active,
aluminum,heavily_coated,0.38150397974078115,0.9636991083092096,0.9636991083092096,0.0218,0.059972425615250805,0.0817724256152508,2700.0,,2223.9856129974905,0.18186069810822525,1.693101246509439,1.6895222749365288,1.6889693489505445e-07,0.50-1.00,0.25-1.00,1.6666666666666667e-05,pneumatic_feed,0.020012751563308815,0.539806125188214,7.46957304124454e-32,-0.2902762740442785,active,
aluminum,partial,0.1497272548464474,0.5554436105311675,0.5554436105311675,0.0218,0.023537124461861528,0.04533712446186153,2700.0,,2363.042771386305,0.10713356423504311,1.3031234062676595,1.2967530313183142,3.305259059718891e-08,0.50-1.00,0.25-1.00,1.6666666666666667e-05,pneumatic_feed,0.007197807270655955,2.25,0.0,0.0,light,5.319999999999636
aluminum,partial,0.07133044037318004,0.707064639068465,0.707064639068465,0.0218,0.011213145226663904,0.033013145226663904,2700.0,,2479.547062804624,0.08185764728071698,1.1749185326821467,1.1335067850340084,4.092394523736015e-08,0.50-1.00,0.25-1.00,1.6666666666666667e-05,pneumatic_feed,-0.03393216554327065,2.25,0.0,0.0,light,3.0699999999998835
copper,partial,0.15872583403033458,0.6036361343961055,0.6036361343961055,0.012,0.023173971768428846,0.03517397176842885,8900.0,,3695.1747338664145,0.12997397176842884,1.465175162420076,1.4283107018002978,4.7359471679252623e-08,0.50-1.00,0.25-1.00,1.6666666666666667e-05,pneumatic_feed,0.013647480471506664,0.5872653773746204,7.706191466132794e-36,-0.2904561408344628,active,
aluminum,bare_like,0.03540038191907206,0.8940906908852876,0.8940906908852876,0.0218,0.005564940037678129,0.02736494003767813,2700.0,,2568.0099074863756,0.07027343713452802,1.1049988533764217,1.0502437189831473,5.617645659012315e-08,0.50-1.00,0.25-1.00,1.6666666666666667e-05,pneumatic_feed,-0.013614163101446206,2.25,0.0,0.0,light,2.6599999999999286
copper,partial,0.30945103461202833,0.9920412637532042,0.9920412637532042,0.012,0.04517985105335613,0.05717985105335613,8900.0,,2657.926669160776,0.15197985105335612,1.5851579283635862,1.5444985406705563,1.4957034258373226e-07,0.50-1.00,0.25-1.00,1.6666666666666667e-05,pneumatic_feed,-0.021077328964930937,0.5610284239318878,-5.09856680300409e-34,-0.29061122377766174,active,
aluminum,bare_like,0.04751677916405106,0.7646381531702304,0.7646381531702304,0.0218,0.007469637684588828,0.029269637684588828,2700.0,,2534.36293163749,0.0741798847702817,1.1271727192513072,1.0790400693923936,4.337086489040317e-08,0.50-1.00,0.25-1.00,1.6666666666666667e-05,pneumatic_feed,-0.0011360553633645966,2.25,0.0,0.0,light,2.801999999999913
copper,partial,0.3526372817361033,0.9563028321774577,0.9563028321774577,0.012,0.05148504313347109,0.06348504313347109,8900.0,,2493.265111290738,0.15828504313347108,1.6051408695911185,1.576211291998304,1.4475406313089668e-07,0.50-1.00,0.25-1.00,1.6666666666666667e-05,pneumatic_feed,0.011729274049048378,0.5569418069437232,-1.5046658994269024e-32,-0.2905740311073578,active,
aluminum,bare_like,0.021712196664811556,0.5673332315667214,0.5673332315667214,0.0218,0.003413157315708376,0.025213157315708376,2700.0,,2612.1373258425456,0.0658602293267019,1.056063925823762,1.0167311146571216,2.1198234145542956e-08,0.50-1.00,0.25-1.00,1.6666666666666667e-05,pneumatic_feed,-0.014513731784160355,2.25,0.0,0.0,light,2.4699999999999496
copper,partial,0.27320298807045784,0.26271810718852684,0.26271810718852684,0.012,0.03988763625828684,0.05188763625828684,8900.0,,2827.024833586628,0.14668763625828685,1.3924689257187208,1.5173691504410094,1.0124498568629187e-08,0.25-0.50,0.25-1.00,1.6666666666666667e-05,pneumatic_feed,0.03209820584935378,0.6047599831979883,5.321944513552127e-38,-0.2899258465909738,active,
aluminum,partial,0.1920362965961926,0.5146481414347193,0.5146481414347193,0.0218,0.030188105824921478,0.05198810582492148,2700.0,,2323.1164219043917,0.12077442238557845,1.3610871502321906,1.3768352602123608,3.198864074919328e-08,0.50-1.00,0.25-1.00,1.6666666666666667e-05,pneumatic_feed,-0.03290377546792987,0.6127335149386205,-6.36291145935158e-38,-0.2895698694571418,active,
aluminum,partial,0.07743586079869325,0.6374092507464166,0.6374092507464166,0.0218,0.012172917317554578,0.03397291731755458,2700.0,,2467.4388453767506,0.08382609588010669,1.1818387821047447,1.147054663446409,3.4057750845687594e-08,0.50-1.00,0.25-1.00,1.6666666666666667e-05,pneumatic_feed,-0.019381797765113937,2.25,0.0,0.0,light,3.109999999999879
aluminum,bare_like,0.006968268619740361,0.7545421322622368,0.7545421322622368,0.0218,0.0010954118270231836,0.022895411827023184,2700.0,,2668.9469465479124,0.06110663948569049,1.0306754664720428,0.9793517311810901,3.479007705763843e-08,0.50-1.00,0.25-1.00,1.6666666666666667e-05,pneumatic_feed,0.0032765950560554027,2.25,0.0,0.0,light,2.3979999999999575
aluminum,bare_like,0.041239413131607304,0.7868213400399038,0.7868213400399038,0.0218,0.006482835744288668,0.028282835744288668,2700.0,,2551.2292982266613,0.07215599918776151,1.1141089224277836,1.06421828740682,4.46709003194889e-08,0.50-1.00,0.25-1.00,1.6666666666666667e-05,pneumatic_feed,0.008033857177144483,2.25,0.0,0.0,light,2.6959999999999247
aluminum,partial,0.05576501690645863,0.5593129783859054,0.5593129783859054,0.0218,0.008766260657695299,0.0305662606576953,2700.0,,2513.8566984465747,0.07683919910081133,1.1301402392102378,1.098211304388338,2.4037684092553373e-08,0.50-1.00,0.25-1.00,1.6666666666666667e-05,pneumatic_feed,0.030047111827141607,2.25,0.0,0.0,light,2.8159999999999115
aluminum,partial,0.09176329786941784,0.5425908453186091,0.5425908453186091,0.0218,0.014425190425072482,0.03622519042507248,2700.0,,2441.5442356063763,0.088445404866079,1.1994550225003349,1.1782355769446007,2.6038753979114318e-08,0.50-1.00,0.25-1.00,1.6666666666666667e-05,pneumatic_feed,-0.0010746378989466249,2.25,0.0,0.0,light,3.1859999999998707
aluminum,partial,0.18192808910209057,0.8824392381319714,0.8824392381319714,0.0218,0.02859909560684864,0.05039909560684864,2700.0,,2331.6973011602227,0.11751543520740501,1.3944977777002272,1.3581319048661766,9.150915293761467e-08,0.50-1.00,0.25-1.00,1.6666666666666667e-05,pneumatic_feed,0.014096160577531986,0.6042542896899779,-1.3258937741860402e-37,-0.28991729042352954,active,
aluminum,partial,0.19186594084328956,0.6979103325850502,0.6979103325850502,0.0218,0.030161325900565125,0.051961325900565125,2700.0,,2323.2566893750504,0.12071949798728498,1.3918849013455843,1.3765221539838817,5.879991211898686e-08,0.50-1.00,0.25-1.00,1.6666666666666667e-05,pneumatic_feed,-0.019598169639712865,0.6049065825964194,-1.9497266655927282e-37,-0.28989259858235644,active,
copper,partial,0.14707372080455638,0.8690466486547601,0.8690466486547601,0.012,0.02147276323746523,0.03347276323746523,8900.0,,3832.1533937148247,0.12827276323746523,1.4820189168673132,1.4189324479252896,9.68769881990122e-08,0.50-1.00,0.25-1.00,1.6666666666666667e-05,pneumatic_feed,0.009340095064258083,0.5833941144736398,-5.3039981593561024e-36,-0.29052990411444124,active,
aluminum,heavily_coated,0.386665611134363,0.31301165671797915,0.31301165671797915,0.0218,0.060783834070321854,0.08258383407032185,2700.0,,2222.2855326570902,0.18352485968582996,1.4882776198400534,1.6972348681395828,1.7981086203752993e-08,0.25-0.50,0.25-1.00,1.6666666666666667e-05,pneumatic_feed,-0.032668103590590324,0.5819734062308827,-2.2907049271048688e-35,-0.2904812287696084,active,
aluminum,heavily_coated,0.31487315595554083,0.6711055280683034,0.6711055280683034,0.0218,0.04949806011621102,0.07129806011621102,2700.0,,2249.405579201176,0.1603782542116259,1.5616676451219125,1.5865992178573898,7.223157989518026e-08,0.50-1.00,0.25-1.00,1.6666666666666667e-05,pneumatic_feed,0.0031081911053271855,0.5659308963314659,-1.5493717143022577e-33,-0.29059801160045196,active,
aluminum,partial,0.2524844940162431,0.6736516663803491,0.6736516663803491,0.0218,0.03969056245935342,0.06149056245935342,2700.0,,2281.057777093747,0.14026352571577694,1.4788211579064847,1.483770972770001,6.365250916693852e-08,0.50-1.00,0.25-1.00,1.6666666666666667e-05,pneumatic_feed,-0.009349698095002402,0.5841252615328018,-5.520535060865187e-36,-0.2904515082623109,active,
copper,partial,0.38167034746809375,0.30532288991173023,0.30532288991173023,0.012,0.055723870730341685,0.06772387073034168,8900.0,,2399.8018568293032,0.1625238707303417,1.4407621320430941,1.5971770956858364,1.515081118323395e-08,0.25-0.50,0.25-1.00,1.6666666666666667e-05,pneumatic_feed,-0.02206206776842932,0.5929952077227645,-1.6560374577952454e-36,-0.29027165598698956,active,
aluminum,bare_like,0.020489426909388094,0.7788770791121726,0.7788770791121726,0.0218,0.0032209379101558085,0.02502093791015581,2700.0,,2616.44852662712,0.06546599612985582,1.0650149181025654,1.0136835182907025,3.9714914105023775e-08,0.50-1.00,0.25-1.00,1.6666666666666667e-05,pneumatic_feed,-0.024723734011460947,2.25,0.0,0.0,light,2.5359999999999423
aluminum,partial,0.09067220207528703,0.7655278911296113,0.7655278911296113,0.0218,0.014253670166235119,0.03605367016623512,2700.0,,2443.4024127062244,0.0880936246710933,1.2183935058974822,1.1758901023639414,5.162576692695675e-08,0.50-1.00,0.25-1.00,1.6666666666666667e-05,pneumatic_feed,0.02668668648137209,2.25,0.0,0.0,light,3.363999999999851
aluminum,partial,0.20983818715465577,0.5446573390025977,0.5446573390025977,0.0218,0.03298656302071189,0.05478656302071189,2700.0,,2309.214576441022,0.12651392992053256,1.3935467564923656,1.4091709066088043,3.75305618750176e-08,0.50-1.00,0.25-1.00,1.6666666666666667e-05,pneumatic_feed,-0.03093347921068308,0.6044915294981433,9.690219503657033e-38,-0.2899070509180251,active,
aluminum,partial,0.18538163354441145,0.5264943275439237,0.5264943275439237,0.0218,0.029141992793181484,0.050941992793181484,2700.0,,2328.7053757922877,0.1186288924710537,1.3537501372470535,1.3645508771114616,3.288348733000867e-08,0.50-1.00,0.25-1.00,1.6666666666666667e-05,pneumatic_feed,0.016361005352412722,0.6146367493065921,1.0051347232096008e-38,-0.2894824601648426,active,
copper,partial,0.2528736174405376,0.49196945115765034,0.49196945115765034,0.012,0.036919548146318495,0.04891954814631849,8900.0,,2937.875626251758,0.1437195481463185,1.4867973225399134,1.5019394221154911,3.478500861824831e-08,0.25-0.50,0.25-1.00,1.6666666666666667e-05,pneumatic_feed,0.024460113775136204,0.5823082058512181,1.316174757352249e-34,-0.29051725067345224,active,
aluminum,partial,0.135766235982959,0.8274085403497375,0.8274085403497375,0.0218,0.021342452296521153,0.04314245229652115,2700.0,,2378.918830062465,0.1026323921432658,1.3090654578891205,1.2692194558391785,7.02626378050049e-08,0.50-1.00,0.25-1.00,1.6666666666666667e-05,pneumatic_feed,-0.013888707174221606,0.6390086475710586,-1.1076446135672337e-40,-0.2523939199387638,active,
aluminum,partial,0.18797914566281337,0.8473585193870143,0.8473585193870143,0.0218,0.029550321698194264,0.051350321698194264,2700.0,,2326.496746316366,0.11946635635314766,1.4016448921713258,1.369358948310853,8.57788103229144e-08,0.50-1.00,0.25-1.00,1.6666666666666667e-05,pneumatic_feed,-0.01791696121371628,0.6024792559672852,-2.329881422858019e-37,-0.28998044995934785,active,
aluminum,partial,0.17131734106601032,0.5336939407812749,0.5336939407812749,0.0218,0.026931086015576824,0.048731086015576824,2700.0,,2341.3068179236197,0.11409442393309238,1.3337289429200292,1.3382175002793149,3.2497426052078914e-08,0.50-1.00,0.25-1.00,1.6666666666666667e-05,pneumatic_feed,0.004444007832645522,0.6206105154597206,7.378755855858871e-40,-0.28615330263169475,active,
aluminum,partial,0.0589283701310237,0.8360817084110383,0.8360817084110383,0.0218,0.009263539784596927,0.031063539784596927,2700.0,,2506.4463468696613,0.07785909581394335,1.1559934575191382,1.10547562971585,5.442604798209209e-08,0.50-1.00,0.25-1.00,1.6666666666666667e-05,pneumatic_feed,-0.022158604882228566,2.25,0.0,0.0,light,2.9139999999999007
aluminum,partial,0.14763112787749183,0.9577618915600317,0.9577618915600317,0.0218,0.023207613302341716,0.045007613302341716,2700.0,,2365.327644099786,0.10645775193898213,1.339496945826489,1.2926565183505878,9.765453058083965e-08,0.50-1.00,0.25-1.00,1.6666666666666667e-05,pneumatic_feed,0.030990848841082372,0.6186327524666219,-5.029043874741335e-40,-0.28818450163624515,active,
aluminum,partial,0.07204451829117581,0.8446283846390088,0.8446283846390088,0.0218,0.011325398275372836,0.033125398275372836,2700.0,,2478.094677077028,0.08208787314225799,1.184692783271441,1.1350996682410235,5.856125131287776e-08,0.50-1.00,0.25-1.00,1.6666666666666667e-05,pneumatic_feed,0.02316630895834393,2.25,0.0,0.0,light,3.1219999999998778
copper,heavily_coated,0.5651869584865586,0.5976818636257792,0.5976818636257792,0.012,0.08251729593903756,0.09451729593903756,8900.0,,2002.9910299290068,0.18931729593903757,1.628395233887323,1.7238109748632922,6.762860791107324e-08,0.50-1.00,0.25-1.00,1.6666666666666667e-05,pneumatic_feed,0.014532485250608056,0.5522797349716859,1.0850811746562323e-32,-0.2904859390415891,active,
copper,partial,0.20551893882312022,0.3878811019429613,0.3878811019429613,0.012,0.03000576506817555,0.04200576506817555,8900.0,,3256.833076272725,0.13680576506817554,1.4400213868667504,1.4653679703439964,2.0582666661237202e-08,0.25-0.50,0.25-1.00,1.6666666666666667e-05,pneumatic_feed,0.02423458133204062,0.5931704414150285,6.517100572549689e-36,-0.29030759734641015,active,
aluminum,partial,0.11645583431857626,0.6298968761611186,0.6298968761611186,0.0218,0.018306857154880188,0.04010685715488019,2700.0,,2403.7417135518795,0.09640652554265217,1.255698791084421,1.2301206546178585,3.825122433124732e-08,0.50-1.00,0.25-1.00,1.6666666666666667e-05,pneumatic_feed,0.01914869618104126,2.25,0.0,0.0,light,3.691999999999815
aluminum,partial,0.13621694856506128,0.5695143672338339,0.5695143672338339,0.0218,0.02141330431442763,0.04321330431442763,2700.0,,2378.381103167503,0.1027777063868614,1.282710914046654,1.2701176636234048,3.333560111118937e-08,0.50-1.00,0.25-1.00,1.6666666666666667e-05,pneumatic_feed,-0.020078724661274278,2.25,0.0,0.0,light,4.187999999999761
aluminum,partial,0.25920520701787264,0.6005142517948937,0.6005142517948937,0.0218,0.04074705854320958,0.06254705854320958,2700.0,,2277.1710470802827,0.14243035079463232,1.4742334781087303,1.4951878765133662,5.136285802872519e-08,0.50-1.00,0.25-1.00,1.6666666666666667e-05,pneumatic_feed,-0.021769780537258757,0.5851765659856449,2.54030084544067e-35,-0.29043296130435853,active,
aluminum,bare_like,0.04640351366421669,0.9951384940523847,0.9951384940523847,0.0218,0.007294632348014862,0.029094632348014862,2700.0,,2537.270653826184,0.07382095684048011,1.134007921150497,1.0764263739653428,7.310493950121962e-08,0.50-1.00,0.25-1.00,1.6666666666666667e-05,pneumatic_feed,0.003252352588759529,2.25,0.0,0.0,light,2.8359999999999093
copper,partial,0.20374628017650143,0.9497333494721872,0.9497333494721872,0.012,0.02974695690576921,0.04174695690576921,8900.0,,3270.8241995693616,0.1365469569057692,1.5213645856078521,1.4639812278827053,1.2316445871183997e-07,0.50-1.00,0.25-1.00,1.6666666666666667e-05,pneumatic_feed,-0.017412790340779406,0.5745989451193679,-1.5533202833735775e-35,-0.2906187585116189,active,
aluminum,partial,0.06730313412763228,0.6440808125933044,0.6440808125933044,0.0218,0.010580052684863797,0.0323800526848638,2700.0,,2487.9268807288786,0.08055920347408993,1.1617631128811214,1.1244808836655764,3.341918747334985e-08,0.50-1.00,0.25-1.00,1.6666666666666667e-05,pneumatic_feed,0.020534651744448792,2.25,0.0,0.0,light,2.947999999999897
aluminum,partial,0.2567803610255761,0.9171974614310088,0.9171974614310088,0.0218,0.040365872753220566,0.062165872753220566,2700.0,,2278.5581529685473,0.14164855619825598,1.5165485597746546,1.4910787162614272,1.1916201550821415e-07,0.50-1.00,0.25-1.00,1.6666666666666667e-05,pneumatic_feed,-0.006051892799612017,0.575658266789691,2.845606122679457e-34,-0.290559686869542,active,
aluminum,partial,0.17056967187572636,0.7331648085916079,0.7331648085916079,0.0218,0.026813552418864184,0.048613552418864184,2700.0,,2342.008807101142,0.11385336790945294,1.36141286577541,1.3368030755151536,6.119967332654581e-08,0.50-1.00,0.25-1.00,1.6666666666666667e-05,pneumatic_feed,0.028867950392932582,0.6126493427912912,-7.405060237219758e-39,-0.2895749093299853,active,
aluminum,partial,0.11015183145667007,0.9971304361145577,0.9971304361145577,0.0218,0.017315867904988534,0.039115867904988534,2700.0,,2412.6794836606264,0.094374051979945,1.2702401647828303,1.2170846806517683,9.383320435077634e-08,0.50-1.00,0.25-1.00,1.6666666666666667e-05,pneumatic_feed,-0.02272394834764734,2.25,0.0,0.0,light,3.91999999999979
aluminum,partial,0.09059577455966777,0.9112752362608003,0.9112752362608003,0.0218,0.014241655760779778,0.03604165576077978,2700.0,,2443.5332344419758,0.08806898367578249,1.2267120406786687,1.1757256345657698,7.313447054793252e-08,0.50-1.00,0.25-1.00,1.6666666666666667e-05,pneumatic_feed,0.0023285081930401338,2.25,0.0,0.0,light,3.409999999999846
aluminum,partial,0.07853963031460481,0.5652151598975448,0.5652151598975448,0.0218,0.012346429885455881,0.03414642988545588,2700.0,,2465.322509325863,0.08418196220973173,1.1768025772879012,1.1494868763252364,2.6893458001574477e-08,0.50-1.00,0.25-1.00,1.6666666666666667e-05,pneumatic_feed,0.009097137745393028,2.25,0.0,0.0,light,3.0899999999998813
aluminum,heavily_coated,0.3182196328817005,0.7340541516375176,0.7340541516375176,0.0218,0.05002412628900332,0.07182412628900332,2700.0,,2247.952048699116,0.16145719183738905,1.5778731619843778,1.591927160104902,8.699886629450945e-08,0.50-1.00,0.25-1.00,1.6666666666666667e-05,pneumatic_feed,-0.024578665861540276,0.5625375029385481,-4.838125657661756e-33,-0.2905912383501425,active,
aluminum,heavily_coated,0.36975579397079794,0.626933798574638,0.626933798574638,0.0218,0.05812561081220945,0.07992561081220945,2700.0,,2227.9837929861965,0.17807296553412497,1.6174607084645503,1.6718352990123235,6.999086463798517e-08,0.50-1.00,0.25-1.00,1.6666666666666667e-05,pneumatic_feed,-0.021112430119369086,0.5544596027940794,9.190903792943191e-33,-0.2905313575089379,active,
aluminum,partial,0.2110296692184469,0.6358047413686706,0.6358047413686706,0.0218,0.033173864001139856,0.054973864001139856,2700.0,,2308.3346597228146,0.12689807565271946,1.412368683890518,1.411308681842879,5.129825130183655e-08,0.50-1.00,0.25-1.00,1.6666666666666667e-05,pneumatic_feed,0.03257199142002368,0.5998408287272081,-2.308730333372376e-37,-0.29006781997645587,active,
copper,bare_like,0.006407202455910197,0.7268311718857307,0.7268311718857307,0.012,0.000935451558562889,0.01293545155856289,8900.0,,8328.69661107773,0.10773545155856289,1.3852318291327725,1.3003905750439761,5.691486707144589e-08,0.50-1.00,0.25-1.00,1.6666666666666667e-05,pneumatic_feed,0.02650452166380307,0.6065729789631565,-1.1469900963021689e-37,-0.289941146555288,active,
aluminum,partial,0.08400924740933441,0.7584381155801823,0.7584381155801823,0.0218,0.013206253692747368,0.03500625369274737,2700.0,,2455.1447924588906,0.08594542145724351,1.204483735647388,1.1614643064652888,4.943824513770567e-08,0.50-1.00,0.25-1.00,1.6666666666666667e-05,pneumatic_feed,-0.036185192813650055,2.25,0.0,0.0,light,3.229999999999866
aluminum,partial,0.16859647021304291,0.8986279916537574,0.8986279916537574,0.0218,0.02650336511749035,0.04830336511749035,2700.0,,2343.8778579091563,0.11321718796138716,1.3729070721639411,1.3330630076038916,9.142653250126162e-08,0.50-1.00,0.25-1.00,1.6666666666666667e-05,pneumatic_feed,0.03197149863679387,0.609698968256778,1.0973907764789022e-38,-0.2897036540504238,active,
aluminum,heavily_coated,0.32247242774203255,0.5877841157481047,0.5877841157481047,0.0218,0.05069266564104752,0.07249266564104752,2700.0,,2246.1353019430207,0.1628283354283087,1.5518263790605382,1.598672434516444,5.625558875480783e-08,0.50-1.00,0.25-1.00,1.6666666666666667e-05,pneumatic_feed,0.0355597822866773,0.5680170510460208,1.5277313018542471e-33,-0.2905965587457138,active,
aluminum,partial,0.10272061710475722,0.5146956820901397,0.5146956820901397,0.0218,0.016147681008867834,0.037947681008867834,2700.0,,2423.814887113939,0.09197815416074477,1.215725729405502,1.2015361449856805,2.436608413770849e-08,0.50-1.00,0.25-1.00,1.6666666666666667e-05,pneumatic_feed,-0.019084117308135046,2.25,0.0,0.0,light,3.3499999999998527
aluminum,partial,0.09887030085742565,0.5712627128868875,0.5712627128868875,0.0218,0.015542411294787312,0.03734241129478731,2700.0,,2429.8584519127908,0.09073677369944261,1.2163895498983333,1.1934003519299177,2.961113737218827e-08,0.50-1.00,0.25-1.00,1.6666666666666667e-05,pneumatic_feed,0.03778235892347266,2.25,0.0,0.0,light,3.353999999999852
aluminum,partial,0.17389611691996348,0.7385271445519352,0.7385271445519352,0.0218,0.027336469579818265,0.049136469579818265,2700.0,,2338.911363370899,0.11492584705616543,1.367535919076096,1.3430845451398705,6.268312480021963e-08,0.50-1.00,0.25-1.00,1.6666666666666667e-05,pneumatic_feed,-0.015907595321192684,0.6110731099865884,5.270960817893526e-38,-0.28964451145397435,active,
aluminum,partial,0.24593214839374564,0.5338439142593445,0.5338439142593445,0.0218,0.03866053372749682,0.06046053372749682,2700.0,,2284.977909495329,0.13815098396362752,1.4411072036773747,1.4725548697054036,3.937155563910849e-08,0.50-1.00,0.25-1.00,1.6666666666666667e-05,pneumatic_feed,-0.031284927215771766,0.592913394673169,-1.5511473516213202e-36,-0.2902660172883157,active,
aluminum,bare_like,0.04436352066848552,0.9162290088178744,0.9162290088178744,0.0218,0.0069739454490859235,0.028773945449085923,2700.0,,2542.6906723023144,0.07316324269872641,1.1266401718634556,1.071620388663453,6.141875681365891e-08,0.50-1.00,0.25-1.00,1.6666666666666667e-05,pneumatic_feed,-0.005519980379867369,2.25,0.0,0.0,light,2.7899999999999143
aluminum,partial,0.15866892383886905,0.832872028999813,0.832872028999813,0.0218,0.024942754827470215,0.046742754827470215,2700.0,,2353.6577623840494,0.11001644773488978,1.3504759049339226,1.3140845344371228,7.631574923186158e-08,0.50-1.00,0.25-1.00,1.6666666666666667e-05,pneumatic_feed,-0.032994878930497,0.6154909702943974,-2.57338778261436e-39,-0.2894434960747205,active,
aluminum,partial,0.17002371180865083,0.6632581488017313,0.6632581488017313,0.0218,0.02672772749631991,0.04852772749631991,2700.0,,2342.5235589869276,0.11367734492422711,1.3521957344765154,1.3357692936771188,5.000795676546604e-08,0.50-1.00,0.25-1.00,1.6666666666666667e-05,pneumatic_feed,-0.021006982307942228,0.6150418967665976,-4.1819210604723875e-39,-0.2894642055015009,active,
copper,heavily_coated,0.512761561523334,0.6174570576323399,0.6174570576323399,0.012,0.07486318798240675,0.08686318798240675,8900.0,,2091.3714106279494,0.18166318798240677,1.6167487225596235,1.6886045714055902,6.925967501406237e-08,0.50-1.00,0.25-1.00,1.6666666666666667e-05,pneumatic_feed,0.03065357618802461,0.5546024368623002,1.600747948200002e-32,-0.2905215616957399,active,
aluminum,partial,0.22084244632154512,0.787101954642496,0.787101954642496,0.0218,0.0347164325617469,0.0565164325617469,2700.0,,2301.309676197814,0.13006181311852935,1.4480791515290081,1.42879327360834,8.05771283598774e-08,0.50-1.00,0.25-1.00,1.6666666666666667e-05,pneumatic_feed,-0.03327332897642236,0.5912633897392258,-2.8483436310538927e-36,-0.2903077924367155,active,
aluminum,heavily_coated,0.329344242656616,0.9663904203881817,0.9663904203881817,0.0218,0.051772914945620044,0.07357291494562004,2700.0,,2243.2695156486384,0.16504387727491956,1.625086866771543,1.6095119439467163,1.5413620080730642e-07,0.50-1.00,0.25-1.00,1.6666666666666667e-05,pneumatic_feed,0.041873362280315234,0.5529368388889091,2.947914603220491e-32,-0.29051492109365035,active,
copper,partial,0.2761821670857143,0.5456744997364906,0.5456744997364906,0.012,0.040322596394514285,0.05232259639451428,8900.0,,2811.836692606088,0.14712259639451428,1.5087573134944319,1.519617146852554,4.3807321353715224e-08,0.50-1.00,0.25-1.00,1.6666666666666667e-05,pneumatic_feed,-0.037261565413653816,0.5773807174498082,-1.5713220120416958e-34,-0.29057455910479196,active,
aluminum,partial,0.0594857589870158,0.8145317265758776,0.8145317265758776,0.0218,0.009351161312758885,0.031151161312758885,2700.0,,2505.1651452570613,0.07803880355500377,1.1561535962770215,1.1067506768009403,5.177577550233035e-08,0.50-1.00,0.25-1.00,1.6666666666666667e-05,pneumatic_feed,0.025555148199062194,2.25,0.0,0.0,light,2.9239999999998996
aluminum,bare_like,0.04278920740312126,0.6318032866151821,0.6318032866151821,0.0218,0.006726463403770665,0.028526463403770665,2700.0,,2546.956744355369,0.07265566835884033,1.1084804765229144,1.0678967040684963,2.900235496920087e-08,0.50-1.00,0.25-1.00,1.6666666666666667e-05,pneumatic_feed,-0.012433474773886972,2.25,0.0,0.0,light,2.6719999999999273
aluminum,heavily_coated,0.3622015729859246,0.5730756429875058,0.5730756429875058,0.0218,0.05693808727338735,0.07873808727338735,2700.0,,2230.65374367756,0.17563740914639195,1.5938265513055505,1.6603628440680573,5.768208136874274e-08,0.50-1.00,0.25-1.00,1.6666666666666667e-05,pneumatic_feed,0.001837447251731052,0.5592466761398799,-1.6288992150554936e-33,-0.2905733219996766,active,
aluminum,heavily_coated,0.3183385477486512,0.668174397879295,0.668174397879295,0.0218,0.05004281970608797,0.07184281970608797,2700.0,,2247.9007900904744,0.16149553117964263,1.565444126943169,1.5921161570047804,7.2100814559743e-08,0.50-1.00,0.25-1.00,1.6666666666666667e-05,pneumatic_feed,-0.00663708585195204,0.565135491713866,-1.3785346690293427e-33,-0.29059729220814495,active,
aluminum,heavily_coated,0.2934924978329715,0.6654809232910586,0.6654809232910586,0.0218,0.04613702065934312,0.06793702065934312,2700.0,,2259.2235387528754,0.15348491622632834,1.5329985954937901,1.5521273288904007,6.797307582376882e-08,0.50-1.00,0.25-1.00,1.6666666666666667e-05,pneumatic_feed,0.015030497878946288,0.5720629567049818,-2.4512562569560624e-34,-0.2905836000679225,active,
aluminum,partial,0.06422929760890367,0.9431516795724171,0.9431516795724171,0.0218,0.010096845584119656,0.031896845584119655,2700.0,,2494.546604373346,0.07956816784208663,1.1722547053126673,1.117542823541627,7.077867739667357e-08,0.50-1.00,0.25-1.00,1.6666666666666667e-05,pneumatic_feed,0.02400477736986568,2.25,0.0,0.0,light,3.047999999999886
copper,partial,0.25315676581227053,0.8648545866396019,0.8648545866396019,0.012,0.0369608878085915,0.048960887808591494,8900.0,,2936.239399306089,0.1437608878085915,1.5431547221411217,1.5021554164079203,1.0752932809635707e-07,0.50-1.00,0.25-1.00,1.6666666666666667e-05,pneumatic_feed,0.01433936479879161,0.569870890104558,-4.693171104860942e-34,-0.29063186754652787,active,
aluminum,partial,0.24231786036494588,0.8625496214487719,0.8625496214487719,0.0218,0.03809236764936949,0.05989236764936949,2700.0,,2287.197964225151,0.1369857013602622,1.489206693355276,1.4663313297309977,1.0191624530479119e-07,0.50-1.00,0.25-1.00,1.6666666666666667e-05,pneumatic_feed,-0.025242649352410808,0.5817629865297615,-3.3158635159224995e-35,-0.29048910263259126,active,
aluminum,partial,0.24536594093139177,0.6504546372623484,0.6504546372623484,0.0218,0.03857152591441479,0.06037152591441479,2700.0,,2285.3229386860266,0.13796843301569,1.4647732576713592,1.4715816404855935,5.837323473439963e-08,0.50-1.00,0.25-1.00,1.6666666666666667e-05,pneumatic_feed,0.0008592777698743069,0.5873597249759087,-1.6529754391611278e-35,-0.2903921866064414,active,
aluminum,partial,0.1757229192159544,0.9680311032699445,0.9680311032699445,0.0218,0.027623642900748036,0.049423642900748035,2700.0,,2337.2382043223993,0.11551482638441585,1.39015585533851,1.3465217097877744,1.0824712062255173e-07,0.50-1.00,0.25-1.00,1.6666666666666667e-05,pneumatic_feed,-0.02942383157953928,0.6053391941444347,-2.0420436056010114e-37,-0.28987729499859605,active,
aluminum,partial,0.14166389810239766,0.8897759364928952,0.8897759364928952,0.0218,0.022269564781696914,0.044069564781696914,2700.0,,2372.01928144771,0.10453385738719403,1.324272378251944,1.2809228804067003,8.275958212806045e-08,0.50-1.00,0.25-1.00,1.6666666666666667e-05,pneumatic_feed,0.007246053941628101,0.6244340715580857,4.0477625227359367e-39,-0.2804375763318516,active,
aluminum,partial,0.06328157614941393,0.6915793775259156,0.6915793775259156,0.0218,0.009947863770687869,0.03174786377068787,2700.0,,2496.6282310784654,0.07926261296633255,1.1569769600943842,1.115394985249421,3.7909883862176486e-08,0.50-1.00,0.25-1.00,1.6666666666666667e-05,pneumatic_feed,0.022824743753953103,2.25,0.0,0.0,light,2.929999999999899
aluminum,bare_like,0.04235952553194082,0.9113624365396134,0.9113624365396134,0.0218,0.006658917413621096,0.028458917413621096,2700.0,,2548.1339846063383,0.07251713462675304,1.1218428715198314,1.0668781303886192,6.023138978214973e-08,0.50-1.00,0.25-1.00,1.6666666666666667e-05,pneumatic_feed,0.03648102508029081,2.25,0.0,0.0,light,2.7359999999999203
aluminum,partial,0.2091844755141421,0.7987765962600033,0.7987765962600033,0.0218,0.03288379955082314,0.05468379955082314,2700.0,,2309.699907248185,0.12630316675051456,1.431193902404313,1.407996628304229,8.058698413386805e-08,0.50-1.00,0.25-1.00,1.6666666666666667e-05,pneumatic_feed,-0.02148084461967247,0.5952798025225712,-1.588200516248682e-36,-0.2902048058635645,active,
aluminum,partial,0.05698250378498415,0.7280689270353253,0.7280689270353253,0.0218,0.00895764959499951,0.03075764959499951,2700.0,,2510.976295726864,0.07723172904531675,1.1459088420976407,1.101012815136723,4.093933185686927e-08,0.50-1.00,0.25-1.00,1.6666666666666667e-05,pneumatic_feed,0.013165925266352251,2.25,0.0,0.0,light,2.881999999999904
copper,heavily_coated,0.5634919627879756,0.8829412925501422,0.8829412925501422,0.012,0.08226982656704444,0.09426982656704444,8900.0,,2005.6239992398685,0.18906982656704446,1.6948205714868592,1.7226839518020507,1.4739606239807101e-07,0.50-1.00,0.25-1.00,1.6666666666666667e-05,pneumatic_feed,0.007152177193455358,0.5394844419907606,-8.468660306407132e-32,-0.29024936054580813,active,
aluminum,partial,0.07395740568949571,0.889784498861937,0.889784498861937,0.0218,0.011626104174388724,0.033426104174388724,2700.0,,2474.252061708079,0.08270460716835032,1.1909605553911196,1.1393557451974456,6.547859835111075e-08,0.50-1.00,0.25-1.00,1.6666666666666667e-05,pneumatic_feed,0.0348023794934444,2.25,0.0,0.0,light,3.145999999999875
aluminum,partial,0.16190531808659853,0.8841917285742262,0.8841917285742262,0.0218,0.025451516003213284,0.047251516003213284,2700.0,,2350.398526827112,0.11105989360430023,1.3601483440252706,1.3203015148113315,8.682607095072294e-08,0.50-1.00,0.25-1.00,1.6666666666666667e-05,pneumatic_feed,-0.005517041107029371,0.6129761537607945,-2.9370843717291347e-38,-0.28956066816345644,active,
aluminum,partial,0.13703693957013613,0.9426921970066617,0.9426921970066617,0.0218,0.021542206900425395,0.043342206900425395,2700.0,,2377.4073139269763,0.10304207968680759,1.319059658965474,1.271750165230629,9.157025846006691e-08,0.50-1.00,0.25-1.00,1.6666666666666667e-05,pneumatic_feed,-0.002209776128096426,0.6270519951563566,1.378850573876329e-39,-0.27563553648675526,active,
aluminum,partial,0.14907913986329813,0.7412905765009481,0.7412905765009481,0.0218,0.023435240786510464,0.045235240786510464,2700.0,,2363.7456908422555,0.10692460548332594,1.3255388560881876,1.2954877875403858,5.8756323742128215e-08,0.50-1.00,0.25-1.00,1.6666666666666667e-05,pneumatic_feed,0.03175635670551473,0.6238673834785342,-7.86324449609985e-40,-0.2814255259425602,active,
copper,partial,0.18262651527032647,0.8974042635617223,0.8974042635617223,0.012,0.026663471229467665,0.038663471229467665,8900.0,,3451.9267666724,0.13346347122946767,1.5053115930404364,1.447357124008351,1.0748272616059689e-07,0.50-1.00,0.25-1.00,1.6666666666666667e-05,pneumatic_feed,0.02016426369026022,0.5781464744262967,1.334987267884668e-35,-0.2905911103646408,active,
aluminum,partial,0.053380691749224496,0.9615543978573183,0.9615543978573183,0.0218,0.008391444742978094,0.030191444742978094,2700.0,,2519.6034662951956,0.07607046882686747,1.1488104698865744,1.092704021547698,7.033375591430901e-08,0.50-1.00,0.25-1.00,1.6666666666666667e-05,pneumatic_feed,-0.0234426085756751,2.25,0.0,0.0,light,2.891999999999903
aluminum,partial,0.13316938991425104,0.9171900543447323,0.9171900543447323,0.0218,0.020934228094520266,0.042734228094520266,2700.0,,2382.0517543244614,0.10179514300225367,1.3103165056496326,1.2640318684919989,8.563390136220244e-08,0.50-1.00,0.25-1.00,1.6666666666666667e-05,pneumatic_feed,0.006993470946134263,0.6352109036823753,4.894726662277062e-40,-0.26042083872198124,active,
aluminum,heavily_coated,0.29258294804038265,0.6117424913305884,0.6117424913305884,0.0218,0.045994039431948144,0.06779403943194814,2700.0,,2259.6627898456177,0.15319166827769976,1.5205444209241608,1.550643874423388,5.732874578607214e-08,0.50-1.00,0.25-1.00,1.6666666666666667e-05,pneumatic_feed,-0.008298771737921424,0.5747796856805266,2.4034918692362796e-34,-0.2905656217333887,active,
aluminum,partial,0.1819998850807466,0.538308526520919,0.538308526520919,0.0218,0.02861038193469337,0.05041038193469337,2700.0,,2331.634445879714,0.1175385829488835,1.3510413984297074,1.3582656580969996,3.4059868607987815e-08,0.50-1.00,0.25-1.00,1.6666666666666667e-05,pneumatic_feed,0.016544281774819626,0.6153432493415778,-1.1263041817134339e-38,-0.2894491384554986,active,
aluminum,partial,0.23581586463987217,0.9829732272298999,0.9829732272298999,0.0218,0.03707025392138791,0.05887025392138791,2700.0,,2291.299662112296,0.13488939291854118,1.4903138571198273,1.4550683527757116,1.303350367514713e-07,0.50-1.00,0.25-1.00,1.6666666666666667e-05,pneumatic_feed,0.00470355919440103,0.581512580230382,-1.627007391545715e-35,-0.2904930191849862,active,
aluminum,partial,0.15142924111474776,0.647777042950255,0.647777042950255,0.0218,0.023804676703238353,0.04560467670323835,2700.0,,2361.2118188782024,0.10768230162780582,1.3192444848639253,1.3000697698008519,4.5185119482941035e-08,0.50-1.00,0.25-1.00,1.6666666666666667e-05,pneumatic_feed,-0.010706695076063914,0.626947958034169,-9.592699666540213e-40,-0.27582547623860654,active,
aluminum,partial,0.07931665309764752,0.9833958898661666,0.9833958898661666,0.0218,0.012468577866950187,0.03426857786695019,2700.0,,2463.84552207059,0.08443248212521254,1.2063910490429162,1.151196003918245,8.165190739860962e-08,0.50-1.00,0.25-1.00,1.6666666666666667e-05,pneumatic_feed,0.016199976422258133,2.25,0.0,0.0,light,3.265999999999862
aluminum,partial,0.10681387083583549,0.6343207644793329,0.6343207644793329,0.0218,0.01679114049539334,0.03859114049539334,2700.0,,2417.597896784594,0.09329786009618171,1.238406080114796,1.210125287757292,3.753959123113085e-08,0.50-1.00,0.25-1.00,1.6666666666666667e-05,pneumatic_feed,0.004613691202620864,2.25,0.0,0.0,light,3.5579999999998297
aluminum,partial,0.26226680395934954,0.8586200628951208,0.8586200628951208,0.0218,0.04122834158240975,0.06302834158240975,2700.0,,2275.4436601669922,0.14341744026453387,1.5184799115269818,1.500360004263018,1.0573141179755769e-07,0.50-1.00,0.25-1.00,1.6666666666666667e-05,pneumatic_feed,-0.009258195723546511,0.5752331828721697,-1.0612866872921265e-34,-0.29056309404465497,active,
aluminum,partial,0.24962567122491738,0.748207644511546,0.748207644511546,0.0218,0.03924115551655701,0.06104115551655701,2700.0,,2282.751882405471,0.1393418126596256,1.4861908159103574,1.4788877886795482,7.80055921678976e-08,0.50-1.00,0.25-1.00,1.6666666666666667e-05,pneumatic_feed,-0.021593774824464625,0.5824464697586949,4.909509058025277e-36,-0.2904785870033394,active,
copper,partial,0.18301700337143045,0.9154321652633917,0.9154321652633917,0.012,0.02672048249222884,0.03872048249222884,8900.0,,3448.316598818887,0.13352048249222884,1.5067237760093062,1.447666222994107,1.1189230722525803e-07,0.50-1.00,0.25-1.00,1.6666666666666667e-05,pneumatic_feed,-0.01805278171886538,0.5778321598691363,2.2831839045032221e-35,-0.29059446741180556,active,
aluminum,partial,0.0709023817666839,0.7060802985602357,0.7060802985602357,0.0218,0.011145854413722706,0.032945854413722706,2700.0,,2480.4224494890755,0.08171963690539655,1.1739602089342807,1.1325508469234855,4.074127496798623e-08,0.50-1.00,0.25-1.00,1.6666666666666667e-05,pneumatic_feed,-0.0018913955912659049,2.25,0.0,0.0,light,3.0679999999998837
copper,partial,0.2816064196031479,0.5981543872891163,0.5981543872891163,0.012,0.0411145372620596,0.0531145372620596,8900.0,,2784.8221011936944,0.1479145372620596,1.5218887940953028,1.5237016036170887,5.292214571348573e-08,0.50-1.00,0.25-1.00,1.6666666666666667e-05,pneumatic_feed,-0.032745450999670245,0.5744843490074164,-1.2483793146347183e-34,-0.290599473094846,active,
aluminum,partial,0.06088039083436542,0.8585371439216711,0.8585371439216711,0.0218,0.009570397439162243,0.03137039743916224,2700.0,,2501.9908326352343,0.07848844680890776,1.1613199255577324,1.109934530101941,5.785273746248761e-08,0.50-1.00,0.25-1.00,1.6666666666666667e-05,pneumatic_feed,0.019401632999410563,2.25,0.0,0.0,light,2.9519999999998965
aluminum,partial,0.25785838465414535,0.9098248306340808,0.9098248306340808,0.0218,0.04053533806763165,0.06233533806763165,2700.0,,2277.9393871624184,0.141996121796343,1.5174253952406571,1.492906938732418,1.1754172328207933e-07,0.50-1.00,0.25-1.00,1.6666666666666667e-05,pneumatic_feed,0.017970699067071653,0.5754651786080297,-2.117669249130957e-34,-0.2905613138574365,active,
aluminum,partial,0.12617091143485987,0.5642078370888441,0.5642078370888441,0.0218,0.019834067277559972,0.04163406727755997,2700.0,,2390.8008528718215,0.09953876355571317,1.2646308997551974,1.2499441718614772,3.168622272296067e-08,0.50-1.00,0.25-1.00,1.6666666666666667e-05,pneumatic_feed,0.006150887385451509,2.25,0.0,0.0,light,3.8619999999997963
aluminum,partial,0.17796775053891867,0.9734830799413098,0.9734830799413098,0.0218,0.02797653038471802,0.04977653038471802,2700.0,,2335.208612429511,0.11623858245125276,1.3944068765327493,1.350733426755577,1.10155736870339e-07,0.50-1.00,0.25-1.00,1.6666666666666667e-05,pneumatic_feed,0.013415812700145378,0.604276946631993,-3.750868058164793e-37,-0.2899166933056021,active,
aluminum,partial,0.20330119499291668,0.9344478430208181,0.9344478430208181,0.0218,0.031958947852886506,0.053758947852886506,2700.0,,2314.1512854401303,0.12440633827766626,1.434261637056878,1.3973839435195503,1.0863071529122752e-07,0.50-1.00,0.25-1.00,1.6666666666666667e-05,pneumatic_feed,0.027116266459502242,0.594544910410477,1.7950570008334969e-37,-0.2902252479507943,active,
aluminum,partial,0.16259419637063055,0.7083209400171606,0.7083209400171606,0.0218,0.025559807669463128,0.04735980766946313,2700.0,,2349.7138254555857,0.111281994851855,1.3452926770229556,1.3216210467432472,5.583224155074111e-08,0.50-1.00,0.25-1.00,1.6666666666666667e-05,pneumatic_feed,0.005927390249582283,0.6168661434222035,4.847628936194953e-39,-0.289304398348695,active,
aluminum,bare_like,0.046531497592387006,0.9552092281930329,0.9552092281930329,0.0218,0.007314751421523238,0.029114751421523238,2700.0,,2536.934596122241,0.0738622201387615,1.1329948237526724,1.0767271740315651,6.739371180788805e-08,0.50-1.00,0.25-1.00,1.6666666666666667e-05,pneumatic_feed,-0.026590990220848588,2.25,0.0,0.0,light,2.8319999999999097
copper,partial,0.37287606561120024,0.7115499889612082,0.7115499889612082,0.012,0.05443990557923524,0.06643990557923524,8900.0,,2426.853322164086,0.16123990557923523,1.5827734784201286,1.590855605632289,8.163631028057878e-08,0.50-1.00,0.25-1.00,1.6666666666666667e-05,pneumatic_feed,-0.015498921079398431,0.5615213144504089,-4.799488613178547e-33,-0.2905997670197847,active,
copper,heavily_coated,0.6249629956522522,0.5552616466476045,0.5552616466476045,0.012,0.09124459736522882,0.10324459736522881,8900.0,,1918.2078522195602,0.19804459736522884,1.631386441536682,1.7630961403861765,6.106021831387763e-08,0.50-1.00,0.25-1.00,1.6666666666666667e-05,pneumatic_feed,0.01572774690951687,0.5516872007849384,1.0483273085859277e-32,-0.29046959782490533,active,
aluminum,bare_like,0.04884787964670012,0.9149911975152458,0.9149911975152458,0.0218,0.00767888668046126,0.02947888668046126,2700.0,,2530.9315675867706,0.07460904487689259,1.136847191734171,1.0821569056230738,6.246335575952388e-08,0.50-1.00,0.25-1.00,1.6666666666666667e-05,pneumatic_feed,0.010243215496365723,2.25,0.0,0.0,light,2.845999999999908
aluminum,partial,0.13239091279251053,0.809735485741286,0.809735485741286,0.0218,0.020811851490982657,0.042611851490982657,2700.0,,2383.00263049874,0.10154415419343332,1.3015384862003163,1.2624725914728325,6.657961367092135e-08,0.50-1.00,0.25-1.00,1.6666666666666667e-05,pneumatic_feed,-0.029898276817218235,2.25,0.0,0.0,light,5.115999999999659
aluminum,partial,0.11169138866008665,0.8716077274418508,0.8716077274418508,0.0218,0.017557886297365627,0.03935788629736563,2700.0,,2410.455172849274,0.09487042061789853,1.2666337205431455,1.220281165149465,7.207306144041365e-08,0.50-1.00,0.25-1.00,1.6666666666666667e-05,pneumatic_feed,0.015386755240263639,2.25,0.0,0.0,light,3.8799999999997943
aluminum,partial,0.057412332243543585,0.5872396909071615,0.5872396909071615,0.0218,0.00902521862868505,0.03082521862868505,2700.0,,2509.967924984718,0.0773703100386409,1.1362513682434638,1.1020001753023942,2.668118658756852e-08,0.50-1.00,0.25-1.00,1.6666666666666667e-05,pneumatic_feed,-0.025122104835601886,2.25,0.0,0.0,light,2.847999999999908
aluminum,partial,0.13121495800263705,0.7055416922438497,0.7055416922438497,0.0218,0.02062699139801455,0.04242699139801455,2700.0,,2384.4494100603233,0.1011650146096302,1.2903688946340708,1.2601135144552478,5.035883949955676e-08,0.50-1.00,0.25-1.00,1.6666666666666667e-05,pneumatic_feed,-0.004414455286810561,2.25,0.0,0.0,light,4.433999999999734
aluminum,partial,0.07371876695845936,0.985772603802334,0.985772603802334,0.0218,0.011588590165869814,0.033388590165869814,2700.0,,2474.7276612937017,0.08262766765507688,1.194520054316572,1.138825654573204,8.02932399193867e-08,0.50-1.00,0.25-1.00,1.6666666666666667e-05,pneumatic_feed,0.01560545279167806,2.25,0.0,0.0,light,3.1619999999998734
aluminum,partial,0.09298702110182411,0.9860053598450425,0.9860053598450425,0.0218,0.014617559717206755,0.036417559717206754,2700.0,,2439.4810130966453,0.08883994547343911,1.2350673298317008,1.180860611651985,8.637077863601689e-08,0.50-1.00,0.25-1.00,1.6666666666666667e-05,pneumatic_feed,0.0025255094093706095,2.25,0.0,0.0,light,3.4899999999998372
aluminum,partial,0.16991210674094848,0.9535369730678229,0.9535369730678229,0.0218,0.026710183179677105,0.048510183179677105,2700.0,,2342.6290087059124,0.1136413623343492,1.3790651795629207,1.335557869655952,1.033264494126138e-07,0.50-1.00,0.25-1.00,1.6666666666666667e-05,pneumatic_feed,0.029270976493464003,0.6081332276373975,6.037174600765758e-38,-0.2897682808022645,active,
aluminum,heavily_coated,0.39595413254878215,0.7255717078657555,0.7255717078657555,0.0218,0.062243989636668565,0.08404398963666856,2700.0,,2219.308872429754,0.18651957187505283,1.6709666254083055,1.711026358695514,9.819403125494461e-08,0.50-1.00,0.25-1.00,1.6666666666666667e-05,pneumatic_feed,-0.0018808511760474186,0.5439929150391934,1.2896083464557976e-31,-0.2903679175444055,active,
aluminum,bare_like,0.023304280084156134,0.7955336265449466,0.7955336265449466,0.0218,0.003663432829229346,0.025463432829229346,2700.0,,2606.6215575514602,0.06637353294193278,1.0724878717058752,1.0206855407306292,4.200606675767733e-08,0.50-1.00,0.25-1.00,1.6666666666666667e-05,pneumatic_feed,0.011713858721732818,2.25,0.0,0.0,light,2.5719999999999383
aluminum,partial,0.12826556639641673,0.5150610935653297,0.5150610935653297,0.0218,0.02016334703751671,0.04196334703751671,2700.0,,2388.134129822242,0.10021410126186872,1.2605051478924423,1.2541772336501296,2.6585591491065292e-08,0.50-1.00,0.25-1.00,1.6666666666666667e-05,pneumatic_feed,0.01135831293774421,2.25,0.0,0.0,light,3.807999999999802
copper,partial,0.33161481911027535,0.5986498313966426,0.5986498313966426,0.012,0.048415763590100205,0.0604157635901002,8900.0,,2569.126902759763,0.1552157635901002,1.5431640782928124,1.5608544535959183,5.5626476902933764e-08,0.50-1.00,0.25-1.00,1.6666666666666667e-05,pneumatic_feed,0.002748364813629328,0.5698691557483218,-1.1371841572608348e-34,-0.29061336813963706,active,
copper,partial,0.34843336872012903,0.6886824718929139,0.6886824718929139,0.012,0.050871271833138845,0.06287127183313884,8900.0,,2507.8428865189876,0.15767127183313884,1.567925029335929,1.5731523393152196,7.478089007961225e-08,0.50-1.00,0.25-1.00,1.6666666666666667e-05,pneumatic_feed,0.029432071435750256,0.5646142572317194,-1.4677655911670152e-34,-0.29061421961880307,active,
aluminum,partial,0.21358917342871203,0.6073835550015327,0.6073835550015327,0.0218,0.03357621806299353,0.05537621806299353,2700.0,,2306.464577625339,0.12772328540515104,1.411299368241389,1.415890069079959,4.7119008104766225e-08,0.50-1.00,0.25-1.00,1.6666666666666667e-05,pneumatic_feed,0.019784671949680248,0.6001025961508376,-3.837373444884282e-37,-0.2900592104531441,active,
copper,partial,0.2686932461455539,0.7694070447251096,0.7694070447251096,0.012,0.03922921393725087,0.05122921393725087,8900.0,,2850.506629208047,0.14602921393725088,1.5415257949124543,1.5139598878302853,8.644742554593142e-08,0.50-1.00,0.25-1.00,1.6666666666666667e-05,pneumatic_feed,-0.0025273247740046434,0.5702210032688544,-4.427233488553632e-34,-0.2906267500258505,active,
aluminum,partial,0.11564722079145273,0.623756793710113,0.623756793710113,0.0218,0.01817974310841637,0.03997974310841637,2700.0,,2404.8633878073133,0.09614582045537227,1.2535297023493344,1.2284562661599001,3.740769835377415e-08,0.50-1.00,0.25-1.00,1.6666666666666667e-05,pneumatic_feed,-0.0197882476255736,2.25,0.0,0.0,light,3.6699999999998174
copper,partial,0.08105906001242968,0.9947457836137511,0.9947457836137511,0.012,0.011834622761814736,0.023834622761814736,8900.0,,4977.407192358771,0.11863462276181473,1.4449680242622345,1.3645838335805698,1.1739123392512915e-07,0.50-1.00,0.25-1.00,1.6666666666666667e-05,pneumatic_feed,0.015101580613997844,0.5919964852352614,2.299239671700943e-37,-0.2903763516375941,active,
aluminum,partial,0.15615134714080758,0.9260527382035776,0.9260527382035776,0.0218,0.024546991770534952,0.04634699177053495,2700.0,,2356.242587919041,0.10920475583166778,1.3528942732071105,1.3092279585824074,9.365112366966629e-08,0.50-1.00,0.25-1.00,1.6666666666666667e-05,pneumatic_feed,0.03348798530037246,0.6148597077454241,8.447580793549517e-39,-0.28947372676252076,active,
aluminum,partial,0.2562836668466081,0.7746338748141373,0.7746338748141373,0.0218,0.04028779242828679,0.06208779242828679,2700.0,,2278.8443829990915,0.1414884170280149,1.4994411759674495,1.4902356168310171,8.490120561051971e-08,0.50-1.00,0.25-1.00,1.6666666666666667e-05,pneumatic_feed,-0.003545593123999833,0.5794587091715029,6.91846778662884e-35,-0.29051956909300664,active,
aluminum,heavily_coated,0.2842776184761963,0.9806100199313903,0.9806100199313903,0.0218,0.044688441624458064,0.06648844162445806,2700.0,,2263.761088326414,0.15051394697291046,1.5632494236683616,1.5370318512271641,1.4473361103759005e-07,0.50-1.00,0.25-1.00,1.6666666666666667e-05,pneumatic_feed,0.00289199292804101,0.5655973813468126,1.1582104840622875e-33,-0.29059890657365944,active,
aluminum,bare_like,0.005703524955589404,0.5444048587071391,0.5444048587071391,0.0218,0.0008965941230186548,0.022696594123018655,2700.0,,2674.3604415682526,0.06069887348093158,1.0164152817942878,0.9760786434282342,1.7989728792217296e-08,0.50-1.00,0.25-1.00,1.6666666666666667e-05,pneumatic_feed,-0.014950214961592372,2.25,0.0,0.0,light,2.357999999999962
copper,partial,0.24108140847114312,0.2946888221881197,0.2946888221881197,0.012,0.0351978856367869,0.047197885636786896,8900.0,,3008.5645515889623,0.1419978856367869,1.4082610144184082,1.492916210962627,1.2331309658535179e-08,0.25-0.50,0.25-1.00,1.6666666666666667e-05,pneumatic_feed,-0.015342846528622913,0.6008471504064662,-6.256642017448862e-38,-0.2900715953073318,active,
aluminum,partial,0.17171222618107035,0.7288480865240385,0.7288480865240385,0.0218,0.026993161955664258,0.04879316195566426,2700.0,,2340.93742370757,0.11422173884303889,1.3628444982808727,1.3389639326286344,6.067681879288979e-08,0.50-1.00,0.25-1.00,1.6666666666666667e-05,pneumatic_feed,0.024465250432592303,0.6122798687167457,2.645762140406491e-39,-0.2895914261731287,active,
copper,partial,0.1987121505825603,0.6057140472422612,0.6057140472422612,0.012,0.029011973985053802,0.0410119739850538,8900.0,,3311.5200461833033,0.1358119739850538,1.4851889217619765,1.4600358706790064,4.982798818368583e-08,0.50-1.00,0.25-1.00,1.6666666666666667e-05,pneumatic_feed,-0.0060431613056061385,0.5826730689499872,-2.6701209719298047e-35,-0.2905260222850339,active,
aluminum,partial,0.2646580710174553,0.8846880897057592,0.8846880897057592,0.0218,0.041604248763943974,0.06340424876394397,2700.0,,2274.112720955906,0.14418840867673777,1.524868449654405,1.504387337951924,1.1285237670095605e-07,0.50-1.00,0.25-1.00,1.6666666666666667e-05,pneumatic_feed,0.009166712730578433,0.5738327312246602,4.227203986345847e-34,-0.29057375633103183,active,
aluminum,partial,0.26699384794742315,0.6105076392309743,0.6105076392309743,0.0218,0.04197143289733492,0.06377143289733492,2700.0,,2272.8278153961,0.1449414865167287,1.486801963384793,1.5083108341341893,5.402252962534332e-08,0.50-1.00,0.25-1.00,1.6666666666666667e-05,pneumatic_feed,-0.01780112712324986,0.5823078153134146,-2.4153278649451484e-35,-0.2904799759341666,active,
aluminum,partial,0.17156585770231142,0.6780189043324103,0.6780189043324103,0.0218,0.026970152830803354,0.048770152830803354,2700.0,,2341.074234028016,0.11417454818180223,1.3566121037422696,1.3386873078734884,5.2487139828943937e-08,0.50-1.00,0.25-1.00,1.6666666666666667e-05,pneumatic_feed,-0.00986766152950345,0.6138925198513544,-1.4426018075282338e-38,-0.28951802916650243,active,
copper,partial,0.09336675497399183,0.6526985643882138,0.6526985643882138,0.012,0.013631546226202804,0.025631546226202805,8900.0,,4698.56734991224,0.1204315462262028,1.4350453573999726,1.3748794672866707,5.13056952595916e-08,0.50-1.00,0.25-1.00,1.6666666666666667e-05,pneumatic_feed,-0.009484800880403719,0.5943558697962847,-2.137014180301955e-36,-0.2903110529616424,active,
aluminum,heavily_coated,0.3668460043730206,0.6395686785243319,0.6395686785243319,0.0218,0.05766819188743884,0.07946819188743884,2700.0,,2229.002775359539,0.17713482026990557,1.617367545379822,1.6674256022253102,7.245666070974825e-08,0.50-1.00,0.25-1.00,1.6666666666666667e-05,pneumatic_feed,0.0040351497391487405,0.5544782695349938,-9.489837014044966e-35,-0.2905316399737929,active,
aluminum,partial,0.2661411230400924,0.9126391469258598,0.9126391469258598,0.0218,0.04183738454190253,0.06363738454190253,2700.0,,2273.295178938402,0.1446665594793562,1.5299921829422294,1.5068796626101153,1.204942547978203e-07,0.50-1.00,0.25-1.00,1.6666666666666667e-05,pneumatic_feed,0.0005128784996427675,0.5727157704677096,-8.16733970090182e-35,-0.2905809470372223,active,
copper,partial,0.1122405612916646,0.9696976987325674,0.9696976987325674,0.012,0.01638712194858303,0.02838712194858303,8900.0,,4339.542492955403,0.12318712194858303,1.4649957375464806,1.3905197107933995,1.1583452943019995e-07,0.50-1.00,0.25-1.00,1.6666666666666667e-05,pneumatic_feed,0.0332465005619515,0.5873066837975853,5.26950378667382e-36,-0.29047025255716236,active,
aluminum,heavily_coated,0.3232638416418182,0.8078019151648026,0.8078019151648026,0.0218,0.050817075906093814,0.07261707590609381,2700.0,,2245.800910444717,0.1630834951837386,1.5964512129016615,1.5999245420968957,1.0641914554113829e-07,0.50-1.00,0.25-1.00,1.6666666666666667e-05,pneumatic_feed,0.0381624279759992,0.5587098938913859,5.996658069268852e-33,-0.29057084013709966,active,
aluminum,partial,0.2552702737666225,0.9857787138065195,0.9857787138065195,0.0218,0.040128487036113054,0.061928487036113054,2700.0,,2279.430609741516,0.14116168896509676,1.520591387480701,1.4885139804503547,1.3717523665154353e-07,0.50-1.00,0.25-1.00,1.6666666666666667e-05,pneumatic_feed,-0.038351292052262016,0.5747693557948287,-2.85459850845314e-34,-0.29056715408229195,active,
copper,partial,0.3001578335300201,0.9868296804373952,0.9868296804373952,0.012,0.04382304369538294,0.055823043695382935,8900.0,,2698.223416790167,0.15062304369538293,1.5795885428573018,1.5375887921816842,1.466816631265573e-07,0.50-1.00,0.25-1.00,1.6666666666666667e-05,pneumatic_feed,0.019252479764775357,0.5621809374220894,1.0366575102815949e-33,-0.29061840283964785,active,
aluminum,partial,0.20982478440592475,0.9101709137257648,0.9101709137257648,0.0218,0.03298445610861137,0.05478445610861137,2700.0,,2309.224508672791,0.1265096087403142,1.442894626538497,1.4091468407472558,1.0480196314939604e-07,0.50-1.00,0.25-1.00,1.6666666666666667e-05,pneumatic_feed,0.009975119964686835,0.5924892290382965,4.199210224512408e-36,-0.2902784120815293,active,
aluminum,partial,0.1703931376415428,0.8064351778241534,0.8064351778241534,0.0218,0.026785801237250523,0.04858580123725052,2700.0,,2342.17505133501,0.11379645150700982,1.3684124567323446,1.3364688933357283,7.400612208971715e-08,0.50-1.00,0.25-1.00,1.6666666666666667e-05,pneumatic_feed,0.04067561694388121,0.6108483119178763,8.542402078366195e-38,-0.2896544769414854,active,
aluminum,partial,0.16571088749927643,0.5596806307337382,0.5596806307337382,0.0218,0.026049751514886255,0.047849751514886255,2700.0,,2346.6547617015067,0.11228684723864171,1.3296759908288283,1.3275746134427702,3.5173002462754005e-08,0.50-1.00,0.25-1.00,1.6666666666666667e-05,pneumatic_feed,0.016730557004352165,0.6221451792612069,-1.06039060899383e-39,-0.2841280819753674,active,
aluminum,partial,0.23748894882764493,0.9240522461617167,0.9240522461617167,0.0218,0.03733326275570578,0.05913326275570578,2700.0,,2290.230670189993,0.135428811991521,1.4878482988204822,1.4579748396385013,1.1563894553115935e-07,0.50-1.00,0.25-1.00,1.6666666666666667e-05,pneumatic_feed,0.003463853381098842,0.5820705782086484,-4.287985975123666e-36,-0.29048478610023465,active,
aluminum,partial,0.11745161979232632,0.8981250204505189,0.8981250204505189,0.0218,0.0184633946313537,0.0402633946313537,2700.0,,2402.3701335386345,0.09672757673724393,1.2793515973643124,1.2321672144915157,7.802322519678086e-08,0.50-1.00,0.25-1.00,1.6666666666666667e-05,pneumatic_feed,-0.029133159220326214,2.25,0.0,0.0,light,4.131999999999767
aluminum,heavily_coated,0.29369921215109007,0.6424557565547743,0.6424557565547743,0.0218,0.04616951615015137,0.06796951615015137,2700.0,,2259.1239674330236,0.15355156298963293,1.5286298469136508,1.5524642774264659,6.337831535949975e-08,0.50-1.00,0.25-1.00,1.6666666666666667e-05,pneumatic_feed,0.003314567806236835,0.5730122345711315,-5.634724823258859e-34,-0.290578092254384,active,
copper,partial,0.23697635493790414,0.5695801861459702,0.5695801861459702,0.012,0.03459854782093401,0.046598547820934005,8900.0,,3034.398161167844,0.141398547820934,1.4969222650364358,1.4897622651273525,4.587274148860172e-08,0.50-1.00,0.25-1.00,1.6666666666666667e-05,pneumatic_feed,0.004758305828105871,0.5800229806331817,-3.0289561769359863e-35,-0.29055345470430743,active,
copper,heavily_coated,0.6019539802228324,0.34342410230306614,0.34342410230306614,0.012,0.08788528111253353,0.09988528111253353,8900.0,,1949.0887840941818,0.19468528111253353,1.506396645883918,1.7480789948804736,2.2961204256840856e-08,0.25-0.50,0.25-1.00,1.6666666666666667e-05,pneumatic_feed,0.005956915593351662,0.5779063360373036,5.364899714698671e-35,-0.2905096791173079,active,
aluminum,partial,0.057903944358295545,0.6274908840655669,0.6274908840655669,0.0218,0.00910250005312406,0.03090250005312406,2700.0,,2508.820016739078,0.07752881070055806,1.1407684843378727,1.103128375464959,3.0526566806672714e-08,0.50-1.00,0.25-1.00,1.6666666666666667e-05,pneumatic_feed,0.01802009515963313,2.25,0.0,0.0,light,2.863999999999906
aluminum,heavily_coated,0.36731033724047496,0.5712628269166246,0.5712628269166246,0.0218,0.05774118501420267,0.07954118501420267,2700.0,,2228.8393842516434,0.17728452582970153,1.5989736138821815,1.6681300660988625,5.78552479884202e-08,0.50-1.00,0.25-1.00,1.6666666666666667e-05,pneumatic_feed,-0.03691224809753682,0.5581952782172547,-8.177040811958064e-33,-0.2905657926186475,active,
aluminum,partial,0.10573668101146966,0.5455284196292792,0.5455284196292792,0.0218,0.016621806255003035,0.038421806255003035,2700.0,,2419.2137846930223,0.09295056332490793,1.2256624840247743,1.2078708713880615,2.766220444932869e-08,0.50-1.00,0.25-1.00,1.6666666666666667e-05,pneumatic_feed,-0.0065962145333202105,2.25,0.0,0.0,light,3.4039999999998467
aluminum,partial,0.14290826534319528,0.973737250684914,0.973737250684914,0.0218,0.0224651793119503,0.0442651793119503,2700.0,,2370.6004462286273,0.10493505382929959,1.3317515905977064,1.2833785898575238,9.949566486784602e-08,0.50-1.00,0.25-1.00,1.6666666666666667e-05,pneumatic_feed,0.0012029028802646314,0.6213423181369194,5.526466177857072e-40,-0.28523695135428906,active,
aluminum,partial,0.08342648906303168,0.6458739455479652,0.6458739455479652,0.0218,0.01311464408070858,0.03491464408070858,2700.0,,2456.205314325279,0.08575753433881204,1.1945556544439804,1.1601940609148083,3.577402588905269e-08,0.50-1.00,0.25-1.00,1.6666666666666667e-05,pneumatic_feed,0.017760114659349523,2.25,0.0,0.0,light,3.1599999999998736
aluminum,partial,0.15476031070677732,0.6172250788643876,0.6172250788643876,0.0218,0.02432832084310539,0.04612832084310539,2700.0,,2357.6898050306427,0.10875627177497207,1.320799010159878,1.3065368122559584,4.143252861826126e-08,0.50-1.00,0.25-1.00,1.6666666666666667e-05,pneumatic_feed,0.034604357641358746,0.6261155436501581,1.4079003550659581e-39,-0.27735410617361084,active,
copper,bare_like,0.047723864310914355,0.4614267047239846,0.4614267047239846,0.012,0.006967684189393496,0.018967684189393496,8900.0,,5997.974399690345,0.1137676841893935,1.3924473160688158,1.336299955487809,2.4222801408118325e-08,0.25-0.50,0.25-1.00,1.6666666666666667e-05,pneumatic_feed,-0.0040781178864240965,0.6047638047106488,-1.0557769961940815e-38,-0.2899934508075298,active,
aluminum,partial,0.15919385987460816,0.7549357709234891,0.7549357709234891,0.0218,0.0250252747722884,0.0468252747722884,2700.0,,2353.1243094249016,0.1101856923621724,1.3443977544725243,1.3150949119043303,6.279791328415419e-08,0.50-1.00,0.25-1.00,1.6666666666666667e-05,pneumatic_feed,0.025596240955935236,0.6171233805355663,1.6709066868351474e-38,-0.2891967696281124,active,
aluminum,partial,0.13017370934545625,0.7847829814637495,0.7847829814637495,0.0218,0.020463307109105724,0.042263307109105724,2700.0,,2385.7410251822116,0.10082930563006855,1.2955096331813047,1.258020978032384,6.209918914019052e-08,0.50-1.00,0.25-1.00,1.6666666666666667e-05,pneumatic_feed,-0.028945506128326245,2.25,0.0,0.0,light,4.659999999999709
aluminum,partial,0.11086475905514664,0.5405339657793982,0.5405339657793982,0.0218,0.017427940123469057,0.03922794012346906,2700.0,,2411.646053022569,0.09460390696696983,1.2341988942828375,1.2185659291780475,2.7641082713813804e-08,0.50-1.00,0.25-1.00,1.6666666666666667e-05,pneumatic_feed,0.011102692333317439,2.25,0.0,0.0,light,3.4759999999998388
copper,partial,0.38705627571730944,0.5861058167446275,0.5861058167446275,0.012,0.05651021625472717,0.06851021625472717,8900.0,,2383.7352322393067,0.1633102162547272,1.5622381680856006,1.6010362751462561,5.6100330129408376e-08,0.50-1.00,0.25-1.00,1.6666666666666667e-05,pneumatic_feed,-0.007495618627453473,0.5658104175925706,2.42655894241421e-33,-0.2906075297125307,active,
copper,heavily_coated,0.711256310524361,0.6727546177376247,0.6727546177376247,0.012,0.1038434213365567,0.1158434213365567,8900.0,,1818.3459958816322,0.21064342133655672,1.6995641207054264,1.8183121682754573,9.533695460350912e-08,0.50-1.00,0.25-1.00,1.6666666666666667e-05,pneumatic_feed,-0.02546539123124232,0.5385991454991028,3.842451517535268e-31,-0.2902075334206957,active,
copper,partial,0.35110732535892725,0.8935052157930481,0.8935052157930481,0.012,0.05126166950240338,0.06326166950240338,8900.0,,2498.537751938375,0.15806166950240338,1.5977922868187908,1.5750987157983858,1.2618878210670717e-07,0.50-1.00,0.25-1.00,1.6666666666666667e-05,pneumatic_feed,-0.01899987457339376,0.558435920713013,1.9436226547781956e-35,-0.2905862308236993,active,
aluminum,partial,0.09709782041212628,0.5719172201430014,0.5719172201430014,0.0218,0.01526377736878625,0.03706377736878625,2700.0,,2432.7069359910283,0.09016530827907362,1.2131565212251678,1.1896363640828822,2.9492108173042166e-08,0.50-1.00,0.25-1.00,1.6666666666666667e-05,pneumatic_feed,-0.009121799666217113,2.25,0.0,0.0,light,3.3339999999998544
aluminum,bare_like,0.04595298022374433,0.6023486076498719,0.6023486076498719,0.0218,0.007223808491172608,0.029023808491172608,2700.0,,2538.4573625596163,0.07367570035393742,1.113140807014554,1.075366817767501,2.6731300895631475e-08,0.50-1.00,0.25-1.00,1.6666666666666667e-05,pneumatic_feed,0.013296327575871025,2.25,0.0,0.0,light,2.6879999999999256
copper,partial,0.3748093260688055,0.5241881916468103,0.5241881916468103,0.012,0.05472216160604561,0.0667221616060456,8900.0,,2420.817277469774,0.1615221616060456,1.5407399108311735,1.592247420650601,4.4381970949051214e-08,0.50-1.00,0.25-1.00,1.6666666666666667e-05,pneumatic_feed,0.0026670788004242805,0.5703904381719197,2.9572626161441233e-34,-0.2906024539706462,active,
aluminum,bare_like,0.036379381218422414,0.5342643776449489,0.5342643776449489,0.0218,0.005718838727536004,0.027518838727536004,2700.0,,2565.118281244857,0.07058907629863156,1.086288682478724,1.0525997062432237,2.0148834776440147e-08,0.50-1.00,0.25-1.00,1.6666666666666667e-05,pneumatic_feed,-0.007914524208003796,2.25,0.0,0.0,light,2.611999999999934
aluminum,partial,0.11093330701520926,0.5886119195193904,0.5886119195193904,0.0218,0.017438715862790895,0.039238715862790895,2700.0,,2411.5469997963196,0.09462600751477362,1.2407625044678647,1.2187082562910152,3.278450429169378e-08,0.50-1.00,0.25-1.00,1.6666666666666667e-05,pneumatic_feed,-0.02798105956312044,2.25,0.0,0.0,light,3.5779999999998275
aluminum,bare_like,0.026901643002141592,0.8372210588421098,0.8372210588421098,0.0218,0.004228938279936659,0.02602893827993666,2700.0,,2594.5491127609994,0.06753335872032047,1.0827514519508328,1.029564761670751,4.7336771773831737e-08,0.50-1.00,0.25-1.00,1.6666666666666667e-05,pneumatic_feed,0.023147859334674902,2.25,0.0,0.0,light,2.601999999999935
aluminum,partial,0.0709232719805804,0.7311367850924577,0.7311367850924577,0.0218,0.01114913835534724,0.03294913835534724,2700.0,,2480.37964567883,0.08172637211925893,1.175724599039093,1.1325975175603593,4.368773108510686e-08,0.50-1.00,0.25-1.00,1.6666666666666667e-05,pneumatic_feed,0.01719382072065982,2.25,0.0,0.0,light,3.081999999999882
aluminum,bare_like,0.010605829760576533,0.6354706201835453,0.6354706201835453,0.0218,0.00166723643836263,0.02346723643836263,2700.0,,2653.8883577828256,0.062279425573107484,1.0341170354620057,0.9887051450232749,2.51498588130343e-08,0.50-1.00,0.25-1.00,1.6666666666666667e-05,pneumatic_feed,-0.02571467568469407,2.25,0.0,0.0,light,2.401999999999957
copper,partial,0.39717712517579523,0.8197485962168659,0.8197485962168659,0.012,0.0579878602756661,0.0699878602756661,8900.0,,2354.5206215278563,0.1647878602756661,1.610971850789094,1.6082631174303712,1.10735425266547e-07,0.50-1.00,0.25-1.00,1.6666666666666667e-05,pneumatic_feed,-0.037282161986774316,0.5557635027094483,-1.7913170905038445e-32,-0.2905541074524129,active,
copper,partial,0.46022470493575607,0.43747808959294554,0.43747808959294554,0.012,0.06719280692062038,0.07919280692062038,8900.0,,2197.078417677803,0.17399280692062039,1.5346898709008765,1.6525710566950087,3.329997506160686e-08,0.25-0.50,0.25-1.00,1.6666666666666667e-05,pneumatic_feed,-0.025927417130636135,0.5716966039342777,-5.232246118293833e-34,-0.2905807452582151,active,
copper,partial,0.39320407080800895,0.9193543783298534,0.9193543783298534,0.012,0.0574077943379693,0.0694077943379693,8900.0,,2365.8408382549624,0.1642077943379693,1.6218826473486065,1.6054300171383262,1.3879047593076143e-07,0.50-1.00,0.25-1.00,1.6666666666666667e-05,pneumatic_feed,0.02846916656821746,0.553575256364141,4.297937278990431e-33,-0.29053150537499234,active,
aluminum,heavily_coated,0.3228665677732936,0.6387832818483976,0.6387832818483976,0.0218,0.050754624453961755,0.07255462445396176,2700.0,,2245.9686249108495,0.16295541011578757,1.5647169345942942,1.599296131795923,6.649299059221562e-08,0.50-1.00,0.25-1.00,1.6666666666666667e-05,pneumatic_feed,-0.03860356524344456,0.5652884358919262,-4.5362397128850065e-33,-0.2905973079341488,active,
copper,heavily_coated,0.4854468812133855,0.6640815190685943,0.6640815190685943,0.012,0.07087524465715428,0.08287524465715428,8900.0,,2143.888025817325,0.17767524465715429,1.6191101854497458,1.6699672572055697,7.835554049544291e-08,0.50-1.00,0.25-1.00,1.6666666666666667e-05,pneumatic_feed,0.010643733003287687,0.554129425992493,1.6728734129496987e-32,-0.29052089950454973,active,
aluminum,bare_like,0.010717599687275967,0.9402999454616582,0.9402999454616582,0.0218,0.0016848066708397835,0.023484806670839783,2700.0,,2653.4372706823024,0.062315461315174646,1.0461260279337057,0.9889911429345469,5.5097086755288606e-08,0.50-1.00,0.25-1.00,1.6666666666666667e-05,pneumatic_feed,-0.006485472578076823,2.25,0.0,0.0,light,2.4359999999999533
aluminum,heavily_coated,0.28305886200834435,0.8726569095126457,0.8726569095126457,0.0218,0.04449685310771173,0.06629685310771173,2700.0,,2264.376070101102,0.1501210077001103,1.5500980067267558,1.5350242137702361,1.1432166326177805e-07,0.50-1.00,0.25-1.00,1.6666666666666667e-05,pneumatic_feed,0.0077991004284374875,0.5683854234648585,3.266747250892384e-34,-0.29059729059400957,active,
aluminum,partial,0.15940017961603709,0.8811362446365707,0.8811362446365707,0.0218,0.025057708235641032,0.04685770823564103,2700.0,,2352.915156574947,0.11025221191000652,1.3555142822177249,1.3154918160670794,8.55999365770708e-08,0.50-1.00,0.25-1.00,1.6666666666666667e-05,pneumatic_feed,0.0191115694458235,0.6141776970689374,-6.056692061718864e-39,-0.28950554258829697,active,
aluminum,bare_like,0.03153896642269724,0.9838989517468707,0.9838989517468707,0.0218,0.0049579255216480045,0.026757925521648004,2700.0,,2579.7395283313576,0.06902847816434182,1.0987050736449155,1.0408991273257506,6.68235116506844e-08,0.50-1.00,0.25-1.00,1.6666666666666667e-05,pneumatic_feed,-0.031183811647383864,2.25,0.0,0.0,light,2.639999999999931
copper,partial,0.056596335833208354,0.8125811855482374,0.8125811855482374,0.012,0.00826306503164842,0.02026306503164842,8900.0,,5678.462999153091,0.11506306503164841,1.4217485442035755,1.3438861070554877,7.59747821524673e-08,0.50-1.00,0.25-1.00,1.6666666666666667e-05,pneumatic_feed,0.010983991187725469,0.5975551027134831,-4.143462452049403e-37,-0.29023317506077895,active,
aluminum,bare_like,0.02334297625607308,0.6412771620622295,0.6412771620622295,0.0218,0.0036695158674546896,0.02546951586745469,2700.0,,2606.4888441617186,0.06638600897472052,1.0649011155029318,1.0207814638144705,2.7300343247035366e-08,0.50-1.00,0.25-1.00,1.6666666666666667e-05,pneumatic_feed,0.020658422082781333,2.25,0.0,0.0,light,2.527999999999943
copper,bare_like,0.028165434710274124,0.6938704359654712,0.6938704359654712,0.012,0.004112153467700021,0.01611215346770002,8900.0,,6883.75726373543,0.11091215346770002,1.398181180990949,1.3194230408890923,5.3399341935632435e-08,0.50-1.00,0.25-1.00,1.6666666666666667e-05,pneumatic_feed,0.0069923711905124945,0.6033354571889278,-3.949487137149193e-38,-0.2900535291048576,active,
aluminum,bare_like,0.03273714850968201,0.9335928527205681,0.9335928527205681,0.0218,0.005146279745722012,0.026946279745722012,2700.0,,2576.0433242005092,0.06941478405100658,1.1000367891167298,1.0438076692880731,6.050162137079854e-08,0.50-1.00,0.25-1.00,1.6666666666666667e-05,pneumatic_feed,0.012873034865350602,2.25,0.0,0.0,light,2.64799999999993
aluminum,partial,0.23080696880606505,0.558302311894381,0.558302311894381,0.0218,0.03628285549631343,0.05808285549631343,2700.0,,2294.5578979191623,0.13327447481276342,1.4262080085367155,1.4463319662723129,4.15418499080781e-08,0.50-1.00,0.25-1.00,1.6666666666666667e-05,pneumatic_feed,-0.01825195579696781,0.5964791776129806,-1.040410151587249e-36,-0.290169752101257,active,
aluminum,partial,0.07559027530410589,0.7383016943127146,0.7383016943127146,0.0218,0.011882791277805449,0.03368279127780545,2700.0,,2471.026227438582,0.08323106066079677,1.185892372996412,1.142976258778749,4.536836823654549e-08,0.50-1.00,0.25-1.00,1.6666666666666667e-05,pneumatic_feed,0.02826869677390319,2.25,0.0,0.0,light,3.1239999999998775
aluminum,partial,0.08605760502648296,0.5656743199635179,0.5656743199635179,0.0218,0.013528255510163123,0.03532825551016312,2700.0,,2451.460769458992,0.08660583243658837,1.191455881008059,1.1659181557573803,2.771277828708301e-08,0.50-1.00,0.25-1.00,1.6666666666666667e-05,pneumatic_feed,-0.01752307728691489,2.25,0.0,0.0,light,3.147999999999875
aluminum,partial,0.10114918138786533,0.7275528382484787,0.7275528382484787,0.0218,0.015900651314172426,0.037700651314172426,2700.0,,2426.2580189662585,0.09147150757126166,1.2362074454565366,1.198222342822284,4.8418899632017666e-08,0.50-1.00,0.25-1.00,1.6666666666666667e-05,pneumatic_feed,-0.03186951935897445,2.25,0.0,0.0,light,3.5159999999998344
copper,heavily_coated,0.6975891945211995,0.7798330270099807,0.7798330270099807,0.012,0.10184802240009512,0.11384802240009512,8900.0,,1832.6890357993675,0.2086480224000951,1.7254634850854729,1.8096793527008848,1.268871144540281e-07,0.50-1.00,0.25-1.00,1.6666666666666667e-05,pneumatic_feed,0.025414247065022277,0.5338279910164405,-1.2813542129972074e-32,-0.29008097234412844,active,
aluminum,partial,0.1796262634917809,0.7525044064945219,0.7525044064945219,0.0218,0.028237248620907957,0.050037248620907956,2700.0,,2333.7275096215344,0.11677330361238508,1.378530182652323,1.3538366864212228,6.612438742011665e-08,0.50-1.00,0.25-1.00,1.6666666666666667e-05,pneumatic_feed,0.003682987204879946,0.6082688593614296,3.322101104516413e-38,-0.28976218608381593,active,
aluminum,partial,0.16030348472439565,0.6692306170906102,0.6692306170906102,0.0218,0.025199707798674996,0.046999707798674996,2700.0,,2352.002846134903,0.1105434465099924,1.336856554739642,1.3172281261880348,4.950905125495915e-08,0.50-1.00,0.25-1.00,1.6666666666666667e-05,pneumatic_feed,0.02922598565156821,0.619510122977282,1.025007306037732e-39,-0.2873691482682893,active,
copper,partial,0.1138804863642644,0.5522350382509004,0.5522350382509004,0.012,0.016626551009182602,0.028626551009182603,8900.0,,4311.610957589364,0.1234265510091826,1.4361252613722313,1.391870376378537,3.764059761372529e-08,0.50-1.00,0.25-1.00,1.6666666666666667e-05,pneumatic_feed,-0.0076681562440259745,0.5940980835120333,-9.120632305787103e-37,-0.2903109402501326,active,
aluminum,partial,0.10497193240773317,0.5081521899448572,0.5081521899448572,0.0218,0.01650158777449566,0.03830158777449566,2700.0,,2420.369653430065,0.09270400072757726,1.2187659354494833,1.2062677958977652,2.3937901745578018e-08,0.50-1.00,0.25-1.00,1.6666666666666667e-05,pneumatic_feed,-0.006509178038112637,2.25,0.0,0.0,light,3.365999999999851
aluminum,partial,0.17355592226706068,0.577497614974763,0.577497614974763,0.0218,0.027282990980381935,0.049082990980381935,2700.0,,2339.2251084293966,0.11481616489812303,1.3451443195660364,1.342443490148073,3.8291592310641973e-08,0.50-1.00,0.25-1.00,1.6666666666666667e-05,pneumatic_feed,0.00035861959737026357,0.6169082337316163,1.5275114005929333e-38,-0.28928811372354807,active,
aluminum,partial,0.22462095889636277,0.6240431310974575,0.6240431310974575,0.0218,0.03531041473850823,0.05711041473850823,2700.0,,2298.7058307818106,0.13128004335777632,1.4303963091384393,1.4354691081815927,5.112436489762233e-08,0.50-1.00,0.25-1.00,1.6666666666666667e-05,pneumatic_feed,0.017889769014091964,0.5954712648503714,-1.2527096555005316e-36,-0.29019871162353295,active,
aluminum,partial,0.19230842876494625,0.6846042315567404,0.6846042315567404,0.0218,0.030230885001849547,0.05203088500184955,2700.0,,2322.892653350217,0.12086216051810632,1.3908335141862176,1.3773352792592648,5.664603440217961e-08,0.50-1.00,0.25-1.00,1.6666666666666667e-05,pneumatic_feed,0.038901660489799296,0.6051695615959369,1.7120219206971358e-37,-0.2898827270139845,active,
copper,partial,0.16598109663915883,0.6598372231139685,0.6598372231139685,0.012,0.024233240109317187,0.03623324010931719,8900.0,,3616.382076623136,0.1310332401093172,1.4755724741452911,1.434119150125206,5.70499283422316e-08,0.50-1.00,0.25-1.00,1.6666666666666667e-05,pneumatic_feed,-0.029942115709365738,0.5848681133390952,1.348929625852069e-35,-0.2904990926220337,active,
aluminum,partial,0.08238873722187118,0.6357607220245138,0.6357607220245138,0.0218,0.01295150949127815,0.03475150949127815,2700.0,,2458.1076913836714,0.08542295276770348,1.1915747530698364,1.1579286103391149,3.4527248128242166e-08,0.50-1.00,0.25-1.00,1.6666666666666667e-05,pneumatic_feed,-0.026685118299509713,2.25,0.0,0.0,light,3.1499999999998747
aluminum,partial,0.1791084273940433,0.8276101597811509,0.8276101597811509,0.0218,0.028155844786343615,0.049955844786343614,2700.0,,2334.1882931782607,0.1166063480761135,1.3850620013930797,1.3528685225855015,7.986818607062689e-08,0.50-1.00,0.25-1.00,1.6666666666666667e-05,pneumatic_feed,0.012809165174529794,0.6066183826253732,3.08005603461937e-38,-0.2898279901214518,active,
copper,heavily_coated,0.6502660045738051,0.6950959716942657,0.6950959716942657,0.012,0.09493883666777554,0.10693883666777554,8900.0,,1886.48804264173,0.20173883666777553,1.6864450105879005,1.7794641834938418,9.747181553253751e-08,0.50-1.00,0.25-1.00,1.6666666666666667e-05,pneumatic_feed,-0.008034541621541253,0.5410569138230182,5.396417906234103e-32,-0.29027381581631634,active,
aluminum,partial,0.12234503597161506,0.9781235163449423,0.9781235163449423,0.0218,0.019232639654737885,0.041032639654737885,2700.0,,2395.782086523831,0.09830526304760841,1.2931645673708885,1.2421752729769102,9.405116307266416e-08,0.50-1.00,0.25-1.00,1.6666666666666667e-05,pneumatic_feed,0.02174778169394749,2.25,0.0,0.0,light,4.585999999999717
aluminum,partial,0.16279565041560323,0.751453252116274,0.751453252116274,0.0218,0.025591476245332825,0.047391476245332825,2700.0,,2349.5141842402563,0.11134694565049463,1.3502132137591638,1.3220066788523286,6.287561486327327e-08,0.50-1.00,0.25-1.00,1.6666666666666667e-05,pneumatic_feed,0.010312846299360483,0.6155596470001305,1.0619359938909038e-38,-0.2894399342945208,active,
aluminum,partial,0.25006934269219405,0.5496875687401936,0.5496875687401936,0.0218,0.03931090067121291,0.06111090067121291,2700.0,,2282.487334425697,0.13948485677739028,1.4505105315031923,1.4796466848467298,4.214624541825706e-08,0.50-1.00,0.25-1.00,1.6666666666666667e-05,pneumatic_feed,0.031270115107967816,0.5906907556940773,4.445741893861777e-36,-0.2903199435953441,active,
copper,heavily_coated,0.6094720974325325,0.31251072854657846,0.31251072854657846,0.012,0.08898292622514974,0.10098292622514973,8900.0,,1938.7725583296688,0.19578292622514976,1.4807150703049825,1.7529999458157295,1.912073920311178e-08,0.25-0.50,0.25-1.00,1.6666666666666667e-05,pneumatic_feed,-0.006625975840674114,0.5836931811235052,-2.955097689127111e-36,-0.2904297886467033,active,
aluminum,partial,0.12647670938204703,0.5806334921863142,0.5806334921863142,0.0218,0.01988213871485779,0.04168213871485779,2700.0,,2390.4089123994395,0.09963735587186578,1.267473095499894,1.2505630482965684,3.35912651052325e-08,0.50-1.00,0.25-1.00,1.6666666666666667e-05,pneumatic_feed,0.03698995600999724,2.25,0.0,0.0,light,3.891999999999793
copper,bare_like,0.04482883516433827,0.5846118602998547,0.5846118602998547,0.012,0.006545009933993387,0.018545009933993387,8900.0,,6111.887259021071,0.11334500993399338,1.402072475047947,1.3338153080258002,3.873804047350426e-08,0.50-1.00,0.25-1.00,1.6666666666666667e-05,pneumatic_feed,-0.014990332397370115,0.6023712903364838,-1.0097593683520967e-36,-0.2900810160975218,active,
copper,partial,0.10801071856634803,0.7661289548472612,0.7661289548472612,0.012,0.01576956491068681,0.02776956491068681,8900.0,,4413.809337845162,0.12256956491068681,1.4517911038943854,1.3870298810184805,7.194264436633506e-08,0.50-1.00,0.25-1.00,1.6666666666666667e-05,pneumatic_feed,0.006890948353406106,0.5903881685584274,-1.077514214810007e-36,-0.29040524555049124,active,
aluminum,bare_like,0.03406229759206539,0.6786758388179825,0.6786758388179825,0.0218,0.005354593181472678,0.02715459318147268,2700.0,,2572.0151614832644,0.0698420253666578,1.0919674758636986,1.0470150095175623,3.216929933629286e-08,0.50-1.00,0.25-1.00,1.6666666666666667e-05,pneumatic_feed,-0.014430848493707807,2.25,0.0,0.0,light,2.6239999999999326
aluminum,partial,0.2272992708991255,0.9216255815728027,0.9216255815728027,0.0218,0.03573144538534253,0.05753144538534253,2700.0,,2296.8927174608007,0.13214355793058705,1.4717416805975558,1.4401823791723376,1.1224190726807756e-07,0.50-1.00,0.25-1.00,1.6666666666666667e-05,pneumatic_feed,0.025835486052154445,0.5857495750459261,-4.074207145128465e-36,-0.2904239588528698,active,
aluminum,partial,0.18365255189079815,0.9153923566395114,0.9153923566395114,0.0218,0.02887018115723347,0.05067018115723347,2700.0,,2330.1953251109867,0.11807141925511223,1.40000544998826,1.361340881861792,9.893713893488106e-08,0.50-1.00,0.25-1.00,1.6666666666666667e-05,pneumatic_feed,0.020833793463786793,0.6028852376214526,1.112736023334679e-37,-0.28996644952180917,active,
copper,partial,0.36380091183718216,0.7993831303985465,0.7993831303985465,0.012,0.0531149331282286,0.0651149331282286,8900.0,,2455.887235779136,0.1599149331282286,1.5923324479082446,1.5843057755309347,1.0218778339648835e-07,0.50-1.00,0.25-1.00,1.6666666666666667e-05,pneumatic_feed,-0.03156346871018057,0.5595526184345359,-8.90021561372102e-33,-0.2905911031460923,active,
copper,bare_like,0.020944090238370988,0.6459045046753134,0.6459045046753134,0.012,0.003057837174802163,0.015057837174802163,8900.0,,7295.724870676557,0.10985783717480216,1.3914042707481136,1.3131369358508254,4.5831879924771726e-08,0.50-1.00,0.25-1.00,1.6666666666666667e-05,pneumatic_feed,0.003660503346203025,0.6050242838851942,1.2665656964251766e-37,-0.28999443406302033,active,
aluminum,heavily_coated,0.34654398516764023,0.7701247339406584,0.7701247339406584,0.0218,0.054476714468353046,0.07627671446835305,2700.0,,2236.4524671376057,0.17058924625789887,1.6202559609233438,1.6363278428432309,1.0117513529456691e-07,0.50-1.00,0.25-1.00,1.6666666666666667e-05,pneumatic_feed,0.03610781766796358,0.5539002293027594,2.5656430911223993e-32,-0.2905257844090273,active,
aluminum,partial,0.10612397575992438,0.9511836274110829,0.9511836274110829,0.0218,0.016682688989460112,0.03848268898946011,2700.0,,2418.631168166271,0.09307543102475721,1.260035784980004,1.20868191240069,8.421002349586077e-08,0.50-1.00,0.25-1.00,1.6666666666666667e-05,pneumatic_feed,-0.020909631061818305,2.25,0.0,0.0,light,3.801999999999803
aluminum,partial,0.0544490207085806,0.6518115371264357,0.6518115371264357,0.0218,0.00855938605538887,0.03035938605538887,2700.0,,2517.011003688911,0.07641490876665347,1.135308330929031,1.095175058153441,3.246550669969437e-08,0.50-1.00,0.25-1.00,1.6666666666666667e-05,pneumatic_feed,-0.005139109329435193,2.25,0.0,0.0,light,2.837999999999909
aluminum,heavily_coated,0.2959637360205557,0.5733008396935448,0.5733008396935448,0.0218,0.046525499302431356,0.06832549930243136,2700.0,,2258.039380692784,0.15428166813038735,1.5156101812973841,1.5561507198772746,5.0708350279795337e-08,0.50-1.00,0.25-1.00,1.6666666666666667e-05,pneumatic_feed,0.03586144117519062,0.5758651148156199,1.3746005517986764e-34,-0.2905563510808559,active,
aluminum,partial,0.18368562808068406,0.6526222055602339,0.6526222055602339,0.0218,0.028875380734283536,0.050675380734283536,2700.0,,2330.1666734120263,0.11808208334949336,1.37278375514287,1.3614023579580168,5.0293018287258894e-08,0.50-1.00,0.25-1.00,1.6666666666666667e-05,pneumatic_feed,0.0038356746618531607,0.6097304503583484,-2.921399185155222e-38,-0.28970142540987354,active,
copper,partial,0.2487494209687019,0.9264421467111887,0.9264421467111887,0.012,0.03631741546143048,0.04831741546143048,8900.0,,2962.025474555326,0.14311741546143047,1.5459031288752358,1.4987898295233435,1.22836969431486e-07,0.50-1.00,0.25-1.00,1.6666666666666667e-05,pneumatic_feed,-0.021607779346727436,0.5692814752039129,-7.5703432731387885e-34,-0.2906347970042735,active,
aluminum,partial,0.25471905575970033,0.5080547810203853,0.5080547810203853,0.0218,0.04004183556542489,0.06184183556542489,2700.0,,2279.7507460517163,0.14098397076748498,1.445859503251647,1.4875766888353839,3.639073467293656e-08,0.50-1.00,0.25-1.00,1.6666666666666667e-05,pneumatic_feed,0.024069294152417316,0.5917874499895094,-1.7411201496967073e-36,-0.2902936590798415,active,
aluminum,partial,0.1949970053691676,0.824394821270734,0.824394821270734,0.0218,0.030653529244033147,0.05245352924403315,2700.0,,2320.7015096113973,0.1217289845010733,1.411051462853283,1.382265582559606,8.27302828011678e-08,0.50-1.00,0.25-1.00,1.6666666666666667e-05,pneumatic_feed,-0.025194505491440422,0.6001633027783075,7.44911514033457e-37,-0.2900582043868,active,
aluminum,heavily_coated,0.28170794302724417,0.6825325595020503,0.6825325595020503,0.0218,0.04428448864388278,0.06608448864388278,2700.0,,2265.061907614075,0.1496854579114138,1.5205688506890023,1.5327957944154045,6.973107456655741e-08,0.50-1.00,0.25-1.00,1.6666666666666667e-05,pneumatic_feed,0.02431259627718613,0.5747743181927601,1.4370961550831238e-34,-0.29056606292313253,active,
aluminum,partial,0.14620687118927622,0.997838620821957,0.997838620821957,0.0218,0.02298372015095422,0.04478372015095422,2700.0,,2366.8993326780605,0.10599855734013455,1.339192755343774,1.2898656348669624,1.055408463692748e-07,0.50-1.00,0.25-1.00,1.6666666666666667e-05,pneumatic_feed,-0.015275350658359646,0.6187314602318507,2.5847790931532072e-39,-0.28810044916978556,active,
aluminum,heavily_coated,0.2928310672209186,0.9451994197901386,0.9451994197901386,0.0218,0.0460330437671284,0.0678330437671284,2700.0,,2259.542781374808,0.15327166438269638,1.5720284962352105,1.5510486917407857,1.3693320279264847e-07,0.50-1.00,0.25-1.00,1.6666666666666667e-05,pneumatic_feed,-0.020387832788293654,0.5637554095460381,1.4706955979539114e-34,-0.2905957284123498,active,
aluminum,partial,0.10830155135798875,0.6224105733585326,0.6224105733585326,0.0218,0.01702500387347583,0.03882500387347583,2700.0,,2415.3894093335907,0.09377750317332915,1.2398839960279928,1.2132319192176633,3.6328928511103496e-08,0.50-1.00,0.25-1.00,1.6666666666666667e-05,pneumatic_feed,0.0013374182518823118,2.25,0.0,0.0,light,3.5699999999998284
copper,partial,0.181123694724176,0.6545380756242227,0.6545380756242227,0.012,0.0264440594297297,0.0384440594297297,8900.0,,3465.920649542252,0.1332440594297297,1.482859505927416,1.4461669187230903,5.708443225821357e-08,0.50-1.00,0.25-1.00,1.6666666666666667e-05,pneumatic_feed,-0.039397566486488476,0.5832028064957351,-2.68308030437742e-35,-0.2905226870303562,active,
aluminum,partial,0.13306433902735437,0.7168800694309574,0.7168800694309574,0.0218,0.020917714095100112,0.04271771409510011,2700.0,,2382.179751455421,0.10176127354580933,1.2947963678258505,1.2638215655601954,5.229685187136567e-08,0.50-1.00,0.25-1.00,1.6666666666666667e-05,pneumatic_feed,0.012532814321000054,2.25,0.0,0.0,light,4.6359999999997115
copper,partial,0.47571811788769486,0.7097364031382976,0.7097364031382976,0.012,0.06945484521160344,0.08145484521160344,8900.0,,2163.835002739598,0.17625484521160345,1.62573015397787,1.6632787049804154,8.878410619977673e-08,0.50-1.00,0.25-1.00,1.6666666666666667e-05,pneumatic_feed,0.0012710784888724422,0.5528089415691368,9.692166911889143e-33,-0.29050700421064934,active,
aluminum,partial,0.06952809758909612,0.6216144188178732,0.6216144188178732,0.0218,0.010929816941005907,0.03272981694100591,2700.0,,2483.2572113127912,0.08127655394370048,1.1644086400535993,1.1294763347234518,3.140562502464385e-08,0.50-1.00,0.25-1.00,1.6666666666666667e-05,pneumatic_feed,0.025730829560411398,2.25,0.0,0.0,light,2.9799999999998934
aluminum,partial,0.15998837597804028,0.6786023093565843,0.6786023093565843,0.0218,0.025150172703747933,0.04695017270374793,2700.0,,2352.3204695318113,0.11044185229907996,1.337465741234805,1.3166226922267288,5.085859383627924e-08,0.50-1.00,0.25-1.00,1.6666666666666667e-05,pneumatic_feed,-0.024447654415251315,0.6193039339988422,-6.684013957387143e-39,-0.2875737958910718,active,
copper,partial,0.09368921421909104,0.5286383505762371,0.5286383505762371,0.012,0.013678625275987292,0.025678625275987292,8900.0,,4691.786416956276,0.12047862527598728,1.4231005122985598,1.37514817468224,3.3668776588413384e-08,0.50-1.00,0.25-1.00,1.6666666666666667e-05,pneumatic_feed,-0.0002232831646280707,0.5972280683854194,-1.739950333386224e-36,-0.29022940948749537,active,
aluminum,heavily_coated,0.37313354609328336,0.7732167587487198,0.7732167587487198,0.0218,0.058656593445864144,0.08045659344586414,2700.0,,2226.8154656148354,0.1791619865959355,1.6535670069733779,1.6769396356487623,1.0711452990523167e-07,0.50-1.00,0.25-1.00,1.6666666666666667e-05,pneumatic_feed,-0.007628994368880114,0.5473418141402712,-1.9186501383970783e-31,-0.29043112590152154,active,
aluminum,partial,0.1383696000680973,0.8121001767411574,0.8121001767411574,0.0218,0.02175170113070489,0.04355170113070489,2700.0,,2375.836995377557,0.10347174275795525,1.3126408662924591,1.274398867830973,6.824030730565344e-08,0.50-1.00,0.25-1.00,1.6666666666666667e-05,pneumatic_feed,0.013571156992802928,0.63179158972543,-6.906770416074504e-41,-0.2669570377259171,active,
aluminum,partial,0.06716192783081432,0.5353926592764817,0.5353926592764817,0.0218,0.010557855055004013,0.03235785505500401,2700.0,,2488.226645896967,0.08051367715193285,1.1508544944641745,1.124163100522668,2.307886710968856e-08,0.50-1.00,0.25-1.00,1.6666666666666667e-05,pneumatic_feed,0.022664317454811834,2.25,0.0,0.0,light,2.8979999999999024
aluminum,partial,0.08226419846558813,0.553353185837467,0.553353185837467,0.0218,0.012931931998790454,0.034731931998790454,2700.0,,2458.337193285526,0.08538280022729028,1.1826850376484772,1.157656439695106,2.6144191936736774e-08,0.50-1.00,0.25-1.00,1.6666666666666667e-05,pneumatic_feed,0.022746335238570774,2.25,0.0,0.0,light,3.1159999999998784
aluminum,partial,0.16598418102941676,0.8170433393568584,0.8170433393568584,0.0218,0.026092713257824314,0.047892713257824314,2700.0,,2346.3895060765926,0.11237495980569426,1.3618225807731192,1.3280953915702656,7.501700775918134e-08,0.50-1.00,0.25-1.00,1.6666666666666667e-05,pneumatic_feed,-0.03401108028767621,0.6125435377976234,-1.8903360222554547e-38,-0.2895799584752067,active,
aluminum,partial,0.20709415696908287,0.8636795547895912,0.8636795547895912,0.0218,0.03255520147553983,0.05435520147553983,2700.0,,2311.264124463524,0.125629227148402,1.4343581483580474,1.4042351474455117,9.371216386265582e-08,0.50-1.00,0.25-1.00,1.6666666666666667e-05,pneumatic_feed,0.0269359699975255,0.5945218325208178,-2.3371407830901344e-36,-0.2902256730366062,active,
copper,partial,0.1726628533073774,0.31706351892399753,0.31706351892399753,0.012,0.0252087765828771,0.0372087765828771,8900.0,,3547.785998522335,0.1320087765828771,1.4041541002602718,1.4394477264718017,1.3270746607799693e-08,0.25-0.50,0.25-1.00,1.6666666666666667e-05,pneumatic_feed,-0.015045176564143115,0.601858021867521,6.752595426099217e-37,-0.2900557844393666,active,
aluminum,partial,0.12171331957804071,0.9616763398440478,0.9616763398440478,0.0218,0.019133333837668,0.040933333837668,2700.0,,2396.6186520307388,0.09810159136515612,1.2910929814348016,1.2408878184862202,9.072644936313826e-08,0.50-1.00,0.25-1.00,1.6666666666666667e-05,pneumatic_feed,-0.010347060787853652,2.25,0.0,0.0,light,4.461999999999731
aluminum,partial,0.09650278952356545,0.9787388782922843,0.9787388782922843,0.0218,0.015170238513104492,0.03697023851310449,2700.0,,2433.672813292798,0.08997346437029274,1.241950981492952,1.1883701009181085,8.618826199903264e-08,0.50-1.00,0.25-1.00,1.6666666666666667e-05,pneumatic_feed,-0.016765149595404153,2.25,0.0,0.0,light,3.5859999999998267
aluminum,partial,0.18417922411983834,0.5122473794871091,0.5122473794871091,0.0218,0.028952974031638587,0.05075297403163859,2700.0,,2329.739801548721,0.11824122364847708,1.3489146518700315,1.3623194362507263,3.102618703220809e-08,0.50-1.00,0.25-1.00,1.6666666666666667e-05,pneumatic_feed,0.023781097559645338,0.6158994256969077,8.952387620232648e-39,-0.28942227686284916,active,
copper,partial,0.17195661416223285,0.30231198207451193,0.30231198207451193,0.012,0.025105665667685993,0.03710566566768599,8900.0,,3554.8659023939294,0.131905665667686,1.3975238635209668,1.4388854465592456,1.2055193101047151e-08,0.25-0.50,0.25-1.00,1.6666666666666667e-05,pneumatic_feed,-0.0013161218053344248,0.6034998745325044,1.015383204314422e-37,-0.28999823379410095,active,
copper,bare_like,0.025800378816047947,0.6494406605196009,0.6494406605196009,0.012,0.0037668553071430015,0.015766855307143002,8900.0,,7012.6130514467195,0.110566855307143,1.3945974570771755,1.3173675876158928,4.6634133229670706e-08,0.50-1.00,0.25-1.00,1.6666666666666667e-05,pneumatic_feed,0.021549931426724057,0.6042270390323192,-1.0927727028367274e-39,-0.29002208557522136,active,
aluminum,partial,0.05278160431181972,0.8910454271013646,0.8910454271013646,0.0218,0.00829726819781806,0.03009726819781806,2700.0,,2521.069904001275,0.0758773170461738,1.1447916539668617,1.0913158884377814,6.024370284238817e-08,0.50-1.00,0.25-1.00,1.6666666666666667e-05,pneumatic_feed,0.033356797174014435,2.25,0.0,0.0,light,2.875999999999905
aluminum,partial,0.11722255923843256,0.694542333410529,0.694542333410529,0.0218,0.018427386312281593,0.04022738631228159,2700.0,,2402.6846928047685,0.09665372532406305,1.2637730783301584,1.2316967454233585,4.6624699018267955e-08,0.50-1.00,0.25-1.00,1.6666666666666667e-05,pneumatic_feed,-0.004015700740767206,2.25,0.0,0.0,light,3.853999999999797
copper,partial,0.28547650289054627,0.9111262314100952,0.9111262314100952,0.012,0.04167956942201975,0.05367956942201975,8900.0,,2766.035030100528,0.14847956942201976,1.5650204185700944,1.5266090926127822,1.2326046445525273e-07,0.50-1.00,0.25-1.00,1.6666666666666667e-05,pneumatic_feed,-0.027616868480331964,0.5652241539016941,1.8058674903815453e-33,-0.2906292498419237,active,
aluminum,partial,0.08226148412547918,0.5695700415291712,0.5695700415291712,0.0218,0.012931505304525331,0.03473150530452533,2700.0,,2458.342198193492,0.08538192509689574,1.1845620762201376,1.1576505069842433,2.7698753070625868e-08,0.50-1.00,0.25-1.00,1.6666666666666667e-05,pneumatic_feed,0.01679079219289245,2.25,0.0,0.0,light,3.1219999999998778
aluminum,partial,0.26982917430361464,0.8358223269347689,0.8358223269347689,0.0218,0.04241714620052822,0.06421714620052822,2700.0,,2271.2878524961397,0.14585562408722838,1.5267799267215136,1.513059772670312,1.0189458761875784e-07,0.50-1.00,0.25-1.00,1.6666666666666667e-05,pneumatic_feed,-0.021539524172226193,0.5734153914763291,3.8912447012644884e-35,-0.29057639637964733,active,
aluminum,partial,0.22245495431415271,0.7461428800316525,0.7461428800316525,0.0218,0.03496991881818481,0.05676991881818481,2700.0,,2300.19180120084,0.13058170182042597,1.4455685555978093,1.4316460427680462,7.26986460524754e-08,0.50-1.00,0.25-1.00,1.6666666666666667e-05,pneumatic_feed,-0.003404054374707622,0.5918561979245103,2.5592344661503325e-36,-0.2902934243364881,active,
copper,partial,0.1819332235203721,0.6134095512660668,0.6134095512660668,0.012,0.026562250633974323,0.038562250633974324,8900.0,,3458.362736652067,0.13336225063397433,1.4780627945111302,1.4468081717874217,5.0180384427581464e-08,0.50-1.00,0.25-1.00,1.6666666666666667e-05,pneumatic_feed,-0.013906262779899018,0.5842976980983038,-1.1318552015743158e-35,-0.2905042971221596,active,
aluminum,heavily_coated,0.4056086906328922,0.9767799701521666,0.9767799701521666,0.0218,0.06376168616749066,0.08556168616749066,2700.0,,2216.3225906480784,0.18963229794695075,1.7248573831922307,1.72524448950731,1.8092800671559608e-07,0.50-1.00,0.25-1.00,1.6666666666666667e-05,pneumatic_feed,-0.0018029486399878736,0.5339381831508503,-3.629262429396471e-30,-0.2901214088393932,active,
aluminum,partial,0.09139486889346621,0.9666887351116895,0.9666887351116895,0.0218,0.014367273390052893,0.03616727339005289,2700.0,,2442.169713137263,0.08832661967994244,1.2309452439600295,1.1774441058905414,8.254008761305362e-08,0.50-1.00,0.25-1.00,1.6666666666666667e-05,pneumatic_feed,0.009060162756889022,2.25,0.0,0.0,light,3.4399999999998427
copper,partial,0.25560462628857306,0.5071934579556101,0.5071934579556101,0.012,0.03731827543813167,0.049318275438131665,8900.0,,2922.2083326681573,0.14411827543813166,1.4915945693016777,1.5040214264686904,3.707373513537346e-08,0.50-1.00,0.25-1.00,1.6666666666666667e-05,pneumatic_feed,-0.010674206012045625,0.5812226520036802,5.988212009801892e-35,-0.29053245979178627,active,
aluminum,partial,0.096352362846017,0.8976923152049456,0.8976923152049456,0.0218,0.01514659143939387,0.03694659143939387,2700.0,,2433.9177662084116,0.08992496530518435,1.237728121730593,1.1880497697614245,7.246616752919406e-08,0.50-1.00,0.25-1.00,1.6666666666666667e-05,pneumatic_feed,-0.03820650130479957,2.25,0.0,0.0,light,3.5439999999998313
aluminum,heavily_coated,0.37264926486556976,0.6812064753426013,0.6812064753426013,0.0218,0.05858046443686757,0.08038046443686757,2700.0,,2226.9820252892805,0.17900584948530834,1.6340947945103121,1.6762087619152335,8.306627931510983e-08,0.50-1.00,0.25-1.00,1.6666666666666667e-05,pneumatic_feed,0.01846551016133025,0.5511516943806615,5.71225875608615e-32,-0.2904903543177838,active,
aluminum,partial,0.10216106108336576,0.7723804028921109,0.7723804028921109,0.0218,0.016059718802305098,0.0378597188023051,2700.0,,2424.6811811581347,0.09179774770388796,1.2415654338879216,1.2003572168151553,5.476391883000915e-08,0.50-1.00,0.25-1.00,1.6666666666666667e-05,pneumatic_feed,-0.005450202563902008,2.25,0.0,0.0,light,3.583999999999827
aluminum,partial,0.12347825521882011,0.7610633768185732,0.7610633768185732,0.0218,0.01941078172039852,0.04121078172039852,2700.0,,2394.291497175356,0.09867062426509979,1.281226113821615,1.2444814656976642,5.7151748712195745e-08,0.50-1.00,0.25-1.00,1.6666666666666667e-05,pneumatic_feed,-0.013635816399359572,2.25,0.0,0.0,light,4.159999999999764
aluminum,heavily_coated,0.3532173039731357,0.5974315479147724,0.5974315479147724,0.0218,0.05552576018457693,0.07732576018457693,2700.0,,2233.9358909843972,0.17274079097397868,1.5905996352507794,1.6466145435795134,6.165541257858492e-08,0.50-1.00,0.25-1.00,1.6666666666666667e-05,pneumatic_feed,0.00907018851839025,0.5599083939975454,-1.2676857174653304e-32,-0.29057770855779724,active,
aluminum,partial,0.25346725299668305,0.6950453623632674,0.6950453623632674,0.0218,0.039845052171078574,0.061645052171078574,2700.0,,2280.481110609155,0.14058037703866058,1.4837402770748527,1.4854459256394412,6.791270101918025e-08,0.50-1.00,0.25-1.00,1.6666666666666667e-05,pneumatic_feed,0.011257334171118072,0.5830033359047977,3.068888072249818e-35,-0.2904697834281861,active,
aluminum,partial,0.08767930066087393,0.8638587369375078,0.8638587369375078,0.0218,0.013783186063889383,0.03558318606388938,2700.0,,2448.591398466494,0.08712868332607236,1.2182960188653207,1.1694322611789159,6.501994699116092e-08,0.50-1.00,0.25-1.00,1.6666666666666667e-05,pneumatic_feed,-0.01343121077833651,2.25,0.0,0.0,light,3.363999999999851
aluminum,partial,0.20191944808174989,0.630790560123604,0.630790560123604,0.0218,0.031741737238451084,0.053541737238451084,2700.0,,2315.21903564635,0.12396084925603698,1.3978163544234086,1.394879740308374,4.932361665886124e-08,0.50-1.00,0.25-1.00,1.6666666666666667e-05,pneumatic_feed,0.02041166773539747,0.6034284567861612,-2.9237889947179047e-37,-0.28994611986376695,active,
aluminum,partial,0.12401340208582717,0.530058829314201,0.530058829314201,0.0218,0.019494906807892037,0.04129490680789204,2700.0,,2393.592057885483,0.09884316096649154,1.2557109401153612,1.2455690484794695,2.777120802546811e-08,0.50-1.00,0.25-1.00,1.6666666666666667e-05,pneumatic_feed,0.021841443303492945,2.25,0.0,0.0,light,3.691999999999815
aluminum,partial,0.2537604751593482,0.5930923395890231,0.5930923395890231,0.0218,0.039891146695049534,0.061691146695049534,2700.0,,2280.3096121961703,0.14067491479612546,1.4652904393892998,1.485945309437728,4.9483600291109706e-08,0.50-1.00,0.25-1.00,1.6666666666666667e-05,pneumatic_feed,-0.0059956292446104184,0.5872398435067416,7.95753544270048e-37,-0.2903942201074651,active,
aluminum,partial,0.05501558457414191,0.6717784868308309,0.6717784868308309,0.0218,0.008648449895055109,0.03044844989505511,2700.0,,2515.647755027053,0.0765975746225491,1.1379681913530242,1.0964832562677511,3.4567438749542316e-08,0.50-1.00,0.25-1.00,1.6666666666666667e-05,pneumatic_feed,-0.007059724808314385,2.25,0.0,0.0,light,2.8499999999999077
aluminum,partial,0.2319811991561425,0.736928141101171,0.736928141101171,0.0218,0.0364674445073456,0.0582674445073456,2700.0,,2293.786170819327,0.13365305841993189,1.4586966183693633,1.448384757224147,7.258204224483736e-08,0.50-1.00,0.25-1.00,1.6666666666666667e-05,pneumatic_feed,-0.024182401707069423,0.5887730304257259,-1.2085128673067887e-35,-0.29036354091199346,active,
aluminum,partial,0.058024619835927604,0.837022932969351,0.837022932969351,0.0218,0.009121470238207821,0.03092147023820782,2700.0,,2508.539118086811,0.07756771768130141,1.1540558135817478,1.103405137166629,5.434451625751252e-08,0.50-1.00,0.25-1.00,1.6666666666666667e-05,pneumatic_feed,0.0022627276335357377,2.25,0.0,0.0,light,2.9059999999999016
aluminum,bare_like,0.045520307157609075,0.8254781827583683,0.8254781827583683,0.0218,0.007155792285176148,0.028955792285176148,2700.0,,2539.602491496371,0.07353620223068474,1.1256245734000465,1.0743482816167333,5.01086146355932e-08,0.50-1.00,0.25-1.00,1.6666666666666667e-05,pneumatic_feed,0.03299339318917315,2.25,0.0,0.0,light,2.783999999999915
aluminum,partial,0.06414250094895768,0.8228650021123475,0.8228650021123475,0.0218,0.010083201149176144,0.031883201149176144,2700.0,,2494.736440007962,0.07954018373095345,1.1666767223465697,1.1173462864488544,5.385720020820577e-08,0.50-1.00,0.25-1.00,1.6666666666666667e-05,pneumatic_feed,-0.0009240693809100884,2.25,0.0,0.0,light,3.01199999999989
copper,partial,0.07374900780447356,0.7897097094748562,0.7897097094748562,0.012,0.01076735513945314,0.02276735513945314,8900.0,,5163.85651382592,0.11756735513945313,1.4318219206916165,1.358431892392422,7.331987292073198e-08,0.50-1.00,0.25-1.00,1.6666666666666667e-05,pneumatic_feed,-0.0014579252215449335,0.5951273335590406,-5.4289207953948345e-37,-0.2902970032260701,active,
aluminum,partial,0.19092886847343693,0.6008831554338122,0.6008831554338122,0.0218,0.030014018124024287,0.05181401812402429,2700.0,,2324.030848105324,0.1204173764845208,1.3761077561283617,1.3747985820843134,4.347796616802961e-08,0.50-1.00,0.25-1.00,1.6666666666666667e-05,pneumatic_feed,-0.010089756261405685,0.6088839139937282,-4.06071276451053e-38,-0.2897363339384483,active,
aluminum,partial,0.19795728294189052,0.5080350350878524,0.5080350350878524,0.0218,0.03111888487846519,0.05291888487846519,2700.0,,2318.3294182228638,0.12268340759329491,1.3682235725124734,1.3876738685960606,3.166453804329119e-08,0.50-1.00,0.25-1.00,1.6666666666666667e-05,pneumatic_feed,-0.018541971181090366,0.6108967734538882,-1.0080443461493095e-38,-0.28965080353007744,active,
copper,heavily_coated,0.55394816264269,0.2609444080937116,0.2609444080937116,0.012,0.08087643174583273,0.09287643174583272,8900.0,,2020.7110481960735,0.18767643174583273,1.4217135942415857,1.7163243494988327,1.277926060926797e-08,0.25-0.50,0.25-1.00,1.6666666666666667e-05,pneumatic_feed,0.018940051905064235,0.5975660779480668,5.610896833946497e-37,-0.2901160747706942,active,
copper,partial,0.19723151536114603,0.5585339729909651,0.5585339729909651,0.012,0.028795801242727317,0.04079580124272732,8900.0,,3323.7685524536682,0.13559580124272733,1.4770866606022612,1.458873433957123,4.2300493137221505e-08,0.50-1.00,0.25-1.00,1.6666666666666667e-05,pneumatic_feed,0.021642638066145303,0.584521229499267,2.2742002215051011e-35,-0.29049607864068816,active,
aluminum,heavily_coated,0.33797257918432977,0.9459766962236569,0.9459766962236569,0.0218,0.05312928944777663,0.07492928944777663,2700.0,,2239.788212215585,0.16782573925481975,1.6343664078411224,1.62301965587101,1.5018253980025945e-07,0.50-1.00,0.25-1.00,1.6666666666666667e-05,pneumatic_feed,-0.04144566478061305,0.5510980815654731,-8.631356088745253e-32,-0.29049060720762965,active,
copper,partial,0.10319979020789682,0.4194291159187184,0.4194291159187184,0.012,0.015067169370352938,0.027067169370352938,8900.0,,4502.398004862518,0.12186716937035293,1.4108953588404447,1.38304992333504,2.1438967891792504e-08,0.25-0.50,0.25-1.00,1.6666666666666667e-05,pneumatic_feed,0.00593130955396196,0.6001998649269893,-1.3396168265049259e-37,-0.29013319376962626,active,
aluminum,heavily_coated,0.28318519502419737,0.5029437517840343,0.5029437517840343,0.0218,0.044516712657803825,0.06631671265780383,2700.0,,2264.312157669672,0.15016173872775146,1.4801612588459339,1.535232442033058,3.7983774820971456e-08,0.50-1.00,0.25-1.00,1.6666666666666667e-05,pneumatic_feed,-0.045104821384347696,0.5838190961422273,-6.15673472484906e-35,-0.2904554162280912,active,
copper,partial,0.08594508898704523,0.4159246453124037,0.4159246453124037,0.012,0.012547982992108603,0.024547982992108603,8900.0,,4861.824412640141,0.1193479829921086,1.4031183598433554,1.36868036482012,2.0646402688641397e-08,0.25-0.50,0.25-1.00,1.6666666666666667e-05,pneumatic_feed,0.004904139097150987,0.6021131234032568,2.7203209076557975e-37,-0.29007469959345006,active,
aluminum,partial,0.229038800567327,0.8344747838486015,0.8344747838486015,0.0218,0.03600489944918381,0.05780489944918381,2700.0,,2295.7292713150055,0.13270439969091188,1.465964800096114,1.443235343784427,9.240846519615843e-08,0.50-1.00,0.25-1.00,1.6666666666666667e-05,pneumatic_feed,-0.03600499333849965,0.5870835923871198,-3.089910237792687e-36,-0.29039841111956527,active,
aluminum,partial,0.1176118989048407,0.6352990774449414,0.6352990774449414,0.0218,0.018488590507840963,0.04028859050784096,2700.0,,2402.150363316248,0.0967792523259097,1.2584087222726967,1.2324963060826912,3.90605821799759e-08,0.50-1.00,0.25-1.00,1.6666666666666667e-05,pneumatic_feed,0.007753203380010366,2.25,0.0,0.0,light,3.7419999999998095
copper,partial,0.08920940720280457,0.5284322367490059,0.5284322367490059,0.012,0.013024573451609466,0.025024573451609466,8900.0,,4788.276358968384,0.11982457345160946,1.4208152742792817,1.3714104071708302,3.3459889240579854e-08,0.50-1.00,0.25-1.00,1.6666666666666667e-05,pneumatic_feed,0.020419766878884655,0.5977815825032844,-9.132074863073646e-37,-0.2902143336499432,active,
aluminum,partial,0.06831980373600649,0.6594317556258498,0.6594317556258498,0.0218,0.010739873147300225,0.032539873147300225,2700.0,,2485.7806776433886,0.08088698792252585,1.1651068014965607,1.1267662412550201,3.517372613750146e-08,0.50-1.00,0.25-1.00,1.6666666666666667e-05,pneumatic_feed,-0.022222945157736578,2.25,0.0,0.0,light,2.9799999999998934
aluminum,partial,0.230879286201564,0.968086863732738,0.968086863732738,0.0218,0.036294223790885864,0.058094223790885864,2700.0,,2294.510227799252,0.13329779066424624,1.4813381311204203,1.4464584758180958,1.249256464528788e-07,0.50-1.00,0.25-1.00,1.6666666666666667e-05,pneumatic_feed,0.01063618944115307,0.5835505007412952,-2.930507493680437e-35,-0.2904620041740975,active,
copper,heavily_coated,0.5829399722217934,0.7250852465319226,0.7250852465319226,0.012,0.08510923594438183,0.09710923594438182,8900.0,,1976.2202233193925,0.19190923594438183,1.670513345025219,1.7355711934066598,1.0089601495323646e-07,0.50-1.00,0.25-1.00,1.6666666666666667e-05,pneumatic_feed,-0.009148838427895703,0.544079702142855,-3.8926239782356334e-32,-0.29034799747700607,active,
aluminum,heavily_coated,0.2906811447119526,0.5736321144492632,0.5736321144492632,0.0218,0.04569507594871895,0.06749507594871895,2700.0,,2260.5872461349018,0.15257850786658064,1.5090709178975443,1.5475374824132209,5.020653822799112e-08,0.50-1.00,0.25-1.00,1.6666666666666667e-05,pneumatic_feed,-0.023421719705933593,0.5773116555206858,-8.324802507789555e-35,-0.29054260319905767,active,
copper,partial,0.31157017033142875,0.7658808871571957,0.7658808871571957,0.012,0.045489244868388595,0.05748924486838859,8900.0,,2649.0040914092324,0.1522892448683886,1.5625450400836551,1.5460698520617455,8.932884044797262e-08,0.50-1.00,0.25-1.00,1.6666666666666667e-05,pneumatic_feed,0.03126375941243009,0.5657454901356525,-1.6514125905406766e-34,-0.2906235479916078,active,
aluminum,bare_like,0.03599109322037768,0.9984961548004528,0.9984961548004528,0.0218,0.005657799854243372,0.027457799854243372,2700.0,,2566.261271450428,0.07046388836518197,1.1097491989748536,1.0516659126261991,7.025211416229697e-08,0.50-1.00,0.25-1.00,1.6666666666666667e-05,pneumatic_feed,-0.015258967219918157,2.25,0.0,0.0,light,2.675999999999927
aluminum,partial,0.15425973899762985,0.6396272507190266,0.6396272507190266,0.0218,0.024249630970427413,0.04604963097042741,2700.0,,2358.213956588801,0.10859488245022583,1.3229766844435822,1.305567031959196,4.4428666249636624e-08,0.50-1.00,0.25-1.00,1.6666666666666667e-05,pneumatic_feed,0.006788487350838916,0.6250370918393853,1.176843285781201e-39,-0.27933199672045933,active,
aluminum,heavily_coated,0.2983171496658923,0.7613304880676947,0.7613304880676947,0.0218,0.04689545592747828,0.06869545592747828,2700.0,,2256.9241317425185,0.15504043222378033,1.5561447917528295,1.5599726357165553,8.986517286132342e-08,0.50-1.00,0.25-1.00,1.6666666666666667e-05,pneumatic_feed,0.0021571130101620084,0.5670992306299223,-1.0839989839031826e-33,-0.29059840040614077,active,
aluminum,partial,0.2174034677741916,0.9021959276173961,0.9021959276173961,0.0218,0.034175825134102916,0.055975825134102916,2700.0,,2303.7275776844826,0.1289530520450771,1.4543584839294168,1.4226900944687604,1.0496230280377973e-07,0.50-1.00,0.25-1.00,1.6666666666666667e-05,pneumatic_feed,-0.023646838896671445,0.5897873067896665,-1.916936266505694e-36,-0.2903420492871482,active,
aluminum,partial,0.16357078879174608,0.888814800088377,0.888814800088377,0.0218,0.025713327998062488,0.04751332799806249,2700.0,,2348.748503133638,0.11159685801434685,1.3634117842235507,1.3234894345604684,8.816059702960438e-08,0.50-1.00,0.25-1.00,1.6666666666666667e-05,pneumatic_feed,-0.002637427535695995,0.6121336090262284,-2.42880139463295e-38,-0.2895984628364269,active,
copper,partial,0.24413977461159697,0.8692805722303452,0.8692805722303452,0.012,0.035644407093293154,0.04764440709329315,8900.0,,2989.7403658391813,0.14244440709329315,1.5385719370354514,1.4952616539376409,1.0763793293071983e-07,0.50-1.00,0.25-1.00,1.6666666666666667e-05,pneumatic_feed,0.023993123523306733,0.5708570833615954,-5.6198719070143705e-34,-0.29063043930251153,active,
aluminum,bare_like,0.03962644403611276,0.6542988268571859,0.6542988268571859,0.0218,0.006229277002476927,0.028029277002476927,2700.0,,2555.754892120575,0.07163596182168312,1.1030169106589414,1.0603763750447943,3.066785347156177e-08,0.50-1.00,0.25-1.00,1.6666666666666667e-05,pneumatic_feed,7.384693227983106e-05,2.25,0.0,0.0,light,2.6519999999999295
aluminum,partial,0.13443436215476473,0.5863207320434942,0.5863207320434942,0.0218,0.021133081730729017,0.04293308173072902,2700.0,,2380.5182060612883,0.1022029827023177,1.2820762537074837,1.2665614933731322,3.513452385375835e-08,0.50-1.00,0.25-1.00,1.6666666666666667e-05,pneumatic_feed,-0.023737670580394686,2.25,0.0,0.0,light,4.175999999999762
copper,partial,0.17783342762958265,0.5699324769088515,0.5699324769088515,0.012,0.025963680433919067,0.03796368043391907,8900.0,,3497.1235379828954,0.13276368043391906,1.4698626455030848,1.4435576635835485,4.3124700718230286e-08,0.50-1.00,0.25-1.00,1.6666666666666667e-05,pneumatic_feed,-0.009122690738062019,0.5861816002555398,-2.4928330285063664e-35,-0.2904715377119299,active,
aluminum,bare_like,0.03136137648627678,0.7889330910568679,0.7889330910568679,0.0218,0.004930008383642711,0.02673000838364271,2700.0,,2580.291798005835,0.0689712213929405,1.091351415086184,1.040467342583896,4.29287518804913e-08,0.50-1.00,0.25-1.00,1.6666666666666667e-05,pneumatic_feed,-0.011101530358442703,2.25,0.0,0.0,light,2.621999999999933
aluminum,partial,0.16104285779809485,0.8447151510572787,0.8447151510572787,0.0218,0.02531593724586051,0.04711593724586051,2700.0,,2351.2601947107987,0.11078182778268375,1.3555856378152313,1.3186476287761657,7.904767378503553e-08,0.50-1.00,0.25-1.00,1.6666666666666667e-05,pneumatic_feed,0.03907332864005818,0.614159152390201,4.862762089747724e-38,-0.2895063002285108,active,
copper,partial,0.28082228759340966,0.496191990593843,0.496191990593843,0.012,0.041000053988637805,0.0530000539886378,8900.0,,2788.6774232404236,0.1478000539886378,1.4985463955058587,1.5231118302362632,3.638933274041028e-08,0.25-0.50,0.25-1.00,1.6666666666666667e-05,pneumatic_feed,0.03870571254984266,0.5796587270435413,7.598222945007733e-35,-0.2905472088064571,active,
aluminum,partial,0.10872274109798685,0.7740850294425902,0.7740850294425902,0.0218,0.01709121490060353,0.03889121490060353,2700.0,,2414.768970252574,0.09391329895740194,1.2543908951453013,1.2141100199056842,5.6273565557373655e-08,0.50-1.00,0.25-1.00,1.6666666666666667e-05,pneumatic_feed,0.01949121789634946,2.25,0.0,0.0,light,3.6779999999998165
copper,partial,0.07299121055506046,0.3922352561440673,0.3922352561440673,0.012,0.010656716741038828,0.022656716741038828,8900.0,,5184.18966364556,0.11745671674103882,1.393535165992627,1.3577925563087114,1.8070539234782057e-08,0.25-0.50,0.25-1.00,1.6666666666666667e-05,pneumatic_feed,-0.008387332015347288,0.6044924017302542,-1.22718815439149e-37,-0.2899940584497771,active,
aluminum,partial,0.26538490113976854,0.8614487198641417,0.8614487198641417,0.0218,0.04171850645917162,0.06351850645917162,2700.0,,2273.7113012772857,0.14442274597647278,1.5233567317197352,1.5056093187964523,1.0717523837070484e-07,0.50-1.00,0.25-1.00,1.6666666666666667e-05,pneumatic_feed,0.04349666390015646,0.5741633391466643,3.539226225480828e-34,-0.29057135453646205,active,
copper,heavily_coated,0.6764058508217294,0.44929769375420403,0.44929769375420403,0.012,0.09875525421997249,0.11075525421997248,8900.0,,1855.9413335977404,0.2055552542199725,1.5931644607502253,1.796216932955674,4.1495113901392235e-08,0.25-0.50,0.25-1.00,1.6666666666666667e-05,pneumatic_feed,0.018465277944764862,0.5593827189688487,8.099528450502848e-33,-0.29053936935816144,active,
aluminum,heavily_coated,0.3156728483369574,0.5212075710101614,0.5212075710101614,0.0218,0.049623771758569704,0.0714237717585697,2700.0,,2249.0562886444695,0.16063608303231844,1.5246771481362895,1.5878740375972116,4.363796975206989e-08,0.50-1.00,0.25-1.00,1.6666666666666667e-05,pneumatic_feed,-0.037358501296529456,0.5738745707517416,-2.4126805069832207e-34,-0.29057160801588205,active,
aluminum,partial,0.10876654049700674,0.6406088739623387,0.6406088739623387,0.0218,0.017098100166129462,0.03889810016612946,2700.0,,2414.7045722152593,0.09392742032163995,1.242707727952588,1.2142012968896305,3.854590933476849e-08,0.50-1.00,0.25-1.00,1.6666666666666667e-05,pneumatic_feed,0.0018749241177337277,2.25,0.0,0.0,light,3.593999999999826
aluminum,bare_like,0.03638764706788393,0.955799732843404,0.955799732843404,0.0218,0.005720138119071353,0.027520138119071353,2700.0,,2565.094004460561,0.07059174129115646,1.1093959124171302,1.052619575775594,6.448930615952067e-08,0.50-1.00,0.25-1.00,1.6666666666666667e-05,pneumatic_feed,0.024445189215111202,2.25,0.0,0.0,light,2.6779999999999267
aluminum,heavily_coated,0.2823789713898515,0.5837544965448958,0.5837544965448958,0.0218,0.04438997430248466,0.06618997430248466,2700.0,,2264.720688374326,0.149901804165802,1.5009807265995028,1.5339030993470313,5.108193470857357e-08,0.50-1.00,0.25-1.00,1.6666666666666667e-05,pneumatic_feed,-0.01573353089643237,0.5791141018290807,-2.851909823222244e-34,-0.2905227487249094,active,
aluminum,partial,0.09775664066817241,0.8767699369178596,0.8767699369178596,0.0218,0.015367343913036707,0.03716734391303671,2700.0,,2431.643184653958,0.09037771851782547,1.239427540096222,1.1910368045764954,6.94756588703566e-08,0.50-1.00,0.25-1.00,1.6666666666666667e-05,pneumatic_feed,-0.022227980474830916,2.25,0.0,0.0,light,3.563999999999829
aluminum,partial,0.08875490300751765,0.675008521999837,0.675008521999837,0.0218,0.013952270752781777,0.03575227075278178,2700.0,,2446.7108364535857,0.08747546827865377,1.2076511495050768,1.1717572061232437,3.985701661981513e-08,0.50-1.00,0.25-1.00,1.6666666666666667e-05,pneumatic_feed,0.0025018093963259814,2.25,0.0,0.0,light,3.28399999999986
aluminum,partial,0.08968233823254246,0.5551438211420634,0.5551438211420634,0.0218,0.014098063570155674,0.035898063570155674,2700.0,,2445.103549889707,0.08777448266955401,1.197116154482763,1.1737581863319717,2.705074928710163e-08,0.50-1.00,0.25-1.00,1.6666666666666667e-05,pneumatic_feed,0.0017405271357023007,2.25,0.0,0.0,light,3.175999999999872
aluminum,partial,0.11670817095947233,0.919706131015417,0.919706131015417,0.0218,0.018346524474829054,0.040146524474829054,2700.0,,2403.393137045752,0.09648788139904348,1.2791504161286504,1.2306395842972817,8.161517832459984e-08,0.50-1.00,0.25-1.00,1.6666666666666667e-05,pneumatic_feed,-0.010667103599642964,2.25,0.0,0.0,light,4.127999999999767
aluminum,partial,0.06283839181805562,0.5903299691631992,0.5903299691631992,0.0218,0.009878195193798345,0.031678195193798345,2700.0,,2497.6083840012648,0.07911972590605931,1.1478092206602408,1.1143891680295115,2.757239154473194e-08,0.50-1.00,0.25-1.00,1.6666666666666667e-05,pneumatic_feed,-0.024850604700425223,2.25,0.0,0.0,light,2.893999999999903
copper,partial,0.14256633837276456,0.8232117138177522,0.8232117138177522,0.012,0.020814685402423625,0.032814685402423625,8900.0,,3888.9504451259577,0.12761468540242363,1.4763730899826957,1.4152879926278048,8.648160425501798e-08,0.50-1.00,0.25-1.00,1.6666666666666667e-05,pneumatic_feed,-0.008212395992588302,0.5846844150425929,-3.5669208573599735e-35,-0.29050955286104124,active,
aluminum,partial,0.19495200930263917,0.7891272651487028,0.7891272651487028,0.0218,0.030646455862374883,0.05244645586237488,2700.0,,2320.7378900617364,0.12171447731926388,1.4074326426701789,1.382183213616475,7.579426334404932e-08,0.50-1.00,0.25-1.00,1.6666666666666667e-05,pneumatic_feed,0.0026755293986254966,0.6010515801761482,7.834098010231791e-37,-0.2900288647690109,active,
copper,partial,0.10589126112135638,0.38133551800006404,0.38133551800006404,0.012,0.015460124123718031,0.02746012412371803,8900.0,,4452.27864130879,0.12226012412371803,1.4038995879075595,1.3852779173313485,1.7778673240948053e-08,0.25-0.50,0.25-1.00,1.6666666666666667e-05,pneumatic_feed,-0.019199692367910495,0.6019203659673523,-5.04213992634943e-37,-0.2900744767929985,active,
copper,partial,0.07632467902732583,0.6329368204973062,0.6329368204973062,0.012,0.01114340313798957,0.02314340313798957,8900.0,,5096.199657188148,0.11794340313798957,1.4237332538573926,1.3606026810402383,4.724919099811239e-08,0.50-1.00,0.25-1.00,1.6666666666666667e-05,pneumatic_feed,-0.0321328352740021,0.5970748999407067,1.3936842291293516e-37,-0.29024016281637177,active,
aluminum,partial,0.057358722090531666,0.8801696272888092,0.8801696272888092,0.0218,0.00901679111263158,0.03081679111263158,2700.0,,2510.093452186262,0.07735302558920831,1.1545344525950674,1.1018770755616136,5.992527852585471e-08,0.50-1.00,0.25-1.00,1.6666666666666667e-05,pneumatic_feed,-0.012568302721469467,2.25,0.0,0.0,light,2.9159999999999004
aluminum,partial,0.10322377127771143,0.8597825906456935,0.8597825906456935,0.0218,0.01622677684485624,0.03802677684485624,2700.0,,2423.039335507355,0.09214037609764694,1.249340449380543,1.202595253287101,6.811257116796546e-08,0.50-1.00,0.25-1.00,1.6666666666666667e-05,pneumatic_feed,-0.029392517150135664,2.25,0.0,0.0,light,3.635999999999821
copper,heavily_coated,0.600921083723521,0.5223787225592873,0.5223787225592873,0.012,0.08773447822363406,0.09973447822363406,8900.0,,1950.5238478054753,0.19453447822363407,1.6110294923219877,1.7474018342093385,5.308447694418289e-08,0.50-1.00,0.25-1.00,1.6666666666666667e-05,pneumatic_feed,-0.025726645233121823,0.5557522803359048,-1.3594784039159243e-32,-0.2905200099487399,active,
aluminum,partial,0.10041392422295792,0.7437496493150103,0.7437496493150103,0.0218,0.015785068887848988,0.03758506888784899,2700.0,,2427.412161487866,0.09123445330872386,1.236043430651855,1.1966687006576757,5.046757324033342e-08,0.50-1.00,0.25-1.00,1.6666666666666667e-05,pneumatic_feed,0.00782463514278672,2.25,0.0,0.0,light,3.5139999999998346
aluminum,partial,0.10700152893841763,0.6485254620302323,0.6485254620302323,0.0218,0.016820640349119252,0.03862064034911925,2700.0,,2417.3178409550706,0.09335836294503523,1.2402314419282623,1.2105176020138133,3.92651527435941e-08,0.50-1.00,0.25-1.00,1.6666666666666667e-05,pneumatic_feed,-0.03349301641470826,2.25,0.0,0.0,light,3.571999999999828
aluminum,partial,0.1417044155342539,0.8688901828877897,0.8688901828877897,0.0218,0.02227593412198471,0.04407593412198471,2700.0,,2371.9728848639793,0.10454692061239879,1.322914047828079,1.2810029140998125,7.892980432828916e-08,0.50-1.00,0.25-1.00,1.6666666666666667e-05,pneumatic_feed,-0.022759874822153976,0.6250671971920855,-1.3144998510714731e-39,-0.2792773177864783,active,
aluminum,partial,0.26225675457781633,0.8900435099366315,0.8900435099366315,0.0218,0.04122676181963274,0.06302676181963274,2700.0,,2275.4492869846354,0.14341420024343376,1.5219083413794088,1.5003430564444042,1.1360949538244449e-07,0.50-1.00,0.25-1.00,1.6666666666666667e-05,pneumatic_feed,0.012050488467277657,0.5744805486250084,-4.120913858094563e-34,-0.29056910797857954,active,
aluminum,partial,0.12413156028140332,0.9433282501066935,0.9433282501066935,0.0218,0.019513481276236602,0.0413134812762366,2700.0,,2393.4380085079747,0.09888125635032724,1.294745071559446,1.2458090542594145,8.799128436118087e-08,0.50-1.00,0.25-1.00,1.6666666666666667e-05,pneumatic_feed,-0.01052828227973682,2.25,0.0,0.0,light,4.6359999999997115
copper,partial,0.25129357606328917,0.6263720501112643,0.6263720501112643,0.012,0.03668886210524022,0.04868886210524022,8900.0,,2947.057209821237,0.1434888621052402,1.5132533689747563,1.5007335471707994,5.629669926724934e-08,0.50-1.00,0.25-1.00,1.6666666666666667e-05,pneumatic_feed,0.025785279715573386,0.5763847626643477,-1.0837363358717987e-34,-0.29059063008071745,active,
copper,partial,0.2954636096083598,0.4439783786783611,0.4439783786783611,0.012,0.04313768700282053,0.055137687002820526,8900.0,,2719.3321873503796,0.14993768700282054,1.4881789237267173,1.5340866778628486,2.9555237171431777e-08,0.25-0.50,0.25-1.00,1.6666666666666667e-05,pneumatic_feed,-0.04060971080041575,0.5819952169701977,-4.988025203199232e-35,-0.29051170594665127,active,
aluminum,partial,0.26337938363005736,0.8693490663649592,0.8693490663649592,0.0218,0.04140323910664502,0.06320323910664502,2700.0,,2274.822447526278,0.1437761470761668,1.521312770076442,1.502235136224524,1.086613822517186e-07,0.50-1.00,0.25-1.00,1.6666666666666667e-05,pneumatic_feed,-0.020368184309597064,0.5746111142596058,-1.4450924480236293e-34,-0.2905680574941904,active,
aluminum,bare_like,0.016588943098589454,0.9880912977974918,0.9880912977974918,0.0218,0.002607781855098263,0.024407781855098263,2700.0,,2630.6544988644455,0.06420844114441623,1.062171490758677,1.0039002401647075,6.268826859604247e-08,0.50-1.00,0.25-1.00,1.6666666666666667e-05,pneumatic_feed,-0.015506177158896168,2.25,0.0,0.0,light,2.5179999999999443
aluminum,bare_like,0.038498617934193506,0.6112437978484362,0.6112437978484362,0.0218,0.00605198273925522,0.02785198273925522,2700.0,,2558.9682456506216,0.07127233940816333,1.0974606529920599,1.057681728758955,2.6628698780983726e-08,0.50-1.00,0.25-1.00,1.6666666666666667e-05,pneumatic_feed,-0.028240104202371476,2.25,0.0,0.0,light,2.6359999999999313
aluminum,partial,0.1772851627253103,0.7208049944153679,0.7208049944153679,0.0218,0.02786922758041878,0.04966922758041878,2700.0,,2335.8227008145695,0.1160185093142673,1.3711500620934611,1.3494541571304821,6.027855813335882e-08,0.50-1.00,0.25-1.00,1.6666666666666667e-05,pneumatic_feed,0.012606224166972857,0.6101476137679424,9.045254215820063e-38,-0.2896841306346246,active,
aluminum,partial,0.051141251460702475,0.5560928153932883,0.5560928153932883,0.0218,0.008039404729622432,0.029839404729622432,2700.0,,2525.1325073735306,0.07534845088344508,1.1201256158182458,1.0875059931175342,2.330069612907465e-08,0.50-1.00,0.25-1.00,1.6666666666666667e-05,pneumatic_feed,-0.023097104650233357,2.25,0.0,0.0,light,2.7239999999999216
copper,partial,0.14776086508896835,0.4135659741952451,0.4135659741952451,0.012,0.02157308630298938,0.03357308630298938,8900.0,,3823.6903555559898,0.12837308630298938,1.4271439431402468,1.4194872181924434,2.1956523814531882e-08,0.25-0.50,0.25-1.00,1.6666666666666667e-05,pneumatic_feed,-0.025647121583212706,0.5962522157537058,-1.0071233882851157e-36,-0.2902402639744338,active,
aluminum,partial,0.052073355592189674,0.9105319254029685,0.9105319254029685,0.0218,0.00818593149909222,0.02998593149909222,2700.0,,2522.8154269200554,0.07564897057647788,1.1439739810971754,1.089672538962232,6.271817002751928e-08,0.50-1.00,0.25-1.00,1.6666666666666667e-05,pneumatic_feed,-0.013792173198140427,2.25,0.0,0.0,light,2.873999999999905
copper,partial,0.057287948745077054,0.5974466507451267,0.5974466507451267,0.012,0.00836404051678125,0.02036404051678125,8900.0,,5655.2647507197225,0.11516404051678124,1.4101369606390877,1.3444756524204513,4.110694058819648e-08,0.50-1.00,0.25-1.00,1.6666666666666667e-05,pneumatic_feed,0.007887371859519335,0.6003854043137852,-2.8768740157292466e-37,-0.2901436153289918,active,
aluminum,heavily_coated,0.4148577600221268,0.8706709430519028,0.8706709430519028,0.0218,0.06521563987547833,0.08701563987547833,2700.0,,2213.5594323545747,0.1926142904087339,1.7203871774541195,1.738756424073104,1.460147089210353e-07,0.50-1.00,0.25-1.00,1.6666666666666667e-05,pneumatic_feed,-0.019881715427078263,0.5347545407025421,1.5152083795746868e-30,-0.2901443955303706,active,
aluminum,partial,0.22824397285841358,0.9301932144271637,0.9301932144271637,0.0218,0.03587995253334261,0.05767995253334261,2700.0,,2296.259505635304,0.13244813928928112,1.4739810413716217,1.4418411820601313,1.1460199967376137e-07,0.50-1.00,0.25-1.00,1.6666666666666667e-05,pneumatic_feed,-0.009900846533871794,0.5852345284105408,-9.89809862551434e-36,-0.2904332840917877,active,
aluminum,partial,0.18859545560894675,0.9132801554829053,0.9132801554829053,0.0218,0.02964720562172643,0.05144720562172643,2700.0,,2325.977852378154,0.11966506084288052,1.408180813807821,1.3704972801833109,9.981031082053081e-08,0.50-1.00,0.25-1.00,1.6666666666666667e-05,pneumatic_feed,0.01600920392756384,0.6008676499360238,-9.943739860516033e-38,-0.2900353586092478,active,
aluminum,partial,0.12939273601533868,0.8019423366138023,0.8019423366138023,0.0218,0.02034053810161124,0.04214053810161124,2700.0,,2386.7163674129683,0.10057751201870535,1.2954186852719327,1.2564492145111157,6.468255575247721e-08,0.50-1.00,0.25-1.00,1.6666666666666667e-05,pneumatic_feed,0.016397986004651973,2.25,0.0,0.0,light,4.663999999999708
aluminum,partial,0.08353594800597153,0.6556736303321695,0.6556736303321695,0.0218,0.013131851026538723,0.03493185102653872,2700.0,,2456.005693240419,0.08579282499660529,1.1956451456041512,1.1604327559780088,3.688301404550236e-08,0.50-1.00,0.25-1.00,1.6666666666666667e-05,pneumatic_feed,0.030032908995323716,2.25,0.0,0.0,light,3.165999999999873
aluminum,partial,0.08998402486325696,0.6474188157456224,0.6474188157456224,0.0218,0.014145488708503996,0.035945488708503996,2700.0,,2444.583523922821,0.08787174945616268,1.207595968631682,1.174408352943698,3.6831542462896446e-08,0.50-1.00,0.25-1.00,1.6666666666666667e-05,pneumatic_feed,-0.009017440581164729,2.25,0.0,0.0,light,3.28199999999986
aluminum,partial,0.2543056052259366,0.9060997424972248,0.9060997424972248,0.0218,0.039976841141517235,0.061776841141517234,2700.0,,2279.9914592304276,0.1408506701808942,1.5117380689964874,1.486873269367405,1.1564075853108091e-07,0.50-1.00,0.25-1.00,1.6666666666666667e-05,pneumatic_feed,-0.00657262215804338,0.5767205216155624,-2.3551677374831645e-34,-0.29054995857171906,active,
copper,partial,0.1652436952361901,0.6690480234951299,0.6690480234951299,0.012,0.02412557950448375,0.03612557950448375,8900.0,,3624.1793571293115,0.13092557950448375,1.4761867673368623,1.43352987269271,5.860559627081212e-08,0.50-1.00,0.25-1.00,1.6666666666666667e-05,pneumatic_feed,-0.014445438450039257,0.584727250644791,-1.4046922206847944e-35,-0.29050179382576174,active,
aluminum,partial,0.13989707401032425,0.802933966775607,0.802933966775607,0.0218,0.021991820034422974,0.043791820034422974,2700.0,,2374.055601021985,0.10396421563166863,1.3146791274964242,1.277428013061664,6.702603703220309e-08,0.50-1.00,0.25-1.00,1.6666666666666667e-05,pneumatic_feed,-0.016975516225647753,0.6299207901215091,-1.1808213796229837e-39,-0.2703956080636602,active,
aluminum,partial,0.13490782290576975,0.7353114722419438,0.7353114722419438,0.0218,0.021207509760787002,0.043007509760787,2700.0,,2379.9478684621286,0.10235563118304922,1.2998494830666745,1.2675069968442543,5.5341945764632595e-08,0.50-1.00,0.25-1.00,1.6666666666666667e-05,pneumatic_feed,0.008084763950469788,2.25,0.0,0.0,light,4.945999999999677
aluminum,heavily_coated,0.2716646695517434,0.569014516668989,0.569014516668989,0.0218,0.04270568605353407,0.06450568605353407,2700.0,,2270.302279843037,0.1464474061101776,1.4836138597237107,1.5161261445886842,4.7416377987152986e-08,0.50-1.00,0.25-1.00,1.6666666666666667e-05,pneumatic_feed,-0.027374212070446248,0.5830321130563525,-2.5120501398338366e-35,-0.2904685935952224,active,
aluminum,partial,0.25191766088169454,0.8150497559249044,0.8150497559249044,0.0218,0.03960145629060238,0.06140145629060238,2700.0,,2281.391704813796,0.14008077304486713,1.4981962595845602,1.4828040375289766,9.305651267544951e-08,0.50-1.00,0.25-1.00,1.6666666666666667e-05,pneumatic_feed,0.012852843182312303,0.579737759004781,5.6320703407481244e-36,-0.29051626204058506,active,
aluminum,heavily_coated,0.3099584408126499,0.6905092659667912,0.6905092659667912,0.0218,0.04872546689574857,0.07052546689574857,2700.0,,2251.579576738384,0.15879370090240644,1.5592211498131987,1.5787418818046768,7.57133203371742e-08,0.50-1.00,0.25-1.00,1.6666666666666667e-05,pneumatic_feed,-0.003806690416861536,0.5664476905943548,4.631847257958398e-34,-0.2905982541240409,active,
aluminum,partial,0.07196614174073485,0.9411426463748347,0.9411426463748347,0.0218,0.011313077481643521,0.03311307748164352,2700.0,,2478.253608536456,0.08206260375863032,1.1889673385185477,1.1349249440361515,7.268690867438956e-08,0.50-1.00,0.25-1.00,1.6666666666666667e-05,pneumatic_feed,-0.01891521667284871,2.25,0.0,0.0,light,3.137999999999876
copper,partial,0.28208322182309886,0.5857982536569002,0.5857982536569002,0.012,0.04118415038617243,0.05318415038617243,8900.0,,2782.485934468316,0.14798415038617244,1.5196783374379625,1.5240601118267492,5.078218096310022e-08,0.50-1.00,0.25-1.00,1.6666666666666667e-05,pneumatic_feed,0.007432985255285312,0.5749693262578308,7.162927271336636e-35,-0.29059552558004303,active,
aluminum,partial,0.09645240847611974,0.5970633255856779,0.5970633255856779,0.0218,0.015162318612446025,0.036962318612446025,2700.0,,2433.75481825145,0.08995722101678577,1.2148781425234445,1.1882628249168907,3.2068365278997704e-08,0.50-1.00,0.25-1.00,1.6666666666666667e-05,pneumatic_feed,0.02526931094390122,2.25,0.0,0.0,light,3.3439999999998533
copper,heavily_coated,0.5217392518300481,0.350746662045906,0.350746662045906,0.012,0.07617393076718702,0.08817393076718702,8900.0,,2075.1477128802203,0.18297393076718704,1.4982711818329573,1.6946854626513346,2.2510042310363143e-08,0.25-0.50,0.25-1.00,1.6666666666666667e-05,pneumatic_feed,0.026067609464784598,0.5797212357062733,7.748605904988892e-35,-0.2905001081282259,active,
copper,partial,0.4623339508538342,0.8113952364743637,0.8113952364743637,0.012,0.0675007568246598,0.07950075682465979,8900.0,,2192.4414783758966,0.17430075682465979,1.6392350691550663,1.6540328530956876,1.1475303491425478e-07,0.50-1.00,0.25-1.00,1.6666666666666667e-05,pneumatic_feed,-0.027457429222008122,0.5501395209603182,-2.4644379710009673e-32,-0.29047312925016844,active,
aluminum,partial,0.08853653180925086,0.5969829355037999,0.5969829355037999,0.0218,0.013917942800414237,0.03571794280041424,2700.0,,2447.0911919262853,0.08740506322062057,1.1997406525526146,1.1712855639470934,3.115017032394743e-08,0.50-1.00,0.25-1.00,1.6666666666666667e-05,pneumatic_feed,0.009537477718062369,2.25,0.0,0.0,light,3.1899999999998703
aluminum,partial,0.1387562237444171,0.8428781598944046,0.8428781598944046,0.0218,0.021812478372622367,0.04361247837262237,2700.0,,2375.384246965197,0.10359639409743751,1.315674323275894,1.2751662643566835,7.359939438506443e-08,0.50-1.00,0.25-1.00,1.6666666666666667e-05,pneumatic_feed,-0.017519420936416365,0.6291747217079241,-1.8146081890201974e-40,-0.2717563630871539,active,
aluminum,partial,0.09206508489552123,0.5894636343977298,0.5894636343977298,0.0218,0.014472631345575943,0.03627263134557594,2700.0,,2441.03338347865,0.088542704021165,1.205688660907085,1.178883489712281,3.076570105473887e-08,0.50-1.00,0.25-1.00,1.6666666666666667e-05,pneumatic_feed,-0.024796474350461298,2.25,0.0,0.0,light,3.2499999999998637
copper,partial,0.4742547860023485,0.9937066575021581,0.9937066575021581,0.012,0.06924119875634288,0.08124119875634288,8900.0,,2166.8956324034857,0.1760411987563429,1.6702076358001647,1.6622703317088825,1.7383239595718277e-07,0.50-1.00,0.25-1.00,1.6666666666666667e-05,pneumatic_feed,0.031985844373068846,0.5441379641460864,-5.380354972375371e-33,-0.29036657257053267,active,
copper,partial,0.20080432243144586,0.7000099048339964,0.7000099048339964,0.012,0.029317431074991098,0.0413174310749911,8900.0,,3294.431128303647,0.13611743107499108,1.498361373393535,1.461676844638739,6.669942874888186e-08,0.50-1.00,0.25-1.00,1.6666666666666667e-05,pneumatic_feed,-0.0010193358316314678,0.5796998605835396,-4.7750937202167717e-35,-0.29056736580565984,active,
aluminum,partial,0.22838316832178127,0.9757099008942836,0.9757099008942836,0.0218,0.03590183406018402,0.05770183406018402,2700.0,,2296.166481648278,0.1324930172986255,1.4780097624934445,1.4420854341956395,1.2613465231795136e-07,0.50-1.00,0.25-1.00,1.6666666666666667e-05,pneumatic_feed,0.0020735105484610355,0.5843108289093369,4.422581285439383e-36,-0.29044943832770925,active,
aluminum,bare_like,0.027660776896251328,0.540642824990643,0.540642824990643,0.0218,0.004348274128090711,0.02614827412809071,2700.0,,2592.0682469175795,0.06777811107912039,1.0674885900788138,1.0314287331162895,1.9811180218921405e-08,0.50-1.00,0.25-1.00,1.6666666666666667e-05,pneumatic_feed,-0.010110714943652063,2.25,0.0,0.0,light,2.545999999999941
aluminum,heavily_coated,0.34815346193836455,0.9114170058178349,0.9114170058178349,0.0218,0.05472972421671091,0.0765297242167109,2700.0,,2235.839203849963,0.17110815766354812,1.6435323152206764,1.638814706636187,1.421362884140896e-07,0.50-1.00,0.25-1.00,1.6666666666666667e-05,pneumatic_feed,0.04222182660278557,0.5492968686575462,6.040221535671567e-32,-0.2904638242738574,active,
aluminum,partial,0.13526711447348067,0.8367413992988336,0.8367413992988336,0.0218,0.021263990395231164,0.043063990395231164,2700.0,,2379.5163763723676,0.1024714703773949,1.3088395633534249,1.268224033459227,7.174398273262611e-08,0.50-1.00,0.25-1.00,1.6666666666666667e-05,pneumatic_feed,0.03018279345791144,0.6402206504034673,4.669400058585579e-40,-0.24959013949632475,active,
aluminum,heavily_coated,0.36657217145578913,0.8499709160047253,0.8499709160047253,0.0218,0.05762514535285006,0.07942514535285006,2700.0,,2229.0992734419706,0.17704653379906096,1.6584051877607564,1.6670100163196564,1.2790736714464235e-07,0.50-1.00,0.25-1.00,1.6666666666666667e-05,pneumatic_feed,-0.021743591131831917,0.5464054177961695,-1.9998203275512773e-31,-0.2904147879257085,active,
aluminum,partial,0.06262950767141717,0.7236655967473196,0.7236655967473196,0.0218,0.009845358605946777,0.03164535860594678,2700.0,,2498.071851632806,0.07905237956834162,1.1577525921667042,1.113914785656735,4.139909053278874e-08,0.50-1.00,0.25-1.00,1.6666666666666667e-05,pneumatic_feed,0.021645651366855173,2.25,0.0,0.0,light,2.9359999999998982
aluminum,partial,0.26273970454354123,0.8785437759489781,0.8785437759489781,0.0218,0.041302681554244686,0.06310268155424469,2700.0,,2275.1791937473645,0.1435699081418831,1.5213844461675614,1.501157312940585,1.1081287820006752e-07,0.50-1.00,0.25-1.00,1.6666666666666667e-05,pneumatic_feed,-0.03569116043997692,0.5745953965740273,-1.5626018634314825e-34,-0.2905682053555398,active,
copper,partial,0.36471548471793785,0.5342557991991408,0.5342557991991408,0.012,0.05324846076881892,0.06524846076881892,8900.0,,2452.9078369508948,0.16004846076881893,1.540043616273401,1.584967078594184,4.5682513557799505e-08,0.50-1.00,0.25-1.00,1.6666666666666667e-05,pneumatic_feed,-0.02606283364133312,0.5705403201542524,4.811183893716884e-34,-0.29060392918769834,active,
aluminum,partial,0.05066540852854079,0.8087259824369273,0.8087259824369273,0.0218,0.007964602220686613,0.029764602220686612,2700.0,,2526.3241822000814,0.07519503436368684,1.1364161424496602,1.086398296837964,4.918038842965057e-08,0.50-1.00,0.25-1.00,1.6666666666666667e-05,pneumatic_feed,-0.013834480575436632,2.25,0.0,0.0,light,2.847999999999908
aluminum,bare_like,0.023384377038281792,0.7216348721291936,0.7216348721291936,0.0218,0.003676024070417897,0.025476024070417897,2700.0,,2606.3469251473052,0.06639935700091243,1.0693897181270413,1.0208840813169346,3.457792256167746e-08,0.50-1.00,0.25-1.00,1.6666666666666667e-05,pneumatic_feed,-0.0013633304061062969,2.25,0.0,0.0,light,2.55799999999994
aluminum,partial,0.14995747273315557,0.6126722255310388,0.6126722255310388,0.0218,0.023573314713652052,0.04537331471365205,2700.0,,2362.793846129115,0.1072077887838967,1.3121361635273772,1.2972021634086348,4.0242293490901526e-08,0.50-1.00,0.25-1.00,1.6666666666666667e-05,pneumatic_feed,0.00714339062816721,0.6323645175023255,-1.715138337477926e-40,-0.26588909746181166,active,
aluminum,partial,0.10629099340963549,0.8444903930178611,0.8444903930178611,0.0218,0.016708944163994696,0.038508944163994696,2700.0,,2418.3804881431965,0.09312927918520059,1.254446207831635,1.2090314992136924,6.641645148657403e-08,0.50-1.00,0.25-1.00,1.6666666666666667e-05,pneumatic_feed,-0.02655522648178654,2.25,0.0,0.0,light,3.6779999999998165
aluminum,partial,0.08276792174891934,0.6355219935644137,0.6355219935644137,0.0218,0.01301111729893012,0.03481111729893012,2700.0,,2457.4105139020694,0.08554520565106909,1.1923041529623035,1.1587568976705944,3.455069949723412e-08,0.50-1.00,0.25-1.00,1.6666666666666667e-05,pneumatic_feed,-0.028202696144140758,2.25,0.0,0.0,light,3.1519999999998745
aluminum,heavily_coated,0.38082910548373433,0.7296169152095293,0.7296169152095293,0.0218,0.05986633538204304,0.08166633538204304,2700.0,,2224.2103928046563,0.18164311189901078,1.6542273156182306,1.6885112627302412,9.669604730617331e-08,0.50-1.00,0.25-1.00,1.6666666666666667e-05,pneumatic_feed,0.004154217718986131,0.5472137806634841,8.833851021565822e-32,-0.2904287080159029,active,
copper,partial,0.3903669638701016,0.6075108472660333,0.6075108472660333,0.012,0.05699357672503484,0.06899357672503484,8900.0,,2374.040954244384,0.16379357672503483,1.5687775898825307,1.6034038731012679,6.045120192519016e-08,0.50-1.00,0.25-1.00,1.6666666666666667e-05,pneumatic_feed,0.01995856815854844,0.5644356157450597,2.10844244631208e-34,-0.29060531983675436,active,
aluminum,partial,0.23293316023377653,0.6468590916112641,0.6468590916112641,0.0218,0.036617092788749674,0.058417092788749674,2700.0,,2293.164103105979,0.13395998019097188,1.4463992150180356,1.450046843752813,5.6052430353618106e-08,0.50-1.00,0.25-1.00,1.6666666666666667e-05,pneumatic_feed,-0.010482302292943523,0.5916599030838129,1.726601930728157e-36,-0.2902977019619683,active,
copper,partial,0.3375316849609176,0.7918766761946447,0.7918766761946447,0.012,0.049279626004293975,0.06127962600429397,8900.0,,2547.0068305142267,0.15607962600429398,1.5786719483005074,1.5651919402307817,9.787264353960221e-08,0.50-1.00,0.25-1.00,1.6666666666666667e-05,pneumatic_feed,-0.004729372886345679,0.5623713038610249,-1.950758760633918e-33,-0.29061067438458293,active,
copper,partial,0.16050758601875503,0.4529543628292866,0.4529543628292866,0.012,0.02343410755873823,0.03543410755873823,8900.0,,3675.388390771587,0.13023410755873824,1.4411051210844317,1.4297393301724464,2.671982642358975e-08,0.25-0.50,0.25-1.00,1.6666666666666667e-05,pneumatic_feed,-0.04583718038812615,0.5929126481536756,-6.068053730700928e-36,-0.29032710021393004,active,
aluminum,partial,0.10121937661323893,0.6514485856360953,0.6514485856360953,0.0218,0.015911686003601162,0.03771168600360116,2700.0,,2426.1482025793653,0.09149413921387436,1.2296153793714082,1.198370564183288,3.8828764033802975e-08,0.50-1.00,0.25-1.00,1.6666666666666667e-05,pneumatic_feed,-0.005486476099647563,2.25,0.0,0.0,light,3.429999999999844
aluminum,heavily_coated,0.2801523573076848,0.5981263552420287,0.5981263552420287,0.0218,0.04403995056876804,0.06583995056876804,2700.0,,2265.857131283112,0.14918392151957063,1.5014386591279607,1.530225745493514,5.337131425683284e-08,0.50-1.00,0.25-1.00,1.6666666666666667e-05,pneumatic_feed,-0.003170710035574812,0.5790116937116213,-7.975240694015574e-35,-0.29052406053186103,active,
copper,partial,0.10783179371769747,0.4772451354746191,0.4772451354746191,0.012,0.01574344188278383,0.02774344188278383,8900.0,,4417.0237564801955,0.12254344188278382,1.422890615117233,1.3868820655672836,2.791085206848219e-08,0.25-0.50,0.25-1.00,1.6666666666666667e-05,pneumatic_feed,-0.036791588985761285,0.5972789606718536,-8.242495507664678e-37,-0.2902230329022501,active,
copper,bare_like,0.013243382594810116,0.3896846979390123,0.3896846979390123,0.012,0.0019335338588422762,0.013933533858842276,8900.0,,7803.729833393237,0.10873353385884227,1.3681039016393897,1.3064002248347895,1.6511639862003695e-08,0.25-0.50,0.25-1.00,1.6666666666666667e-05,pneumatic_feed,0.048912233233716365,0.6109247545266376,1.0052656190036647e-37,-0.2897583486204239,active,
aluminum,partial,0.1935752067856737,0.6235591056531347,0.6235591056531347,0.0218,0.030430022506707906,0.052230022506707906,2700.0,,2321.855833092821,0.12127058241976905,1.383890833755669,1.3796604878232526,4.7153150416045796e-08,0.50-1.00,0.25-1.00,1.6666666666666667e-05,pneumatic_feed,-0.008157711930246241,0.6069134903726616,1.5660546258038355e-37,-0.2898156083087191,active,
aluminum,partial,0.052938475432838805,0.7651197458425214,0.7651197458425214,0.0218,0.00832192833804226,0.03012192833804226,2700.0,,2520.6850309250954,0.07592789386430156,1.139221838671074,1.0916795418501153,4.444881361139215e-08,0.50-1.00,0.25-1.00,1.6666666666666667e-05,pneumatic_feed,-0.018399079264873372,2.25,0.0,0.0,light,2.8539999999999073
copper,heavily_coated,0.5618458477887329,0.8773292201618565,0.8773292201618565,0.012,0.082029493777155,0.094029493777155,8900.0,,2008.1943036370171,0.18882949377715502,1.6931731064596542,1.7215887239193413,1.45343300185576e-07,0.50-1.00,0.25-1.00,1.6666666666666667e-05,pneumatic_feed,-0.01025915927684008,0.5397928183730967,-2.2646548979450615e-31,-0.2902569951624069,active,
aluminum,heavily_coated,0.2972351427925892,0.7926163553276203,0.7926163553276203,0.0218,0.04672536444699503,0.06852536444699503,2700.0,,2257.4353837609133,0.15469158238775868,1.5593894930346535,1.5582166335777128,9.718354595107528e-08,0.50-1.00,0.25-1.00,1.6666666666666667e-05,pneumatic_feed,-0.005082167286851499,0.5664120854260268,4.051072608154988e-33,-0.29059869656480886,active,
aluminum,bare_like,0.04010840087892354,0.8137871284431517,0.8137871284431517,0.0218,0.0063050406181667795,0.02810504061816678,2700.0,,2554.394085485457,0.07179134952737375,1.1127548167815047,1.0615257991126068,4.7543784641049466e-08,0.50-1.00,0.25-1.00,1.6666666666666667e-05,pneumatic_feed,0.007483567096262662,2.25,0.0,0.0,light,2.6899999999999253
aluminum,partial,0.13720195427042087,0.7054382608919958,0.7054382608919958,0.0218,0.02156814721131016,0.04336814721131016,2700.0,,2377.2120486032604,0.1030952820763264,1.3010613337558823,1.2720784360525963,5.130465988446547e-08,0.50-1.00,0.25-1.00,1.6666666666666667e-05,pneumatic_feed,-0.02702934617096797,2.25,0.0,0.0,light,5.0899999999996615
aluminum,partial,0.22638161320563488,0.5531719503551329,0.5531719503551329,0.0218,0.03558718959592581,0.05738718959592581,2700.0,,2297.510940019778,0.13184769591362874,1.4188976194507434,1.438569231931615,4.034529034947998e-08,0.50-1.00,0.25-1.00,1.6666666666666667e-05,pneumatic_feed,0.002015502503855981,0.5982488982922134,-3.916215645201798e-37,-0.2901171895688398,active,
aluminum,heavily_coated,0.2938207465426952,0.5847854482750084,0.5847854482750084,0.0218,0.04618862135651168,0.06798862135651168,2700.0,,2259.0654704917033,0.15359074689283034,1.515787127176869,1.5526623468191225,5.252404522872046e-08,0.50-1.00,0.25-1.00,1.6666666666666667e-05,pneumatic_feed,0.013806553673874835,0.5758260993352923,2.1089878107691245e-34,-0.2905567753093401,active,
copper,partial,0.07023255142151331,0.6349454911594752,0.6349454911594752,0.012,0.010253952507540944,0.022253952507540944,8900.0,,5259.917422214153,0.11705395250754094,1.4203685146097178,1.3554625920911143,4.7190977144103364e-08,0.50-1.00,0.25-1.00,1.6666666666666667e-05,pneumatic_feed,-0.0021433444702948757,0.597889805562656,3.868955308838552e-37,-0.29021789874527326,active,
copper,partial,0.1399720118101645,0.34531744424972743,0.34531744424972743,0.012,0.020435913724284018,0.03243591372428402,8900.0,,3922.686279345521,0.127235913724284,1.4054798649133764,1.413186081808182,1.5172136766032003e-08,0.25-0.50,0.25-1.00,1.6666666666666667e-05,pneumatic_feed,-0.01678562164032226,0.6015308706170011,3.003736370737228e-38,-0.2900767801224311,active,
aluminum,partial,0.1788636688262908,0.7131163978137263,0.7131163978137263,0.0218,0.028117368739492915,0.049917368739492915,2700.0,,2334.406608537679,0.11652743546628441,1.372838280888913,1.3524106724951561,5.925827902555108e-08,0.50-1.00,0.25-1.00,1.6666666666666667e-05,pneumatic_feed,-0.02735918346688066,0.6097165326590321,-4.6802692715852783e-38,-0.28970229201912007,active,
aluminum,partial,0.0656964989351439,0.5545780071793712,0.5545780071793712,0.0218,0.010327489632604624,0.032127489632604624,2700.0,,2491.3620434398904,0.08004120822167975,1.1500474695762017,1.1208598504039144,2.4617215151157794e-08,0.50-1.00,0.25-1.00,1.6666666666666667e-05,pneumatic_feed,-0.004629824955118595,2.25,0.0,0.0,light,2.893999999999903
aluminum,bare_like,0.04260848552175258,0.7105084843568426,0.7105084843568426,0.0218,0.006698053924019506,0.028498053924019506,2700.0,,2547.4512052866785,0.07259740181706825,1.1131952606645672,1.067468415889062,3.664878781980607e-08,0.50-1.00,0.25-1.00,1.6666666666666667e-05,pneumatic_feed,0.004021441735002366,2.25,0.0,0.0,light,2.693999999999925
aluminum,partial,0.2529640950983858,0.8715114449960211,0.8715114449960211,0.0218,0.03976595574946625,0.06156595574946625,2700.0,,2280.775993669,0.14041815390067056,1.5061531860163213,1.4845886109036823,1.0665210917786336e-07,0.50-1.00,0.25-1.00,1.6666666666666667e-05,pneumatic_feed,-0.006770604963430361,0.5779600416610857,4.881432966162646e-35,-0.29053718330910516,active,
copper,partial,0.15260349248862504,0.8728142732247177,0.8728142732247177,0.012,0.022280109903339253,0.034280109903339254,8900.0,,3765.4520439785824,0.12908010990333924,1.4856251648041987,1.4233908124766061,9.833384157060824e-08,0.50-1.00,0.25-1.00,1.6666666666666667e-05,pneumatic_feed,0.0042609905833236525,0.5825737382264692,-7.06642176025093e-35,-0.2905411814496839,active,
copper,partial,0.30843994491723953,0.6653037394355321,0.6653037394355321,0.012,0.045032231957916974,0.05703223195791697,8900.0,,2662.2179554528243,0.15183223195791695,1.5459367517991662,1.5437482673063847,6.720535897572647e-08,0.50-1.00,0.25-1.00,1.6666666666666667e-05,pneumatic_feed,0.0379808446531459,0.5692744870790201,3.19928991657776e-34,-0.2906203490325542,active,
copper,partial,0.08754127767168352,0.49365119482646974,0.49365119482646974,0.012,0.012781026540065792,0.024781026540065792,8900.0,,4825.50738351085,0.11958102654006579,1.415699872803274,1.370015982597602,2.9140879986618283e-08,0.25-0.50,0.25-1.00,1.6666666666666667e-05,pneumatic_feed,-0.03904774677531611,0.5990254310293393,-6.991053080518746e-37,-0.2901764006012195,active,
aluminum,heavily_coated,0.3797411886059434,0.6914553435479287,0.6914553435479287,0.0218,0.059695314848854306,0.0814953148488543,2700.0,,2224.5739764878135,0.1812923566184422,1.6446794859950866,1.686880206026222,8.667777784061636e-08,0.50-1.00,0.25-1.00,1.6666666666666667e-05,pneumatic_feed,0.036601461373108636,0.5490724853399088,4.541000807635715e-32,-0.2904594431048941,active,
aluminum,partial,0.11652356559748234,0.9073260847216441,0.9073260847216441,0.0218,0.018317504511924224,0.040117504511924224,2700.0,,2403.648082238581,0.09642836278428428,1.2780935191250216,1.2302599653171382,7.938374555140514e-08,0.50-1.00,0.25-1.00,1.6666666666666667e-05,pneumatic_feed,-0.013143204820100247,2.25,0.0,0.0,light,4.113999999999769
aluminum,bare_like,0.03204583958014352,0.7177887372454737,0.7177887372454737,0.0218,0.005037605981998563,0.026837605981998563,2700.0,,2578.169572406899,0.06919189913903408,1.0895220335767926,1.0421305335159694,3.564909672407335e-08,0.50-1.00,0.25-1.00,1.6666666666666667e-05,pneumatic_feed,0.01759994702443093,2.25,0.0,0.0,light,2.6239999999999326
aluminum,heavily_coated,0.2965910147718941,0.6710035703235044,0.6710035703235044,0.0218,0.04662410752214176,0.06842410752214176,2700.0,,2257.7409434623023,0.15448390907260637,1.5381251980588362,1.5571703300550104,6.955572989693604e-08,0.50-1.00,0.25-1.00,1.6666666666666667e-05,pneumatic_feed,0.0177846606114267,0.5709540757871254,9.909792750509409e-34,-0.2905888394522379,active,
copper,partial,0.3587508644082841,0.9583859596885804,0.9583859596885804,0.012,0.05237762620360947,0.06437762620360947,8900.0,,2472.5612855027084,0.15917762620360948,1.6085397971603135,1.5806492403097705,1.4620523030473142e-07,0.50-1.00,0.25-1.00,1.6666666666666667e-05,pneumatic_feed,-0.020314038700664398,0.5562541522649295,-1.6665906125516477e-32,-0.29056658866490875,active,
aluminum,partial,0.238113363680943,0.6704535199296903,0.6704535199296903,0.0218,0.03743142077064424,0.05923142077064424,2700.0,,2289.8341424150444,0.13563012958437282,1.4578138069805424,1.45905809135768,6.09668177624305e-08,0.50-1.00,0.25-1.00,1.6666666666666667e-05,pneumatic_feed,0.02139088682839237,0.5889790836118777,-4.610015885003936e-36,-0.2903588353754196,active,
aluminum,bare_like,0.0477342175716689,0.524764519993907,0.524764519993907,0.0218,0.007503819002266352,0.029303819002266352,2700.0,,2533.7990615332183,0.07424998908728177,1.109746269261971,1.0795498268787664,2.044679875212899e-08,0.50-1.00,0.25-1.00,1.6666666666666667e-05,pneumatic_feed,0.018331627162537483,2.25,0.0,0.0,light,2.6799999999999264
aluminum,partial,0.10899061217343053,0.6463494965513871,0.6463494965513871,0.0218,0.01713332423366328,0.03893332423366328,2700.0,,2414.3754770767796,0.09399966327083574,1.2437232770902813,1.2146681500307144,3.9270020464510823e-08,0.50-1.00,0.25-1.00,1.6666666666666667e-05,pneumatic_feed,-0.037197570679797086,2.25,0.0,0.0,light,3.5979999999998253
aluminum,partial,0.12819560795538276,0.8423031551652278,0.8423031551652278,0.0218,0.020152349570586175,0.041952349570586175,2700.0,,2388.2225187964614,0.10019154596089495,1.2961502376436675,1.2540360861642728,7.108335751511362e-08,0.50-1.00,0.25-1.00,1.6666666666666667e-05,pneumatic_feed,0.004916648275286795,2.25,0.0,0.0,light,4.6899999999997055
aluminum,partial,0.09368349933201986,0.542351080844087,0.542351080844087,0.0218,0.01472704609499352,0.03652704609499352,2700.0,,2438.316440590686,0.08906449701963652,1.2030233715501226,1.1823520394621116,2.6197849301617175e-08,0.50-1.00,0.25-1.00,1.6666666666666667e-05,pneumatic_feed,0.0049844256144771565,2.25,0.0,0.0,light,3.2139999999998676
aluminum,partial,0.050168647463049665,0.8822970745874645,0.8822970745874645,0.0218,0.007886511381191407,0.029686511381191407,2700.0,,2527.574650489312,0.07503487362856184,1.1385588067589845,1.0852406997868753,5.84107568977843e-08,0.50-1.00,0.25-1.00,1.6666666666666667e-05,pneumatic_feed,0.023220875932775917,2.25,0.0,0.0,light,2.8519999999999075
aluminum,partial,0.09522255718179046,0.7115735420647191,0.7115735420647191,0.0218,0.01496898598897746,0.03676898598897746,2700.0,,2435.7675973938854,0.08956070466098107,1.2233900171716308,1.1856411009908348,4.5347890076311244e-08,0.50-1.00,0.25-1.00,1.6666666666666667e-05,pneumatic_feed,0.003879379047857477,2.25,0.0,0.0,light,3.3899999999998482
aluminum,partial,0.18490365670261905,0.8011329701969148,0.8011329701969148,0.0218,0.02906685483365172,0.05086685483365172,2700.0,,2329.11565586148,0.1184747879574914,1.392228439995796,1.3636642811853603,7.603878181572224e-08,0.50-1.00,0.25-1.00,1.6666666666666667e-05,pneumatic_feed,-0.042435018303740975,0.6048207092597926,-3.0048016779663226e-37,-0.28989619137047706,active,
aluminum,partial,0.05936507368562599,0.7997997322467421,0.7997997322467421,0.0218,0.009332189583380404,0.031132189583380404,2700.0,,2505.4419380968343,0.07799989340698268,1.155135136643463,1.1064747294520558,4.9894941527372985e-08,0.50-1.00,0.25-1.00,1.6666666666666667e-05,pneumatic_feed,-0.0041153412372188156,2.25,0.0,0.0,light,2.9179999999999002
copper,heavily_coated,0.6245211820474702,0.32418592533687396,0.32418592533687396,0.012,0.09118009257893064,0.10318009257893064,8900.0,,1918.7818854444229,0.19798009257893065,1.493410823462516,1.7628089894026795,2.0807017608371162e-08,0.25-0.50,0.25-1.00,1.6666666666666667e-05,pneumatic_feed,0.03009622116128153,0.5808141622171297,5.082329598006642e-35,-0.29047102745289344,active,
aluminum,partial,0.10119565770902694,0.6273370220547199,0.6273370220547199,0.0218,0.01590795739185903,0.03770795739185903,2700.0,,2426.185302249198,0.09148649200196737,1.2271259681879076,1.198320482368085,3.6004668044384894e-08,0.50-1.00,0.25-1.00,1.6666666666666667e-05,pneumatic_feed,0.0193821713850497,2.25,0.0,0.0,light,3.411999999999846
aluminum,partial,0.24668474584482045,0.8643596740056646,0.8643596740056646,0.0218,0.038778842046805775,0.060578842046805775,2700.0,,2284.520869528998,0.13839362890782855,1.4959876464675792,1.4738474817080895,1.0339632225754367e-07,0.50-1.00,0.25-1.00,1.6666666666666667e-05,pneumatic_feed,-0.02754841297190075,0.580233666001885,-7.280010974772395e-35,-0.2905100989945104,active,
copper,partial,0.452120435612725,0.8918596188145651,0.8918596188145651,0.012,0.06600958359945786,0.07800958359945785,8900.0,,2215.2353034821076,0.17280958359945786,1.6467508858481943,1.646942386417051,1.3745508949248313e-07,0.50-1.00,0.25-1.00,1.6666666666666667e-05,pneumatic_feed,-0.009134380845608508,0.5486678997721293,5.8640580772718287e-33,-0.2904522816128792,active,
aluminum,partial,0.06162370687386215,0.8027973130848023,0.8027973130848023,0.0218,0.009687246720571127,0.03148724672057113,2700.0,,2500.3170341269483,0.07872809933320189,1.1601946278249906,1.1116277466552988,5.07389630453665e-08,0.50-1.00,0.25-1.00,1.6666666666666667e-05,pneumatic_feed,-0.004873091770240768,2.25,0.0,0.0,light,2.9439999999998974
aluminum,partial,0.13710951384828435,0.8598144404681527,0.8598144404681527,0.0218,0.021553615576950305,0.043353615576950305,2700.0,,2377.3214064900712,0.10306547835982535,1.313871876597706,1.2718945507925643,7.619433671882022e-08,0.50-1.00,0.25-1.00,1.6666666666666667e-05,pneumatic_feed,0.022949156058543346,0.6305936495726263,6.728334314823221e-40,-0.26916304385373496,active,
aluminum,partial,0.22682562426438396,0.6485069580275652,0.6485069580275652,0.0218,0.03565698813436116,0.05745698813436116,2700.0,,2297.2114237945093,0.13199084951908002,1.437813911315559,1.4393499831700003,5.551023991062294e-08,0.50-1.00,0.25-1.00,1.6666666666666667e-05,pneumatic_feed,-0.007442378126272566,0.5936968644876767,-6.56833003447294e-36,-0.2902466497566068,active,
aluminum,partial,0.14203453432126578,0.7055916965854399,0.7055916965854399,0.0218,0.022327828795302984,0.044127828795302984,2700.0,,2371.5953643669577,0.1046533542105193,1.309615658261216,1.2816548083194286,5.210268149173122e-08,0.50-1.00,0.25-1.00,1.6666666666666667e-05,pneumatic_feed,-0.014398206521756593,0.6369717456969727,1.9984681938172928e-40,-0.2568220821655099,active,
aluminum,partial,0.12536194405828965,0.7107591157430058,0.7107591157430058,0.0218,0.019706897605963135,0.041506897605963135,2700.0,,2391.8420819187,0.09927794438383317,1.2802637743792906,1.2483054974839474,5.015308507320335e-08,0.50-1.00,0.25-1.00,1.6666666666666667e-05,pneumatic_feed,-0.0348690974398849,2.25,0.0,0.0,light,4.145999999999765
copper,partial,0.39939866466818436,0.7177448384197052,0.7177448384197052,0.012,0.05831220504155492,0.07031220504155491,8900.0,,2348.272322621267,0.1651122050415549,1.5954952295229203,1.6098450765002967,8.50588160437622e-08,0.50-1.00,0.25-1.00,1.6666666666666667e-05,pneumatic_feed,0.03580147997755144,0.5589051585463992,1.8966148379552336e-33,-0.2905796787484281,active,
aluminum,partial,0.19834933997479381,0.5826061341791438,0.5826061341791438,0.0218,0.031180516244037587,0.05298051624403759,2700.0,,2318.0183850151566,0.12280981070127328,1.3841635421164036,1.3883885582815731,4.168532269663936e-08,0.50-1.00,0.25-1.00,1.6666666666666667e-05,pneumatic_feed,0.027027601297326873,0.6068447518274388,-1.329514261147487e-37,-0.2898180512159482,active,
aluminum,bare_like,0.029954804583510967,0.916582771411677,0.916582771411677,0.0218,0.004708895280527925,0.026508895280527925,2700.0,,2584.707050998816,0.06851772854576978,1.0928461861743495,1.0370411116510292,5.756338659051252e-08,0.50-1.00,0.25-1.00,1.6666666666666667e-05,pneumatic_feed,-0.01044782758646302,2.25,0.0,0.0,light,2.6239999999999326
aluminum,partial,0.06391960684496945,0.7815787431445753,0.7815787431445753,0.0218,0.0100481621960292,0.0318481621960292,2700.0,,2495.224683727422,0.0794683204428866,1.1639889967954715,1.116841420109206,4.8544441929803286e-08,0.50-1.00,0.25-1.00,1.6666666666666667e-05,pneumatic_feed,-0.03463161841766324,2.25,0.0,0.0,light,2.9679999999998947
aluminum,partial,0.08624236298412008,0.897763280237845,0.897763280237845,0.0218,0.013557299461103678,0.03535729946110368,2700.0,,2451.1317767650826,0.08666540024971016,1.2170868547895042,1.1663190482537147,6.985048459774117e-08,0.50-1.00,0.25-1.00,1.6666666666666667e-05,pneumatic_feed,0.0012980801067979724,2.25,0.0,0.0,light,3.3579999999998518
aluminum,partial,0.20757263883529337,0.777927980002374,0.777927980002374,0.0218,0.032630418824908115,0.054430418824908115,2700.0,,2310.9044023987312,0.12578349448688694,1.4263548276407063,1.4050970533974434,7.612064163905271e-08,0.50-1.00,0.25-1.00,1.6666666666666667e-05,pneumatic_feed,0.015234536382677083,0.5964437481498536,-5.284058815318193e-37,-0.2901719081057823,active,
aluminum,heavily_coated,0.2836622581828895,0.6977382438961146,0.6977382438961146,0.0218,0.04459170698635022,0.06639170698635022,2700.0,,2264.0711541224487,0.1503155486607454,1.525901678727848,1.5360185063270104,7.317941983549903e-08,0.50-1.00,0.25-1.00,1.6666666666666667e-05,pneumatic_feed,-0.006338515839295684,0.573607056788842,2.216839087937078e-34,-0.29057457811225085,active,
copper,heavily_coated,0.5914467901092637,0.9111558690386491,0.9111558690386491,0.012,0.08635123135595249,0.09835123135595249,8900.0,,1963.8923549101298,0.19315123135595252,1.7113511038096225,1.7411782583535298,1.6035512144347302e-07,0.50-1.00,0.25-1.00,1.6666666666666667e-05,pneumatic_feed,0.007141681726318314,0.5364144662627527,-4.343158968008599e-31,-0.29016724401207133,active,
aluminum,partial,0.22715321043849557,0.6179816518299993,0.6179816518299993,0.0218,0.035708484680931504,0.057508484680931504,2700.0,,2296.990910304328,0.13209646657747534,1.4329706083369433,1.4399257409325152,5.044781521727307e-08,0.50-1.00,0.25-1.00,1.6666666666666667e-05,pneumatic_feed,-0.022144961459513158,0.594853922631532,-1.699564215642405e-36,-0.29021565846411385,active,
aluminum,heavily_coated,0.4028857812362028,0.6983464010626954,0.6983464010626954,0.0218,0.06333364481033107,0.08513364481033107,2700.0,,2217.154042316517,0.18875440472836413,1.6727153101936865,1.7212463904439723,9.205320072865196e-08,0.50-1.00,0.25-1.00,1.6666666666666667e-05,pneumatic_feed,-0.005298037748214982,0.5436591864835725,-5.67139569422212e-31,-0.2903609691488329,active,
aluminum,partial,0.14812949443517237,0.8492620524309455,0.8492620524309455,0.0218,0.023285956525209095,0.045085956525209095,2700.0,,2364.7813757978033,0.10661843030084392,1.3330996295210726,1.2936316639608225,7.689811997372065e-08,0.50-1.00,0.25-1.00,1.6666666666666667e-05,pneumatic_feed,0.0017496857074446163,0.6208398414911535,-2.497170527313161e-39,-0.28587619868069275,active,
aluminum,partial,0.07034265461009215,0.5257411550006927,0.5257411550006927,0.0218,0.011057865304706482,0.03285786530470648,2700.0,,2481.572509859925,0.08153917527283981,1.156036481850224,1.1312996486707196,2.25377348008019e-08,0.50-1.00,0.25-1.00,1.6666666666666667e-05,pneumatic_feed,0.010200911299052946,2.25,0.0,0.0,light,2.9219999999999
aluminum,partial,0.1623664862244602,0.9117489464816182,0.9117489464816182,0.0218,0.025524011634485144,0.047324011634485144,2700.0,,2349.9398082006683,0.11120857882362821,1.3629507307466975,1.321185018540427,9.244615038202162e-08,0.50-1.00,0.25-1.00,1.6666666666666667e-05,pneumatic_feed,-0.023768044549502498,0.6122524602954403,2.730113865907292e-38,-0.2895932369049992,active,
aluminum,partial,0.0918806143306139,0.8390391613010677,0.8390391613010677,0.0218,0.014443632572772508,0.03624363257277251,2700.0,,2441.3454884432567,0.08848322886633322,1.2254600817620147,1.1784874883875376,6.22910175511333e-08,0.50-1.00,0.25-1.00,1.6666666666666667e-05,pneumatic_feed,0.029126059325808966,2.25,0.0,0.0,light,3.401999999999847
copper,partial,0.3547100161810849,0.6753887835061687,0.6753887835061687,0.012,0.0517876623624384,0.0637876623624384,8900.0,,2486.1808144238144,0.15858766236243838,1.5682947567061882,1.577717322095702,7.233976359582711e-08,0.50-1.00,0.25-1.00,1.6666666666666667e-05,pneumatic_feed,0.030445361226676394,0.5645367361435044,3.863681545748941e-33,-0.2906127639305436,active,
aluminum,partial,0.15297684059132066,0.8521927308206676,0.8521927308206676,0.0218,0.024047959340955605,0.045847959340955605,2700.0,,2359.5655014990007,0.1081812631750477,1.341970736722859,1.3030783195171152,7.856474384986108e-08,0.50-1.00,0.25-1.00,1.6666666666666667e-05,pneumatic_feed,0.03376371134283998,0.6178508166977543,6.877713187975892e-39,-0.2887793563673556,active,
aluminum,partial,0.05507850291737726,0.6909365202066119,0.6909365202066119,0.0218,0.008658340658611707,0.030458340658611707,2700.0,,2515.4968546826885,0.0766178601255916,1.1394175887187665,1.096628438684355,3.657685116541728e-08,0.50-1.00,0.25-1.00,1.6666666666666667e-05,pneumatic_feed,0.016984944378598838,2.25,0.0,0.0,light,2.857999999999907
aluminum,partial,0.21922814861023115,0.6807062034569245,0.6807062034569245,0.0218,0.03446266496152834,0.05626266496152834,2700.0,,2302.438881663413,0.12954134739342463,1.4316597461187102,1.4259316213224227,6.002439990439843e-08,0.50-1.00,0.25-1.00,1.6666666666666667e-05,pneumatic_feed,-0.0042219915814732355,0.5951680692085575,-1.1983843996934486e-36,-0.2902073996239697,active,
aluminum,partial,0.11669422812169183,0.8098584625310545,0.8098584625310545,0.0218,0.01834433266072996,0.04014433266072996,2700.0,,2403.4123796282897,0.09648338608871466,1.2722148082465599,1.2306109165973076,6.328062880253849e-08,0.50-1.00,0.25-1.00,1.6666666666666667e-05,pneumatic_feed,-0.024014112767247235,2.25,0.0,0.0,light,3.945999999999787
aluminum,partial,0.050037844062353176,0.7323360574005524,0.7323360574005524,0.0218,0.007865949086601917,0.029665949086601917,2700.0,,2527.9050093837172,0.07499270130414329,1.1309907353525703,1.084935684577585,4.0219793164569855e-08,0.50-1.00,0.25-1.00,1.6666666666666667e-05,pneumatic_feed,-0.005591806533108908,2.25,0.0,0.0,light,2.819999999999911
aluminum,partial,0.08707333766278164,0.5545729340401704,0.5545729340401704,0.0218,0.013687928680589274,0.035487928680589274,2700.0,,2449.6587439155637,0.08693331479585742,1.1920773272574348,1.1681204171812845,2.673643999728349e-08,0.50-1.00,0.25-1.00,1.6666666666666667e-05,pneumatic_feed,-0.027647378350920255,2.25,0.0,0.0,light,3.1499999999998747
aluminum,partial,0.11796996065052673,0.9204092386997474,0.9204092386997474,0.0218,0.018544877814262797,0.0403448778142628,2700.0,,2401.6603906799273,0.09689469501333632,1.281629236199326,1.2332311757855163,8.208464771541358e-08,0.50-1.00,0.25-1.00,1.6666666666666667e-05,pneumatic_feed,0.006394816512617916,2.25,0.0,0.0,light,4.165999999999763
aluminum,partial,0.17542077627200664,0.786932967365242,0.786932967365242,0.0218,0.027576146029959447,0.04937614602995945,2700.0,,2337.513592248108,0.11541741247785767,1.3750619771362604,1.345953827682233,7.147379024946793e-08,0.50-1.00,0.25-1.00,1.6666666666666667e-05,pneumatic_feed,0.02513769068835827,0.6091499026283632,5.235765052365979e-39,-0.2897262078007091,active,
aluminum,partial,0.12539924063313546,0.9975500938979546,0.9975500938979546,0.0218,0.019712760627528893,0.04151276062752889,2700.0,,2391.793936890956,0.0992899691725292,1.3000272266732018,1.2483810941102955,9.880406291219136e-08,0.50-1.00,0.25-1.00,1.6666666666666667e-05,pneumatic_feed,0.03029567328400839,2.25,0.0,0.0,light,4.955999999999676
copper,partial,0.44312590444450517,0.46415510512102587,0.46415510512102587,0.012,0.06469638204889776,0.07669638204889775,8900.0,,2236.0426589556764,0.17149638204889775,1.5416156118429998,1.6406727926797284,3.694717396485309e-08,0.25-0.50,0.25-1.00,1.6666666666666667e-05,pneumatic_feed,-0.005133132609089108,0.5702022341722391,-7.969478682865332e-34,-0.2905901750731131,active,
aluminum,bare_like,0.028931583539020776,0.5345212058534019,0.5345212058534019,0.0218,0.004548044932334065,0.026348044932334065,2700.0,,2587.965521689856,0.06818783184881569,1.069805349990644,1.0345415451778683,1.948214451237581e-08,0.50-1.00,0.25-1.00,1.6666666666666667e-05,pneumatic_feed,-0.000699809898442616,2.25,0.0,0.0,light,2.55799999999994
aluminum,partial,0.21610580605742222,0.8979097105481004,0.8979097105481004,0.0218,0.03397183271222677,0.05577183271222677,2700.0,,2304.6521277898587,0.12853467293097348,1.4519083381137776,1.4203803104537038,1.036300322740636e-07,0.50-1.00,0.25-1.00,1.6666666666666667e-05,pneumatic_feed,-0.00950474381770358,0.5903621409114798,3.615986321877451e-36,-0.2903290919734274,active,
copper,heavily_coated,0.5054440956512786,0.7078768773982903,0.7078768773982903,0.012,0.07379483796508667,0.08579483796508666,8900.0,,2104.961583336493,0.18059483796508669,1.637068858362675,1.6836319599900689,9.049420840167123e-08,0.50-1.00,0.25-1.00,1.6666666666666667e-05,pneumatic_feed,0.03761872774234171,0.5505655893158311,6.641176598865756e-32,-0.29047197184058654,active,
aluminum,partial,0.1305585207702984,0.6137202217291632,0.6137202217291632,0.0218,0.020523799465090906,0.042323799465090906,2700.0,,2385.2625226811047,0.10095337268155191,1.2789783942566542,1.258794716230426,3.8024341269934494e-08,0.50-1.00,0.25-1.00,1.6666666666666667e-05,pneumatic_feed,0.003969969200769649,2.25,0.0,0.0,light,4.127999999999767
aluminum,heavily_coated,0.4347479601184819,0.8201357540519232,0.8201357540519232,0.0218,0.06834237933062536,0.09014237933062536,2700.0,,2207.9191973822394,0.19902708982179973,1.7344370879447601,1.7674640595618822,1.3387012958765342e-07,0.50-1.00,0.25-1.00,1.6666666666666667e-05,pneumatic_feed,-0.03983605110721669,0.5321991718500503,-4.25687204242826e-30,-0.2900694243680613,active,
aluminum,heavily_coated,0.329427939040538,0.6758115556810901,0.6758115556810901,0.0218,0.05178607201717257,0.07358607201717257,2700.0,,2243.235129978642,0.16507086182605984,1.5809026993075186,1.6096435155716422,7.539137180309407e-08,0.50-1.00,0.25-1.00,1.6666666666666667e-05,pneumatic_feed,-0.018694337818656294,0.5619088197412495,5.9162701669965286e-33,-0.29058847803543564,active,
aluminum,partial,0.09837494506401212,0.5104682077305642,0.5104682077305642,0.0218,0.015464541364062709,0.03726454136406271,2700.0,,2430.6502300183715,0.09057706603808816,1.2071973669170923,1.192349625124205,2.3602371792854855e-08,0.50-1.00,0.25-1.00,1.6666666666666667e-05,pneumatic_feed,0.01984991860857027,2.25,0.0,0.0,light,3.2699999999998615
aluminum,partial,0.19671247371339795,0.8323647286130157,0.8323647286130157,0.0218,0.030923200867746158,0.05272320086774616,2700.0,,2319.321790736413,0.12228206864993663,1.4146112207438855,1.3854022338401961,8.472081297205324e-08,0.50-1.00,0.25-1.00,1.6666666666666667e-05,pneumatic_feed,0.02973841183582672,0.5992927949478085,-1.667322404060453e-37,-0.29008610620595315,active,
aluminum,bare_like,0.027775680064986076,0.8145491047628238,0.8145491047628238,0.0218,0.004366336906215809,0.02616633690621581,2700.0,,2591.6947126688824,0.06781515700975216,1.0839531297006548,1.031710572023506,4.499469507604026e-08,0.50-1.00,0.25-1.00,1.6666666666666667e-05,pneumatic_feed,-0.02766263844394857,2.25,0.0,0.0,light,2.601999999999935
aluminum,partial,0.09201680796889294,0.5903227104029156,0.5903227104029156,0.0218,0.014465042212709972,0.03626504221270997,2700.0,,2441.1150147847966,0.08852713905725078,1.2056926363623772,1.178779866914348,3.085001730710536e-08,0.50-1.00,0.25-1.00,1.6666666666666667e-05,pneumatic_feed,0.019535930135802383,2.25,0.0,0.0,light,3.2439999999998643
copper,heavily_coated,0.6899535448429648,0.436487237472695,0.436487237472695,0.012,0.10073321754707285,0.11273321754707284,8900.0,,1840.9233947431278,0.20753321754707288,1.5883384262698323,1.804838325894831,3.953945865277226e-08,0.25-0.50,0.25-1.00,1.6666666666666667e-05,pneumatic_feed,0.03621078206618271,0.5603737286467565,1.1694390298802838e-33,-0.2905436350923089,active,
aluminum,partial,0.11852929156283987,0.746293862675899,0.746293862675899,0.0218,0.018632804633678432,0.04043280463367843,2700.0,,2400.897730747986,0.0970750288927752,1.270792007704364,1.2343782457176566,5.406637704004031e-08,0.50-1.00,0.25-1.00,1.6666666666666667e-05,pneumatic_feed,0.017453228101296077,2.25,0.0,0.0,light,3.925999999999789
aluminum,bare_like,0.04677678623204662,0.8807941846512286,0.8807941846512286,0.0218,0.007353310795677727,0.029153310795677727,2700.0,,2536.2918183562433,0.07394130364907416,1.1308132258866046,1.0773034401114052,5.736354474805865e-08,0.50-1.00,0.25-1.00,1.6666666666666667e-05,pneumatic_feed,-0.004825780809294521,2.25,0.0,0.0,light,2.811999999999912
copper,partial,0.46589795356263397,0.44161641098126303,0.44161641098126303,0.012,0.06802110122014456,0.08002110122014455,8900.0,,2184.6875205978167,0.17482110122014455,1.538133655890347,1.6564999259738555,3.409449478411309e-08,0.25-0.50,0.25-1.00,1.6666666666666667e-05,pneumatic_feed,0.003348666523118741,0.5709523357299433,-2.881075665153031e-34,-0.29058322233757944,active,
aluminum,partial,0.0669671953850427,0.7894769546478744,0.7894769546478744,0.0218,0.010527243114528712,0.03232724311452871,2700.0,,2488.640716409711,0.08045089346409162,1.1709464935723441,1.1237247099767729,5.014293906428547e-08,0.50-1.00,0.25-1.00,1.6666666666666667e-05,pneumatic_feed,-0.012972000074116455,2.25,0.0,0.0,light,3.047999999999886
aluminum,bare_like,0.024843044986832263,0.5069765525114296,0.5069765525114296,0.0218,0.003905326671930033,0.025705326671930033,2700.0,,2601.3925824652365,0.0668696461342046,1.0580580990359996,1.0244930286353713,1.7187185829697945e-08,0.50-1.00,0.25-1.00,1.6666666666666667e-05,pneumatic_feed,-0.003561077655267947,2.25,0.0,0.0,light,2.485999999999948
aluminum,heavily_coated,0.3537068950071315,0.8378459166509339,0.8378459166509339,0.0218,0.05560272389512107,0.07740272389512107,2700.0,,2233.7539471288246,0.17289864001924926,1.640331942474285,1.6473667028752697,1.2137238668326234e-07,0.50-1.00,0.25-1.00,1.6666666666666667e-05,pneumatic_feed,-0.012781571441308781,0.5499240999088825,4.654700322209146e-32,-0.29047320906313767,active,
aluminum,heavily_coated,0.3585315779381092,0.9910253971346628,0.9910253971346628,0.0218,0.05636116405187076,0.07816116405187076,2700.0,,2231.980142046647,0.17445416604302577,1.6668161082210213,1.6547605839550725,1.7133690347467415e-07,0.50-1.00,0.25-1.00,1.6666666666666667e-05,pneumatic_feed,-0.01110394353229685,0.5447870794251536,8.065696820266739e-32,-0.29038465377235706,active,
copper,partial,0.15966512669758104,0.7045401536606152,0.7045401536606152,0.012,0.023311108497846827,0.03531110849784683,8900.0,,3684.707561808223,0.13011110849784682,1.4767673357380635,1.4290640150049976,6.458413933935443e-08,0.50-1.00,0.25-1.00,1.6666666666666667e-05,pneumatic_feed,-0.024561192463676326,0.5845941735610323,-3.117301583225488e-36,-0.29050580973934076,active,
aluminum,partial,0.14412973720849276,0.8143121345312458,0.8143121345312458,0.0218,0.022657194689175063,0.04445719468917506,2700.0,,2369.2198599080025,0.10532886857339015,1.3232130151928754,1.2857845547088873,6.984402065621802e-08,0.50-1.00,0.25-1.00,1.6666666666666667e-05,pneumatic_feed,-0.006136606176859907,0.6249259627390786,-1.2539877262933625e-39,-0.27953735297452614,active,
aluminum,partial,0.1327275543567506,0.7172388739419047,0.7172388739419047,0.0218,0.0208647715448812,0.0426647715448812,2700.0,,2382.59076796477,0.10165269080015996,1.2942252811246016,1.2631471152638203,5.2293356605767065e-08,0.50-1.00,0.25-1.00,1.6666666666666667e-05,pneumatic_feed,0.03678397226212019,2.25,0.0,0.0,light,4.6179999999997134
aluminum,partial,0.07420641294594132,0.5135195216094433,0.5135195216094433,0.0218,0.011665248115101973,0.03346524811510197,2700.0,,2473.756934751138,0.08278488959790095,1.1620778132075695,1.1399086047261215,2.1830565715553045e-08,0.50-1.00,0.25-1.00,1.6666666666666667e-05,pneumatic_feed,0.019252831432519987,2.25,0.0,0.0,light,2.9519999999998965
copper,heavily_coated,0.690010128618334,0.7512304927270883,0.7512304927270883,0.012,0.10074147877827676,0.11274147877827675,8900.0,,1840.8617753403662,0.20754147877827678,1.7154684083110079,1.8048742479474387,1.1712546347420586e-07,0.50-1.00,0.25-1.00,1.6666666666666667e-05,pneumatic_feed,-0.009230230864905663,0.5356566915266913,-4.762720875561807e-31,-0.29013336277356316,active,
copper,partial,0.10005421281091631,0.3152408840797989,0.3152408840797989,0.012,0.01460791507039378,0.02660791507039378,8900.0,,4562.849616333994,0.12140791507039378,1.3840875001314468,1.3804414637879077,1.2065131914929361e-08,0.25-0.50,0.25-1.00,1.6666666666666667e-05,pneumatic_feed,0.029466647277746172,0.6068620939286873,1.2430897956718085e-37,-0.28989400589893566,active,
copper,partial,0.2014787005350991,0.8456491380752591,0.8456491380752591,0.012,0.029415890278124465,0.041415890278124465,8900.0,,3288.976510305094,0.13621589027812447,1.5125589709933227,1.4622053938504815,9.741104319073335e-08,0.50-1.00,0.25-1.00,1.6666666666666667e-05,pneumatic_feed,-0.041135468002278665,0.5765380652639236,-1.7669403792260942e-34,-0.29060246734423323,active,
aluminum,partial,0.1644029510217821,0.816874073692497,0.816874073692497,0.0218,0.025844143900624145,0.047644143900624145,2700.0,,2347.930853207488,0.11186515543893277,1.3590856869528558,1.32507942394767,7.464574473708921e-08,0.50-1.00,0.25-1.00,1.6666666666666667e-05,pneumatic_feed,-0.03829758277536506,0.6132511559287046,-3.70671870010039e-38,-0.2895479827486379,active,
copper,partial,0.1708868794466879,0.9627575843760285,0.9627575843760285,0.012,0.024949484399216428,0.03694948439921643,8900.0,,3565.665030010822,0.13174948439921644,1.502143675431555,1.4380333470160214,1.2211888249505905e-07,0.50-1.00,0.25-1.00,1.6666666666666667e-05,pneumatic_feed,-0.006728983441436122,0.5788530970234351,6.318817328499169e-35,-0.29058643619066665,active,
copper,partial,0.15898919267273282,0.5956604043625807,0.5956604043625807,0.012,0.02321242213021899,0.03521242213021899,8900.0,,3692.2317257648538,0.130012422130219,1.4642842224707098,1.4285219556436357,4.612987876468811e-08,0.50-1.00,0.25-1.00,1.6666666666666667e-05,pneumatic_feed,-0.009330324563862019,0.5874719683134288,-2.587138598817284e-35,-0.2904519083113804,active,
aluminum,partial,0.15609239820022586,0.6827402390330497,0.6827402390330497,0.0218,0.024537724997075502,0.0463377249970755,2700.0,,2356.3036405137677,0.10918575010373482,1.3313792260488997,1.3091140262132333,5.089521598776364e-08,0.50-1.00,0.25-1.00,1.6666666666666667e-05,pneumatic_feed,-0.025769939703892908,0.6214840650898608,-1.6910177894177187e-39,-0.28504723802920096,active,
aluminum,bare_like,0.028345185709367143,0.6997817866075637,0.6997817866075637,0.0218,0.004455863193512516,0.026255863193512516,2700.0,,2589.850915332263,0.06799877132455706,1.0799571883241168,1.0331063424015205,3.3298627647335086e-08,0.50-1.00,0.25-1.00,1.6666666666666667e-05,pneumatic_feed,-0.02592207132421771,2.25,0.0,0.0,light,2.591999999999936
aluminum,partial,0.14759078779413726,0.858436221481282,0.858436221481282,0.0218,0.02320127184123838,0.04500127184123838,2700.0,,2365.37194478054,0.10644474589270779,1.332816149961958,1.292577553391649,7.844049003043607e-08,0.50-1.00,0.25-1.00,1.6666666666666667e-05,pneumatic_feed,-0.02796257832807139,0.6209445391996291,-3.437737792431434e-39,-0.2857477535572721,active,
aluminum,bare_like,0.0437220278227194,0.6075434543432763,0.6075434543432763,0.0218,0.006873102773731491,0.02867310277373149,2700.0,,2544.420098726151,0.07295641899032296,1.1086952388493483,1.0701046455707541,2.6928874425788668e-08,0.50-1.00,0.25-1.00,1.6666666666666667e-05,pneumatic_feed,0.01880475530684105,2.25,0.0,0.0,light,2.6699999999999275
aluminum,partial,0.1299164974968019,0.9624270772573343,0.9624270772573343,0.0218,0.02042287340649726,0.04222287340649726,2700.0,,2386.061625603174,0.10074637795794389,1.3068068307507505,1.2575035381373236,9.331793233911907e-08,0.50-1.00,0.25-1.00,1.6666666666666667e-05,pneumatic_feed,-0.02850461892254273,2.25,0.0,0.0,light,6.119999999999548
aluminum,partial,0.18495849663811686,0.8615729766525688,0.8615729766525688,0.0218,0.029075475671511974,0.050875475671511974,2700.0,,2329.0685214653595,0.11849246890109526,1.397855481435696,1.3637660326726104,8.795790690568786e-08,0.50-1.00,0.25-1.00,1.6666666666666667e-05,pneumatic_feed,0.010040347087407829,0.6034187155297204,-3.669372931641922e-37,-0.2899474014146278,active,
aluminum,partial,0.12790540008647783,0.85348042178615,0.85348042178615,0.0218,0.020106728893594314,0.041906728893594314,2700.0,,2388.589677233955,0.10009798004188131,1.2963772037624814,1.25345039580247,7.291425452453388e-08,0.50-1.00,0.25-1.00,1.6666666666666667e-05,pneumatic_feed,0.004880902888179719,2.25,0.0,0.0,light,4.701999999999704
copper,partial,0.3761630588131263,0.7492380012576033,0.7492380012576033,0.012,0.05491980658671644,0.06691980658671644,8900.0,,2416.6209502885467,0.16171980658671642,1.5905714215945335,1.5932212916557138,9.078263967249385e-08,0.50-1.00,0.25-1.00,1.6666666666666667e-05,pneumatic_feed,-0.03524621056448376,0.5599140247014869,-1.0135327885214759e-33,-0.29059075804340956,active,
aluminum,partial,0.1603885677616642,0.5930523952892826,0.5930523952892826,0.0218,0.02521308285213361,0.04701308285213361,2700.0,,2351.917198874357,0.11057087813203816,1.326544560030957,1.3173915527133424,3.88890099920707e-08,0.50-1.00,0.25-1.00,1.6666666666666667e-05,pneumatic_feed,0.009582530379341115,0.6234324456969123,-4.4154947570568795e-39,-0.28214874277703356,active,
aluminum,partial,0.23014259494688535,0.9981636316083236,0.9981636316083236,0.0218,0.03617841592565038,0.05797841592565038,2700.0,,2294.996714078174,0.1330602740368253,1.4825671532623703,1.445169215449184,1.32572027386326e-07,0.50-1.00,0.25-1.00,1.6666666666666667e-05,pneumatic_feed,0.003856199523301891,0.5832703790326553,5.007220160561145e-35,-0.2904665707155933,active,
aluminum,partial,0.09184387043165726,0.8943677094076123,0.8943677094076123,0.0218,0.014437856431856522,0.03623785643185652,2700.0,,2441.407714946844,0.08847138226587062,1.2284107128747372,1.1784085946924798,7.076769242497918e-08,0.50-1.00,0.25-1.00,1.6666666666666667e-05,pneumatic_feed,-0.013325787504467198,2.25,0.0,0.0,light,3.4219999999998447
copper,heavily_coated,0.500355219891075,0.6050782827065097,0.6050782827065097,0.012,0.07305186210409695,0.08505186210409695,8900.0,,2114.6140443576896,0.17985186210409695,1.6088185275555589,1.6801651191433258,6.5847314870366e-08,0.50-1.00,0.25-1.00,1.6666666666666667e-05,pneumatic_feed,0.006772568463114852,0.5561981647394553,6.0339089259147726e-33,-0.2905396305997441,active,
aluminum,partial,0.18208830890352556,0.8660090534610074,0.8660090534610074,0.0218,0.028624282159634223,0.05042428215963422,2700.0,,2331.5570720747073,0.11756709167358567,1.3934134583520952,1.3584303702835125,8.817198933467899e-08,0.50-1.00,0.25-1.00,1.6666666666666667e-05,pneumatic_feed,0.012552255518019563,0.6045247610332265,1.2869483198872532e-37,-0.28990732822548526,active,
aluminum,partial,0.13081026531801276,0.6903675315062647,0.6903675315062647,0.0218,0.020563373707991606,0.042363373707991606,2700.0,,2384.9502246352235,0.10103453764118049,1.2881235289275077,1.259300640361931,4.815380107726113e-08,0.50-1.00,0.25-1.00,1.6666666666666667e-05,pneumatic_feed,-0.0203048641548318,2.25,0.0,0.0,light,4.3719999999997405
copper,heavily_coated,0.48598156777914264,0.6319522738627654,0.6319522738627654,0.012,0.07095330889575482,0.08295330889575482,8900.0,,2142.8115558251284,0.17775330889575483,1.6111471940201103,1.6703340792870653,7.098821494004043e-08,0.50-1.00,0.25-1.00,1.6666666666666667e-05,pneumatic_feed,0.030595854575046245,0.5557283525087822,4.289225308878548e-33,-0.29053755260906255,active,
aluminum,heavily_coated,0.2851175400843622,0.8935065091042482,0.8935065091042482,0.0218,0.044820477301261735,0.06662047730126174,2700.0,,2263.3393245854677,0.1507847460985992,1.5554266042622846,1.5384139152918546,1.2037958736580222e-07,0.50-1.00,0.25-1.00,1.6666666666666667e-05,pneumatic_feed,-0.026072514074847373,0.5672516027661,-4.988244830588672e-35,-0.2905987627246015,active,
aluminum,partial,0.15139564606743472,0.8283602204127769,0.8283602204127769,0.0218,0.02379939556180074,0.04559939556180074,2700.0,,2361.2477516872955,0.10767147024860163,1.3372995745840717,1.3000043834626296,7.388207995440545e-08,0.50-1.00,0.25-1.00,1.6666666666666667e-05,pneumatic_feed,-0.019496230989741497,0.6193599118019089,1.4675070550070905e-38,-0.2875204801648778,active,
copper,partial,0.1138986529369781,0.8079825548233508,0.8079825548233508,0.012,0.0166292033287988,0.0286292033287988,8900.0,,4311.304157200854,0.1234292033287988,1.45797504403889,1.3918853312858879,8.057900379689935e-08,0.50-1.00,0.25-1.00,1.6666666666666667e-05,pneumatic_feed,0.01531241466896464,0.5889399669044441,-7.108297280130315e-36,-0.2904356302932692,active,
copper,heavily_coated,0.5865873193277505,0.8332501161868081,0.8332501161868081,0.012,0.08564174862185157,0.09764174862185157,8900.0,,1970.8961723651928,0.1924417486218516,1.6953708891026793,1.7379774700405592,1.336134137869752e-07,0.50-1.00,0.25-1.00,1.6666666666666667e-05,pneumatic_feed,0.029171695443371993,0.5393815576127895,3.99361569682553e-31,-0.29024342956697524,active,
copper,heavily_coated,0.7212843076787598,0.6183257082185816,0.6183257082185816,0.012,0.10530750892109893,0.11730750892109892,8900.0,,1808.1324108907856,0.21210750892109895,1.6836504345086556,1.8246203605203932,8.10943599951596e-08,0.50-1.00,0.25-1.00,1.6666666666666667e-05,pneumatic_feed,0.006279173337077346,0.5415841859501569,-1.192306391457605e-31,-0.29027668327321293,active,
aluminum,partial,0.156189697905516,0.9253268895338524,0.9253268895338524,0.0218,0.02455302051074712,0.04635302051074712,2700.0,,2356.202881674022,0.10921712050171742,1.3529145632736632,1.3093020749219626,9.351495897704801e-08,0.50-1.00,0.25-1.00,1.6666666666666667e-05,pneumatic_feed,-0.02169831321643962,0.6148544186078329,9.457205411707583e-39,-0.28947397441776906,active,
aluminum,bare_like,0.012118131965636068,0.7764637901668339,0.7764637901668339,0.0218,0.0019049703449979909,0.02370497034499799,2700.0,,2647.8416135325497,0.06276700692704072,1.044399236181798,0.9925678519511053,3.784197850295713e-08,0.50-1.00,0.25-1.00,1.6666666666666667e-05,pneumatic_feed,0.019036195536347677,2.25,0.0,0.0,light,2.429999999999954
aluminum,partial,0.1965140902320146,0.7532113317216831,0.7532113317216831,0.0218,0.030892014984472693,0.05269201498447269,2700.0,,2319.4806246775556,0.12221810783170384,1.4060103131532518,1.385039862432278,6.933767037804355e-08,0.50-1.00,0.25-1.00,1.6666666666666667e-05,pneumatic_feed,-0.0005809147870032298,0.6014016300251239,-3.5443503338867934e-37,-0.2900170013844283,active,
aluminum,partial,0.08983431893839872,0.8913947442785963,0.8913947442785963,0.0218,0.01412195493711628,0.03592195493711628,2700.0,,2444.841404725045,0.08782348276892912,1.2241531901588232,1.1740857658370243,6.978318605951947e-08,0.50-1.00,0.25-1.00,1.6666666666666667e-05,pneumatic_feed,0.002192405839310624,2.25,0.0,0.0,light,3.3959999999998476
aluminum,heavily_coated,0.36903297249596423,0.8355817948782145,0.8355817948782145,0.0218,0.05801198327636557,0.07981198327636557,2700.0,,2228.2358282792716,0.17783992066242382,1.659222500562118,1.6707409717599566,1.2416728769287624e-07,0.50-1.00,0.25-1.00,1.6666666666666667e-05,pneumatic_feed,0.01698328292974202,0.54624763054956,1.6910106754819277e-33,-0.2904118609955431,active,
aluminum,heavily_coated,0.360360438181833,0.8406471413499947,0.8406471413499947,0.0218,0.05664866088218415,0.07844866088218415,2700.0,,2231.3167223732376,0.17504380887420476,1.6491730730233845,1.6575547122461805,1.2370129203436847e-07,0.50-1.00,0.25-1.00,1.6666666666666667e-05,pneumatic_feed,0.006293342672061492,0.5481957263948856,1.0831073764004776e-33,-0.2904458678272083,active,
aluminum,partial,0.10734688131534165,0.849964449593746,0.849964449593746,0.0218,0.01687492974277171,0.03867492974277171,2700.0,,2416.803563097582,0.0934697080048793,1.2568500281809363,1.2112392566477466,6.752621524529881e-08,0.50-1.00,0.25-1.00,1.6666666666666667e-05,pneumatic_feed,-0.025730390032904137,2.25,0.0,0.0,light,3.7079999999998132
copper,partial,0.38969159802904174,0.43377318692732925,0.43377318692732925,0.012,0.056894973312240096,0.0688949733122401,8900.0,,2376.0075001459873,0.1636949733122401,1.5134782246563339,1.6029211774472634,3.0800711571578464e-08,0.25-0.50,0.25-1.00,1.6666666666666667e-05,pneumatic_feed,0.02657523211304976,0.5763355757060458,2.0986333543837217e-35,-0.29056033184702124,active,
aluminum,heavily_coated,0.3651099113089551,0.7427842445775144,0.7427842445775144,0.0218,0.05739527805776774,0.07919527805776774,2700.0,,2229.616346271558,0.17657508650512022,1.6381118999723283,1.6647890430274843,9.742149595957586e-08,0.50-1.00,0.25-1.00,1.6666666666666667e-05,pneumatic_feed,-0.04548837654756033,0.5503602608411376,-7.977237423815683e-32,-0.290479319253003,active,
copper,heavily_coated,0.5305876071205353,0.79780339862598,0.79780339862598,0.012,0.07746579063959816,0.08946579063959816,8900.0,,2059.622894094683,0.18426579063959816,1.6658054303536707,1.700657475766103,1.1728338152014959e-07,0.50-1.00,0.25-1.00,1.6666666666666667e-05,pneumatic_feed,-0.00789150145610509,0.5449810422699901,1.4488001608016072e-31,-0.29037376946217447,active,
aluminum,partial,0.06179842858572154,0.7245329274219661,0.7245329274219661,0.0218,0.009714712973675425,0.031514712973675425,2700.0,,2499.925397579599,0.07878443136032248,1.1560363946528942,1.1120253749944835,4.135772675230502e-08,0.50-1.00,0.25-1.00,1.6666666666666667e-05,pneumatic_feed,0.008107693350415533,2.25,0.0,0.0,light,2.9199999999999
aluminum,partial,0.11595708263651655,0.5764992152790368,0.5764992152790368,0.0218,0.018228453390460406,0.040028453390460406,2700.0,,2404.4327187464255,0.09624572301283929,1.2482877585672945,1.229094328523863,3.1987395514733145e-08,0.50-1.00,0.25-1.00,1.6666666666666667e-05,pneumatic_feed,-0.007261697217427453,2.25,0.0,0.0,light,3.629999999999822
aluminum,partial,0.23188726232640686,0.8534999134395644,0.8534999134395644,0.0218,0.03645267763771116,0.05825267763771116,2700.0,,2293.8477279566832,0.13362277224665683,1.4723472433585427,1.4482206438190024,9.733912557811595e-08,0.50-1.00,0.25-1.00,1.6666666666666667e-05,pneumatic_feed,0.009997245187670591,0.5856101872604099,-1.7668142860163802e-35,-0.29042630467721037,active,
aluminum,partial,0.14400954978919844,0.9538167878801723,0.9538167878801723,0.0218,0.022638301226862,0.044438301226862,2700.0,,2369.3551742677746,0.10529011894753547,1.332621843399468,1.2855480181621053,9.578941929769826e-08,0.50-1.00,0.25-1.00,1.6666666666666667e-05,pneumatic_feed,0.024487727394449543,0.6210167034276192,3.0428936351202753e-39,-0.2856558290768403,active,
aluminum,heavily_coated,0.34371151650592213,0.7924469779541554,0.7924469779541554,0.0218,0.054031450394730965,0.07583145039473096,2700.0,,2237.5416684429397,0.16967603003667434,1.6204533310200309,1.6319420845899038,1.0655183205290192e-07,0.50-1.00,0.25-1.00,1.6666666666666667e-05,pneumatic_feed,-0.002352504090266569,0.5538607857635708,-1.0401969388451783e-33,-0.29052541870610044,active,
aluminum,bare_like,0.04569765627633021,0.7520788683083821,0.7520788683083821,0.0218,0.00718367156663911,0.02898367156663911,2700.0,,2539.132462595227,0.07359338136005163,1.122438370995261,1.0747658879157687,4.162608148538689e-08,0.50-1.00,0.25-1.00,1.6666666666666667e-05,pneumatic_feed,-0.022583115136610748,2.25,0.0,0.0,light,2.757999999999918
aluminum,bare_like,0.020212024877899932,0.9686096684506268,0.9686096684506268,0.0218,0.0031773303108058697,0.02497733031080587,2700.0,,2617.435815892624,0.06537655894088372,1.0706822668274771,1.0129908534316145,6.133659420237142e-08,0.50-1.00,0.25-1.00,1.6666666666666667e-05,pneumatic_feed,0.014397874056142797,2.25,0.0,0.0,light,2.5619999999999394
aluminum,partial,0.11933886991699644,0.6555817894995164,0.6555817894995164,0.0218,0.01876007035095184,0.04056007035095184,2700.0,,2399.799709609098,0.09733604504993881,1.2637603753995288,1.236036635016875,4.183381378026351e-08,0.50-1.00,0.25-1.00,1.6666666666666667e-05,pneumatic_feed,0.006870302596679946,2.25,0.0,0.0,light,3.8519999999997974
aluminum,heavily_coated,0.3568913976761207,0.8495863075157466,0.8495863075157466,0.0218,0.05610332771468618,0.07790332771468618,2700.0,,2232.5792828997473,0.17392535552475807,1.646150228453021,1.6522507014120476,1.2553878139139613e-07,0.50-1.00,0.25-1.00,1.6666666666666667e-05,pneumatic_feed,-0.008476404590261393,0.5487851313381099,9.9563492389875e-32,-0.2904555226610532,active,
aluminum,partial,0.1201366347414834,0.9250447102472361,0.9250447102472361,0.0218,0.01888547898136119,0.04068547898136119,2700.0,,2398.7244306921157,0.09759325240700166,1.2860648353340043,1.2376686510453023,8.351129910995115e-08,0.50-1.00,0.25-1.00,1.6666666666666667e-05,pneumatic_feed,0.01935945584357216,2.25,0.0,0.0,light,4.3179999999997465
copper,partial,0.07660927703301085,0.49273454945743034,0.49273454945743034,0.012,0.011184954446819582,0.023184954446819582,8900.0,,5088.858583589077,0.11798495444681958,1.4102668570715866,1.3608423292201344,2.864525280524523e-08,0.25-0.50,0.25-1.00,1.6666666666666667e-05,pneumatic_feed,0.010437104107014735,0.6003537117367241,-4.440088259111554e-38,-0.2901374805697385,active,
aluminum,partial,0.17666232061414494,0.9372491820314779,0.9372491820314779,0.0218,0.027771316800543587,0.04957131680054359,2700.0,,2336.3853587995964,0.11581769878920647,1.3896659110668306,1.3482858006355274,1.0173843943763502e-07,0.50-1.00,0.25-1.00,1.6666666666666667e-05,pneumatic_feed,0.008467553838312256,0.6054619311621879,2.5722479670672847e-37,-0.28987259802310383,active,
aluminum,bare_like,0.0304002465011047,0.6126996270589422,0.6126996270589422,0.0218,0.00477891874997366,0.02657891874997366,2700.0,,2583.300852841849,0.06866134347442117,1.079337861784693,1.0381273752167963,2.5775525535070954e-08,0.50-1.00,0.25-1.00,1.6666666666666667e-05,pneumatic_feed,-0.02445324583602131,2.25,0.0,0.0,light,2.591999999999936
aluminum,partial,0.21453368597554234,0.5411807566607124,0.5411807566607124,0.0218,0.03372469543535526,0.05552469543535526,2700.0,,2305.7813229147964,0.1280278056953746,1.3995189846034028,1.417576960236939,3.7496349894460614e-08,0.50-1.00,0.25-1.00,1.6666666666666667e-05,pneumatic_feed,-0.019492104957921967,0.6030058772085173,-4.412805790179638e-37,-0.28996053308096126,active,
aluminum,partial,0.1686254374253644,0.5349040552290935,0.5349040552290935,0.0218,0.026507918763267288,0.04830791876326729,2700.0,,2343.8502460678915,0.11322652728031174,1.3297691969929581,1.333117988848614,3.239663987535671e-08,0.50-1.00,0.25-1.00,1.6666666666666667e-05,pneumatic_feed,-0.026262413216571828,0.6221085258894823,4.010956945352742e-39,-0.2841802501237307,active,
copper,partial,0.25722426436563195,0.5953037602112297,0.5953037602112297,0.012,0.03755474259738227,0.04955474259738227,8900.0,,2913.035867630716,0.14435474259738226,1.5106205755917201,1.5052548089305386,5.115738164794176e-08,0.50-1.00,0.25-1.00,1.6666666666666667e-05,pneumatic_feed,-0.025056600797824635,0.5769674075876711,-3.106551368401823e-35,-0.290583445662679,active,
aluminum,partial,0.06200217280460757,0.5444757596368826,0.5444757596368826,0.0218,0.00974674156488431,0.03154674156488431,2700.0,,2499.469568727318,0.07885012053393353,1.1414509690259127,1.1124888727086761,2.3375422028564838e-08,0.50-1.00,0.25-1.00,1.6666666666666667e-05,pneumatic_feed,0.00786843675809562,2.25,0.0,0.0,light,2.8679999999999057
copper,heavily_coated,0.5142483590459539,0.7287266164679612,0.7287266164679612,0.012,0.07508026042070927,0.08708026042070927,8900.0,,2088.650855452137,0.18188026042070926,1.6451385445209494,1.6896131413916775,9.658614483856325e-08,0.50-1.00,0.25-1.00,1.6666666666666667e-05,pneumatic_feed,0.027197381542958917,0.548982871071444,2.656346720324584e-32,-0.29044665119594987,active,
aluminum,partial,0.16645870120352407,0.9038135188614878,0.9038135188614878,0.0218,0.026167307829193985,0.047967307829193985,2700.0,,2345.930070866749,0.1125279498550282,1.369563473860257,1.32899913503528,9.192170529482261e-08,0.50-1.00,0.25-1.00,1.6666666666666667e-05,pneumatic_feed,0.031528024312286476,0.6105534436613813,3.487618844851156e-39,-0.28966743674597795,active,
aluminum,heavily_coated,0.4145606781408748,0.8402197585300271,0.8402197585300271,0.0218,0.06516893860374552,0.08696893860374552,2700.0,,2213.6467494051744,0.19251850823939945,1.7148697499662182,1.738324050724034,1.3591214545292062e-07,0.50-1.00,0.25-1.00,1.6666666666666667e-05,pneumatic_feed,-0.03932470031028589,0.5357664585335761,-2.5603360804062498e-30,-0.29017239057355837,active,
aluminum,partial,0.07640243049331225,0.7916457778423078,0.7916457778423078,0.0218,0.012010462073548688,0.03381046207354869,2700.0,,2469.4400045088037,0.0834929076153488,1.1909394308439303,1.1447727625736537,5.232525881855409e-08,0.50-1.00,0.25-1.00,1.6666666666666667e-05,pneumatic_feed,0.008833031435723266,2.25,0.0,0.0,light,3.145999999999875
aluminum,partial,0.07787679231311284,0.8591658701472399,0.8591658701472399,0.0218,0.01224223175162134,0.03404223175162134,2700.0,,2466.590828190091,0.08396825660967071,1.1977353790949148,1.1480268967865657,6.198251147254718e-08,0.50-1.00,0.25-1.00,1.6666666666666667e-05,pneumatic_feed,-0.03585639552871694,2.25,0.0,0.0,light,3.1779999999998716
copper,partial,0.3041035605654697,0.9025358151752516,0.9025358151752516,0.012,0.04439911984255858,0.056399119842558576,8900.0,,2680.8772949762283,0.15119911984255857,1.5742516407695555,1.5405263337732333,1.2316240277768012e-07,0.50-1.00,0.25-1.00,1.6666666666666667e-05,pneumatic_feed,-0.035226792584037665,0.5632910081997711,-2.1736335642235875e-33,-0.2906211642122221,active,
aluminum,heavily_coated,0.3045745056394065,0.7506051218595278,0.7506051218595278,0.0218,0.047879112286514716,0.06967911228651472,2700.0,,2254.0164650403717,0.15705786636320104,1.5627980031044524,1.5700892555637733,8.848766606178738e-08,0.50-1.00,0.25-1.00,1.6666666666666667e-05,pneumatic_feed,0.031085531742529204,0.565692517670243,2.1624299789697048e-33,-0.2905982392356675,active,
aluminum,heavily_coated,0.30104239031155255,0.6387561163636006,0.6387561163636006,0.0218,0.04732386375697607,0.06912386375697607,2700.0,,2255.647595286687,0.15591907706034766,1.537301189574771,1.5643867276153993,6.361644536781075e-08,0.50-1.00,0.25-1.00,1.6666666666666667e-05,pneumatic_feed,-0.021812188021363837,0.5711319435529637,-8.445309551171634e-35,-0.29058790320933037,active,
aluminum,partial,0.10917153785392986,0.8103841909798625,0.8103841909798625,0.0218,0.01716176575063777,0.03896176575063777,2700.0,,2414.110184879028,0.09405799551948552,1.2578319335271677,1.2150449776340977,6.177000544175869e-08,0.50-1.00,0.25-1.00,1.6666666666666667e-05,pneumatic_feed,0.016555410951043754,2.25,0.0,0.0,light,3.7259999999998112
aluminum,partial,0.1445000904268593,0.6352852567745302,0.6352852567745302,0.0218,0.022715414215102286,0.044515414215102286,2700.0,,2368.803615866375,0.10544827415452371,1.3058671122643617,1.2865131601073516,4.255759031633208e-08,0.50-1.00,0.25-1.00,1.6666666666666667e-05,pneumatic_feed,0.03315354037153836,2.25,0.0,0.0,light,5.821999999999581
aluminum,partial,0.20279184223432747,0.5465045766254978,0.5465045766254978,0.0218,0.03187887759923628,0.05367887759923628,2700.0,,2314.543884139209,0.12424211785476952,1.383708151372729,1.3964613427690946,3.710705195621435e-08,0.50-1.00,0.25-1.00,1.6666666666666667e-05,pneumatic_feed,0.028203837124631967,0.6069595640579872,6.105928523868206e-38,-0.2898133044346368,active,
copper,heavily_coated,0.6055941021924013,0.2943541103667182,0.2943541103667182,0.012,0.08841673892009058,0.10041673892009058,8900.0,,1944.0657107520665,0.1952167389200906,1.462660387171576,1.7504633483994294,1.6914425947687356e-08,0.25-0.50,0.25-1.00,1.6666666666666667e-05,pneumatic_feed,-0.019194386552981706,0.5878507041012984,-4.289634788070917e-36,-0.2903537116480901,active,
aluminum,partial,0.07623106031151627,0.6390378010610646,0.6390378010610646,0.0218,0.01198352268097036,0.03378352268097036,2700.0,,2469.773710189046,0.08343765615503596,1.1795584167010997,1.1443939230044191,3.407337817091963e-08,0.50-1.00,0.25-1.00,1.6666666666666667e-05,pneumatic_feed,-0.036172498860017124,2.25,0.0,0.0,light,3.0959999999998806
copper,partial,0.1583663782055842,0.7410686221219858,0.7410686221219858,0.012,0.02312149121801529,0.03512149121801529,8900.0,,3699.20201883037,0.12992149121801527,1.4793621417419418,1.4280223129061982,7.135063568511564e-08,0.50-1.00,0.25-1.00,1.6666666666666667e-05,pneumatic_feed,0.019311822136523743,0.5840004676527482,7.393087587064782e-36,-0.29051637035492905,active,
aluminum,bare_like,0.031631384379984875,0.5725440337095992,0.5725440337095992,0.0218,0.004972453624533621,0.02677245362453362,2700.0,,2579.4525823612826,0.06905827463795093,1.079101342724447,1.041123757637524,2.2637763082059058e-08,0.50-1.00,0.25-1.00,1.6666666666666667e-05,pneumatic_feed,0.014148778757489384,2.25,0.0,0.0,light,2.583999999999937
aluminum,bare_like,0.04110783112697391,0.843501786066593,0.843501786066593,0.0218,0.006462151053160298,0.0282621510531603,2700.0,,2551.595442894778,0.07211357583364766,1.1163253920823113,1.0639053934842768,5.1308467610665e-08,0.50-1.00,0.25-1.00,1.6666666666666667e-05,pneumatic_feed,-0.02804499221683192,2.25,0.0,0.0,light,2.703999999999924
aluminum,partial,0.14996214368638955,0.9614160027961048,0.9614160027961048,0.0218,0.023574048987500443,0.04537404898750044,2700.0,,2362.788799726969,0.10720929474592886,1.3439675873041697,1.297211274362083,9.90957736287037e-08,0.50-1.00,0.25-1.00,1.6666666666666667e-05,pneumatic_feed,-0.013236235601718016,0.6172491325500298,9.478421292734362e-39,-0.289136447047948,active,
aluminum,partial,0.21032071194954302,0.9782478974048106,0.9782478974048106,0.0218,0.03306241591846817,0.05486241591846817,2700.0,,2308.8575050704576,0.12666950073965216,1.4491306498354284,1.4100370504385977,1.2121877896492385e-07,0.50-1.00,0.25-1.00,1.6666666666666667e-05,pneumatic_feed,-0.02905082813875666,0.5910155473221964,-1.0814361890989035e-36,-0.29031419023435445,active,
aluminum,partial,0.08772509979583132,0.7233136794513363,0.7233136794513363,0.0218,0.01379038568790468,0.03559038568790468,2700.0,,2448.5109599357197,0.08714344942517398,1.2094775076947841,1.1695313515154397,4.559194331723098e-08,0.50-1.00,0.25-1.00,1.6666666666666667e-05,pneumatic_feed,0.018976682954629773,2.25,0.0,0.0,light,3.3039999999998577
aluminum,heavily_coated,0.36625267641878156,0.8440050592127788,0.8440050592127788,0.0218,0.057574920733032456,0.07937492073303246,2700.0,,2229.211995049502,0.17694352540417935,1.6570838107795032,1.6665249997356772,1.2604475420590738e-07,0.50-1.00,0.25-1.00,1.6666666666666667e-05,pneumatic_feed,0.023461889246302454,0.5466607610008247,1.2808352409887723e-32,-0.29041937727959494,active,
aluminum,bare_like,0.04083707074510795,0.5293343881821848,0.5293343881821848,0.0218,0.006419587521130969,0.02821958752113097,2700.0,,2552.3505588094304,0.07202627997893025,1.0955003661608724,1.0632612522561373,2.0181395920803112e-08,0.50-1.00,0.25-1.00,1.6666666666666667e-05,pneumatic_feed,0.028375131042708,2.25,0.0,0.0,light,2.6319999999999317
aluminum,heavily_coated,0.3284022278026333,0.9752896160175359,0.9752896160175359,0.0218,0.05162483021057396,0.07342483021057396,2700.0,,2243.6573812072993,0.16474016226584698,1.6247850959730987,1.6080303439067107,1.566991677819146e-07,0.50-1.00,0.25-1.00,1.6666666666666667e-05,pneumatic_feed,-0.0331290862887422,0.5529968945033333,-2.3706361116979626e-32,-0.29051568527491406,active,
aluminum,heavily_coated,0.44184854964713494,0.964668934488971,0.964668934488971,0.0218,0.06945859200452961,0.09125859200452961,2700.0,,2205.999308884148,0.20131639089173275,1.766698930899273,1.7776000876003122,1.8734224576962038e-07,0.50-1.00,0.25-1.00,1.6666666666666667e-05,pneumatic_feed,0.011879015284610451,0.5264451283746993,-2.9074211488274278e-30,-0.2898815815357673,active,
aluminum,heavily_coated,0.35780614293676777,0.7032051537738531,0.7032051537738531,0.0218,0.05624712566965989,0.07804712566965989,2700.0,,2232.2446476971263,0.1742202785442433,1.6213257726904258,1.6536509583435202,8.615149015002824e-08,0.50-1.00,0.25-1.00,1.6666666666666667e-05,pneumatic_feed,-0.0033019710212732543,0.5536865256263059,1.356619212826831e-32,-0.2905230034060401,active,
aluminum,partial,0.2505694314691267,0.4461272337130702,0.4461272337130702,0.0218,0.03938951462694672,0.06118951462694672,2700.0,,2282.189869479102,0.13964609039996112,1.4214476302225685,1.4805016159794593,2.7793692758660728e-08,0.25-0.50,0.25-1.00,1.6666666666666667e-05,pneumatic_feed,-0.007769203600496754,0.5976300823059956,2.231621554043806e-36,-0.29013492261264606,active,
aluminum,partial,0.2635118180777115,0.7437468111187557,0.7437468111187557,0.0218,0.04142405780181625,0.06322405780181625,2700.0,,2274.7487312069275,0.14381884526643496,1.5054507094605012,1.502458184210783,7.95547345140404e-08,0.50-1.00,0.25-1.00,1.6666666666666667e-05,pneumatic_feed,-0.0018612004668410766,0.578116437486122,5.549021663931526e-35,-0.2905350228178319,active,
copper,partial,0.29597883915247325,0.7480473908376919,0.7480473908376919,0.012,0.0432129105162611,0.05521291051626109,8900.0,,2716.9897242073457,0.1500129105162611,1.5525249017573086,1.5344714541050395,8.394345924169385e-08,0.50-1.00,0.25-1.00,1.6666666666666667e-05,pneumatic_feed,-0.02665182247661353,0.5678679135886721,2.968245372029282e-34,-0.2906261881811739,active,
aluminum,partial,0.11156632100210229,0.7657769013774136,0.7657769013774136,0.0218,0.01753822566153048,0.03933822566153048,2700.0,,2410.6348458675848,0.0948300975542878,1.2592073119477651,1.2200218076789042,5.560972173747295e-08,0.50-1.00,0.25-1.00,1.6666666666666667e-05,pneumatic_feed,-0.032191395197704434,2.25,0.0,0.0,light,3.771999999999806
aluminum,partial,0.13839309938271976,0.5326250362742561,0.5326250362742561,0.0218,0.021755395222963547,0.04355539522296355,2700.0,,2375.809440880143,0.10347931917198268,1.2805410842640086,1.27444552403131,2.9355988996749807e-08,0.50-1.00,0.25-1.00,1.6666666666666667e-05,pneumatic_feed,-0.010241972951079389,2.25,0.0,0.0,light,4.149999999999765
aluminum,partial,0.1873807027452828,0.6922884905947313,0.6922884905947313,0.0218,0.029456246471558457,0.05125624647155846,2700.0,,2327.002474484552,0.11927341237210662,1.3840224008785331,1.3682527107930704,5.7163375681520146e-08,0.50-1.00,0.25-1.00,1.6666666666666667e-05,pneumatic_feed,0.011778015538348036,0.6068803140825881,-2.11715743426076e-38,-0.2898172561770767,active,
aluminum,partial,0.05596713552339416,0.578484549381127,0.578484549381127,0.0218,0.008798033704277564,0.030598033704277564,2700.0,,2513.376019758629,0.07690436416409752,1.1324135415380367,1.0986768860405114,2.5735612793771415e-08,0.50-1.00,0.25-1.00,1.6666666666666667e-05,pneumatic_feed,-0.004882515049017892,2.25,0.0,0.0,light,2.82799999999991
copper,heavily_coated,0.5007006645308917,0.5288645399067304,0.5288645399067304,0.012,0.07310229702151018,0.08510229702151018,8900.0,,2113.953480903561,0.17990229702151017,1.584076404902603,1.680400682590204,5.031825898421616e-08,0.50-1.00,0.25-1.00,1.6666666666666667e-05,pneumatic_feed,-0.02050863138808145,0.5612522486034114,-2.9836017087646283e-33,-0.2905751112923919,active,
aluminum,partial,0.05885853912825145,0.7722090469482501,0.7722090469482501,0.0218,0.009252562350961127,0.031052562350961127,2700.0,,2506.6073685197957,0.07783658160033954,1.1525492790312373,1.1053157851034832,4.6414483845766024e-08,0.50-1.00,0.25-1.00,1.6666666666666667e-05,pneumatic_feed,0.010281000459527007,2.25,0.0,0.0,light,2.9079999999999013
aluminum,heavily_coated,0.2993312786736804,0.6060552300955873,0.6060552300955873,0.0218,0.04705487700750256,0.06885487700750256,2700.0,,2256.447245418101,0.1553673975571813,1.5278179482357652,1.5616166853800961,5.706690220217254e-08,0.50-1.00,0.25-1.00,1.6666666666666667e-05,pneumatic_feed,0.033356195257695176,0.5731890940641652,4.683120039721907e-34,-0.290576774595289,active,
aluminum,partial,0.12099169271442678,0.8694610708497514,0.8694610708497514,0.0218,0.01901989409470789,0.04081989409470789,2700.0,,2397.579264193794,0.09786893164805834,1.2843827260134748,1.2394154876989087,7.398524749882713e-08,0.50-1.00,0.25-1.00,1.6666666666666667e-05,pneumatic_feed,0.023100169087027618,2.25,0.0,0.0,light,4.237999999999755
aluminum,partial,0.16263165253803935,0.7078845454942851,0.7078845454942851,0.0218,0.025565695778979783,0.04736569577897978,2700.0,,2349.6766861425476,0.11129407109478927,1.3453068842793754,1.3216927554858626,5.576951798359419e-08,0.50-1.00,0.25-1.00,1.6666666666666667e-05,pneumatic_feed,0.006790367002539469,0.6168621338883998,9.328028491382764e-39,-0.2893057815813687,active,
copper,partial,0.2773232277214721,0.9017361498944021,0.9017361498944021,0.012,0.040489191247334924,0.05248919124733492,8900.0,,2806.0861245373703,0.14728919124733492,1.5597253851918456,1.5204772756664826,1.1976497787674044e-07,0.50-1.00,0.25-1.00,1.6666666666666667e-05,pneumatic_feed,0.00262882863618502,0.5663406082912692,-2.504454812998493e-33,-0.29063177085551684,active,
aluminum,heavily_coated,0.31334713383334156,0.6668057028461125,0.6668057028461125,0.0218,0.0492581694386013,0.0710581694386013,2700.0,,2250.0755463080054,0.15988624941920765,1.5588523130900673,1.5841636818472653,7.109019835254974e-08,0.50-1.00,0.25-1.00,1.6666666666666667e-05,pneumatic_feed,-0.014993203996421295,0.5665257086727414,-4.019423212100001e-34,-0.2905981310732444,active,
aluminum,partial,0.16506057704477323,0.8580050000285995,0.8580050000285995,0.0218,0.025947522711438353,0.04774752271143835,2700.0,,2347.287865013282,0.11207718064500533,1.3636441694234338,1.3263345835059883,8.250814724286198e-08,0.50-1.00,0.25-1.00,1.6666666666666667e-05,pneumatic_feed,0.029154973432140036,0.6120737281824319,-3.213514755180566e-38,-0.289601034498583,active,
aluminum,partial,0.08098221281137291,0.7105447456217415,0.7105447456217415,0.0218,0.012730403853947823,0.03453040385394782,2700.0,,2460.714783177964,0.08496947523251475,1.1949583537980564,1.1548510221017911,4.28988648636676e-08,0.50-1.00,0.25-1.00,1.6666666666666667e-05,pneumatic_feed,-0.014267288529284385,2.25,0.0,0.0,light,3.163999999999873
aluminum,partial,0.12114043217148718,0.8701586717843528,0.8701586717843528,0.0218,0.019043275937357787,0.04084327593735779,2700.0,,2397.380829260278,0.09791688673640918,1.284709975854415,1.2397191029481955,7.414032780203354e-08,0.50-1.00,0.25-1.00,1.6666666666666667e-05,pneumatic_feed,-0.0032527724477233646,2.25,0.0,0.0,light,4.261999999999753
aluminum,partial,0.24355476539079485,0.9132982042621713,0.9132982042621713,0.0218,0.038286809119432955,0.060086809119432955,2700.0,,2286.4334772141196,0.13738449190964616,1.4961694494625835,1.4684641585731013,1.14594274492201e-07,0.50-1.00,0.25-1.00,1.6666666666666667e-05,pneumatic_feed,0.03038503285889134,0.5801928017787126,-3.2952873883403797e-35,-0.29051077178970436,active,
aluminum,partial,0.09805418311602127,0.6648390227566523,0.6648390227566523,0.0218,0.015414117585838542,0.03721411758583854,2700.0,,2431.164704355781,0.09047364917843642,1.22484271826952,1.1916687448719707,3.9990341468246936e-08,0.50-1.00,0.25-1.00,1.6666666666666667e-05,pneumatic_feed,-0.03640544921200607,2.25,0.0,0.0,light,3.399999999999847
copper,partial,0.10680560458953714,0.9540905910413886,0.9540905910413886,0.012,0.015593618270072423,0.027593618270072423,8900.0,,4435.57699001796,0.12239361827007242,1.460761108447121,1.3860339939435313,1.1141354674620311e-07,0.50-1.00,0.25-1.00,1.6666666666666667e-05,pneumatic_feed,0.01699021484428354,0.588290395107585,3.744385996419122e-36,-0.2904519006488809,active,
copper,partial,0.13642355805600226,0.9845435594887975,0.9845435594887975,0.012,0.019917839476176324,0.031917839476176324,8900.0,,3970.1258467309267,0.12671783947617632,1.4814281737662385,1.4103060690566653,1.228308990697117e-07,0.50-1.00,0.25-1.00,1.6666666666666667e-05,pneumatic_feed,-0.02789734547986341,0.5835287253367324,-1.3621357725776026e-35,-0.2905310966140574,active,
aluminum,partial,0.06508950506155514,0.7507231331901205,0.7507231331901205,0.0218,0.010232070195676471,0.03203207019567647,2700.0,,2492.673962036745,0.07984550732689599,1.1646821878645808,1.1194887596590506,4.499974802896543e-08,0.50-1.00,0.25-1.00,1.6666666666666667e-05,pneumatic_feed,-0.014025114135157207,2.25,0.0,0.0,light,2.9779999999998936
aluminum,partial,0.22727068249294347,0.78399723534433,0.78399723534433,0.0218,0.03572695128789071,0.05752695128789071,2700.0,,2296.911930571295,0.1321343407425499,1.4575665261171404,1.440132150983049,8.12165925447263e-08,0.50-1.00,0.25-1.00,1.6666666666666667e-05,pneumatic_feed,-0.007690298203570595,0.5890368221511878,-1.1743087343071284e-35,-0.2903580867304317,active,
aluminum,heavily_coated,0.4024332463167869,0.6555169296756329,0.6555169296756329,0.0218,0.0632625063209989,0.0850625063209989,2700.0,,2217.293036643508,0.18860850294499526,1.6616061619262479,1.720581024603214,8.104553488048706e-08,0.50-1.00,0.25-1.00,1.6666666666666667e-05,pneumatic_feed,8.91267026344483e-05,0.545788109145719,-5.367649529319203e-32,-0.2904025455456812,active,
aluminum,partial,0.08297563078036041,0.7622846296565664,0.7622846296565664,0.0218,0.013043769158672655,0.034843769158672655,2700.0,,2457.0296264457666,0.085612173119896,1.2026377476266499,1.1592103645542027,4.974733805628895e-08,0.50-1.00,0.25-1.00,1.6666666666666667e-05,pneumatic_feed,-0.028923385236983568,2.25,0.0,0.0,light,3.211999999999868
aluminum,partial,0.18595188549899,0.6959534218043052,0.6959534218043052,0.0218,0.029231636400441227,0.05103163640044123,2700.0,,2328.2174702652114,0.11881274740372937,1.3822054977928993,1.3656078804872709,5.754709266000032e-08,0.50-1.00,0.25-1.00,1.6666666666666667e-05,pneumatic_feed,-0.03770875869670014,0.6073387654413411,-1.4582618100426442e-37,-0.2897992209705663,active,
copper,partial,0.3009682278591722,0.7689570432724167,0.7689570432724167,0.012,0.04394136126743914,0.055941361267439135,8900.0,,2694.631625905369,0.15074136126743914,1.557726021310536,1.5381925778177858,8.913260332173444e-08,0.50-1.00,0.25-1.00,1.6666666666666667e-05,pneumatic_feed,-0.027166981386804005,0.5667637153444381,1.1066366148619262e-33,-0.29062605026544186,active,
copper,partial,0.4455861212049009,0.993957782506965,0.993957782506965,0.012,0.06505557369591553,0.07705557369591552,8900.0,,2230.280892776288,0.17185557369591553,1.65628040029266,1.64239005255484,1.697850703592854e-07,0.50-1.00,0.25-1.00,1.6666666666666667e-05,pneumatic_feed,0.006761129427671129,0.5468161580662029,-1.1480887482987396e-31,-0.29042222066450546,active,
aluminum,heavily_coated,0.3021830882082328,0.5988692123029039,0.5988692123029039,0.0218,0.0475031814663342,0.0693031814663342,2700.0,,2255.1179637422083,0.15628684946921634,1.5297016919150919,1.5662306309317349,5.605139295399683e-08,0.50-1.00,0.25-1.00,1.6666666666666667e-05,pneumatic_feed,0.0011668696889668758,0.5727789702908632,2.035607654825078e-35,-0.29057922472308345,active,
aluminum,partial,0.06522243333110145,0.8309329235584334,0.8309329235584334,0.0218,0.010252966519649145,0.032052966519649145,2700.0,,2492.385991209493,0.07988836473028042,1.1694137680182581,1.1197891644441296,5.515888335749077e-08,0.50-1.00,0.25-1.00,1.6666666666666667e-05,pneumatic_feed,-0.007786409540841941,2.25,0.0,0.0,light,3.0259999999998883
copper,partial,0.2580114722990975,0.8251244613047384,0.8251244613047384,0.012,0.03766967495566824,0.049669674955668236,8900.0,,2908.6092285607265,0.14446967495566823,1.5419934798594026,1.505853916588249,9.835934321362217e-08,0.50-1.00,0.25-1.00,1.6666666666666667e-05,pneumatic_feed,-0.004526507688260153,0.5701204026646228,7.043962705499131e-35,-0.29062977704477694,active,
aluminum,partial,0.15019966858765066,0.6294179148161642,0.6294179148161642,0.0218,0.023611387901978684,0.045411387901978684,2700.0,,2362.5323978408896,0.10728587514934446,1.3148028207140074,1.2976744955281008,4.250311380458148e-08,0.50-1.00,0.25-1.00,1.6666666666666667e-05,pneumatic_feed,0.020001659151864828,0.6298237028947316,3.809773802744344e-40,-0.2705714602009982,active,
aluminum,partial,0.08963201873121612,0.8458126989038861,0.8458126989038861,0.0218,0.014090153344547177,0.03589015334454718,2700.0,,2445.1904208000437,0.0877582591591314,1.2212889449320723,1.1736497074347723,6.278218151796388e-08,0.50-1.00,0.25-1.00,1.6666666666666667e-05,pneumatic_feed,0.00979405964688568,2.25,0.0,0.0,light,3.3799999999998493
copper,partial,0.3516845065492418,0.5833066104485766,0.5833066104485766,0.012,0.0513459379561893,0.0633459379561893,8900.0,,2496.5442624839598,0.1581459379561893,1.5477946154292697,1.5755185312018223,5.380861797696121e-08,0.50-1.00,0.25-1.00,1.6666666666666667e-05,pneumatic_feed,-0.02784747429826924,0.568877090212946,-5.271397637041873e-34,-0.29061188097606827,active,
copper,partial,0.38160340992713376,0.9432585907185012,0.9432585907185012,0.012,0.05571409784936153,0.06771409784936153,8900.0,,2400.0038841379005,0.16251409784936152,1.6187269020937245,1.5971290742590527,1.4459476833163133e-07,0.50-1.00,0.25-1.00,1.6666666666666667e-05,pneumatic_feed,-0.0314732686636581,0.5542059043568813,-1.7692020461451804e-32,-0.29054101625430945,active,
copper,heavily_coated,0.5043895534702748,0.3125029519231053,0.3125029519231053,0.012,0.07364087480666012,0.08564087480666012,8900.0,,2106.948057385182,0.18044087480666013,1.4659314329369626,1.6829141305976778,1.762151208665241e-08,0.25-0.50,0.25-1.00,1.6666666666666667e-05,pneumatic_feed,0.022138492895229525,0.5870915944957943,-9.982235616814992e-36,-0.2903837385390194,active,
aluminum,partial,0.20501156531799655,0.5277757155082192,0.5277757155082192,0.0218,0.03222781806798906,0.05402781806798906,2700.0,,2312.841481344432,0.12495777877417527,1.3829027232441398,1.4004775241464802,3.480664013054429e-08,0.50-1.00,0.25-1.00,1.6666666666666667e-05,pneumatic_feed,-0.015821663086584854,0.6071627563947307,-1.0697156752148954e-38,-0.2898051704360043,active,
aluminum,partial,0.17835335138815617,0.5440037505425188,0.5440037505425188,0.0218,0.028037146838218147,0.049837146838218147,2700.0,,2334.862876456268,0.11636290402105542,1.3465770006964426,1.351455564017732,3.4436447195344715e-08,0.50-1.00,0.25-1.00,1.6666666666666667e-05,pneumatic_feed,-0.021132600325786666,0.6165122386049603,-5.466161299384104e-39,-0.2893927898132099,active,
aluminum,heavily_coated,0.2851631726935109,0.846306831813336,0.846306831813336,0.0218,0.044827650747419914,0.06662765074741991,2700.0,,2263.3164582041695,0.15079945850811483,1.549892570639352,1.538488966727864,1.0800788840337039e-07,0.50-1.00,0.25-1.00,1.6666666666666667e-05,pneumatic_feed,-0.004000892133288047,0.5684292522893679,-1.7604947226148163e-34,-0.29059712785593067,active,
aluminum,partial,0.13082814936828863,0.8080404975146374,0.8080404975146374,0.0218,0.020566185080694972,0.04236618508069497,2700.0,,2384.928061032123,0.10104030363782993,1.2985332155620037,1.2593365737162479,6.597218943989889e-08,0.50-1.00,0.25-1.00,1.6666666666666667e-05,pneumatic_feed,0.03256471927356747,2.25,0.0,0.0,light,4.865999999999686
aluminum,partial,0.23281714088247857,0.5934686282040709,0.5934686282040709,0.0218,0.03659885454672563,0.05839885454672563,2700.0,,2293.2397464194582,0.1339225743919199,1.4363836271470807,1.449844380495912,4.7168202009490264e-08,0.50-1.00,0.25-1.00,1.6666666666666667e-05,pneumatic_feed,-0.016254582385951462,0.594037964641992,-1.740788345441721e-36,-0.2902373773374188,active,
copper,partial,0.06914826364673377,0.9053855813468716,0.9053855813468716,0.012,0.01009564649242313,0.02209564649242313,8900.0,,5290.437939098459,0.11689564649242312,1.4337412748795797,1.354545705151758,9.582205598096094e-08,0.50-1.00,0.25-1.00,1.6666666666666667e-05,pneumatic_feed,0.01861926109980296,0.5946675450335661,1.941361156226949e-36,-0.29031135828242904,active,
aluminum,partial,0.07874385616170954,0.5423099263284029,0.5423099263284029,0.0218,0.01237853418862074,0.03417853418862074,2700.0,,2464.933288249262,0.08424780666509676,1.1745299185812876,1.1499363345052451,2.4777284674452977e-08,0.50-1.00,0.25-1.00,1.6666666666666667e-05,pneumatic_feed,0.02677556985220353,2.25,0.0,0.0,light,3.075999999999883
aluminum,heavily_coated,0.30244518547225957,0.6460667976525396,0.6460667976525396,0.0218,0.0475443831562392,0.0693443831562392,2700.0,,2254.996657707551,0.1563713522481112,1.5406481091868758,1.5666539965437019,6.526976318160719e-08,0.50-1.00,0.25-1.00,1.6666666666666667e-05,pneumatic_feed,0.007181378972264194,0.5704103701765908,-1.1450992157983563e-35,-0.290590835083992,active,
aluminum,partial,0.19280437855080274,0.5636815652925344,0.5636815652925344,0.0218,0.03030884830818619,0.05210884830818619,2700.0,,2322.485789223478,0.1210220596885643,1.3723043022653412,1.3782460770383878,3.8453174930342584e-08,0.50-1.00,0.25-1.00,1.6666666666666667e-05,pneumatic_feed,0.006067418687973329,0.6098528179167456,3.5245185635573957e-38,-0.28969575088113064,active,
aluminum,partial,0.10766183125657758,0.5024704482684386,0.5024704482684386,0.0218,0.016924439873533995,0.038724439873533995,2700.0,,2416.3358158573114,0.09357125101543318,1.2226545933373705,1.2118970071496338,2.3624546764977612e-08,0.50-1.00,0.25-1.00,1.6666666666666667e-05,pneumatic_feed,0.024299508574559946,2.25,0.0,0.0,light,3.3879999999998485
aluminum,partial,0.20236391686069397,0.8446262216021317,0.8446262216021317,0.0218,0.031811607730501096,0.053611607730501096,2700.0,,2314.874626758304,0.12410415043505635,1.4249435331916291,1.3956857616342744,8.853508856164192e-08,0.50-1.00,0.25-1.00,1.6666666666666667e-05,pneumatic_feed,-0.003560680670306483,0.5967842990988556,1.3301964126273514e-36,-0.2901622779409939,active,
copper,partial,0.1484010214695981,0.6140859907301519,0.6140859907301519,0.012,0.021666549134561324,0.033666549134561324,8900.0,,3815.851414443913,0.12846654913456132,1.4611784926910878,1.4200038574652094,4.844494174040515e-08,0.50-1.00,0.25-1.00,1.6666666666666667e-05,pneumatic_feed,0.005490983908833396,0.5881935068353464,2.4635429042378683e-36,-0.2904403377801217,active,
copper,partial,0.39577723645532653,0.5285020420168122,0.5285020420168122,0.012,0.05778347652247767,0.06978347652247767,8900.0,,2358.487778542595,0.16458347652247768,1.5494024286397292,1.6072654564498081,4.5970536379914645e-08,0.50-1.00,0.25-1.00,1.6666666666666667e-05,pneumatic_feed,0.0137696377807611,0.5685337549419339,3.1958041980743756e-34,-0.29060371085777803,active,
copper,bare_like,0.026700960857375826,0.6477712694584628,0.6477712694584628,0.012,0.003898340285176872,0.015898340285176872,8900.0,,6962.886584355513,0.11069834028517686,1.3950723176078534,1.318150654939008,4.644986683223347e-08,0.50-1.00,0.25-1.00,1.6666666666666667e-05,pneumatic_feed,0.014982957957845737,0.6041087117423782,3.451401287131904e-37,-0.2900260636206671,active,
copper,partial,0.09160132010851663,0.5340579443351339,0.5340579443351339,0.012,0.013373792735843427,0.025373792735843427,8900.0,,4736.1383450604135,0.12017379273584342,1.4226807348506236,1.3734073870420962,3.427571534594719e-08,0.50-1.00,0.25-1.00,1.6666666666666667e-05,pneumatic_feed,0.004010281074763513,0.597329636187862,8.614093385922055e-37,-0.2902271085990323,active,
aluminum,partial,0.22903462466906085,0.5685626458391875,0.5685626458391875,0.0218,0.03600424299797637,0.05780424299797637,2700.0,,2295.7320510917793,0.1327030533395519,1.4259446069038735,1.4432280225998964,4.289805112690934e-08,0.50-1.00,0.25-1.00,1.6666666666666667e-05,pneumatic_feed,0.023532131136612452,0.5965427087691056,-6.712264122792136e-37,-0.2901679931262613,active,
aluminum,partial,0.1561141943062257,0.9833118680837121,0.9833118680837121,0.0218,0.02454115134493868,0.04634115134493868,2700.0,,2356.2810637460807,0.10919277738627023,1.3564255874957463,1.3091561533502785,1.0557873994531819e-07,0.50-1.00,0.25-1.00,1.6666666666666667e-05,pneumatic_feed,-0.034043960437939114,0.6139409246462074,-6.391034074166575e-39,-0.289516769317427,active,
aluminum,bare_like,0.03746817310598489,0.6887268654069475,0.6887268654069475,0.0218,0.005889996812260823,0.027689996812260823,2700.0,,2561.9401176561023,0.07094011369110059,1.1003200980909031,1.0552137340347287,3.36500666015253e-08,0.50-1.00,0.25-1.00,1.6666666666666667e-05,pneumatic_feed,0.005868722642199691,2.25,0.0,0.0,light,2.64799999999993
aluminum,partial,0.26257255921601064,0.603281809237337,0.603281809237337,0.0218,0.04127640630875688,0.06307640630875688,2700.0,,2275.272597400808,0.14351601881683398,1.4793519261326598,1.5008755549175377,5.223250311611132e-08,0.50-1.00,0.25-1.00,1.6666666666666667e-05,pneumatic_feed,0.01798894618205063,0.5840039498774896,-1.1069731527060542e-35,-0.2904531311387024,active,
aluminum,partial,0.07037943329399665,0.7304663323190159,0.7304663323190159,0.0218,0.011063646913816276,0.032863646913816276,2700.0,,2481.4967523897176,0.08155103308831746,1.1745443631159238,1.1313819051735938,4.351408689559981e-08,0.50-1.00,0.25-1.00,1.6666666666666667e-05,pneumatic_feed,0.03528597239858846,2.25,0.0,0.0,light,3.073999999999883
aluminum,partial,0.18609552874980306,0.820383191908088,0.820383191908088,0.0218,0.029254217119469045,0.051054217119469045,2700.0,,2328.0948397678635,0.118859059424224,1.396047828306366,1.3658740047027105,7.999554417047152e-08,0.50-1.00,0.25-1.00,1.6666666666666667e-05,pneumatic_feed,-0.018073759517856735,0.6038681907002792,-2.0939755047553159e-38,-0.28993113095007567,active,
copper,heavily_coated,0.6671356107155414,0.4590538450778364,0.4590538450778364,0.012,0.09740179916446903,0.10940179916446903,8900.0,,1866.5305390223298,0.20420179916446907,1.5966937232441925,1.7902936741455315,4.3031533492115413e-08,0.25-0.50,0.25-1.00,1.6666666666666667e-05,pneumatic_feed,0.022921079619602335,0.5586607918582104,4.8563398009283584e-33,-0.29053564384573766,active,
copper,partial,0.24226912502787556,0.8087539040021463,0.8087539040021463,0.012,0.03537129225406983,0.04737129225406983,8900.0,,3001.2120313617875,0.14217129225406983,1.5319094899195846,1.4938275011593138,9.299180789828792e-08,0.50-1.00,0.25-1.00,1.6666666666666667e-05,pneumatic_feed,0.0031226068009249076,0.5722985942639814,-9.568032710903734e-34,-0.2906238031323467,active,
aluminum,partial,0.09043198457762774,0.9121029827473212,0.9121029827473212,0.0218,0.014215907975603084,0.036015907975603084,2700.0,,2443.81388933175,0.08801617614767296,1.2264171202956153,1.1753730900500807,7.322346035249511e-08,0.50-1.00,0.25-1.00,1.6666666666666667e-05,pneumatic_feed,0.01439697424417904,2.25,0.0,0.0,light,3.4079999999998463
aluminum,partial,0.16547226733887227,0.700447903814194,0.700447903814194,0.0218,0.026012240425670727,0.04781224042567073,2700.0,,2346.886753553584,0.1122099137127258,1.3492273824661296,1.3271197405038266,5.5053243178223896e-08,0.50-1.00,0.25-1.00,1.6666666666666667e-05,pneumatic_feed,0.0031112994811301254,0.6158175321756219,-5.172963431421593e-39,-0.2894273492213365,active,
copper,partial,0.14931934709875394,0.8535816437661716,0.8535816437661716,0.012,0.021800624676418075,0.033800624676418076,8900.0,,3804.6818929396827,0.12860062467641808,1.48242159919154,1.4207446656317448,9.369862380334016e-08,0.50-1.00,0.25-1.00,1.6666666666666667e-05,pneumatic_feed,-0.016747247809317252,0.5833023727335509,-9.284004919695102e-36,-0.29053068663267906,active,
aluminum,bare_like,0.02761527020909108,0.5839303096397495,0.5839303096397495,0.0218,0.0043411204768691175,0.026141120476869117,2700.0,,2592.216325542484,0.06776343926811305,1.0708917014918826,1.031317091273243,2.310561204061393e-08,0.50-1.00,0.25-1.00,1.6666666666666667e-05,pneumatic_feed,0.022479249682323878,2.25,0.0,0.0,light,2.5619999999999394
aluminum,partial,0.13211895448038574,0.9933273608515463,0.9933273608515463,0.0218,0.02076909964431664,0.04256909964431664,2700.0,,2383.3361043981236,0.10145647211402117,1.3126306274273212,1.2619274092837813,1.0010702451808699e-07,0.50-1.00,0.25-1.00,1.6666666666666667e-05,pneumatic_feed,0.004950833528406597,0.6318027374580156,-3.532319066895856e-41,-0.2669366571592135,active,
copper,heavily_coated,0.6844325318487465,0.5968531227661968,0.5968531227661968,0.012,0.09992714964991699,0.11192714964991698,8900.0,,1846.9794888596123,0.206727149649917,1.6648152109980991,1.8013298812003031,7.364316710608617e-08,0.50-1.00,0.25-1.00,1.6666666666666667e-05,pneumatic_feed,-0.00673453092538695,0.5451713175029472,1.2716875132752356e-31,-0.2903555993237534,active,
aluminum,heavily_coated,0.34907682538282386,0.9024204210109013,0.9024204210109013,0.0218,0.05487487695017991,0.07667487695017991,2700.0,,2235.489199194262,0.17140585927167623,1.6435576116930894,1.6402397285544057,1.395865239983458e-07,0.50-1.00,0.25-1.00,1.6666666666666667e-05,pneumatic_feed,-0.011162524450109429,0.5492919183344238,-8.25148692389966e-32,-0.29046372030112244,active,
aluminum,partial,0.08350288181308269,0.9397742603244078,0.9397742603244078,0.0218,0.0131266530210166,0.0349266530210166,2700.0,,2456.065975567079,0.085782164125356,1.2133679481761437,1.160360654327605,7.576071944923214e-08,0.50-1.00,0.25-1.00,1.6666666666666667e-05,pneumatic_feed,-0.013241698931328668,2.25,0.0,0.0,light,3.335999999999854
aluminum,partial,0.16424007776793764,0.9195096371304672,0.9195096371304672,0.0218,0.0258185402251198,0.0476185402251198,2700.0,,2348.0905324808177,0.11181264347316078,1.3667929234474427,1.3247683767190142,9.453736338726111e-08,0.50-1.00,0.25-1.00,1.6666666666666667e-05,pneumatic_feed,0.007741644286017237,0.611263806701737,-6.29275796989036e-38,-0.28963679843961937,active,
copper,partial,0.21219633365413615,0.40135057949659747,0.40135057949659747,0.012,0.030980664713503876,0.042980664713503876,8900.0,,3205.6429474022366,0.13778066471350386,1.446572886418582,1.4705799241602466,2.2194024667677282e-08,0.25-0.50,0.25-1.00,1.6666666666666667e-05,pneumatic_feed,-0.02979506121120297,0.5916179636698229,1.5708535131606046e-36,-0.2903445844244219,active,
aluminum,partial,0.12537389557223144,0.735605711632309,0.735605711632309,0.0218,0.019708776383954782,0.04150877638395478,2700.0,,2391.826652587632,0.09928179767144313,1.2825529592217677,1.248329722569711,5.3722945697612156e-08,0.50-1.00,0.25-1.00,1.6666666666666667e-05,pneumatic_feed,-0.01151124739045019,2.25,0.0,0.0,light,4.185999999999761
aluminum,partial,0.10865683117995023,0.6681172838399025,0.6681172838399025,0.0218,0.01708085386148818,0.03888085386148818,2700.0,,2414.8659202602707,0.09389204894072775,1.2452816928946957,1.2139726521522891,4.1911598996827504e-08,0.50-1.00,0.25-1.00,1.6666666666666667e-05,pneumatic_feed,0.02226353039789974,2.25,0.0,0.0,light,3.609999999999824
aluminum,bare_like,0.011833836719686797,0.614406764020627,0.614406764020627,0.0218,0.001860279132334764,0.023660279132334764,2700.0,,2648.9690567995217,0.06267534729679422,1.0358752034028138,0.991842856086831,2.365967232522326e-08,0.50-1.00,0.25-1.00,1.6666666666666667e-05,pneumatic_feed,-0.027148657708328965,2.25,0.0,0.0,light,2.4059999999999566
copper,partial,0.1937267072766169,0.48991929549887914,0.48991929549887914,0.012,0.02828409926238606,0.04028409926238606,8900.0,,3353.28583078228,0.13508409926238607,1.4626238942293568,1.4561181346382621,3.242300925578736e-08,0.25-0.50,0.25-1.00,1.6666666666666667e-05,pneumatic_feed,0.019841939676005848,0.5878576508077502,-5.721698645296532e-36,-0.2904338756857664,active,
