material,liberation_state,residual_coating_fraction,size_mm,aerodynamic_size_mm,metal_thickness_mm,coating_thickness_mm,total_thickness_mm,metal_density_kg_m3,coating_density_kg_m3,effective_density_kg_m3,areal_density_kg_m2,suspension_velocity_m_s,eq9_velocity_m_s,physical_particle_mass_kg,source_subfraction,pneumatic_fraction,statistical_mass,mill_fraction,x_m,z_m,vx_m_s,vz_m_s,dynamic_stream,exit_time_s
aluminum,partial,0.19092886847343693,0.6008831554338122,0.6008831554338122,0.0218,0.030014018124024287,0.05181401812402429,2700.0,,2324.030848105324,0.1204173764845208,1.3761077561283617,1.3747985820843134,4.347796616802961e-08,0.50-1.00,0.25-1.00,1.6666666666666667e-05,pneumatic_feed,0.024332163836964984,0.5320983592116871,-1.709614520204396e-38,-0.2916163046732381,active,
aluminum,heavily_coated,0.3021830882082328,0.5988692123029039,0.5988692123029039,0.0218,0.0475031814663342,0.0693031814663342,2700.0,,2255.1179637422083,0.15628684946921634,1.5297016919150919,1.5662306309317349,5.605139295399683e-08,0.50-1.00,0.25-1.00,1.6666666666666667e-05,pneumatic_feed,-0.014699800681587332,0.0,0.0,0.0,heavy,7.771999999999366
copper,partial,0.06914826364673377,0.9053855813468716,0.9053855813468716,0.012,0.01009564649242313,0.02209564649242313,8900.0,,5290.437939098459,0.11689564649242312,1.4337412748795797,1.354545705151758,9.582205598096094e-08,0.50-1.00,0.25-1.00,1.6666666666666667e-05,pneumatic_feed,-0.02776328563949957,0.5194227054492028,-2.5101530284737504e-36,-0.2922624237729881,active,
aluminum,partial,0.22715321043849557,0.6179816518299993,0.6179816518299993,0.0218,0.035708484680931504,0.057508484680931504,2700.0,,2296.990910304328,0.13209646657747534,1.4329706083369433,1.4399257409325152,5.044781521727307e-08,0.50-1.00,0.25-1.00,1.6666666666666667e-05,pneumatic_feed,-0.0017659639650776725,0.5195889506044329,-3.483750868563166e-37,-0.29216480662975736,active,
aluminum,heavily_coated,0.28305886200834435,0.8726569095126457,0.8726569095126457,0.0218,0.04449685310771173,0.06629685310771173,2700.0,,2264.376070101102,0.1501210077001103,1.5500980067267558,1.5350242137702361,1.1432166326177805e-07,0.50-1.00,0.25-1.00,1.6666666666666667e-05,pneumatic_feed,0.016976388149932218,0.0,0.0,0.0,heavy,5.519999999999614
copper,partial,0.38160340992713376,0.9432585907185012,0.9432585907185012,0.012,0.05571409784936153,0.06771409784936153,8900.0,,2400.0038841379005,0.16251409784936152,1.6187269020937245,1.5971290742590527,1.4459476833163133e-07,0.50-1.00,0.25-1.00,1.6666666666666667e-05,pneumatic_feed,0.014340867584590751,0.0,0.0,0.0,heavy,2.7859999999999148
aluminum,partial,0.26225675457781633,0.8900435099366315,0.8900435099366315,0.0218,0.04122676181963274,0.06302676181963274,2700.0,,2275.4492869846354,0.14341420024343376,1.5219083413794088,1.5003430564444042,1.1360949538244449e-07,0.50-1.00,0.25-1.00,1.6666666666666667e-05,pneumatic_feed,0.02618972637515186,0.0,0.0,0.0,heavy,9.527999999999851
copper,partial,0.1138804863642644,0.5522350382509004,0.5522350382509004,0.012,0.016626551009182602,0.028626551009182603,8900.0,,4311.610957589364,0.1234265510091826,1.4361252613722313,1.391870376378537,3.764059761372529e-08,0.50-1.00,0.25-1.00,1.6666666666666667e-05,pneumatic_feed,-0.029657921652186527,0.5189149826423346,1.8703627762242397e-37,-0.292264616145403,active,
copper,heavily_coated,0.5634919627879756,0.8829412925501422,0.8829412925501422,0.012,0.08226982656704444,0.09426982656704444,8900.0,,2005.6239992398685,0.18906982656704446,1.6948205714868592,1.7226839518020507,1.4739606239807101e-07,0.50-1.00,0.25-1.00,1.6666666666666667e-05,pneumatic_feed,0.0045916603650446135,0.0,0.0,0.0,heavy,1.8000000000000014
aluminum,partial,0.20709415696908287,0.8636795547895912,0.8636795547895912,0.0218,0.03255520147553983,0.05435520147553983,2700.0,,2311.264124463524,0.125629227148402,1.4343581483580474,1.4042351474455117,9.371216386265582e-08,0.50-1.00,0.25-1.00,1.6666666666666667e-05,pneumatic_feed,-0.00413578944491729,0.5192928559844893,2.131980297674508e-36,-0.2921764558402704,active,
copper,heavily_coated,0.5089061895412924,0.6124937634282828,0.6124937634282828,0.012,0.07430030367302869,0.08630030367302868,8900.0,,2098.4897615097007,0.1811003036730287,1.6139652924390668,1.6859864668649802,6.79395272367145e-08,0.50-1.00,0.25-1.00,1.6666666666666667e-05,pneumatic_feed,-0.009231000586144511,0.0,0.0,0.0,heavy,2.9859999999998927
aluminum,partial,0.1417044155342539,0.8688901828877897,0.8688901828877897,0.0218,0.02227593412198471,0.04407593412198471,2700.0,,2371.9728848639793,0.10454692061239879,1.322914047828079,1.2810029140998125,7.892980432828916e-08,0.50-1.00,0.25-1.00,1.6666666666666667e-05,pneumatic_feed,-0.0299716145969793,0.5445111664339418,7.636518044458432e-40,-0.2908773109910744,active,
aluminum,partial,0.21922814861023115,0.6807062034569245,0.6807062034569245,0.0218,0.03446266496152834,0.05626266496152834,2700.0,,2302.438881663413,0.12954134739342463,1.4316597461187102,1.4259316213224227,6.002439990439843e-08,0.50-1.00,0.25-1.00,1.6666666666666667e-05,pneumatic_feed,-0.014363353117802754,0.5198690457530059,-7.926465207677061e-37,-0.29215501541035027,active,
copper,partial,0.1484010214695981,0.6140859907301519,0.6140859907301519,0.012,0.021666549134561324,0.033666549134561324,8900.0,,3815.851414443913,0.12846654913456132,1.4611784926910878,1.4200038574652094,4.844494174040515e-08,0.50-1.00,0.25-1.00,1.6666666666666667e-05,pneumatic_feed,-0.019464656100477165,0.5133835294657947,1.0701590951502093e-35,-0.29188883850850433,active,
aluminum,partial,0.18417922411983834,0.5122473794871091,0.5122473794871091,0.0218,0.028952974031638587,0.05075297403163859,2700.0,,2329.739801548721,0.11824122364847708,1.3489146518700315,1.3623194362507263,3.102618703220809e-08,0.50-1.00,0.25-1.00,1.6666666666666667e-05,pneumatic_feed,0.025725543408204692,0.5383536681715254,-1.419651147043335e-38,-0.29126726781346657,active,
copper,partial,0.24226912502787556,0.8087539040021463,0.8087539040021463,0.012,0.03537129225406983,0.04737129225406983,8900.0,,3001.2120313617875,0.14217129225406983,1.5319094899195846,1.4938275011593138,9.299180789828792e-08,0.50-1.00,0.25-1.00,1.6666666666666667e-05,pneumatic_feed,0.0024697869562536018,0.0,0.0,0.0,heavy,7.801999999999363
aluminum,partial,0.20779373080667696,0.7450931655608173,0.7450931655608173,0.0218,0.03266517448280962,0.05446517448280962,2700.0,,2310.738521348228,0.12585477674938073,1.4228573955940254,1.4054951354801197,6.987001930069957e-08,0.50-1.00,0.25-1.00,1.6666666666666667e-05,pneumatic_feed,0.0021544418839849915,0.52175974700311,2.551230549719302e-37,-0.2920843530512762,active,
aluminum,partial,0.16104285779809485,0.8447151510572787,0.8447151510572787,0.0218,0.02531593724586051,0.04711593724586051,2700.0,,2351.2601947107987,0.11078182778268375,1.3555856378152313,1.3186476287761657,7.904767378503553e-08,0.50-1.00,0.25-1.00,1.6666666666666667e-05,pneumatic_feed,0.019553715455279855,0.5368019596833323,-4.211343387805912e-38,-0.2913600039616162,active,
copper,partial,0.1769747598064605,0.28373627824413294,0.28373627824413294,0.012,0.02583831493174323,0.03783831493174323,8900.0,,3505.3969811026286,0.13263831493174322,1.3896000510396034,1.4428759444833232,1.067821673593113e-08,0.25-0.50,0.25-1.00,1.6666666666666667e-05,pneumatic_feed,0.003340972069449436,0.5290608051916534,2.8676434185909757e-37,-0.29182110377968784,active,
copper,partial,0.33161481911027535,0.5986498313966426,0.5986498313966426,0.012,0.048415763590100205,0.0604157635901002,8900.0,,2569.126902759763,0.1552157635901002,1.5431640782928124,1.5608544535959183,5.5626476902933764e-08,0.50-1.00,0.25-1.00,1.6666666666666667e-05,pneumatic_feed,0.002092091873539496,0.0,0.0,0.0,heavy,6.275999999999531
aluminum,partial,0.1444990353227879,0.8520547114426655,0.8520547114426655,0.0218,0.02271524835274226,0.04451524835274226,2700.0,,2368.8048001629127,0.10544793397842005,1.3267748424850805,1.2865110849601262,7.655490811375702e-08,0.50-1.00,0.25-1.00,1.6666666666666667e-05,pneumatic_feed,-0.001073879855195138,0.5435855937201516,-1.269888501789432e-39,-0.29093923531781446,active,
copper,partial,0.09336675497399183,0.6526985643882138,0.6526985643882138,0.012,0.013631546226202804,0.025631546226202805,8900.0,,4698.56734991224,0.1204315462262028,1.4350453573999726,1.3748794672866707,5.13056952595916e-08,0.50-1.00,0.25-1.00,1.6666666666666667e-05,pneumatic_feed,-0.04208664252007759,0.5191448208447642,-3.428905294962703e-36,-0.2922635462367112,active,
copper,heavily_coated,0.5912278899275296,0.2900747347884862,0.2900747347884862,0.012,0.08631927192941932,0.09831927192941932,8900.0,,1964.205675445342,0.19311927192941933,1.4566906671901592,1.7410342019053406,1.6249702830096385e-08,0.25-0.50,0.25-1.00,1.6666666666666667e-05,pneumatic_feed,-0.0319572667696843,0.5145550855003457,1.2530991738167198e-36,-0.292240803992547,active,
aluminum,heavily_coated,0.31487315595554083,0.6711055280683034,0.6711055280683034,0.0218,0.04949806011621102,0.07129806011621102,2700.0,,2249.405579201176,0.1603782542116259,1.5616676451219125,1.5865992178573898,7.223157989518026e-08,0.50-1.00,0.25-1.00,1.6666666666666667e-05,pneumatic_feed,-0.008999628004082012,0.0,0.0,0.0,heavy,4.751999999999699
aluminum,heavily_coated,0.2972351427925892,0.7926163553276203,0.7926163553276203,0.0218,0.04672536444699503,0.06852536444699503,2700.0,,2257.4353837609133,0.15469158238775868,1.5593894930346535,1.5582166335777128,9.718354595107528e-08,0.50-1.00,0.25-1.00,1.6666666666666667e-05,pneumatic_feed,0.010872417343831523,0.0,0.0,0.0,heavy,4.813999999999692
copper,heavily_coated,0.514673472034261,0.41448643161814447,0.41448643161814447,0.012,0.0751423269170021,0.08714232691700209,8900.0,,2087.8754717015004,0.1819423269170021,1.5367133321002149,1.6899014063812319,3.1257510185087734e-08,0.25-0.50,0.25-1.00,1.6666666666666667e-05,pneumatic_feed,0.010462035996628228,0.0,0.0,0.0,heavy,7.01399999999945
aluminum,partial,0.15019966858765066,0.6294179148161642,0.6294179148161642,0.0218,0.023611387901978684,0.045411387901978684,2700.0,,2362.5323978408896,0.10728587514934446,1.3148028207140074,1.2976744955281008,4.250311380458148e-08,0.50-1.00,0.25-1.00,1.6666666666666667e-05,pneumatic_feed,-0.015207415045549686,0.5464688045782622,1.6080722969938135e-39,-0.2907417045988307,active,
aluminum,partial,0.16775364525629666,0.7101805813062199,0.7101805813062199,0.0218,0.026370873034289838,0.04817087303428984,2700.0,,2344.683532861939,0.1129454527670826,1.3541549499801484,1.331462288850919,5.6964768512090325e-08,0.50-1.00,0.25-1.00,1.6666666666666667e-05,pneumatic_feed,-0.007272097634143739,0.5371337980210555,1.6126165988094812e-38,-0.2913403020578774,active,
aluminum,partial,0.16263165253803935,0.7078845454942851,0.7078845454942851,0.0218,0.025565695778979783,0.04736569577897978,2700.0,,2349.6766861425476,0.11129407109478927,1.3453068842793754,1.3216927554858626,5.576951798359419e-08,0.50-1.00,0.25-1.00,1.6666666666666667e-05,pneumatic_feed,-0.0014282226851050383,0.539197532311236,-3.190082445323116e-38,-0.29121762350561464,active,
aluminum,partial,0.2110296692184469,0.6358047413686706,0.6358047413686706,0.0218,0.033173864001139856,0.054973864001139856,2700.0,,2308.3346597228146,0.12689807565271946,1.412368683890518,1.411308681842879,5.129825130183655e-08,0.50-1.00,0.25-1.00,1.6666666666666667e-05,pneumatic_feed,0.0005721736549367323,0.5240353315992974,1.0614508932280136e-36,-0.29199251129076104,active,
aluminum,partial,0.20082647419734892,0.6436778446901904,0.6436778446901904,0.0218,0.031569921743823254,0.053369921743823254,2700.0,,2316.0697918818487,0.12360846354596727,1.3981805686739062,1.3928957045728523,5.121360295953153e-08,0.50-1.00,0.25-1.00,1.6666666666666667e-05,pneumatic_feed,0.005515861228733572,0.5271534677836721,3.1778612860698835e-37,-0.2918568666825441,active,
copper,heavily_coated,0.6094720974325325,0.31251072854657846,0.31251072854657846,0.012,0.08898292622514974,0.10098292622514973,8900.0,,1938.7725583296688,0.19578292622514976,1.4807150703049825,1.7529999458157295,1.912073920311178e-08,0.25-0.50,0.25-1.00,1.6666666666666667e-05,pneumatic_feed,-0.016775394033527943,0.42853693190580405,-1.1454982947999476e-35,-0.263706238922149,active,
copper,partial,0.34843336872012903,0.6886824718929139,0.6886824718929139,0.012,0.050871271833138845,0.06287127183313884,8900.0,,2507.8428865189876,0.15767127183313884,1.567925029335929,1.5731523393152196,7.478089007961225e-08,0.50-1.00,0.25-1.00,1.6666666666666667e-05,pneumatic_feed,0.02413917536859489,0.0,0.0,0.0,heavy,4.537999999999722
aluminum,partial,0.20982478440592475,0.9101709137257648,0.9101709137257648,0.0218,0.03298445610861137,0.05478445610861137,2700.0,,2309.224508672791,0.1265096087403142,1.442894626538497,1.4091468407472558,1.0480196314939604e-07,0.50-1.00,0.25-1.00,1.6666666666666667e-05,pneumatic_feed,-0.006738823063394351,0.5174805763261008,2.8972895038915112e-36,-0.2922391154729277,active,
aluminum,partial,0.26982917430361464,0.8358223269347689,0.8358223269347689,0.0218,0.04241714620052822,0.06421714620052822,2700.0,,2271.2878524961397,0.14585562408722838,1.5267799267215136,1.513059772670312,1.0189458761875784e-07,0.50-1.00,0.25-1.00,1.6666666666666667e-05,pneumatic_feed,-0.0039032191682767956,0.0,0.0,0.0,heavy,8.519999999999515
aluminum,partial,0.24879288316530904,0.8867340086209539,0.8867340086209539,0.0218,0.039110241233586585,0.060910241233586584,2700.0,,2283.250084792649,0.13907331346132729,1.5014942902062494,1.47746225944658,1.0935295725376692e-07,0.50-1.00,0.25-1.00,1.6666666666666667e-05,pneumatic_feed,-0.000888611945259304,0.18747485433952157,1.0525977951582283e-34,-0.2815437465656096,active,
aluminum,heavily_coated,0.36657217145578913,0.8499709160047253,0.8499709160047253,0.0218,0.05762514535285006,0.07942514535285006,2700.0,,2229.0992734419706,0.17704653379906096,1.6584051877607564,1.6670100163196564,1.2790736714464235e-07,0.50-1.00,0.25-1.00,1.6666666666666667e-05,pneumatic_feed,0.015657055649413734,0.0,0.0,0.0,heavy,2.2699999999999716
copper,heavily_coated,0.6055941021924013,0.2943541103667182,0.2943541103667182,0.012,0.08841673892009058,0.10041673892009058,8900.0,,1944.0657107520665,0.1952167389200906,1.462660387171576,1.7504633483994294,1.6914425947687356e-08,0.25-0.50,0.25-1.00,1.6666666666666667e-05,pneumatic_feed,0.006960426433006695,0.5129601673181102,2.235028150799033e-37,-0.2915724661832162,active,
aluminum,heavily_coated,0.3183385477486512,0.668174397879295,0.668174397879295,0.0218,0.05004281970608797,0.07184281970608797,2700.0,,2247.9007900904744,0.16149553117964263,1.565444126943169,1.5921161570047804,7.2100814559743e-08,0.50-1.00,0.25-1.00,1.6666666666666667e-05,pneumatic_feed,-0.03865354234698088,0.0,0.0,0.0,heavy,4.543999999999722
copper,partial,0.07023255142151331,0.6349454911594752,0.6349454911594752,0.012,0.010253952507540944,0.022253952507540944,8900.0,,5259.917422214153,0.11705395250754094,1.4203685146097178,1.3554625920911143,4.7190977144103364e-08,0.50-1.00,0.25-1.00,1.6666666666666667e-05,pneumatic_feed,0.01794896088643623,0.5222956993979941,2.1769333576545e-37,-0.29215315539809794,active,
copper,partial,0.3516845065492418,0.5833066104485766,0.5833066104485766,0.012,0.0513459379561893,0.0633459379561893,8900.0,,2496.5442624839598,0.1581459379561893,1.5477946154292697,1.5755185312018223,5.380861797696121e-08,0.50-1.00,0.25-1.00,1.6666666666666667e-05,pneumatic_feed,0.0388549161495467,0.0,0.0,0.0,heavy,5.801999999999583
aluminum,partial,0.2543056052259366,0.9060997424972248,0.9060997424972248,0.0218,0.039976841141517235,0.061776841141517234,2700.0,,2279.9914592304276,0.1408506701808942,1.5117380689964874,1.486873269367405,1.1564075853108091e-07,0.50-1.00,0.25-1.00,1.6666666666666667e-05,pneumatic_feed,0.026747349686033615,0.04276477931877876,1.0858320949615773e-34,-0.2903475771234184,active,
aluminum,heavily_coated,0.2723537902809515,0.6565804168794833,0.6565804168794833,0.0218,0.04281401583216558,0.06461401583216558,2700.0,,2269.934527911943,0.1466695855244816,1.5031757517081479,1.517275787189746,6.322894207499043e-08,0.50-1.00,0.25-1.00,1.6666666666666667e-05,pneumatic_feed,-0.02454329671933355,0.1604698410242436,-1.0776820890232337e-35,-0.28298686539610635,active,
copper,partial,0.32954683936217305,0.77717859596265,0.77717859596265,0.012,0.04811383854687727,0.06011383854687727,8900.0,,2577.0079284834587,0.15491383854687726,1.572819254986386,1.5593356309120194,9.356897626971496e-08,0.50-1.00,0.25-1.00,1.6666666666666667e-05,pneumatic_feed,-0.018275389345438386,0.0,0.0,0.0,heavy,4.275999999999751
aluminum,heavily_coated,0.2801523573076848,0.5981263552420287,0.5981263552420287,0.0218,0.04403995056876804,0.06583995056876804,2700.0,,2265.857131283112,0.14918392151957063,1.5014386591279607,1.530225745493514,5.337131425683284e-08,0.50-1.00,0.25-1.00,1.6666666666666667e-05,pneumatic_feed,0.030866539643690034,0.17251141780467308,-1.7677101137161285e-35,-0.2814947681895912,active,
copper,partial,0.27320298807045784,0.26271810718852684,0.26271810718852684,0.012,0.03988763625828684,0.05188763625828684,8900.0,,2827.024833586628,0.14668763625828685,1.3924689257187208,1.5173691504410094,1.0124498568629187e-08,0.25-0.50,0.25-1.00,1.6666666666666667e-05,pneumatic_feed,0.017755059672188905,0.5284213200529453,-1.58553647719944e-37,-0.2918265670784005,active,
copper,heavily_coated,0.6502660045738051,0.6950959716942657,0.6950959716942657,0.012,0.09493883666777554,0.10693883666777554,8900.0,,1886.48804264173,0.20173883666777553,1.6864450105879005,1.7794641834938418,9.747181553253751e-08,0.50-1.00,0.25-1.00,1.6666666666666667e-05,pneumatic_feed,0.02177139533778158,0.0,0.0,0.0,heavy,1.9440000000000015
aluminum,partial,0.20501156531799655,0.5277757155082192,0.5277757155082192,0.0218,0.03222781806798906,0.05402781806798906,2700.0,,2312.841481344432,0.12495777877417527,1.3829027232441398,1.4004775241464802,3.480664013054429e-08,0.50-1.00,0.25-1.00,1.6666666666666667e-05,pneumatic_feed,-0.040246505844398456,0.5305637231384576,-1.344560379813532e-37,-0.291693680605189,active,
aluminum,partial,0.18078259333186703,0.5107649117144499,0.5107649117144499,0.0218,0.028419023671769503,0.0502190236717695,2700.0,,2332.703970546935,0.11714611591612725,1.3435040013877728,1.3559961045001323,3.056117185589146e-08,0.50-1.00,0.25-1.00,1.6666666666666667e-05,pneumatic_feed,-0.015602064629881111,0.5396205261448527,1.373039513156569e-38,-0.2911906311002022,active,
aluminum,heavily_coated,0.3044306588847375,0.8437955985176953,0.8437955985176953,0.0218,0.04785649957668074,0.06965649957668074,2700.0,,2254.0823854948885,0.15701148873102821,1.5762928269276226,1.5698574225458244,1.1179076876945248e-07,0.50-1.00,0.25-1.00,1.6666666666666667e-05,pneumatic_feed,0.015104065128640291,0.0,0.0,0.0,heavy,3.8259999999998002
aluminum,heavily_coated,0.3510182810095489,0.890813978569362,0.890813978569362,0.0218,0.05518007377470109,0.07698007377470109,2700.0,,2234.757587837303,0.17203180398028867,1.6445193137211227,1.6432319359343681,1.3651575967337568e-07,0.50-1.00,0.25-1.00,1.6666666666666667e-05,pneumatic_feed,-0.017716001529756296,0.0,0.0,0.0,heavy,2.3239999999999656
copper,partial,0.20374628017650143,0.9497333494721872,0.9497333494721872,0.012,0.02974695690576921,0.04174695690576921,8900.0,,3270.8241995693616,0.1365469569057692,1.5213645856078521,1.4639812278827053,1.2316445871183997e-07,0.50-1.00,0.25-1.00,1.6666666666666667e-05,pneumatic_feed,-0.02431608006040089,0.0,0.0,0.0,heavy,9.293999999999773
aluminum,partial,0.19671247371339795,0.8323647286130157,0.8323647286130157,0.0218,0.030923200867746158,0.05272320086774616,2700.0,,2319.321790736413,0.12228206864993663,1.4146112207438855,1.3854022338401961,8.472081297205324e-08,0.50-1.00,0.25-1.00,1.6666666666666667e-05,pneumatic_feed,0.009764652182068593,0.5235466958624008,7.986444718910299e-38,-0.292013501776061,active,
aluminum,heavily_coated,0.36625267641878156,0.8440050592127788,0.8440050592127788,0.0218,0.057574920733032456,0.07937492073303246,2700.0,,2229.211995049502,0.17694352540417935,1.6570838107795032,1.6665249997356772,1.2604475420590738e-07,0.50-1.00,0.25-1.00,1.6666666666666667e-05,pneumatic_feed,0.03924923817850286,0.0,0.0,0.0,heavy,2.2359999999999753
aluminum,partial,0.1949970053691676,0.824394821270734,0.824394821270734,0.0218,0.030653529244033147,0.05245352924403315,2700.0,,2320.7015096113973,0.1217289845010733,1.411051462853283,1.382265582559606,8.27302828011678e-08,0.50-1.00,0.25-1.00,1.6666666666666667e-05,pneumatic_feed,-0.022925972361302484,0.5243228537981283,-6.565349577919423e-37,-0.29198131758439244,active,
copper,partial,0.1937267072766169,0.48991929549887914,0.48991929549887914,0.012,0.02828409926238606,0.04028409926238606,8900.0,,3353.28583078228,0.13508409926238607,1.4626238942293568,1.4561181346382621,3.242300925578736e-08,0.25-0.50,0.25-1.00,1.6666666666666667e-05,pneumatic_feed,0.02254081030024764,0.5129682479787936,-4.917517835279968e-36,-0.2916570187701253,active,
aluminum,partial,0.25920520701787264,0.6005142517948937,0.6005142517948937,0.0218,0.04074705854320958,0.06254705854320958,2700.0,,2277.1710470802827,0.14243035079463232,1.4742334781087303,1.4951878765133662,5.136285802872519e-08,0.50-1.00,0.25-1.00,1.6666666666666667e-05,pneumatic_feed,0.016107810971819115,0.5062211991101245,-5.344816752724396e-37,-0.2800659613922118,active,
aluminum,partial,0.21358917342871203,0.6073835550015327,0.6073835550015327,0.0218,0.03357621806299353,0.05537621806299353,2700.0,,2306.464577625339,0.12772328540515104,1.411299368241389,1.415890069079959,4.7119008104766225e-08,0.50-1.00,0.25-1.00,1.6666666666666667e-05,pneumatic_feed,0.010651843265630186,0.5242687276362618,-1.7633612107097851e-37,-0.29198261196521963,active,
copper,partial,0.4455861212049009,0.993957782506965,0.993957782506965,0.012,0.06505557369591553,0.07705557369591552,8900.0,,2230.280892776288,0.17185557369591553,1.65628040029266,1.64239005255484,1.697850703592854e-07,0.50-1.00,0.25-1.00,1.6666666666666667e-05,pneumatic_feed,-0.020341530523125696,0.0,0.0,0.0,heavy,2.28399999999997
aluminum,partial,0.23474701534937556,0.8283620214076937,0.8283620214076937,0.0218,0.03690223081292184,0.05870223081292184,2700.0,,2291.987601758662,0.13454478521879218,1.4740315764862881,1.4532085014870242,9.232243026406343e-08,0.50-1.00,0.25-1.00,1.6666666666666667e-05,pneumatic_feed,0.01640515351550375,0.5078236626273637,-1.2609506683990837e-36,-0.2846458881481708,active,
aluminum,heavily_coated,0.33797257918432977,0.9459766962236569,0.9459766962236569,0.0218,0.05312928944777663,0.07492928944777663,2700.0,,2239.788212215585,0.16782573925481975,1.6343664078411224,1.62301965587101,1.5018253980025945e-07,0.50-1.00,0.25-1.00,1.6666666666666667e-05,pneumatic_feed,0.00851354714001853,0.0,0.0,0.0,heavy,2.55799999999994
copper,partial,0.28082228759340966,0.496191990593843,0.496191990593843,0.012,0.041000053988637805,0.0530000539886378,8900.0,,2788.6774232404236,0.1478000539886378,1.4985463955058587,1.5231118302362632,3.638933274041028e-08,0.25-0.50,0.25-1.00,1.6666666666666667e-05,pneumatic_feed,-0.015061491992629931,0.20933833271568433,-3.0647068950222835e-35,-0.27904173879778504,active,
aluminum,heavily_coated,0.360360438181833,0.8406471413499947,0.8406471413499947,0.0218,0.05664866088218415,0.07844866088218415,2700.0,,2231.3167223732376,0.17504380887420476,1.6491730730233845,1.6575547122461805,1.2370129203436847e-07,0.50-1.00,0.25-1.00,1.6666666666666667e-05,pneumatic_feed,-0.006344157380291148,0.0,0.0,0.0,heavy,2.301999999999968
aluminum,partial,0.17355592226706068,0.577497614974763,0.577497614974763,0.0218,0.027282990980381935,0.049082990980381935,2700.0,,2339.2251084293966,0.11481616489812303,1.3451443195660364,1.342443490148073,3.8291592310641973e-08,0.50-1.00,0.25-1.00,1.6666666666666667e-05,pneumatic_feed,0.0328698842251144,0.5392356532501821,-2.9467943363318145e-39,-0.2912146181689144,active,
copper,partial,0.4742547860023485,0.9937066575021581,0.9937066575021581,0.012,0.06924119875634288,0.08124119875634288,8900.0,,2166.8956324034857,0.1760411987563429,1.6702076358001647,1.6622703317088825,1.7383239595718277e-07,0.50-1.00,0.25-1.00,1.6666666666666667e-05,pneumatic_feed,-0.018633646570400682,0.0,0.0,0.0,heavy,2.019999999999999
copper,partial,0.3213327726608949,0.7208455531509211,0.7208455531509211,0.012,0.04691458480849066,0.058914584808490655,8900.0,,2609.109192709402,0.15371458480849065,1.5608133334920908,1.5532881648792891,7.987291301072064e-08,0.50-1.00,0.25-1.00,1.6666666666666667e-05,pneumatic_feed,-0.0039086307775554234,0.0,0.0,0.0,heavy,4.779999999999696
aluminum,partial,0.23581586463987217,0.9829732272298999,0.9829732272298999,0.0218,0.03707025392138791,0.05887025392138791,2700.0,,2291.299662112296,0.13488939291854118,1.4903138571198273,1.4550683527757116,1.303350367514713e-07,0.50-1.00,0.25-1.00,1.6666666666666667e-05,pneumatic_feed,-0.01570444258850417,0.31132058593142636,2.2960108389073496e-35,-0.27195357933682174,active,
aluminum,partial,0.23486894439301303,0.6754633218154995,0.6754633218154995,0.0218,0.03692139805858165,0.05872139805858165,2700.0,,2291.9089260696337,0.13458409636175134,1.4539252901040818,1.453420784389039,6.140408805521724e-08,0.50-1.00,0.25-1.00,1.6666666666666667e-05,pneumatic_feed,-0.0189195712376513,0.5151620759251927,8.527965622023988e-36,-0.29231225728933147,active,
aluminum,heavily_coated,0.38082910548373433,0.7296169152095293,0.7296169152095293,0.0218,0.05986633538204304,0.08166633538204304,2700.0,,2224.2103928046563,0.18164311189901078,1.6542273156182306,1.6885112627302412,9.669604730617331e-08,0.50-1.00,0.25-1.00,1.6666666666666667e-05,pneumatic_feed,-0.003931225086884277,0.0,0.0,0.0,heavy,2.2719999999999714
aluminum,partial,0.22084244632154512,0.787101954642496,0.787101954642496,0.0218,0.0347164325617469,0.0565164325617469,2700.0,,2301.309676197814,0.13006181311852935,1.4480791515290081,1.42879327360834,8.05771283598774e-08,0.50-1.00,0.25-1.00,1.6666666666666667e-05,pneumatic_feed,-0.010400278804500257,0.516387615281905,-7.391420859875123e-37,-0.2922744605655375,active,
aluminum,partial,0.2083670050942555,0.7576571243196256,0.7576571243196256,0.0218,0.032755293200816965,0.054555293200816965,2700.0,,2310.309389200597,0.12603960611243892,1.4252617801172713,1.406526806548969,7.235231973587275e-08,0.50-1.00,0.25-1.00,1.6666666666666667e-05,pneumatic_feed,-0.005221889502941747,0.5212415860014569,5.873497221778152e-37,-0.292104291979741,active,
aluminum,partial,0.26699384794742315,0.6105076392309743,0.6105076392309743,0.0218,0.04197143289733492,0.06377143289733492,2700.0,,2272.8278153961,0.1449414865167287,1.486801963384793,1.5083108341341893,5.402252962534332e-08,0.50-1.00,0.25-1.00,1.6666666666666667e-05,pneumatic_feed,-0.006836564805711013,0.3529076734639912,-4.709076868917582e-35,-0.2689437408533302,active,
copper,heavily_coated,0.55394816264269,0.2609444080937116,0.2609444080937116,0.012,0.08087643174583273,0.09287643174583272,8900.0,,2020.7110481960735,0.18767643174583273,1.4217135942415857,1.7163243494988327,1.277926060926797e-08,0.25-0.50,0.25-1.00,1.6666666666666667e-05,pneumatic_feed,0.010506716405321564,0.5220071515485614,8.719642408070887e-37,-0.29205169714013457,active,
copper,partial,0.44747560633723443,0.7660634764342364,0.7660634764342364,0.012,0.06533143852523622,0.07733143852523622,8900.0,,2225.8921055640662,0.1721314385252362,1.624983755142986,1.6437077170507255,1.0101589411305978e-07,0.50-1.00,0.25-1.00,1.6666666666666667e-05,pneumatic_feed,-0.028929280906755627,0.0,0.0,0.0,heavy,2.7259999999999214
aluminum,partial,0.2271562685324158,0.7016443698009471,0.7016443698009471,0.0218,0.03570896541329577,0.05750896541329577,2700.0,,2296.9888536196127,0.1320974525375362,1.4465716855066375,1.4399311146819378,6.503221281499797e-08,0.50-1.00,0.25-1.00,1.6666666666666667e-05,pneumatic_feed,0.03506894923901301,0.5167048205545222,4.256027474438598e-36,-0.2922638883485943,active,
aluminum,partial,0.23748894882764493,0.9240522461617167,0.9240522461617167,0.0218,0.03733326275570578,0.05913326275570578,2700.0,,2290.230670189993,0.135428811991521,1.4878482988204822,1.4579748396385013,1.1563894553115935e-07,0.50-1.00,0.25-1.00,1.6666666666666667e-05,pneumatic_feed,0.02248489925201052,0.34296755643209176,2.6468518170775425e-35,-0.2698411217420255,active,
aluminum,partial,0.25006934269219405,0.5496875687401936,0.5496875687401936,0.0218,0.03931090067121291,0.06111090067121291,2700.0,,2282.487334425697,0.13948485677739028,1.4505105315031923,1.4796466848467298,4.214624541825706e-08,0.50-1.00,0.25-1.00,1.6666666666666667e-05,pneumatic_feed,-0.03922923610519964,0.5158770548352734,-3.718149105959987e-36,-0.2922893758656936,active,
copper,partial,0.452120435612725,0.8918596188145651,0.8918596188145651,0.012,0.06600958359945786,0.07800958359945785,8900.0,,2215.2353034821076,0.17280958359945786,1.6467508858481943,1.646942386417051,1.3745508949248313e-07,0.50-1.00,0.25-1.00,1.6666666666666667e-05,pneumatic_feed,-0.022406336606956546,0.0,0.0,0.0,heavy,2.4619999999999505
aluminum,heavily_coated,0.2938207465426952,0.5847854482750084,0.5847854482750084,0.0218,0.04618862135651168,0.06798862135651168,2700.0,,2259.0654704917033,0.15359074689283034,1.515787127176869,1.5526623468191225,5.252404522872046e-08,0.50-1.00,0.25-1.00,1.6666666666666667e-05,pneumatic_feed,-0.009302217697512655,0.0,0.0,0.0,heavy,11.296000000000442
aluminum,partial,0.22139328089691168,0.647801817399013,0.647801817399013,0.0218,0.03480302375699452,0.05660302375699452,2700.0,,2300.926682876715,0.1302394076939733,1.4297278603241486,1.4297684229149157,5.465460206845799e-08,0.50-1.00,0.25-1.00,1.6666666666666667e-05,pneumatic_feed,0.0193068602908352,0.5202825393255273,6.241453684652277e-37,-0.2921397106108245,active,
aluminum,heavily_coated,0.34826311558513,0.8915570365357323,0.8915570365357323,0.0218,0.054746961769982436,0.07654696176998244,2700.0,,2235.797569733394,0.17114351109580175,1.6410489463078815,1.6389839993604893,1.3603751857828262e-07,0.50-1.00,0.25-1.00,1.6666666666666667e-05,pneumatic_feed,0.047578605976046164,0.0,0.0,0.0,heavy,2.5259999999999434
aluminum,heavily_coated,0.358871842298805,0.9793711648584338,0.9793711648584338,0.0218,0.056414653609372145,0.07821465360937215,2700.0,,2231.8563417461764,0.1745638706755577,1.665911640575483,1.6552807961562153,1.6743605750842746e-07,0.50-1.00,0.25-1.00,1.6666666666666667e-05,pneumatic_feed,-0.0030104107603476063,0.0,0.0,0.0,heavy,2.0699999999999936
aluminum,heavily_coated,0.3797411886059434,0.6914553435479287,0.6914553435479287,0.0218,0.059695314848854306,0.0814953148488543,2700.0,,2224.5739764878135,0.1812923566184422,1.6446794859950866,1.686880206026222,8.667777784061636e-08,0.50-1.00,0.25-1.00,1.6666666666666667e-05,pneumatic_feed,-0.015452278202988156,0.0,0.0,0.0,heavy,2.4639999999999502
aluminum,partial,0.2537604751593482,0.5930923395890231,0.5930923395890231,0.0218,0.039891146695049534,0.061691146695049534,2700.0,,2280.3096121961703,0.14067491479612546,1.4652904393892998,1.485945309437728,4.9483600291109706e-08,0.50-1.00,0.25-1.00,1.6666666666666667e-05,pneumatic_feed,0.027050214536830215,0.5121551810710946,2.2822041894004205e-37,-0.2911141105992043,active,
aluminum,heavily_coated,0.4002434924971768,0.7573503843705955,0.7573503843705955,0.0218,0.06291827702055619,0.08471827702055619,2700.0,,2217.9689085322375,0.18790250441601475,1.682581735701703,1.7173577697479836,1.0777704420625943e-07,0.50-1.00,0.25-1.00,1.6666666666666667e-05,pneumatic_feed,0.003004801396026237,0.0,0.0,0.0,heavy,1.9980000000000016
aluminum,heavily_coated,0.2851631726935109,0.846306831813336,0.846306831813336,0.0218,0.044827650747419914,0.06662765074741991,2700.0,,2263.3164582041695,0.15079945850811483,1.549892570639352,1.538488966727864,1.0800788840337039e-07,0.50-1.00,0.25-1.00,1.6666666666666667e-05,pneumatic_feed,-0.033963388143610496,0.0,0.0,0.0,heavy,5.521999999999614
aluminum,partial,0.1495098266410445,0.9539378716953946,0.9539378716953946,0.0218,0.023502944747972196,0.045302944747972196,2700.0,,2363.2782328599383,0.10706346320733916,1.3426908651129157,1.2963287077367358,9.742747990453303e-08,0.50-1.00,0.25-1.00,1.6666666666666667e-05,pneumatic_feed,0.007981508454547885,0.5398115180078663,-7.165753444963091e-39,-0.2911808574149571,active,
aluminum,heavily_coated,0.28170794302724417,0.6825325595020503,0.6825325595020503,0.0218,0.04428448864388278,0.06608448864388278,2700.0,,2265.061907614075,0.1496854579114138,1.5205688506890023,1.5327957944154045,6.973107456655741e-08,0.50-1.00,0.25-1.00,1.6666666666666667e-05,pneumatic_feed,0.030227404222586785,0.0,0.0,0.0,heavy,9.531999999999853
aluminum,heavily_coated,0.39595413254878215,0.7255717078657555,0.7255717078657555,0.0218,0.062243989636668565,0.08404398963666856,2700.0,,2219.308872429754,0.18651957187505283,1.6709666254083055,1.711026358695514,9.819403125494461e-08,0.50-1.00,0.25-1.00,1.6666666666666667e-05,pneumatic_feed,0.0033707246225126836,0.0,0.0,0.0,heavy,2.075999999999993
copper,partial,0.07299121055506046,0.3922352561440673,0.3922352561440673,0.012,0.010656716741038828,0.022656716741038828,8900.0,,5184.18966364556,0.11745671674103882,1.393535165992627,1.3577925563087114,1.8070539234782057e-08,0.25-0.50,0.25-1.00,1.6666666666666667e-05,pneumatic_feed,-0.0027570693714852315,0.5281826837749662,1.380559901629057e-37,-0.29189672528953803,active,
copper,partial,0.17783342762958265,0.5699324769088515,0.5699324769088515,0.012,0.025963680433919067,0.03796368043391907,8900.0,,3497.1235379828954,0.13276368043391906,1.4698626455030848,1.4435576635835485,4.3124700718230286e-08,0.50-1.00,0.25-1.00,1.6666666666666667e-05,pneumatic_feed,0.008878947568914669,0.5105868928201202,6.64674882494291e-37,-0.29002262712074817,active,
copper,partial,0.25722426436563195,0.5953037602112297,0.5953037602112297,0.012,0.03755474259738227,0.04955474259738227,8900.0,,2913.035867630716,0.14435474259738226,1.5106205755917201,1.5052548089305386,5.115738164794176e-08,0.50-1.00,0.25-1.00,1.6666666666666667e-05,pneumatic_feed,0.017658076619848282,0.06374245852044771,1.940635284337906e-34,-0.28942050108360245,active,
aluminum,partial,0.18609552874980306,0.820383191908088,0.820383191908088,0.0218,0.029254217119469045,0.051054217119469045,2700.0,,2328.0948397678635,0.118859059424224,1.396047828306366,1.3658740047027105,7.999554417047152e-08,0.50-1.00,0.25-1.00,1.6666666666666667e-05,pneumatic_feed,-0.017310992531909607,0.5276262026704744,-1.2066389959714745e-37,-0.29183597021636215,active,
aluminum,partial,0.18208830890352556,0.8660090534610074,0.8660090534610074,0.0218,0.028624282159634223,0.05042428215963422,2700.0,,2331.5570720747073,0.11756709167358567,1.3934134583520952,1.3584303702835125,8.817198933467899e-08,0.50-1.00,0.25-1.00,1.6666666666666667e-05,pneumatic_feed,0.01837638600215914,0.5282116157955737,1.2477419624146646e-37,-0.2918089225220132,active,
aluminum,heavily_coated,0.2906811447119526,0.5736321144492632,0.5736321144492632,0.0218,0.04569507594871895,0.06749507594871895,2700.0,,2260.5872461349018,0.15257850786658064,1.5090709178975443,1.5475374824132209,5.020653822799112e-08,0.50-1.00,0.25-1.00,1.6666666666666667e-05,pneumatic_feed,0.01265434980530053,0.08003797339044243,-4.1118257360012163e-35,-0.28805240006396365,active,
copper,partial,0.28547650289054627,0.9111262314100952,0.9111262314100952,0.012,0.04167956942201975,0.05367956942201975,8900.0,,2766.035030100528,0.14847956942201976,1.5650204185700944,1.5266090926127822,1.2326046445525273e-07,0.50-1.00,0.25-1.00,1.6666666666666667e-05,pneumatic_feed,0.001578050672143412,0.0,0.0,0.0,heavy,4.531999999999723
aluminum,heavily_coated,0.34907682538282386,0.9024204210109013,0.9024204210109013,0.0218,0.05487487695017991,0.07667487695017991,2700.0,,2235.489199194262,0.17140585927167623,1.6435576116930894,1.6402397285544057,1.395865239983458e-07,0.50-1.00,0.25-1.00,1.6666666666666667e-05,pneumatic_feed,0.006225496212149209,0.0,0.0,0.0,heavy,2.501999999999946
copper,heavily_coated,0.5914467901092637,0.9111558690386491,0.9111558690386491,0.012,0.08635123135595249,0.09835123135595249,8900.0,,1963.8923549101298,0.19315123135595252,1.7113511038096225,1.7411782583535298,1.6035512144347302e-07,0.50-1.00,0.25-1.00,1.6666666666666667e-05,pneumatic_feed,-0.011534516493627928,0.0,0.0,0.0,heavy,1.7420000000000013
aluminum,heavily_coated,0.2716646695517434,0.569014516668989,0.569014516668989,0.0218,0.04270568605353407,0.06450568605353407,2700.0,,2270.302279843037,0.1464474061101776,1.4836138597237107,1.5161261445886842,4.7416377987152986e-08,0.50-1.00,0.25-1.00,1.6666666666666667e-05,pneumatic_feed,0.02722479031847179,0.4102319913531128,-1.4703389090637902e-35,-0.26621405896512235,active,
copper,partial,0.3041035605654697,0.9025358151752516,0.9025358151752516,0.012,0.04439911984255858,0.056399119842558576,8900.0,,2680.8772949762283,0.15119911984255857,1.5742516407695555,1.5405263337732333,1.2316240277768012e-07,0.50-1.00,0.25-1.00,1.6666666666666667e-05,pneumatic_feed,0.013176777147927957,0.0,0.0,0.0,heavy,4.263999999999752
aluminum,partial,0.20191944808174989,0.630790560123604,0.630790560123604,0.0218,0.031741737238451084,0.053541737238451084,2700.0,,2315.21903564635,0.12396084925603698,1.3978163544234086,1.394879740308374,4.932361665886124e-08,0.50-1.00,0.25-1.00,1.6666666666666667e-05,pneumatic_feed,0.006740414349331355,0.5272341269513718,-3.1772569776760203e-37,-0.2918531234669493,active,
aluminum,partial,0.16645870120352407,0.9038135188614878,0.9038135188614878,0.0218,0.026167307829193985,0.047967307829193985,2700.0,,2345.930070866749,0.1125279498550282,1.369563473860257,1.32899913503528,9.192170529482261e-08,0.50-1.00,0.25-1.00,1.6666666666666667e-05,pneumatic_feed,-0.003459235770988687,0.5335869672448129,-4.0163388957155616e-38,-0.29153911759001383,active,
aluminum,partial,0.23999801632693257,0.7756782005901147,0.7756782005901147,0.0218,0.037727688166593804,0.0595276881665938,2700.0,,2288.645244590924,0.13623776044396632,1.4756988154902415,1.4623227714593299,8.197108215080808e-08,0.50-1.00,0.25-1.00,1.6666666666666667e-05,pneumatic_feed,0.023372594162375693,0.4903607087281625,5.95437203336266e-36,-0.25944576364988636,active,
aluminum,partial,0.14763112787749183,0.9577618915600317,0.9577618915600317,0.0218,0.023207613302341716,0.045007613302341716,2700.0,,2365.327644099786,0.10645775193898213,1.339496945826489,1.2926565183505878,9.765453058083965e-08,0.50-1.00,0.25-1.00,1.6666666666666667e-05,pneumatic_feed,0.02287797113726753,0.5405635595538828,-8.292449032436947e-39,-0.291134223635434,active,
aluminum,heavily_coated,0.34371151650592213,0.7924469779541554,0.7924469779541554,0.0218,0.054031450394730965,0.07583145039473096,2700.0,,2237.5416684429397,0.16967603003667434,1.6204533310200309,1.6319420845899038,1.0655183205290192e-07,0.50-1.00,0.25-1.00,1.6666666666666667e-05,pneumatic_feed,-0.017221899900256195,0.0,0.0,0.0,heavy,2.783999999999915
copper,partial,0.18462864845631488,0.8819579532371837,0.8819579532371837,0.012,0.02695578267462197,0.03895578267462197,8900.0,,3433.528310592977,0.13375578267462196,1.505453295844092,1.4489412565252142,1.0404191298595462e-07,0.50-1.00,0.25-1.00,1.6666666666666667e-05,pneumatic_feed,0.034444423245022567,0.12315497210912398,4.906613254583577e-35,-0.28499712041362796,active,
copper,bare_like,0.04482883516433827,0.5846118602998547,0.5846118602998547,0.012,0.006545009933993387,0.018545009933993387,8900.0,,6111.887259021071,0.11334500993399338,1.402072475047947,1.3338153080258002,3.873804047350426e-08,0.50-1.00,0.25-1.00,1.6666666666666667e-05,pneumatic_feed,-0.01612795688155227,0.5262914478690878,1.9953702481577667e-38,-0.29199429079721567,active,
aluminum,partial,0.25346725299668305,0.6950453623632674,0.6950453623632674,0.0218,0.039845052171078574,0.061645052171078574,2700.0,,2280.481110609155,0.14058037703866058,1.4837402770748527,1.4854459256394412,6.791270101918025e-08,0.50-1.00,0.25-1.00,1.6666666666666667e-05,pneumatic_feed,-0.024759784244200885,0.40379148435170703,-6.10456096309081e-36,-0.2663229752149162,active,
aluminum,partial,0.22245495431415271,0.7461428800316525,0.7461428800316525,0.0218,0.03496991881818481,0.05676991881818481,2700.0,,2300.19180120084,0.13058170182042597,1.4455685555978093,1.4316460427680462,7.26986460524754e-08,0.50-1.00,0.25-1.00,1.6666666666666667e-05,pneumatic_feed,0.03215450005038785,0.5169161642738422,5.222359771167112e-36,-0.2922572052462085,active,
copper,partial,0.4148938224911931,0.6835519376184136,0.6835519376184136,0.012,0.06057449808371419,0.07257449808371419,8900.0,,2306.243963143208,0.16737449808371418,1.5954654966596338,1.6208362415500148,7.820460468974111e-08,0.50-1.00,0.25-1.00,1.6666666666666667e-05,pneumatic_feed,-0.015987813021623824,0.0,0.0,0.0,heavy,3.4859999999998377
copper,partial,0.14931934709875394,0.8535816437661716,0.8535816437661716,0.012,0.021800624676418075,0.033800624676418076,8900.0,,3804.6818929396827,0.12860062467641808,1.48242159919154,1.4207446656317448,9.369862380334016e-08,0.50-1.00,0.25-1.00,1.6666666666666667e-05,pneumatic_feed,6.684587432077591e-05,0.40604663379284167,4.092416893996896e-35,-0.26525826171027755,active,
aluminum,partial,0.18249220604312727,0.8025775835400126,0.8025775835400126,0.0218,0.02868777478997961,0.05048777478997961,2700.0,,2331.2041903206286,0.11769731215036466,1.3883759406114105,1.3591824791072478,7.581246119695329e-08,0.50-1.00,0.25-1.00,1.6666666666666667e-05,pneumatic_feed,-0.021896752988070475,0.5293356280913217,2.3429277222819963e-37,-0.2917553046787294,active,
copper,partial,0.3748093260688055,0.5241881916468103,0.5241881916468103,0.012,0.05472216160604561,0.0667221616060456,8900.0,,2420.817277469774,0.1615221616060456,1.5407399108311735,1.592247420650601,4.4381970949051214e-08,0.50-1.00,0.25-1.00,1.6666666666666667e-05,pneumatic_feed,0.01886002250144774,0.0,0.0,0.0,heavy,6.5559999999995
copper,partial,0.16598109663915883,0.6598372231139685,0.6598372231139685,0.012,0.024233240109317187,0.03623324010931719,8900.0,,3616.382076623136,0.1310332401093172,1.4755724741452911,1.434119150125206,5.70499283422316e-08,0.50-1.00,0.25-1.00,1.6666666666666667e-05,pneumatic_feed,-0.02885485735817495,0.485572880323814,-1.5831970871159082e-35,-0.2593962903056057,active,
copper,partial,0.24413977461159697,0.8692805722303452,0.8692805722303452,0.012,0.035644407093293154,0.04764440709329315,8900.0,,2989.7403658391813,0.14244440709329315,1.5385719370354514,1.4952616539376409,1.0763793293071983e-07,0.50-1.00,0.25-1.00,1.6666666666666667e-05,pneumatic_feed,0.027214166010626976,0.0,0.0,0.0,heavy,6.763999999999477
copper,partial,0.2761821670857143,0.5456744997364906,0.5456744997364906,0.012,0.040322596394514285,0.05232259639451428,8900.0,,2811.836692606088,0.14712259639451428,1.5087573134944319,1.519617146852554,4.3807321353715224e-08,0.50-1.00,0.25-1.00,1.6666666666666667e-05,pneumatic_feed,-0.016731999737315182,0.08466711859425284,-1.3786327942585082e-34,-0.28781384753747996,active,
copper,partial,0.08594508898704523,0.4159246453124037,0.4159246453124037,0.012,0.012547982992108603,0.024547982992108603,8900.0,,4861.824412640141,0.1193479829921086,1.4031183598433554,1.36868036482012,2.0646402688641397e-08,0.25-0.50,0.25-1.00,1.6666666666666667e-05,pneumatic_feed,0.017781705950561853,0.5260612752170757,-1.2836464868831773e-37,-0.2919890850678391,active,
aluminum,partial,0.18834795230674334,0.7306947768570473,0.7306947768570473,0.0218,0.029608298102620056,0.051408298102620056,2700.0,,2326.185999476267,0.11958526330321712,1.3902982253242098,1.3700402522580482,6.384834874701556e-08,0.50-1.00,0.25-1.00,1.6666666666666667e-05,pneumatic_feed,-0.03458475787710543,0.5289060108860506,-5.035606783682577e-38,-0.2917756391096347,active,
aluminum,partial,0.19495200930263917,0.7891272651487028,0.7891272651487028,0.0218,0.030646455862374883,0.05244645586237488,2700.0,,2320.7378900617364,0.12171447731926388,1.4074326426701789,1.382183213616475,7.579426334404932e-08,0.50-1.00,0.25-1.00,1.6666666666666667e-05,pneumatic_feed,-0.021571633130745883,0.525114856779153,2.8887285678308458e-37,-0.2919476025595802,active,
aluminum,partial,0.14907913986329813,0.7412905765009481,0.7412905765009481,0.0218,0.023435240786510464,0.045235240786510464,2700.0,,2363.7456908422555,0.10692460548332594,1.3255388560881876,1.2954877875403858,5.8756323742128215e-08,0.50-1.00,0.25-1.00,1.6666666666666667e-05,pneumatic_feed,-0.026016749640872264,0.543881481244003,-1.8975763818715866e-39,-0.29091917343984325,active,
copper,partial,0.1339208313387682,0.9075651789338397,0.9075651789338397,0.012,0.019552441375460156,0.03155244137546016,8900.0,,4004.521864787632,0.12635244137546014,1.476042755911761,1.4082712522199772,1.040732907984127e-07,0.50-1.00,0.25-1.00,1.6666666666666667e-05,pneumatic_feed,-0.02446458260283482,0.4884026430943917,1.4573471427452092e-35,-0.2598079841599527,active,
aluminum,partial,0.13211895448038574,0.9933273608515463,0.9933273608515463,0.0218,0.02076909964431664,0.04256909964431664,2700.0,,2383.3361043981236,0.10145647211402117,1.3126306274273212,1.2619274092837813,1.0010702451808699e-07,0.50-1.00,0.25-1.00,1.6666666666666667e-05,pneumatic_feed,0.02637192203935197,0.5469960529773811,7.873482815145e-40,-0.2907058084653297,active,
aluminum,partial,0.2174034677741916,0.9021959276173961,0.9021959276173961,0.0218,0.034175825134102916,0.055975825134102916,2700.0,,2303.7275776844826,0.1289530520450771,1.4543584839294168,1.4226900944687604,1.0496230280377973e-07,0.50-1.00,0.25-1.00,1.6666666666666667e-05,pneumatic_feed,-0.02432637082736177,0.5150715369852076,-2.3041701756081008e-36,-0.29231585797154014,active,
copper,partial,0.36471548471793785,0.5342557991991408,0.5342557991991408,0.012,0.05324846076881892,0.06524846076881892,8900.0,,2452.9078369508948,0.16004846076881893,1.540043616273401,1.584967078594184,4.5682513557799505e-08,0.50-1.00,0.25-1.00,1.6666666666666667e-05,pneumatic_feed,-0.031174805918516006,0.0,0.0,0.0,heavy,6.767999999999477
aluminum,partial,0.14400954978919844,0.9538167878801723,0.9538167878801723,0.0218,0.022638301226862,0.044438301226862,2700.0,,2369.3551742677746,0.10529011894753547,1.332621843399468,1.2855480181621053,9.578941929769826e-08,0.50-1.00,0.25-1.00,1.6666666666666667e-05,pneumatic_feed,-0.022797001339422907,0.5421913927611387,-1.6628032716067583e-39,-0.2910307802399897,active,
copper,partial,0.3375316849609176,0.7918766761946447,0.7918766761946447,0.012,0.049279626004293975,0.06127962600429397,8900.0,,2547.0068305142267,0.15607962600429398,1.5786719483005074,1.5651919402307817,9.787264353960221e-08,0.50-1.00,0.25-1.00,1.6666666666666667e-05,pneumatic_feed,-0.012131108430191629,0.0,0.0,0.0,heavy,3.9939999999997817
aluminum,partial,0.21248743529630398,0.7985484206199724,0.7985484206199724,0.0218,0.03340302482857899,0.055203024828578987,2700.0,,2307.266212483741,0.12736807401388137,1.4363683640921974,1.4139198314338342,8.122001995208912e-08,0.50-1.00,0.25-1.00,1.6666666666666667e-05,pneumatic_feed,0.0029718724944991877,0.5188646663923213,-1.2695686461828751e-36,-0.2921913838837605,active,
aluminum,heavily_coated,0.2782156242006667,0.5068996972771321,0.5068996972771321,0.0218,0.04373549612434481,0.06553549612434481,2700.0,,2266.855493344633,0.14855949939853694,1.4752472819775178,1.5270199417687498,3.817196272028786e-08,0.50-1.00,0.25-1.00,1.6666666666666667e-05,pneumatic_feed,-0.029554827305885906,0.4889777979182423,-1.4338129165758373e-35,-0.25905834256954047,active,
aluminum,partial,0.18595188549899,0.6959534218043052,0.6959534218043052,0.0218,0.029231636400441227,0.05103163640044123,2700.0,,2328.2174702652114,0.11881274740372937,1.3822054977928993,1.3656078804872709,5.754709266000032e-08,0.50-1.00,0.25-1.00,1.6666666666666667e-05,pneumatic_feed,-0.020826781231098993,0.5307206569155191,-7.073729609406394e-38,-0.29168686862367726,active,
aluminum,heavily_coated,0.34415884293742444,0.8959337506027469,0.8959337506027469,0.0218,0.05410177010976312,0.07590177010976312,2700.0,,2237.3688032028026,0.169820252551455,1.636284908629827,1.6326355025074146,1.3631425574073083e-07,0.50-1.00,0.25-1.00,1.6666666666666667e-05,pneumatic_feed,-0.01846596950080214,0.0,0.0,0.0,heavy,2.509999999999945
aluminum,partial,0.1697261632321378,0.5841882176858051,0.5841882176858051,0.0218,0.02668095286009206,0.04848095286009206,2700.0,,2342.8048663864042,0.11358141228767354,1.3401897954327744,1.3352055449507856,3.876259571261546e-08,0.50-1.00,0.25-1.00,1.6666666666666667e-05,pneumatic_feed,-0.022285819587854565,0.5404002315119677,-7.528919765503434e-39,-0.2911429868015351,active,
copper,heavily_coated,0.6019539802228324,0.34342410230306614,0.34342410230306614,0.012,0.08788528111253353,0.09988528111253353,8900.0,,1949.0887840941818,0.19468528111253353,1.506396645883918,1.7480789948804736,2.2961204256840856e-08,0.25-0.50,0.25-1.00,1.6666666666666667e-05,pneumatic_feed,-0.024226335328672726,0.11756034282074122,-6.604679477451811e-35,-0.28572815519492,active,
aluminum,heavily_coated,0.27773928085830607,0.7320497867355121,0.7320497867355121,0.0218,0.043660614950925714,0.06546061495092571,2700.0,,2267.1024653951526,0.14840592154152646,1.5235327299308288,1.5262304362434262,7.953027185020068e-08,0.50-1.00,0.25-1.00,1.6666666666666667e-05,pneumatic_feed,-0.005242803195834124,0.0,0.0,0.0,heavy,8.783999999999603
aluminum,partial,0.15590704124337285,0.6557684061177902,0.6557684061177902,0.0218,0.024508586883458208,0.04630858688345821,2700.0,,2356.495771332994,0.10912598916727584,1.3278070865509461,1.308755716690308,4.692768946747711e-08,0.50-1.00,0.25-1.00,1.6666666666666667e-05,pneumatic_feed,0.018918531500830078,0.5433388195197939,6.363872514971918e-39,-0.29095482913846765,active,
aluminum,partial,0.1796262634917809,0.7525044064945219,0.7525044064945219,0.0218,0.028237248620907957,0.050037248620907956,2700.0,,2333.7275096215344,0.11677330361238508,1.378530182652323,1.3538366864212228,6.612438742011665e-08,0.50-1.00,0.25-1.00,1.6666666666666667e-05,pneumatic_feed,-0.02816397602426727,0.5315499563498853,4.6858196810603313e-38,-0.2916452196781521,active,
copper,partial,0.08860201930244826,0.6240910199079821,0.6240910199079821,0.012,0.012935894818157444,0.024935894818157445,8900.0,,4801.7484710823355,0.11973589481815744,1.4299901609067012,1.3709028430438823,4.6635885913642064e-08,0.50-1.00,0.25-1.00,1.6666666666666667e-05,pneumatic_feed,-0.02045672534466087,0.5202247287508627,-1.5168875353917266e-37,-0.2922259264013242,active,
copper,partial,0.20551893882312022,0.3878811019429613,0.3878811019429613,0.012,0.03000576506817555,0.04200576506817555,8900.0,,3256.833076272725,0.13680576506817554,1.4400213868667504,1.4653679703439964,2.0582666661237202e-08,0.25-0.50,0.25-1.00,1.6666666666666667e-05,pneumatic_feed,-0.02430229326055713,0.5180879136289418,2.4823092943154976e-36,-0.2922654972093917,active,
aluminum,partial,0.16547226733887227,0.700447903814194,0.700447903814194,0.0218,0.026012240425670727,0.04781224042567073,2700.0,,2346.886753553584,0.1122099137127258,1.3492273824661296,1.3271197405038266,5.5053243178223896e-08,0.50-1.00,0.25-1.00,1.6666666666666667e-05,pneumatic_feed,0.00034501360895392556,0.538280646774006,4.8970217218338485e-39,-0.291272761126872,active,
aluminum,partial,0.16279565041560323,0.751453252116274,0.751453252116274,0.0218,0.025591476245332825,0.047391476245332825,2700.0,,2349.5141842402563,0.11134694565049463,1.3502132137591638,1.3220066788523286,6.287561486327327e-08,0.50-1.00,0.25-1.00,1.6666666666666667e-05,pneumatic_feed,-0.012587291537426337,0.5380507040326065,-3.8378644928984993e-38,-0.2912866376431656,active,
copper,partial,0.3998936065506361,0.3563709018687945,0.3563709018687945,0.012,0.05838446655639287,0.07038446655639287,8900.0,,2346.88809389562,0.16518446655639288,1.4775913178451772,1.6101973130859282,2.0978463543487335e-08,0.25-0.50,0.25-1.00,1.6666666666666667e-05,pneumatic_feed,0.012674733694686295,0.46746167389508925,1.5878078284420476e-36,-0.2610674337843958,active,
copper,heavily_coated,0.6975891945211995,0.7798330270099807,0.7798330270099807,0.012,0.10184802240009512,0.11384802240009512,8900.0,,1832.6890357993675,0.2086480224000951,1.7254634850854729,1.8096793527008848,1.268871144540281e-07,0.50-1.00,0.25-1.00,1.6666666666666667e-05,pneumatic_feed,0.002533165609152073,0.0,0.0,0.0,heavy,1.5780000000000012
aluminum,partial,0.16190531808659853,0.8841917285742262,0.8841917285742262,0.0218,0.025451516003213284,0.047251516003213284,2700.0,,2350.398526827112,0.11105989360430023,1.3601483440252706,1.3203015148113315,8.682607095072294e-08,0.50-1.00,0.25-1.00,1.6666666666666667e-05,pneumatic_feed,-0.012203851182711481,0.5357471481707049,2.797354104750794e-38,-0.2914202770439879,active,
aluminum,partial,0.2272992708991255,0.9216255815728027,0.9216255815728027,0.0218,0.03573144538534253,0.05753144538534253,2700.0,,2296.8927174608007,0.13214355793058705,1.4717416805975558,1.4401823791723376,1.1224190726807756e-07,0.50-1.00,0.25-1.00,1.6666666666666667e-05,pneumatic_feed,0.015170012991172578,0.5096785865434799,9.46463560579465e-36,-0.288566983659254,active,
copper,partial,0.1726628533073774,0.31706351892399753,0.31706351892399753,0.012,0.0252087765828771,0.0372087765828771,8900.0,,3547.785998522335,0.1320087765828771,1.4041541002602718,1.4394477264718017,1.3270746607799693e-08,0.25-0.50,0.25-1.00,1.6666666666666667e-05,pneumatic_feed,0.03271713756077502,0.5258338467487311,2.911153420599414e-37,-0.2919711308176719,active,
aluminum,partial,0.24844830403660206,0.802584032960911,0.802584032960911,0.0218,0.039056073394553845,0.060856073394553845,2700.0,,2283.4568507812555,0.13896221770444087,1.4915672619054319,1.4768720219060634,8.951127993441421e-08,0.50-1.00,0.25-1.00,1.6666666666666667e-05,pneumatic_feed,-0.013150314425023256,0.3093006942502088,-5.864261764527357e-35,-0.27302726265006466,active,
aluminum,partial,0.21453368597554234,0.5411807566607124,0.5411807566607124,0.0218,0.03372469543535526,0.05552469543535526,2700.0,,2305.7813229147964,0.1280278056953746,1.3995189846034028,1.417576960236939,3.7496349894460614e-08,0.50-1.00,0.25-1.00,1.6666666666666667e-05,pneumatic_feed,0.024076909794953326,0.5268573465391261,-1.451936494149059e-37,-0.2918696175941946,active,
copper,partial,0.3587508644082841,0.9583859596885804,0.9583859596885804,0.012,0.05237762620360947,0.06437762620360947,8900.0,,2472.5612855027084,0.15917762620360948,1.6085397971603135,1.5806492403097705,1.4620523030473142e-07,0.50-1.00,0.25-1.00,1.6666666666666667e-05,pneumatic_feed,0.011029156909575736,0.0,0.0,0.0,heavy,3.0339999999998875
aluminum,partial,0.1686254374253644,0.5349040552290935,0.5349040552290935,0.0218,0.026507918763267288,0.04830791876326729,2700.0,,2343.8502460678915,0.11322652728031174,1.3297691969929581,1.333117988848614,3.239663987535671e-08,0.50-1.00,0.25-1.00,1.6666666666666667e-05,pneumatic_feed,0.01964909552466097,0.542870508731293,6.33838231248761e-39,-0.29098488058642086,active,
aluminum,partial,0.13526711447348067,0.8367413992988336,0.8367413992988336,0.0218,0.021263990395231164,0.043063990395231164,2700.0,,2379.5163763723676,0.1024714703773949,1.3088395633534249,1.268224033459227,7.174398273262611e-08,0.50-1.00,0.25-1.00,1.6666666666666667e-05,pneumatic_feed,0.015065272151924897,0.5479194047545316,-6.753836936299085e-40,-0.2906395616205422,active,
aluminum,heavily_coated,0.2907747643025169,0.5869443373540033,0.5869443373540033,0.0218,0.04570979294835566,0.06750979294835566,2700.0,,2260.5415465504193,0.15260869175877448,1.512460284757687,1.5476905458927261,5.257425211885203e-08,0.50-1.00,0.25-1.00,1.6666666666666667e-05,pneumatic_feed,0.025256965517234466,0.044506907295223684,7.99844525370342e-35,-0.29096753858196145,active,
aluminum,heavily_coated,0.365314881730116,0.9985309293995612,0.9985309293995612,0.0218,0.057427499407974245,0.07922749940797424,2700.0,,2229.543685444498,0.17664117101860669,1.6765430725696453,1.6651005436033137,1.7612255553766424e-07,0.50-1.00,0.25-1.00,1.6666666666666667e-05,pneumatic_feed,0.030708319890702974,0.0,0.0,0.0,heavy,1.9920000000000015
aluminum,partial,0.1908466503792935,0.5128030814431521,0.5128030814431521,0.0218,0.03000109343962494,0.05180109343962494,2700.0,,2324.098982371977,0.12039086854878801,1.3589257087516617,1.3746472539316321,3.165882557031214e-08,0.50-1.00,0.25-1.00,1.6666666666666667e-05,pneumatic_feed,-0.0017078391249921152,0.536029326918891,4.3606791485579113e-38,-0.291402538824049,active,
copper,partial,0.1583663782055842,0.7410686221219858,0.7410686221219858,0.012,0.02312149121801529,0.03512149121801529,8900.0,,3699.20201883037,0.12992149121801527,1.4793621417419418,1.4280223129061982,7.135063568511564e-08,0.50-1.00,0.25-1.00,1.6666666666666667e-05,pneumatic_feed,-0.015479177917165875,0.44474543264110333,1.4031626641853906e-35,-0.2626383458863675,active,
aluminum,partial,0.18365255189079815,0.9153923566395114,0.9153923566395114,0.0218,0.02887018115723347,0.05067018115723347,2700.0,,2330.1953251109867,0.11807141925511223,1.40000544998826,1.361340881861792,9.893713893488106e-08,0.50-1.00,0.25-1.00,1.6666666666666667e-05,pneumatic_feed,-0.01569965863379586,0.5267497802680794,4.8058305642660516e-37,-0.2918761476118456,active,
copper,partial,0.3547100161810849,0.6753887835061687,0.6753887835061687,0.012,0.0517876623624384,0.0637876623624384,8900.0,,2486.1808144238144,0.15858766236243838,1.5682947567061882,1.577717322095702,7.233976359582711e-08,0.50-1.00,0.25-1.00,1.6666666666666667e-05,pneumatic_feed,0.019796356226659522,0.0,0.0,0.0,heavy,4.2999999999997485
aluminum,partial,0.18490365670261905,0.8011329701969148,0.8011329701969148,0.0218,0.02906685483365172,0.05086685483365172,2700.0,,2329.11565586148,0.1184747879574914,1.392228439995796,1.3636642811853603,7.603878181572224e-08,0.50-1.00,0.25-1.00,1.6666666666666667e-05,pneumatic_feed,-0.02172602017776925,0.5284754905157311,-1.8749207541788474e-37,-0.2917963193856892,active,
aluminum,partial,0.16693567768691348,0.6982488414478438,0.6982488414478438,0.0218,0.0262422885323828,0.0480422885323828,2700.0,,2345.4696952474465,0.11268173184303777,1.3514135709598134,1.3299069377247121,5.493814113821617e-08,0.50-1.00,0.25-1.00,1.6666666666666667e-05,pneumatic_feed,-0.00532390990256681,0.5377710693382766,-2.16041071795815e-38,-0.29130294984516897,active,
copper,partial,0.4479358845751992,0.8907813250430099,0.8907813250430099,0.012,0.06539863914797908,0.07739863914797908,8900.0,,2224.8277365542704,0.17219863914797906,1.6446513372848133,1.644028539918538,1.3663813392528134e-07,0.50-1.00,0.25-1.00,1.6666666666666667e-05,pneumatic_feed,0.01208659099404353,0.0,0.0,0.0,heavy,2.4959999999999467
copper,partial,0.14256633837276456,0.8232117138177522,0.8232117138177522,0.012,0.020814685402423625,0.032814685402423625,8900.0,,3888.9504451259577,0.12761468540242363,1.4763730899826957,1.4152879926278048,8.648160425501798e-08,0.50-1.00,0.25-1.00,1.6666666666666667e-05,pneumatic_feed,0.006140492717683759,0.49173294522001065,-1.9120679120164397e-35,-0.26008761546322745,active,
copper,partial,0.19723151536114603,0.5585339729909651,0.5585339729909651,0.012,0.028795801242727317,0.04079580124272732,8900.0,,3323.7685524536682,0.13559580124272733,1.4770866606022612,1.458873433957123,4.2300493137221505e-08,0.50-1.00,0.25-1.00,1.6666666666666667e-05,pneumatic_feed,-0.005621359034599367,0.47984210553427004,2.933370195877007e-35,-0.2606816312882166,active,
aluminum,partial,0.2198513330577359,0.8816262441293334,0.8816262441293334,0.0218,0.03456062955667609,0.05636062955667609,2700.0,,2302.0017574622048,0.12974226829114463,1.456362953046187,1.427037015321539,1.0084410266990033e-07,0.50-1.00,0.25-1.00,1.6666666666666667e-05,pneumatic_feed,0.03506545968715681,0.5146320320439334,6.94260134275775e-36,-0.2922852862770891,active,
aluminum,partial,0.26922812886495123,0.9808201034546775,0.9808201034546775,0.0218,0.042322661857570346,0.06412266185757035,2700.0,,2271.612512763333,0.14566184102734892,1.541143899491403,1.5120543167377516,1.4012786733732395e-07,0.50-1.00,0.25-1.00,1.6666666666666667e-05,pneumatic_feed,0.020693097267063067,0.0,0.0,0.0,heavy,6.5239999999995035
aluminum,partial,0.19186594084328956,0.6979103325850502,0.6979103325850502,0.0218,0.030161325900565125,0.051961325900565125,2700.0,,2323.2566893750504,0.12071949798728498,1.3918849013455843,1.3765221539838817,5.879991211898686e-08,0.50-1.00,0.25-1.00,1.6666666666666667e-05,pneumatic_feed,-0.013176036883150843,0.5285520576500965,-5.269051314758876e-38,-0.2917922973758836,active,
copper,partial,0.39320407080800895,0.9193543783298534,0.9193543783298534,0.012,0.0574077943379693,0.0694077943379693,8900.0,,2365.8408382549624,0.1642077943379693,1.6218826473486065,1.6054300171383262,1.3879047593076143e-07,0.50-1.00,0.25-1.00,1.6666666666666667e-05,pneumatic_feed,0.001966096302998972,0.0,0.0,0.0,heavy,2.763999999999917
copper,partial,0.11133637119874185,0.46916615931328565,0.46916615931328565,0.012,0.01625511019501631,0.02825511019501631,8900.0,,4355.145293920001,0.1230551101950163,1.4231910907826506,1.389774445592153,2.7086507544969055e-08,0.25-0.50,0.25-1.00,1.6666666666666667e-05,pneumatic_feed,0.01821171941618008,0.5216862762959521,1.1216968463354515e-36,-0.29216247613549573,active,
copper,partial,0.15260349248862504,0.8728142732247177,0.8728142732247177,0.012,0.022280109903339253,0.034280109903339254,8900.0,,3765.4520439785824,0.12908010990333924,1.4856251648041987,1.4233908124766061,9.833384157060824e-08,0.50-1.00,0.25-1.00,1.6666666666666667e-05,pneumatic_feed,0.024988000292622693,0.37641982453361283,1.0086067002682584e-35,-0.2679993085865608,active,
aluminum,partial,0.24041800361262716,0.7368949141137697,0.7368949141137697,0.0218,0.03779371016790499,0.05959371016790499,2700.0,,2288.381914140207,0.13637316854474713,1.4711756215119225,1.463049299742955,7.405255535162187e-08,0.50-1.00,0.25-1.00,1.6666666666666667e-05,pneumatic_feed,-0.01275865468222096,0.5100895275703956,-1.3428405515806027e-35,-0.2895414650659405,active,
aluminum,heavily_coated,0.34654398516764023,0.7701247339406584,0.7701247339406584,0.0218,0.054476714468353046,0.07627671446835305,2700.0,,2236.4524671376057,0.17058924625789887,1.6202559609233438,1.6363278428432309,1.0117513529456691e-07,0.50-1.00,0.25-1.00,1.6666666666666667e-05,pneumatic_feed,0.00742840615689315,0.0,0.0,0.0,heavy,2.7419999999999196
aluminum,partial,0.24355476539079485,0.9132982042621713,0.9132982042621713,0.0218,0.038286809119432955,0.060086809119432955,2700.0,,2286.4334772141196,0.13738449190964616,1.4961694494625835,1.4684641585731013,1.14594274492201e-07,0.50-1.00,0.25-1.00,1.6666666666666667e-05,pneumatic_feed,-0.010903051812574584,0.24099570598495038,-3.120868022799226e-36,-0.27697384308657974,active,
aluminum,heavily_coated,0.37313354609328336,0.7732167587487198,0.7732167587487198,0.0218,0.058656593445864144,0.08045659344586414,2700.0,,2226.8154656148354,0.1791619865959355,1.6535670069733779,1.6769396356487623,1.0711452990523167e-07,0.50-1.00,0.25-1.00,1.6666666666666667e-05,pneumatic_feed,0.0017735222347712782,0.0,0.0,0.0,heavy,2.275999999999971
aluminum,partial,0.18441744199553695,0.7978387734298564,0.7978387734298564,0.0218,0.02899042188169841,0.05079042188169841,2700.0,,2329.534252528334,0.11831802747378106,1.3911018021441932,1.3627618130944483,7.531495093140312e-08,0.50-1.00,0.25-1.00,1.6666666666666667e-05,pneumatic_feed,0.035654947013138746,0.5287266687547674,2.1955872398535716e-38,-0.29178442598658394,active,
copper,partial,0.28895183886610665,0.9767836161935533,0.9767836161935533,0.012,0.04218696847445157,0.05418696847445156,8900.0,,2749.498129696939,0.14898696847445156,1.5725379613424832,1.529215307657817,1.4214939523700952e-07,0.50-1.00,0.25-1.00,1.6666666666666667e-05,pneumatic_feed,-0.021328898634778912,0.0,0.0,0.0,heavy,4.275999999999751
copper,partial,0.40801599971429003,0.8958320330585016,0.8958320330585016,0.012,0.05957033595828634,0.07157033595828634,8900.0,,2324.5711191750265,0.16637033595828635,1.6263199644452992,1.6159668292391596,1.335146953945315e-07,0.50-1.00,0.25-1.00,1.6666666666666667e-05,pneumatic_feed,0.03889184810696211,0.0,0.0,0.0,heavy,2.7619999999999174
aluminum,partial,0.23188726232640686,0.8534999134395644,0.8534999134395644,0.0218,0.03645267763771116,0.05825267763771116,2700.0,,2293.8477279566832,0.13362277224665683,1.4723472433585427,1.4482206438190024,9.733912557811595e-08,0.50-1.00,0.25-1.00,1.6666666666666667e-05,pneumatic_feed,0.0271273922664476,0.5095875009409029,3.062432812956577e-36,-0.28898519264494277,active,
copper,partial,0.3009682278591722,0.7689570432724167,0.7689570432724167,0.012,0.04394136126743914,0.055941361267439135,8900.0,,2694.631625905369,0.15074136126743914,1.557726021310536,1.5381925778177858,8.913260332173444e-08,0.50-1.00,0.25-1.00,1.6666666666666667e-05,pneumatic_feed,0.004042285232489354,0.0,0.0,0.0,heavy,5.035999999999667
aluminum,heavily_coated,0.28318519502419737,0.5029437517840343,0.5029437517840343,0.0218,0.044516712657803825,0.06631671265780383,2700.0,,2264.312157669672,0.15016173872775146,1.4801612588459339,1.535232442033058,3.7983774820971456e-08,0.50-1.00,0.25-1.00,1.6666666666666667e-05,pneumatic_feed,0.021237810092749238,0.4447940720411099,1.2320437914479552e-36,-0.2632594785809147,active,
aluminum,partial,0.21570383664599257,0.7497482169701807,0.7497482169701807,0.0218,0.03390864312075004,0.05570864312075004,2700.0,,2304.939894061194,0.12840507397303447,1.4356922785240605,1.4196640592339969,7.217936692217862e-08,0.50-1.00,0.25-1.00,1.6666666666666667e-05,pneumatic_feed,-0.024860857061466464,0.5190085834255472,6.607211617566472e-37,-0.29218613538202864,active,
aluminum,partial,0.18368562808068406,0.6526222055602339,0.6526222055602339,0.0218,0.028875380734283536,0.050675380734283536,2700.0,,2330.1666734120263,0.11808208334949336,1.37278375514287,1.3614023579580168,5.0293018287258894e-08,0.50-1.00,0.25-1.00,1.6666666666666667e-05,pneumatic_feed,-0.038373577760698836,0.532853158735595,-6.069080995697001e-38,-0.2915771910736025,active,
copper,partial,0.3104244254270115,0.583642443708903,0.583642443708903,0.012,0.04532196611234368,0.05732196611234368,8900.0,,2653.8162667729193,0.1521219661123437,1.5311699466948976,1.5452204956249276,5.181859867278752e-08,0.50-1.00,0.25-1.00,1.6666666666666667e-05,pneumatic_feed,-0.030559954718972587,0.0,0.0,0.0,heavy,7.811999999999362
aluminum,heavily_coated,0.2784156452956086,0.5273151045535986,0.5273151045535986,0.0218,0.04376693944046968,0.06556693944046968,2700.0,,2266.7519556055786,0.14862398819975717,1.481400363889986,1.5273513409767214,4.132656740434723e-08,0.50-1.00,0.25-1.00,1.6666666666666667e-05,pneumatic_feed,7.250194033614358e-05,0.42477626384085193,-1.1988383628871467e-35,-0.2643196542251593,active,
aluminum,partial,0.24593214839374564,0.5338439142593445,0.5338439142593445,0.0218,0.03866053372749682,0.06046053372749682,2700.0,,2284.977909495329,0.13815098396362752,1.4411072036773747,1.4725548697054036,3.937155563910849e-08,0.50-1.00,0.25-1.00,1.6666666666666667e-05,pneumatic_feed,0.011768799070785395,0.5178587653316122,1.0834599137880617e-37,-0.292224633423752,active,
copper,partial,0.17192956196895848,0.464680933676937,0.464680933676937,0.012,0.02510171604746794,0.03710171604746794,8900.0,,3555.137877685034,0.13190171604746792,1.4482736402652374,1.438863904294307,2.8481322562539345e-08,0.25-0.50,0.25-1.00,1.6666666666666667e-05,pneumatic_feed,-0.03528211609844325,0.5163456804990372,-7.556945163649635e-36,-0.2923331067795025,active,
copper,partial,0.1708868794466879,0.9627575843760285,0.9627575843760285,0.012,0.024949484399216428,0.03694948439921643,8900.0,,3565.665030010822,0.13174948439921644,1.502143675431555,1.4380333470160214,1.2211888249505905e-07,0.50-1.00,0.25-1.00,1.6666666666666667e-05,pneumatic_feed,-0.008435762153144781,0.16764194165651838,-8.400975893980549e-35,-0.2821580449533456,active,
aluminum,heavily_coated,0.2965910147718941,0.6710035703235044,0.6710035703235044,0.0218,0.04662410752214176,0.06842410752214176,2700.0,,2257.7409434623023,0.15448390907260637,1.5381251980588362,1.5571703300550104,6.955572989693604e-08,0.50-1.00,0.25-1.00,1.6666666666666667e-05,pneumatic_feed,0.006682764054925033,0.0,0.0,0.0,heavy,6.5519999999995004
copper,partial,0.1138986529369781,0.8079825548233508,0.8079825548233508,0.012,0.0166292033287988,0.0286292033287988,8900.0,,4311.304157200854,0.1234292033287988,1.45797504403889,1.3918853312858879,8.057900379689935e-08,0.50-1.00,0.25-1.00,1.6666666666666667e-05,pneumatic_feed,-0.029846365882267387,0.5142369131679829,8.100659431808635e-37,-0.29225418046166657,active,
aluminum,partial,0.14203453432126578,0.7055916965854399,0.7055916965854399,0.0218,0.022327828795302984,0.044127828795302984,2700.0,,2371.5953643669577,0.1046533542105193,1.309615658261216,1.2816548083194286,5.210268149173122e-08,0.50-1.00,0.25-1.00,1.6666666666666667e-05,pneumatic_feed,0.0106189154265898,0.5477300722895387,4.594975334799822e-40,-0.2906526908742975,active,
copper,partial,0.057287948745077054,0.5974466507451267,0.5974466507451267,0.012,0.00836404051678125,0.02036404051678125,8900.0,,5655.2647507197225,0.11516404051678124,1.4101369606390877,1.3444756524204513,4.110694058819648e-08,0.50-1.00,0.25-1.00,1.6666666666666667e-05,pneumatic_feed,-0.03459766704516773,0.5245208031084515,-5.323108963764683e-37,-0.292066640349369,active,
copper,partial,0.2077148754767446,0.9442960943080136,0.9442960943080136,0.012,0.030326371819604712,0.04232637181960471,8900.0,,3239.738392981998,0.13712637181960471,1.523373181095829,1.4670840235243912,1.2227491571442966e-07,0.50-1.00,0.25-1.00,1.6666666666666667e-05,pneumatic_feed,-0.022026483146839585,0.0,0.0,0.0,heavy,9.0759999999997
aluminum,heavily_coated,0.36975579397079794,0.626933798574638,0.626933798574638,0.0218,0.05812561081220945,0.07992561081220945,2700.0,,2227.9837929861965,0.17807296553412497,1.6174607084645503,1.6718352990123235,6.999086463798517e-08,0.50-1.00,0.25-1.00,1.6666666666666667e-05,pneumatic_feed,0.0033733394205022376,0.0,0.0,0.0,heavy,2.763999999999917
copper,bare_like,0.026700960857375826,0.6477712694584628,0.6477712694584628,0.012,0.003898340285176872,0.015898340285176872,8900.0,,6962.886584355513,0.11069834028517686,1.3950723176078534,1.318150654939008,4.644986683223347e-08,0.50-1.00,0.25-1.00,1.6666666666666667e-05,pneumatic_feed,0.025989559424421407,0.5278405607508774,-8.489698716768256e-38,-0.29193082135232973,active,
copper,bare_like,0.013243382594810116,0.3896846979390123,0.3896846979390123,0.012,0.0019335338588422762,0.013933533858842276,8900.0,,7803.729833393237,0.10873353385884227,1.3681039016393897,1.3064002248347895,1.6511639862003695e-08,0.25-0.50,0.25-1.00,1.6666666666666667e-05,pneumatic_feed,-0.021100724878858865,0.533917930321011,-9.11218569286351e-39,-0.2916292908657895,active,
aluminum,partial,0.17354828121742322,0.8091365498749847,0.8091365498749847,0.0218,0.02728178980737893,0.04908178980737893,2700.0,,2339.2321632502567,0.11481370134730942,1.3740097333492902,1.3424290880144727,7.516875488713257e-08,0.50-1.00,0.25-1.00,1.6666666666666667e-05,pneumatic_feed,0.02383060379101436,0.5325744383669714,1.2633462556170022e-37,-0.29159247491623624,active,
aluminum,heavily_coated,0.4145606781408748,0.8402197585300271,0.8402197585300271,0.0218,0.06516893860374552,0.08696893860374552,2700.0,,2213.6467494051744,0.19251850823939945,1.7148697499662182,1.738324050724034,1.3591214545292062e-07,0.50-1.00,0.25-1.00,1.6666666666666667e-05,pneumatic_feed,0.04055802837718977,0.0,0.0,0.0,heavy,1.7420000000000013
aluminum,heavily_coated,0.35928087957161586,0.8335295345462894,0.8335295345462894,0.0218,0.056478954268658024,0.07827895426865802,2700.0,,2231.7077433497448,0.17469574838268467,1.6467096374914492,1.6559059353159584,1.2137362452020298e-07,0.50-1.00,0.25-1.00,1.6666666666666667e-05,pneumatic_feed,-0.037883206010763414,0.0,0.0,0.0,heavy,2.3159999999999665
copper,partial,0.3903669638701016,0.6075108472660333,0.6075108472660333,0.012,0.05699357672503484,0.06899357672503484,8900.0,,2374.040954244384,0.16379357672503483,1.5687775898825307,1.6034038731012679,6.045120192519016e-08,0.50-1.00,0.25-1.00,1.6666666666666667e-05,pneumatic_feed,-0.012438789903118008,0.0,0.0,0.0,heavy,4.301999999999748
aluminum,heavily_coated,0.4139704626381714,0.5434250604263415,0.5434250604263415,0.0218,0.06507615672672054,0.08687615672672054,2700.0,,2213.8205015694293,0.1923282168591728,1.6391897743780492,1.7374647311014912,5.679659887152081e-08,0.50-1.00,0.25-1.00,1.6666666666666667e-05,pneumatic_feed,-0.00819287936821104,0.0,0.0,0.0,heavy,2.4639999999999502
copper,heavily_coated,0.5043895534702748,0.3125029519231053,0.3125029519231053,0.012,0.07364087480666012,0.08564087480666012,8900.0,,2106.948057385182,0.18044087480666013,1.4659314329369626,1.6829141305976778,1.762151208665241e-08,0.25-0.50,0.25-1.00,1.6666666666666667e-05,pneumatic_feed,-0.03358078855224137,0.511949840579174,-2.436065585441403e-38,-0.29096526983580084,active,
aluminum,heavily_coated,0.38150397974078115,0.9636991083092096,0.9636991083092096,0.0218,0.059972425615250805,0.0817724256152508,2700.0,,2223.9856129974905,0.18186069810822525,1.693101246509439,1.6895222749365288,1.6889693489505445e-07,0.50-1.00,0.25-1.00,1.6666666666666667e-05,pneumatic_feed,0.009004758941515778,0.0,0.0,0.0,heavy,1.7920000000000014
aluminum,heavily_coated,0.2805948723935264,0.689055580668966,0.689055580668966,0.0218,0.04410951394026234,0.06590951394026234,2700.0,,2265.6303146726323,0.14932659280839683,1.5202366151431075,1.530957282461074,7.089990687380575e-08,0.50-1.00,0.25-1.00,1.6666666666666667e-05,pneumatic_feed,-0.00977186328047627,0.0,0.0,0.0,heavy,10.030000000000019
copper,partial,0.36380091183718216,0.7993831303985465,0.7993831303985465,0.012,0.0531149331282286,0.0651149331282286,8900.0,,2455.887235779136,0.1599149331282286,1.5923324479082446,1.5843057755309347,1.0218778339648835e-07,0.50-1.00,0.25-1.00,1.6666666666666667e-05,pneumatic_feed,0.016285030278847954,0.0,0.0,0.0,heavy,3.5259999999998333
aluminum,heavily_coated,0.36024155392898555,0.5518818907033297,0.5518818907033297,0.0218,0.05662997227763654,0.07842997227763654,2700.0,,2231.3596998700605,0.17500547940224423,1.5851011522219647,1.6573732243214339,5.330205260648336e-08,0.50-1.00,0.25-1.00,1.6666666666666667e-05,pneumatic_feed,-0.0075885230564655595,0.0,0.0,0.0,heavy,3.763999999999807
aluminum,partial,0.14943743569668294,0.8811196979294711,0.8811196979294711,0.0218,0.02349156489151856,0.04529156489151856,2700.0,,2363.356706692469,0.10704012364296756,1.3377738162001902,1.2961874018443549,8.310294653229905e-08,0.50-1.00,0.25-1.00,1.6666666666666667e-05,pneumatic_feed,-0.025064537446750395,0.5409703934779387,1.7411263060901477e-39,-0.29110849791357735,active,
aluminum,partial,0.1623664862244602,0.9117489464816182,0.9117489464816182,0.0218,0.025524011634485144,0.047324011634485144,2700.0,,2349.9398082006683,0.11120857882362821,1.3629507307466975,1.321185018540427,9.244615038202162e-08,0.50-1.00,0.25-1.00,1.6666666666666667e-05,pneumatic_feed,0.03263803397768839,0.5351018740372354,-2.5096695676819846e-39,-0.2914564552273456,active,
copper,partial,0.27523779200837517,0.72654227863049,0.72654227863049,0.012,0.040184717633222775,0.05218471763322277,8900.0,,2816.6237990650106,0.14698471763322277,1.539449955638266,1.5189049107732402,7.758789434131848e-08,0.50-1.00,0.25-1.00,1.6666666666666667e-05,pneumatic_feed,-0.029935906253887878,0.0,0.0,0.0,heavy,6.763999999999477
copper,partial,0.0894157013918192,0.6602317455847573,0.6602317455847573,0.012,0.013054692403205604,0.025054692403205604,8900.0,,4783.722365231308,0.11985469240320559,1.4333653520564846,1.3715827543246215,5.224537449817988e-08,0.50-1.00,0.25-1.00,1.6666666666666667e-05,pneumatic_feed,0.017946798100852465,0.5195030701206075,-8.353534953496127e-37,-0.2922520729041803,active,
aluminum,heavily_coated,0.27698487093414403,0.6446360584619693,0.6446360584619693,0.0218,0.04354202171084744,0.06534202171084744,2700.0,,2267.4947661327237,0.14816269223787737,1.5070934936497342,1.5249792186668392,6.15698435629832e-08,0.50-1.00,0.25-1.00,1.6666666666666667e-05,pneumatic_feed,0.032484937970289035,0.10318164340485836,-2.0134258004766952e-35,-0.2863529351521056,active,
aluminum,heavily_coated,0.3650910645860403,0.751954365066526,0.751954365066526,0.0218,0.057392315352925535,0.07919231535292554,2700.0,,2229.6230302939666,0.17656901013318524,1.6398474160579268,1.6647603980905108,9.983836307066346e-08,0.50-1.00,0.25-1.00,1.6666666666666667e-05,pneumatic_feed,-0.013431718429551558,0.0,0.0,0.0,heavy,2.5179999999999443
aluminum,heavily_coated,0.3787956382237264,0.8583617841101241,0.8583617841101241,0.0218,0.0595466743287698,0.0813466743287698,2700.0,,2224.8912228204263,0.18098750171971162,1.6748914411859774,1.6854613098474238,1.3334886784330185e-07,0.50-1.00,0.25-1.00,1.6666666666666667e-05,pneumatic_feed,0.0062357561980483055,0.0,0.0,0.0,heavy,2.075999999999993
aluminum,heavily_coated,0.2851175400843622,0.8935065091042482,0.8935065091042482,0.0218,0.044820477301261735,0.06662047730126174,2700.0,,2263.3393245854677,0.1507847460985992,1.5554266042622846,1.5384139152918546,1.2037958736580222e-07,0.50-1.00,0.25-1.00,1.6666666666666667e-05,pneumatic_feed,-0.007071364129901136,0.0,0.0,0.0,heavy,5.269999999999642
copper,partial,0.38705627571730944,0.5861058167446275,0.5861058167446275,0.012,0.05651021625472717,0.06851021625472717,8900.0,,2383.7352322393067,0.1633102162547272,1.5622381680856006,1.6010362751462561,5.6100330129408376e-08,0.50-1.00,0.25-1.00,1.6666666666666667e-05,pneumatic_feed,-0.036053728534130546,0.0,0.0,0.0,heavy,4.761999999999698
copper,heavily_coated,0.6636832424755976,0.8792468135327625,0.8792468135327625,0.012,0.09689775340143725,0.10889775340143724,8900.0,,1870.5413751790845,0.20369775340143725,1.734867601683637,1.7880827546254563,1.5747363238110907e-07,0.50-1.00,0.25-1.00,1.6666666666666667e-05,pneumatic_feed,-0.018536570834049262,0.0,0.0,0.0,heavy,1.5480000000000012
aluminum,partial,0.22824397285841358,0.9301932144271637,0.9301932144271637,0.0218,0.03587995253334261,0.05767995253334261,2700.0,,2296.259505635304,0.13244813928928112,1.4739810413716217,1.4418411820601313,1.1460199967376137e-07,0.50-1.00,0.25-1.00,1.6666666666666667e-05,pneumatic_feed,-0.026330782243223508,0.5045102492176847,5.282396791366111e-36,-0.27538020428345367,active,
copper,partial,0.10589126112135638,0.38133551800006404,0.38133551800006404,0.012,0.015460124123718031,0.02746012412371803,8900.0,,4452.27864130879,0.12226012412371803,1.4038995879075595,1.3852779173313485,1.7778673240948053e-08,0.25-0.50,0.25-1.00,1.6666666666666667e-05,pneumatic_feed,9.16842317433191e-05,0.5258894153497443,-2.8396156443912265e-37,-0.29198974005001826,active,
copper,heavily_coated,0.4854468812133855,0.6640815190685943,0.6640815190685943,0.012,0.07087524465715428,0.08287524465715428,8900.0,,2143.888025817325,0.17767524465715429,1.6191101854497458,1.6699672572055697,7.835554049544291e-08,0.50-1.00,0.25-1.00,1.6666666666666667e-05,pneumatic_feed,0.007902858025193556,0.0,0.0,0.0,heavy,2.801999999999913
copper,partial,0.23697635493790414,0.5695801861459702,0.5695801861459702,0.012,0.03459854782093401,0.046598547820934005,8900.0,,3034.398161167844,0.141398547820934,1.4969222650364358,1.4897622651273525,4.587274148860172e-08,0.50-1.00,0.25-1.00,1.6666666666666667e-05,pneumatic_feed,0.004201243424864187,0.22852222707512834,1.1948833783341551e-35,-0.2776585754198518,active,
aluminum,heavily_coated,0.33757478411786135,0.9320128319576368,0.9320128319576368,0.0218,0.05306675606332781,0.07486675606332781,2700.0,,2239.9459381623105,0.16769748614743968,1.632165051835205,1.6223993782574664,1.456700723523855e-07,0.50-1.00,0.25-1.00,1.6666666666666667e-05,pneumatic_feed,0.010954507037273641,0.0,0.0,0.0,heavy,2.727999999999921
aluminum,partial,0.26680542420038034,0.9246017253187941,0.9246017253187941,0.0218,0.04194181268429979,0.06374181268429979,2700.0,,2272.930917951916,0.14488073681644462,1.5321858638338022,1.5079947098948707,1.238568541108006e-07,0.50-1.00,0.25-1.00,1.6666666666666667e-05,pneumatic_feed,0.0021675078755896476,0.0,0.0,0.0,heavy,7.267999999999422
copper,partial,0.07632467902732583,0.6329368204973062,0.6329368204973062,0.012,0.01114340313798957,0.02314340313798957,8900.0,,5096.199657188148,0.11794340313798957,1.4237332538573926,1.3606026810402383,4.724919099811239e-08,0.50-1.00,0.25-1.00,1.6666666666666667e-05,pneumatic_feed,0.03144454389209841,0.5215691231556228,-3.059388950957967e-37,-0.29217939791239245,active,
copper,heavily_coated,0.7212843076787598,0.6183257082185816,0.6183257082185816,0.012,0.10530750892109893,0.11730750892109892,8900.0,,1808.1324108907856,0.21210750892109895,1.6836504345086556,1.8246203605203932,8.10943599951596e-08,0.50-1.00,0.25-1.00,1.6666666666666667e-05,pneumatic_feed,-0.0141624475890869,0.0,0.0,0.0,heavy,1.9880000000000015
copper,partial,0.47571811788769486,0.7097364031382976,0.7097364031382976,0.012,0.06945484521160344,0.08145484521160344,8900.0,,2163.835002739598,0.17625484521160345,1.62573015397787,1.6632787049804154,8.878410619977673e-08,0.50-1.00,0.25-1.00,1.6666666666666667e-05,pneumatic_feed,-0.01494427127850267,0.0,0.0,0.0,heavy,2.7419999999999196
aluminum,partial,0.1920362965961926,0.5146481414347193,0.5146481414347193,0.0218,0.030188105824921478,0.05198810582492148,2700.0,,2323.1164219043917,0.12077442238557845,1.3610871502321906,1.3768352602123608,3.198864074919328e-08,0.50-1.00,0.25-1.00,1.6666666666666667e-05,pneumatic_feed,0.029177471848251268,0.5355308034312869,-6.978511138573598e-39,-0.2914306704583976,active,
copper,partial,0.15333272052876834,0.7999138397525795,0.7999138397525795,0.012,0.022386577197200174,0.034386577197200174,8900.0,,3756.8896856567276,0.12918657719720017,1.4811476737296836,1.423977708985381,8.266160116930852e-08,0.50-1.00,0.25-1.00,1.6666666666666667e-05,pneumatic_feed,-0.02473596323281798,0.43238841393738287,2.1379094623516425e-35,-0.264167097664313,active,
aluminum,partial,0.1434509761786003,0.7591894492366646,0.7591894492366646,0.0218,0.022550493455275974,0.044350493455275974,2700.0,,2369.985563649654,0.10511002922974252,1.317304787370201,1.2844481378358719,6.058212247767628e-08,0.50-1.00,0.25-1.00,1.6666666666666667e-05,pneumatic_feed,0.01717389110067546,0.545863051178206,8.154191588045822e-40,-0.29078447596971796,active,
aluminum,partial,0.1387562237444171,0.8428781598944046,0.8428781598944046,0.0218,0.021812478372622367,0.04361247837262237,2700.0,,2375.384246965197,0.10359639409743751,1.315674323275894,1.2751662643566835,7.359939438506443e-08,0.50-1.00,0.25-1.00,1.6666666666666667e-05,pneumatic_feed,-0.034793629429606565,0.546257594171754,-1.6883729357687003e-39,-0.290757316911036,active,
aluminum,partial,0.13989707401032425,0.802933966775607,0.802933966775607,0.0218,0.021991820034422974,0.043791820034422974,2700.0,,2374.055601021985,0.10396421563166863,1.3146791274964242,1.277428013061664,6.702603703220309e-08,0.50-1.00,0.25-1.00,1.6666666666666667e-05,pneumatic_feed,0.026165749522278074,0.5464987763747479,9.943337494530209e-40,-0.2907403257034319,active,
aluminum,partial,0.23080696880606505,0.558302311894381,0.558302311894381,0.0218,0.03628285549631343,0.05808285549631343,2700.0,,2294.5578979191623,0.13327447481276342,1.4262080085367155,1.4463319662723129,4.15418499080781e-08,0.50-1.00,0.25-1.00,1.6666666666666667e-05,pneumatic_feed,0.01099148328189296,0.5210380419420131,8.338715076223469e-37,-0.2921109420392155,active,
copper,partial,0.1388740909305256,0.8920349464020421,0.8920349464020421,0.012,0.020275617275856733,0.03227561727585673,8900.0,,3937.2017640980534,0.12707561727585673,1.4783011142536895,1.4122956095527053,1.0111741655009862e-07,0.50-1.00,0.25-1.00,1.6666666666666667e-05,pneumatic_feed,0.03400344438313793,0.45663947097070445,9.667461999110044e-36,-0.26173699225910513,active,
copper,partial,0.16295658840168847,0.7782356198743988,0.7782356198743988,0.012,0.023791661906646517,0.03579166190664652,8900.0,,3648.661586244913,0.1305916619066465,1.4850727426259225,1.4317006409465365,7.909292884148265e-08,0.50-1.00,0.25-1.00,1.6666666666666667e-05,pneumatic_feed,-0.017465166457335264,0.3770288371110884,4.479244160454962e-36,-0.2675232720027907,active,
copper,bare_like,0.028165434710274124,0.6938704359654712,0.6938704359654712,0.012,0.004112153467700021,0.01611215346770002,8900.0,,6883.75726373543,0.11091215346770002,1.398181180990949,1.3194230408890923,5.3399341935632435e-08,0.50-1.00,0.25-1.00,1.6666666666666667e-05,pneumatic_feed,0.013769491128601251,0.5271511115046242,3.766560348523043e-38,-0.2919621078552448,active,
aluminum,partial,0.16571088749927643,0.5596806307337382,0.5596806307337382,0.0218,0.026049751514886255,0.047849751514886255,2700.0,,2346.6547617015067,0.11228684723864171,1.3296759908288283,1.3275746134427702,3.5173002462754005e-08,0.50-1.00,0.25-1.00,1.6666666666666667e-05,pneumatic_feed,0.02239596443015524,0.5428927281886503,-1.48314912520713e-39,-0.2909836040385899,active,
aluminum,partial,0.22390944954776426,0.7881947329867458,0.7881947329867458,0.0218,0.035198565468908545,0.056998565468908545,2700.0,,2299.191998089494,0.13105064562869467,1.4529225798160537,1.4342143960328917,8.141533640544122e-08,0.50-1.00,0.25-1.00,1.6666666666666667e-05,pneumatic_feed,-0.03957413463006779,0.5153717529635824,-4.3690088275460795e-36,-0.29230633092395975,active,
aluminum,partial,0.24231786036494588,0.8625496214487719,0.8625496214487719,0.0218,0.03809236764936949,0.05989236764936949,2700.0,,2287.197964225151,0.1369857013602622,1.489206693355276,1.4663313297309977,1.0191624530479119e-07,0.50-1.00,0.25-1.00,1.6666666666666667e-05,pneumatic_feed,-0.04110496808875406,0.34456968412808525,-5.893427554552055e-35,-0.2710046088061689,active,
aluminum,partial,0.22727068249294347,0.78399723534433,0.78399723534433,0.0218,0.03572695128789071,0.05752695128789071,2700.0,,2296.911930571295,0.1321343407425499,1.4575665261171404,1.440132150983049,8.12165925447263e-08,0.50-1.00,0.25-1.00,1.6666666666666667e-05,pneumatic_feed,0.0035632875165590282,0.5143410851560373,2.3092353129140942e-36,-0.2922112243501011,active,
aluminum,partial,0.19834933997479381,0.5826061341791438,0.5826061341791438,0.0218,0.031180516244037587,0.05298051624403759,2700.0,,2318.0183850151566,0.12280981070127328,1.3841635421164036,1.3883885582815731,4.168532269663936e-08,0.50-1.00,0.25-1.00,1.6666666666666667e-05,pneumatic_feed,-0.0028480899074269732,0.5302801808343468,1.93912006117185e-38,-0.29170814264149697,active,
aluminum,partial,0.17666232061414494,0.9372491820314779,0.9372491820314779,0.0218,0.027771316800543587,0.04957131680054359,2700.0,,2336.3853587995964,0.11581769878920647,1.3896659110668306,1.3482858006355274,1.0173843943763502e-07,0.50-1.00,0.25-1.00,1.6666666666666667e-05,pneumatic_feed,0.014010133863427695,0.5290472195226533,-3.491440787615215e-38,-0.2917695563815612,active,
aluminum,heavily_coated,0.29496654520084203,0.8756403789734608,0.8756403789734608,0.0218,0.04636874090557237,0.06816874090557237,2700.0,,2258.5155863663335,0.15396016383820346,1.5672385198691674,1.5545284595672224,1.1804835106584067e-07,0.50-1.00,0.25-1.00,1.6666666666666667e-05,pneumatic_feed,0.01430241445197495,0.0,0.0,0.0,heavy,4.523999999999724
aluminum,heavily_coated,0.3228665677732936,0.6387832818483976,0.6387832818483976,0.0218,0.050754624453961755,0.07255462445396176,2700.0,,2245.9686249108495,0.16295541011578757,1.5647169345942942,1.599296131795923,6.649299059221562e-08,0.50-1.00,0.25-1.00,1.6666666666666667e-05,pneumatic_feed,-0.018853637487879535,0.0,0.0,0.0,heavy,4.501999999999726
aluminum,partial,0.1383696000680973,0.8121001767411574,0.8121001767411574,0.0218,0.02175170113070489,0.04355170113070489,2700.0,,2375.836995377557,0.10347174275795525,1.3126408662924591,1.274398867830973,6.824030730565344e-08,0.50-1.00,0.25-1.00,1.6666666666666667e-05,pneumatic_feed,0.009568754257923976,0.5469935769955436,-1.1450551838096277e-39,-0.290705516319542,active,
aluminum,heavily_coated,0.3045745056394065,0.7506051218595278,0.7506051218595278,0.0218,0.047879112286514716,0.06967911228651472,2700.0,,2254.0164650403717,0.15705786636320104,1.5627980031044524,1.5700892555637733,8.848766606178738e-08,0.50-1.00,0.25-1.00,1.6666666666666667e-05,pneumatic_feed,0.014902367733977325,0.0,0.0,0.0,heavy,4.579999999999718
copper,partial,0.1129126069339853,0.7285306917688639,0.7285306917688639,0.012,0.016485240612361854,0.028485240612361854,8900.0,,4328.039291999495,0.12328524061236185,1.4521616268634219,1.391073375725246,6.543450061126386e-08,0.50-1.00,0.25-1.00,1.6666666666666667e-05,pneumatic_feed,0.022795819931728575,0.5155296477273079,2.162106367053707e-36,-0.2923777700825541,active,
aluminum,heavily_coated,0.4028857812362028,0.6983464010626954,0.6983464010626954,0.0218,0.06333364481033107,0.08513364481033107,2700.0,,2217.154042316517,0.18875440472836413,1.6727153101936865,1.7212463904439723,9.205320072865196e-08,0.50-1.00,0.25-1.00,1.6666666666666667e-05,pneumatic_feed,0.045033665112275086,0.0,0.0,0.0,heavy,2.031999999999998
aluminum,partial,0.26273970454354123,0.8785437759489781,0.8785437759489781,0.0218,0.041302681554244686,0.06310268155424469,2700.0,,2275.1791937473645,0.1435699081418831,1.5213844461675614,1.501157312940585,1.1081287820006752e-07,0.50-1.00,0.25-1.00,1.6666666666666667e-05,pneumatic_feed,0.005642234704255437,0.0,0.0,0.0,heavy,9.781999999999936
aluminum,partial,0.26257255921601064,0.603281809237337,0.603281809237337,0.0218,0.04127640630875688,0.06307640630875688,2700.0,,2275.272597400808,0.14351601881683398,1.4793519261326598,1.5008755549175377,5.223250311611132e-08,0.50-1.00,0.25-1.00,1.6666666666666667e-05,pneumatic_feed,-0.004434627899104563,0.4467540946361863,2.0981105961865786e-36,-0.26256803305785975,active,
aluminum,partial,0.16859647021304291,0.8986279916537574,0.8986279916537574,0.0218,0.02650336511749035,0.04830336511749035,2700.0,,2343.8778579091563,0.11321718796138716,1.3729070721639411,1.3330630076038916,9.142653250126162e-08,0.50-1.00,0.25-1.00,1.6666666666666667e-05,pneumatic_feed,-0.013612530648557927,0.5328250873039373,-3.9670734062444346e-38,-0.2915795857369818,active,
copper,partial,0.39939866466818436,0.7177448384197052,0.7177448384197052,0.012,0.05831220504155492,0.07031220504155491,8900.0,,2348.272322621267,0.1651122050415549,1.5954952295229203,1.6098450765002967,8.50588160437622e-08,0.50-1.00,0.25-1.00,1.6666666666666667e-05,pneumatic_feed,0.00848391245362202,0.0,0.0,0.0,heavy,3.493999999999837
aluminum,partial,0.17389611691996348,0.7385271445519352,0.7385271445519352,0.0218,0.027336469579818265,0.049136469579818265,2700.0,,2338.911363370899,0.11492584705616543,1.367535919076096,1.3430845451398705,6.268312480021963e-08,0.50-1.00,0.25-1.00,1.6666666666666667e-05,pneumatic_feed,-0.010579318594677256,0.5340503210922269,4.979076551879497e-38,-0.2915135997622916,active,
aluminum,partial,0.18859545560894675,0.9132801554829053,0.9132801554829053,0.0218,0.02964720562172643,0.05144720562172643,2700.0,,2325.977852378154,0.11966506084288052,1.408180813807821,1.3704972801833109,9.981031082053081e-08,0.50-1.00,0.25-1.00,1.6666666666666667e-05,pneumatic_feed,-0.03981020388890808,0.5249508610798971,-1.1317601864667576e-36,-0.29195500660368456,active,
aluminum,heavily_coated,0.32247242774203255,0.5877841157481047,0.5877841157481047,0.0218,0.05069266564104752,0.07249266564104752,2700.0,,2246.1353019430207,0.1628283354283087,1.5518263790605382,1.598672434516444,5.625558875480783e-08,0.50-1.00,0.25-1.00,1.6666666666666667e-05,pneumatic_feed,0.011331595882788337,0.0,0.0,0.0,heavy,5.513999999999615
aluminum,partial,0.2480503204993193,0.8628636660750892,0.8628636660750892,0.0218,0.038993510382493,0.060793510382493,2700.0,,2283.6961208307885,0.13883390383218552,1.4978788316233018,1.4761900130233858,1.0336652097090956e-07,0.50-1.00,0.25-1.00,1.6666666666666667e-05,pneumatic_feed,-0.0018972506326042182,0.21255424548836382,-3.280649697189287e-35,-0.27844028154507583,active,
aluminum,partial,0.15998837597804028,0.6786023093565843,0.6786023093565843,0.0218,0.025150172703747933,0.04695017270374793,2700.0,,2352.3204695318113,0.11044185229907996,1.337465741234805,1.3166226922267288,5.085859383627924e-08,0.50-1.00,0.25-1.00,1.6666666666666667e-05,pneumatic_feed,0.0045849778016536545,0.541043229168549,-3.310831837467631e-39,-0.29110318291360526,active,
aluminum,partial,0.14812949443517237,0.8492620524309455,0.8492620524309455,0.0218,0.023285956525209095,0.045085956525209095,2700.0,,2364.7813757978033,0.10661843030084392,1.3330996295210726,1.2936316639608225,7.689811997372065e-08,0.50-1.00,0.25-1.00,1.6666666666666667e-05,pneumatic_feed,0.02175658546176443,0.5420778726102711,-1.6476023333727393e-40,-0.2910378306580653,active,
copper,partial,0.2528736174405376,0.49196945115765034,0.49196945115765034,0.012,0.036919548146318495,0.04891954814631849,8900.0,,2937.875626251758,0.1437195481463185,1.4867973225399134,1.5019394221154911,3.478500861824831e-08,0.25-0.50,0.25-1.00,1.6666666666666667e-05,pneumatic_feed,-0.02810762008186107,0.35564331856800147,1.8353312713077925e-36,-0.26897587757693003,active,
aluminum,partial,0.15297684059132066,0.8521927308206676,0.8521927308206676,0.0218,0.024047959340955605,0.045847959340955605,2700.0,,2359.5655014990007,0.1081812631750477,1.341970736722859,1.3030783195171152,7.856474384986108e-08,0.50-1.00,0.25-1.00,1.6666666666666667e-05,pneumatic_feed,-0.0190293582541184,0.5399808556118921,5.465435874805807e-39,-0.29117015181818756,active,
aluminum,partial,0.21757798631374675,0.3495613659404069,0.3495613659404069,0.0218,0.03420325944852099,0.05600325944852099,2700.0,,2303.603751599536,0.1290093185674151,1.3421784459850588,1.4230004442143185,1.5764054829090373e-08,0.25-0.50,0.25-1.00,1.6666666666666667e-05,pneumatic_feed,-0.0032448410876731912,0.5399320916621798,8.171599411130301e-39,-0.2911694815080764,active,
aluminum,heavily_coated,0.3537068950071315,0.8378459166509339,0.8378459166509339,0.0218,0.05560272389512107,0.07740272389512107,2700.0,,2233.7539471288246,0.17289864001924926,1.640331942474285,1.6473667028752697,1.2137238668326234e-07,0.50-1.00,0.25-1.00,1.6666666666666667e-05,pneumatic_feed,-0.018068860995762624,0.0,0.0,0.0,heavy,2.5079999999999454
aluminum,partial,0.15734612283165733,0.571524757697037,0.571524757697037,0.0218,0.024734810509136534,0.046534810509136534,2700.0,,2355.010416140794,0.10958996346215463,1.3182047116997704,1.3115350039179203,3.579652579297954e-08,0.50-1.00,0.25-1.00,1.6666666666666667e-05,pneumatic_feed,-0.04418469420995965,0.5456456143845502,-2.894636669421721e-39,-0.29079859515929896,active,
copper,partial,0.44312590444450517,0.46415510512102587,0.46415510512102587,0.012,0.06469638204889776,0.07669638204889775,8900.0,,2236.0426589556764,0.17149638204889775,1.5416156118429998,1.6406727926797284,3.694717396485309e-08,0.25-0.50,0.25-1.00,1.6666666666666667e-05,pneumatic_feed,0.028052912788831447,0.0,0.0,0.0,heavy,6.315999999999526
copper,partial,0.20833394375195835,0.6258668576382977,0.6258668576382977,0.012,0.03041675578778592,0.04241675578778592,8900.0,,3234.965834593556,0.13721675578778592,1.4927592392032727,1.4675674426904843,5.374908258113127e-08,0.50-1.00,0.25-1.00,1.6666666666666667e-05,pneumatic_feed,0.023861587913726157,0.28474908176372715,9.980496769766263e-36,-0.2740956256689721,active,
aluminum,partial,0.20236391686069397,0.8446262216021317,0.8446262216021317,0.0218,0.031811607730501096,0.053611607730501096,2700.0,,2314.874626758304,0.12410415043505635,1.4249435331916291,1.3956857616342744,8.853508856164192e-08,0.50-1.00,0.25-1.00,1.6666666666666667e-05,pneumatic_feed,0.03652639891107771,0.5213100902068801,4.315511166906948e-37,-0.2921019877513499,active,
aluminum,partial,0.2505694314691267,0.4461272337130702,0.4461272337130702,0.0218,0.03938951462694672,0.06118951462694672,2700.0,,2282.189869479102,0.13964609039996112,1.4214476302225685,1.4805016159794593,2.7793692758660728e-08,0.25-0.50,0.25-1.00,1.6666666666666667e-05,pneumatic_feed,-0.0039040423154254964,0.5220642016555851,-1.4510276976769134e-36,-0.29207045880364446,active,
copper,heavily_coated,0.5651869584865586,0.5976818636257792,0.5976818636257792,0.012,0.08251729593903756,0.09451729593903756,8900.0,,2002.9910299290068,0.18931729593903757,1.628395233887323,1.7238109748632922,6.762860791107324e-08,0.50-1.00,0.25-1.00,1.6666666666666667e-05,pneumatic_feed,0.021152652918595766,0.0,0.0,0.0,heavy,2.5419999999999416
aluminum,partial,0.229038800567327,0.8344747838486015,0.8344747838486015,0.0218,0.03600489944918381,0.05780489944918381,2700.0,,2295.7292713150055,0.13270439969091188,1.465964800096114,1.443235343784427,9.240846519615843e-08,0.50-1.00,0.25-1.00,1.6666666666666667e-05,pneumatic_feed,0.02290771176855132,0.5119383610312022,8.820004942380197e-36,-0.29097181162931157,active,
copper,partial,0.31157017033142875,0.7658808871571957,0.7658808871571957,0.012,0.045489244868388595,0.05748924486838859,8900.0,,2649.0040914092324,0.1522892448683886,1.5625450400836551,1.5460698520617455,8.932884044797262e-08,0.50-1.00,0.25-1.00,1.6666666666666667e-05,pneumatic_feed,0.017042043202437403,0.0,0.0,0.0,heavy,4.777999999999696
aluminum,partial,0.2552702737666225,0.9857787138065195,0.9857787138065195,0.0218,0.040128487036113054,0.061928487036113054,2700.0,,2279.430609741516,0.14116168896509676,1.520591387480701,1.4885139804503547,1.3717523665154353e-07,0.50-1.00,0.25-1.00,1.6666666666666667e-05,pneumatic_feed,0.04877843669482372,0.0,0.0,0.0,heavy,9.527999999999851
aluminum,heavily_coated,0.3622015729859246,0.5730756429875058,0.5730756429875058,0.0218,0.05693808727338735,0.07873808727338735,2700.0,,2230.65374367756,0.17563740914639195,1.5938265513055505,1.6603628440680573,5.768208136874274e-08,0.50-1.00,0.25-1.00,1.6666666666666667e-05,pneumatic_feed,0.0094028040898977,0.0,0.0,0.0,heavy,3.493999999999837
aluminum,partial,0.14166389810239766,0.8897759364928952,0.8897759364928952,0.0218,0.022269564781696914,0.044069564781696914,2700.0,,2372.01928144771,0.10453385738719403,1.324272378251944,1.2809228804067003,8.275958212806045e-08,0.50-1.00,0.25-1.00,1.6666666666666667e-05,pneumatic_feed,-0.017275908512789595,0.5441850691250634,-8.734718167734596e-40,-0.2908993268076523,active,
copper,partial,0.13642355805600226,0.9845435594887975,0.9845435594887975,0.012,0.019917839476176324,0.031917839476176324,8900.0,,3970.1258467309267,0.12671783947617632,1.4814281737662385,1.4103060690566653,1.228308990697117e-07,0.50-1.00,0.25-1.00,1.6666666666666667e-05,pneumatic_feed,-0.02062534269245546,0.42236166255457214,-4.802881655109223e-36,-0.2644122645194493,active,
aluminum,heavily_coated,0.3532173039731357,0.5974315479147724,0.5974315479147724,0.0218,0.05552576018457693,0.07732576018457693,2700.0,,2233.9358909843972,0.17274079097397868,1.5905996352507794,1.6466145435795134,6.165541257858492e-08,0.50-1.00,0.25-1.00,1.6666666666666667e-05,pneumatic_feed,0.002846484494853712,0.0,0.0,0.0,heavy,3.5419999999998315
aluminum,partial,0.15425973899762985,0.6396272507190266,0.6396272507190266,0.0218,0.024249630970427413,0.04604963097042741,2700.0,,2358.213956588801,0.10859488245022583,1.3229766844435822,1.305567031959196,4.4428666249636624e-08,0.50-1.00,0.25-1.00,1.6666666666666667e-05,pneumatic_feed,0.02424111633602434,0.5444961408711843,-1.7343008678082004e-39,-0.2908774551544178,active,
aluminum,heavily_coated,0.3388632701378686,0.7283832918454611,0.7283832918454611,0.0218,0.05326930606567294,0.07506930606567294,2700.0,,2239.4360056835994,0.1681129069251502,1.6030857853344067,1.6244076419104774,8.919099482376233e-08,0.50-1.00,0.25-1.00,1.6666666666666667e-05,pneumatic_feed,-0.03337710780601135,0.0,0.0,0.0,heavy,3.247999999999864
aluminum,partial,0.22462095889636277,0.6240431310974575,0.6240431310974575,0.0218,0.03531041473850823,0.05711041473850823,2700.0,,2298.7058307818106,0.13128004335777632,1.4303963091384393,1.4354691081815927,5.112436489762233e-08,0.50-1.00,0.25-1.00,1.6666666666666667e-05,pneumatic_feed,-0.024785865475747265,0.5201393776063874,1.801232052029246e-36,-0.2921448409230585,active,
copper,partial,0.40374295388843623,0.48904064903868505,0.48904064903868505,0.012,0.058946471267711686,0.07094647126771168,8900.0,,2336.2186773501203,0.1657464712677117,1.5390764140180497,1.6129341626421094,3.964005144103531e-08,0.25-0.50,0.25-1.00,1.6666666666666667e-05,pneumatic_feed,-0.0003337555489611618,0.0,0.0,0.0,heavy,6.539999999999502
copper,partial,0.3761630588131263,0.7492380012576033,0.7492380012576033,0.012,0.05491980658671644,0.06691980658671644,8900.0,,2416.6209502885467,0.16171980658671642,1.5905714215945335,1.5932212916557138,9.078263967249385e-08,0.50-1.00,0.25-1.00,1.6666666666666667e-05,pneumatic_feed,-0.02384144632500887,0.0,0.0,0.0,heavy,3.5219999999998337
aluminum,partial,0.23293316023377653,0.6468590916112641,0.6468590916112641,0.0218,0.036617092788749674,0.058417092788749674,2700.0,,2293.164103105979,0.13395998019097188,1.4463992150180356,1.450046843752813,5.6052430353618106e-08,0.50-1.00,0.25-1.00,1.6666666666666667e-05,pneumatic_feed,0.01114545514087049,0.516741147691325,5.941589366322206e-36,-0.2922624333155919,active,
copper,heavily_coated,0.6671356107155414,0.4590538450778364,0.4590538450778364,0.012,0.09740179916446903,0.10940179916446903,8900.0,,1866.5305390223298,0.20420179916446907,1.5966937232441925,1.7902936741455315,4.3031533492115413e-08,0.25-0.50,0.25-1.00,1.6666666666666667e-05,pneumatic_feed,0.024616740034063847,0.0,0.0,0.0,heavy,3.499999999999836
copper,partial,0.3195413930001428,0.9015632018460324,0.9015632018460324,0.012,0.04665304337802084,0.05865304337802084,8900.0,,2616.2844166330947,0.15345304337802085,1.5823260358290367,1.5519661622797758,1.2472912065929354e-07,0.50-1.00,0.25-1.00,1.6666666666666667e-05,pneumatic_feed,-0.02524976916471985,0.0,0.0,0.0,heavy,3.9939999999997817
aluminum,heavily_coated,0.2846577857960625,0.5514728760551086,0.5514728760551086,0.0218,0.04474820392714103,0.06654820392714103,2700.0,,2263.569981294009,0.1506365167185085,1.4957957519453404,1.537657558240361,4.581192890311589e-08,0.50-1.00,0.25-1.00,1.6666666666666667e-05,pneumatic_feed,-0.009480093979117843,0.24632935567229935,-1.9556955765179723e-35,-0.27665168126899303,active,
aluminum,partial,0.16598418102941676,0.8170433393568584,0.8170433393568584,0.0218,0.026092713257824314,0.047892713257824314,2700.0,,2346.3895060765926,0.11237495980569426,1.3618225807731192,1.3280953915702656,7.501700775918134e-08,0.50-1.00,0.25-1.00,1.6666666666666667e-05,pneumatic_feed,-0.030835277893804997,0.5353614105395686,1.4789818610144181e-38,-0.29144172282386477,active,
copper,partial,0.4434453760844581,0.7440202678893642,0.7440202678893642,0.012,0.06474302490833088,0.07674302490833088,8900.0,,2235.2914172100736,0.1715430249083309,1.6192447036935997,1.6408958891292165,9.496041340692003e-08,0.50-1.00,0.25-1.00,1.6666666666666667e-05,pneumatic_feed,0.013241855735693881,0.0,0.0,0.0,heavy,2.775999999999916
copper,partial,0.07660927703301085,0.49273454945743034,0.49273454945743034,0.012,0.011184954446819582,0.023184954446819582,8900.0,,5088.858583589077,0.11798495444681958,1.4102668570715866,1.3608423292201344,2.864525280524523e-08,0.25-0.50,0.25-1.00,1.6666666666666667e-05,pneumatic_feed,-0.0127307348580517,0.5244925517355258,1.6700439623743931e-37,-0.29206058394375356,active,
copper,partial,0.24108140847114312,0.2946888221881197,0.2946888221881197,0.012,0.0351978856367869,0.047197885636786896,8900.0,,3008.5645515889623,0.1419978856367869,1.4082610144184082,1.492916210962627,1.2331309658535179e-08,0.25-0.50,0.25-1.00,1.6666666666666667e-05,pneumatic_feed,-0.03944541142820513,0.5249325524030719,-5.608722356002837e-37,-0.2919917293060891,active,
copper,partial,0.1819332235203721,0.6134095512660668,0.6134095512660668,0.012,0.026562250633974323,0.038562250633974324,8900.0,,3458.362736652067,0.13336225063397433,1.4780627945111302,1.4468081717874217,5.0180384427581464e-08,0.50-1.00,0.25-1.00,1.6666666666666667e-05,pneumatic_feed,0.0011121364471958033,0.45783442316266704,4.40283793171831e-36,-0.26152041793865455,active,
copper,partial,0.15898919267273282,0.5956604043625807,0.5956604043625807,0.012,0.02321242213021899,0.03521242213021899,8900.0,,3692.2317257648538,0.130012422130219,1.4642842224707098,1.4285219556436357,4.612987876468811e-08,0.50-1.00,0.25-1.00,1.6666666666666667e-05,pneumatic_feed,-0.005598643952468471,0.5124686769915127,1.6002192318024498e-35,-0.2913753637379815,active,
copper,heavily_coated,0.48814716977681755,0.7914591617863083,0.7914591617863083,0.012,0.07126948678741536,0.08326948678741536,8900.0,,2138.472250249623,0.17806948678741535,1.6469245591967014,1.6718189688525704,1.1154408070210486e-07,0.50-1.00,0.25-1.00,1.6666666666666667e-05,pneumatic_feed,0.03510208934089281,0.0,0.0,0.0,heavy,2.311999999999967
copper,partial,0.29597883915247325,0.7480473908376919,0.7480473908376919,0.012,0.0432129105162611,0.05521291051626109,8900.0,,2716.9897242073457,0.1500129105162611,1.5525249017573086,1.5344714541050395,8.394345924169385e-08,0.50-1.00,0.25-1.00,1.6666666666666667e-05,pneumatic_feed,-0.02017874892937644,0.0,0.0,0.0,heavy,5.767999999999587
copper,heavily_coated,0.5305876071205353,0.79780339862598,0.79780339862598,0.012,0.07746579063959816,0.08946579063959816,8900.0,,2059.622894094683,0.18426579063959816,1.6658054303536707,1.700657475766103,1.1728338152014959e-07,0.50-1.00,0.25-1.00,1.6666666666666667e-05,pneumatic_feed,0.01902562260163183,0.0,0.0,0.0,heavy,2.237999999999975
aluminum,heavily_coated,0.31334713383334156,0.6668057028461125,0.6668057028461125,0.0218,0.0492581694386013,0.0710581694386013,2700.0,,2250.0755463080054,0.15988624941920765,1.5588523130900673,1.5841636818472653,7.109019835254974e-08,0.50-1.00,0.25-1.00,1.6666666666666667e-05,pneumatic_feed,0.02544001803612048,0.0,0.0,0.0,heavy,4.805999999999693
aluminum,heavily_coated,0.33278272865537323,0.8339200972347112,0.8339200972347112,0.0218,0.05231344494462467,0.07411344494462467,2700.0,,2241.8669064691703,0.16615247954577889,1.6127983099611483,1.614908455284864,1.155462106847207e-07,0.50-1.00,0.25-1.00,1.6666666666666667e-05,pneumatic_feed,-0.018542287175207894,0.0,0.0,0.0,heavy,3.0259999999998883
copper,heavily_coated,0.6245211820474702,0.32418592533687396,0.32418592533687396,0.012,0.09118009257893064,0.10318009257893064,8900.0,,1918.7818854444229,0.19798009257893065,1.493410823462516,1.7628089894026795,2.0807017608371162e-08,0.25-0.50,0.25-1.00,1.6666666666666667e-05,pneumatic_feed,-0.030103100427646565,0.2702654085284383,1.48663688589438e-35,-0.2745776486289062,active,
aluminum,heavily_coated,0.3899200066873134,0.6134747420294452,0.6134747420294452,0.0218,0.061295425051245675,0.08309542505124567,2700.0,,2221.2307024391325,0.1845741093560567,1.6363685959779908,1.7020796751188432,6.946469845490703e-08,0.50-1.00,0.25-1.00,1.6666666666666667e-05,pneumatic_feed,-0.010486412813058376,0.0,0.0,0.0,heavy,2.503999999999946
copper,partial,0.3526372817361033,0.9563028321774577,0.9563028321774577,0.012,0.05148504313347109,0.06348504313347109,8900.0,,2493.265111290738,0.15828504313347108,1.6051408695911185,1.576211291998304,1.4475406313089668e-07,0.50-1.00,0.25-1.00,1.6666666666666667e-05,pneumatic_feed,-0.013214055835228784,0.0,0.0,0.0,heavy,3.075999999999883
aluminum,partial,0.26538490113976854,0.8614487198641417,0.8614487198641417,0.0218,0.04171850645917162,0.06351850645917162,2700.0,,2273.7113012772857,0.14442274597647278,1.5233567317197352,1.5056093187964523,1.0717523837070484e-07,0.50-1.00,0.25-1.00,1.6666666666666667e-05,pneumatic_feed,0.014473152677499308,0.0,0.0,0.0,heavy,9.029999999999685
copper,partial,0.16050758601875503,0.4529543628292866,0.4529543628292866,0.012,0.02343410755873823,0.03543410755873823,8900.0,,3675.388390771587,0.13023410755873824,1.4411051210844317,1.4297393301724464,2.671982642358975e-08,0.25-0.50,0.25-1.00,1.6666666666666667e-05,pneumatic_feed,-0.02166144929886462,0.5178580546715632,-4.469196836622105e-36,-0.2922864025928152,active,
copper,partial,0.3856269490687072,0.4936640016054871,0.4936640016054871,0.012,0.05630153456403125,0.06830153456403125,8900.0,,2387.9629587403633,0.16310153456403126,1.5347662966017541,1.6000130269835413,3.9748520270691785e-08,0.25-0.50,0.25-1.00,1.6666666666666667e-05,pneumatic_feed,-0.024600506810370622,0.0,0.0,0.0,heavy,7.043999999999446
copper,partial,0.2773232277214721,0.9017361498944021,0.9017361498944021,0.012,0.040489191247334924,0.05248919124733492,8900.0,,2806.0861245373703,0.14728919124733492,1.5597253851918456,1.5204772756664826,1.1976497787674044e-07,0.50-1.00,0.25-1.00,1.6666666666666667e-05,pneumatic_feed,-0.026925837285094487,0.0,0.0,0.0,heavy,4.809999999999692
copper,partial,0.08920940720280457,0.5284322367490059,0.5284322367490059,0.012,0.013024573451609466,0.025024573451609466,8900.0,,4788.276358968384,0.11982457345160946,1.4208152742792817,1.3714104071708302,3.3459889240579854e-08,0.50-1.00,0.25-1.00,1.6666666666666667e-05,pneumatic_feed,0.024772064964643473,0.5221992121933066,-7.033623896297107e-37,-0.29215004698285907,active,
copper,heavily_coated,0.512761561523334,0.6174570576323399,0.6174570576323399,0.012,0.07486318798240675,0.08686318798240675,8900.0,,2091.3714106279494,0.18166318798240677,1.6167487225596235,1.6886045714055902,6.925967501406237e-08,0.50-1.00,0.25-1.00,1.6666666666666667e-05,pneumatic_feed,0.02898973191457847,0.0,0.0,0.0,heavy,2.791999999999914
copper,partial,0.056596335833208354,0.8125811855482374,0.8125811855482374,0.012,0.00826306503164842,0.02026306503164842,8900.0,,5678.462999153091,0.11506306503164841,1.4217485442035755,1.3438861070554877,7.59747821524673e-08,0.50-1.00,0.25-1.00,1.6666666666666667e-05,pneumatic_feed,0.012750430480481804,0.5219972706432563,7.056745563723872e-37,-0.2921701326973084,active,
aluminum,heavily_coated,0.3950493977538164,0.931654496818656,0.931654496818656,0.0218,0.06210176532689994,0.08390176532689994,2700.0,,2219.594255308249,0.18622787632980795,1.7057365677136085,1.7096879092023392,1.616420909881537e-07,0.50-1.00,0.25-1.00,1.6666666666666667e-05,pneumatic_feed,0.0026991560610518136,0.0,0.0,0.0,heavy,1.7820000000000014
aluminum,partial,0.15615134714080758,0.9260527382035776,0.9260527382035776,0.0218,0.024546991770534952,0.04634699177053495,2700.0,,2356.242587919041,0.10920475583166778,1.3528942732071105,1.3092279585824074,9.365112366966629e-08,0.50-1.00,0.25-1.00,1.6666666666666667e-05,pneumatic_feed,0.04488408762124493,0.5374266055592681,3.332440980985874e-38,-0.29132393363909326,active,
aluminum,partial,0.17056967187572636,0.7331648085916079,0.7331648085916079,0.0218,0.026813552418864184,0.048613552418864184,2700.0,,2342.008807101142,0.11385336790945294,1.36141286577541,1.3368030755151536,6.119967332654581e-08,0.50-1.00,0.25-1.00,1.6666666666666667e-05,pneumatic_feed,0.03431079341977728,0.5354557508225165,3.7397940802795083e-38,-0.2914361429993246,active,
aluminum,partial,0.13725779515636616,0.9042264379252147,0.9042264379252147,0.0218,0.021576925398580762,0.04337692539858076,2700.0,,2377.1460238105706,0.10311328573636401,1.317112028327163,1.2721895035402428,8.430804675871233e-08,0.50-1.00,0.25-1.00,1.6666666666666667e-05,pneumatic_feed,0.020404556182358823,0.5459096470286584,-2.902386008319228e-39,-0.2907816886313589,active,
aluminum,partial,0.14913548243184088,0.8085842074589138,0.8085842074589138,0.0218,0.023444097838285383,0.04524409783828538,2700.0,,2363.6844583152515,0.10694277089084982,1.3316794376143841,1.2955978279940032,6.992008412559661e-08,0.50-1.00,0.25-1.00,1.6666666666666667e-05,pneumatic_feed,-0.029752258153408498,0.5424155046418672,-1.4302296740971822e-39,-0.291015877124585,active,
aluminum,partial,0.16177671430649465,0.8683708924238005,0.8683708924238005,0.0218,0.025431299488980957,0.04723129948898096,2700.0,,2350.526698624023,0.11101843045955694,1.358728360668877,1.320055030857883,8.371544657569142e-08,0.50-1.00,0.25-1.00,1.6666666666666667e-05,pneumatic_feed,0.013359091965269507,0.536074861394835,-2.178788051420054e-38,-0.29140169368348207,active,
aluminum,heavily_coated,0.2854908197503182,0.7783746562414533,0.7783746562414533,0.0218,0.044879156864750025,0.06667915686475002,2700.0,,2263.152419605296,0.15090509519570008,1.5412256677606173,1.5390277366544467,9.142843322825185e-08,0.50-1.00,0.25-1.00,1.6666666666666667e-05,pneumatic_feed,-0.013717444481421873,0.0,0.0,0.0,heavy,6.28399999999953
aluminum,partial,0.17298303750112742,0.6424157699471303,0.6424157699471303,0.0218,0.027192933495177235,0.048992933495177235,2700.0,,2339.755000219013,0.11463146112073849,1.354203330798157,1.341363266886011,4.7308177203519415e-08,0.50-1.00,0.25-1.00,1.6666666666666667e-05,pneumatic_feed,-0.010826699046798834,0.537122576024887,1.9603148057440564e-38,-0.2913406324713015,active,
aluminum,partial,0.16880661479790554,0.9685051895753176,0.9685051895753176,0.0218,0.026536399846230754,0.048336399846230754,2700.0,,2343.6776639836285,0.11328494067699273,1.3781094608544289,1.3334618213005118,1.0626153516349775e-07,0.50-1.00,0.25-1.00,1.6666666666666667e-05,pneumatic_feed,-0.026157845405341208,0.5316450823928414,-2.545132260839253e-39,-0.29164100633403295,active,
copper,heavily_coated,0.5829399722217934,0.7250852465319226,0.7250852465319226,0.012,0.08510923594438183,0.09710923594438182,8900.0,,1976.2202233193925,0.19190923594438183,1.670513345025219,1.7355711934066598,1.0089601495323646e-07,0.50-1.00,0.25-1.00,1.6666666666666667e-05,pneumatic_feed,-0.026353611565276155,0.0,0.0,0.0,heavy,2.0339999999999976
copper,heavily_coated,0.5054440956512786,0.7078768773982903,0.7078768773982903,0.012,0.07379483796508667,0.08579483796508666,8900.0,,2104.961583336493,0.18059483796508669,1.637068858362675,1.6836319599900689,9.049420840167123e-08,0.50-1.00,0.25-1.00,1.6666666666666667e-05,pneumatic_feed,0.022062875534825534,0.0,0.0,0.0,heavy,2.5079999999999454
aluminum,partial,0.18538163354441145,0.5264943275439237,0.5264943275439237,0.0218,0.029141992793181484,0.050941992793181484,2700.0,,2328.7053757922877,0.1186288924710537,1.3537501372470535,1.3645508771114616,3.288348733000867e-08,0.50-1.00,0.25-1.00,1.6666666666666667e-05,pneumatic_feed,0.030038516383896152,0.5372278077740381,2.620082804461307e-38,-0.2913337629381096,active,
aluminum,partial,0.16357078879174608,0.888814800088377,0.888814800088377,0.0218,0.025713327998062488,0.04751332799806249,2700.0,,2348.748503133638,0.11159685801434685,1.3634117842235507,1.3234894345604684,8.816059702960438e-08,0.50-1.00,0.25-1.00,1.6666666666666667e-05,pneumatic_feed,-0.013821681442769287,0.5349959016614971,-8.336294949287396e-39,-0.2914622729599559,active,
aluminum,partial,0.20330119499291668,0.9344478430208181,0.9344478430208181,0.0218,0.031958947852886506,0.053758947852886506,2700.0,,2314.1512854401303,0.12440633827766626,1.434261637056878,1.3973839435195503,1.0863071529122752e-07,0.50-1.00,0.25-1.00,1.6666666666666667e-05,pneumatic_feed,0.011730010496385954,0.5193134322344544,1.2099363041311627e-36,-0.29217592015020066,active,
aluminum,heavily_coated,0.29369921215109007,0.6424557565547743,0.6424557565547743,0.0218,0.04616951615015137,0.06796951615015137,2700.0,,2259.1239674330236,0.15355156298963293,1.5286298469136508,1.5524642774264659,6.337831535949975e-08,0.50-1.00,0.25-1.00,1.6666666666666667e-05,pneumatic_feed,0.023190718554627544,0.0,0.0,0.0,heavy,8.033999999999352
copper,partial,0.09368921421909104,0.5286383505762371,0.5286383505762371,0.012,0.013678625275987292,0.025678625275987292,8900.0,,4691.786416956276,0.12047862527598728,1.4231005122985598,1.37514817468224,3.3668776588413384e-08,0.50-1.00,0.25-1.00,1.6666666666666667e-05,pneumatic_feed,-0.03230378426988997,0.5217056946334838,-3.8174152277910824e-38,-0.29216782439827016,active,
aluminum,partial,0.15139564606743472,0.8283602204127769,0.8283602204127769,0.0218,0.02379939556180074,0.04559939556180074,2700.0,,2361.2477516872955,0.10767147024860163,1.3372995745840717,1.3000043834626296,7.388207995440545e-08,0.50-1.00,0.25-1.00,1.6666666666666667e-05,pneumatic_feed,0.016303876051628956,0.5410825010374444,-9.86837298293844e-39,-0.2911012714414368,active,
aluminum,partial,0.14620687118927622,0.997838620821957,0.997838620821957,0.0218,0.02298372015095422,0.04478372015095422,2700.0,,2366.8993326780605,0.10599855734013455,1.339192755343774,1.2898656348669624,1.055408463692748e-07,0.50-1.00,0.25-1.00,1.6666666666666667e-05,pneumatic_feed,0.017570079150997127,0.5406353202424348,-2.6904430866866407e-39,-0.29112982393804643,active,
copper,heavily_coated,0.6844325318487465,0.5968531227661968,0.5968531227661968,0.012,0.09992714964991699,0.11192714964991698,8900.0,,1846.9794888596123,0.206727149649917,1.6648152109980991,1.8013298812003031,7.364316710608617e-08,0.50-1.00,0.25-1.00,1.6666666666666667e-05,pneumatic_feed,0.012200953301843565,0.0,0.0,0.0,heavy,2.083999999999992
aluminum,heavily_coated,0.3156728483369574,0.5212075710101614,0.5212075710101614,0.0218,0.049623771758569704,0.0714237717585697,2700.0,,2249.0562886444695,0.16063608303231844,1.5246771481362895,1.5878740375972116,4.363796975206989e-08,0.50-1.00,0.25-1.00,1.6666666666666667e-05,pneumatic_feed,-0.022685093923281486,0.0,0.0,0.0,heavy,9.035999999999687
aluminum,partial,0.21610580605742222,0.8979097105481004,0.8979097105481004,0.0218,0.03397183271222677,0.05577183271222677,2700.0,,2304.6521277898587,0.12853467293097348,1.4519083381137776,1.4203803104537038,1.036300322740636e-07,0.50-1.00,0.25-1.00,1.6666666666666667e-05,pneumatic_feed,-0.02434582483698353,0.515584060448546,7.761962457740904e-36,-0.29230013250256254,active,
aluminum,heavily_coated,0.3099584408126499,0.6905092659667912,0.6905092659667912,0.0218,0.04872546689574857,0.07052546689574857,2700.0,,2251.579576738384,0.15879370090240644,1.5592211498131987,1.5787418818046768,7.57133203371742e-08,0.50-1.00,0.25-1.00,1.6666666666666667e-05,pneumatic_feed,0.018893639719855092,0.0,0.0,0.0,heavy,5.0079999999996705
aluminum,partial,0.1757229192159544,0.9680311032699445,0.9680311032699445,0.0218,0.027623642900748036,0.049423642900748035,2700.0,,2337.2382043223993,0.11551482638441585,1.39015585533851,1.3465217097877744,1.0824712062255173e-07,0.50-1.00,0.25-1.00,1.6666666666666667e-05,pneumatic_feed,0.027150585223696854,0.5289377840188001,4.445509432720027e-38,-0.2917748618222131,active,
copper,partial,0.10801071856634803,0.7661289548472612,0.7661289548472612,0.012,0.01576956491068681,0.02776956491068681,8900.0,,4413.809337845162,0.12256956491068681,1.4517911038943854,1.3870298810184805,7.194264436633506e-08,0.50-1.00,0.25-1.00,1.6666666666666667e-05,pneumatic_feed,0.0355583114532984,0.515607213313492,1.1513019970404236e-36,-0.29237702665728116,active,
copper,partial,0.3586859118694845,0.5337312330307498,0.5337312330307498,0.012,0.052368143132944744,0.06436814313294474,8900.0,,2472.7782313714083,0.15916814313294475,1.5376966032911272,1.5806021557035472,4.53420743999253e-08,0.50-1.00,0.25-1.00,1.6666666666666667e-05,pneumatic_feed,0.018627448353727018,0.0,0.0,0.0,heavy,6.789999999999474
aluminum,heavily_coated,0.37264926486556976,0.6812064753426013,0.6812064753426013,0.0218,0.05858046443686757,0.08038046443686757,2700.0,,2226.9820252892805,0.17900584948530834,1.6340947945103121,1.6762087619152335,8.306627931510983e-08,0.50-1.00,0.25-1.00,1.6666666666666667e-05,pneumatic_feed,0.023915864886575173,0.0,0.0,0.0,heavy,2.5339999999999425
copper,heavily_coated,0.5142483590459539,0.7287266164679612,0.7287266164679612,0.012,0.07508026042070927,0.08708026042070927,8900.0,,2088.650855452137,0.18188026042070926,1.6451385445209494,1.6896131413916775,9.658614483856325e-08,0.50-1.00,0.25-1.00,1.6666666666666667e-05,pneumatic_feed,-0.01263770125897919,0.0,0.0,0.0,heavy,2.4879999999999476
copper,partial,0.1399720118101645,0.34531744424972743,0.34531744424972743,0.012,0.020435913724284018,0.03243591372428402,8900.0,,3922.686279345521,0.127235913724284,1.4054798649133764,1.413186081808182,1.5172136766032003e-08,0.25-0.50,0.25-1.00,1.6666666666666667e-05,pneumatic_feed,-0.025424043452623023,0.5255421442098062,4.301050236192597e-37,-0.29199384701796244,active,
copper,partial,0.1245611909862524,0.7881017537466655,0.7881017537466655,0.012,0.01818593388399285,0.03018593388399285,8900.0,,4140.535600598761,0.12498593388399284,1.4632169166244078,1.4006352909459163,7.762931025614035e-08,0.50-1.00,0.25-1.00,1.6666666666666667e-05,pneumatic_feed,0.010429355290691868,0.5127926356144961,1.565795152721698e-36,-0.29157979976228904,active,
copper,partial,0.1867611159449004,0.6710056054666635,0.6710056054666635,0.012,0.027267122927955464,0.039267122927955464,8900.0,,3414.233407778113,0.13406712292795545,1.4877144709420662,1.4506266099438507,6.036352402321199e-08,0.50-1.00,0.25-1.00,1.6666666666666667e-05,pneumatic_feed,-0.014182211193314274,0.35545553314400313,9.508396130338303e-36,-0.2697785829652101,active,
copper,partial,0.25129357606328917,0.6263720501112643,0.6263720501112643,0.012,0.03668886210524022,0.04868886210524022,8900.0,,2947.057209821237,0.1434888621052402,1.5132533689747563,1.5007335471707994,5.629669926724934e-08,0.50-1.00,0.25-1.00,1.6666666666666667e-05,pneumatic_feed,-0.020947055624361877,0.025038912129314195,1.563826119387892e-34,-0.2916867603039644,active,
aluminum,partial,0.20983818715465577,0.5446573390025977,0.5446573390025977,0.0218,0.03298656302071189,0.05478656302071189,2700.0,,2309.214576441022,0.12651392992053256,1.3935467564923656,1.4091709066088043,3.75305618750176e-08,0.50-1.00,0.25-1.00,1.6666666666666667e-05,pneumatic_feed,0.014582525980193559,0.5281819871685778,2.9467116949121363e-40,-0.29180879359167644,active,
copper,partial,0.1872682041918714,0.6844411299173614,0.6844411299173614,0.012,0.027341157812013222,0.03934115781201322,8900.0,,3409.690138073462,0.13414115781201322,1.4895130321060432,1.451027089001911,6.283972122388989e-08,0.50-1.00,0.25-1.00,1.6666666666666667e-05,pneumatic_feed,0.0009010017812039246,0.3265560585035743,9.826393364303827e-36,-0.27131919158695295,active,
aluminum,partial,0.13710951384828435,0.8598144404681527,0.8598144404681527,0.0218,0.021553615576950305,0.043353615576950305,2700.0,,2377.3214064900712,0.10306547835982535,1.313871876597706,1.2718945507925643,7.619433671882022e-08,0.50-1.00,0.25-1.00,1.6666666666666667e-05,pneumatic_feed,0.00924138187727643,0.5466946017314921,-7.270175059626217e-40,-0.2907267471676694,active,
copper,partial,0.46022470493575607,0.43747808959294554,0.43747808959294554,0.012,0.06719280692062038,0.07919280692062038,8900.0,,2197.078417677803,0.17399280692062039,1.5346898709008765,1.6525710566950087,3.329997506160686e-08,0.25-0.50,0.25-1.00,1.6666666666666667e-05,pneumatic_feed,0.003874092528822346,0.0,0.0,0.0,heavy,7.271999999999421
copper,partial,0.20897565648987604,0.3997386809756784,0.3997386809756784,0.012,0.0305104458475219,0.0425104458475219,8900.0,,3230.0401256677537,0.1373104458475219,1.4449906720562544,1.4680683764807088,2.194097524681833e-08,0.25-0.50,0.25-1.00,1.6666666666666667e-05,pneumatic_feed,0.01197442302202194,0.5170371541516809,-6.096319408572857e-37,-0.29229996393758345,active,
aluminum,partial,0.23014259494688535,0.9981636316083236,0.9981636316083236,0.0218,0.03617841592565038,0.05797841592565038,2700.0,,2294.996714078174,0.1330602740368253,1.4825671532623703,1.445169215449184,1.32572027386326e-07,0.50-1.00,0.25-1.00,1.6666666666666667e-05,pneumatic_feed,0.004977599268557594,0.40031032526834953,-6.969927882107917e-37,-0.26531998757243264,active,
copper,partial,0.25308372551803393,0.5102119683872147,0.5102119683872147,0.012,0.03695022392563295,0.048950223925632946,8900.0,,2936.6612120921814,0.14375022392563294,1.491309984220604,1.5020997019960876,3.742051961503035e-08,0.50-1.00,0.25-1.00,1.6666666666666667e-05,pneumatic_feed,0.010774741514135369,0.3042936638332342,4.148775237945988e-35,-0.2728419785398702,active,
aluminum,heavily_coated,0.3023448180613679,0.7754106540604274,0.7754106540604274,0.0218,0.04752860539924704,0.06932860539924704,2700.0,,2255.0430935520244,0.15633899279116562,1.5637368424908655,1.5664918866212285,9.400064583509351e-08,0.50-1.00,0.25-1.00,1.6666666666666667e-05,pneumatic_feed,0.01345635265107357,0.0,0.0,0.0,heavy,4.543999999999722
copper,partial,0.15966512669758104,0.7045401536606152,0.7045401536606152,0.012,0.023311108497846827,0.03531110849784683,8900.0,,3684.707561808223,0.13011110849784682,1.4767673357380635,1.4290640150049976,6.458413933935443e-08,0.50-1.00,0.25-1.00,1.6666666666666667e-05,pneumatic_feed,-0.007788482957949424,0.47411107672071023,4.0192870641328195e-37,-0.26041940584228074,active,
aluminum,partial,0.135766235982959,0.8274085403497375,0.8274085403497375,0.0218,0.021342452296521153,0.04314245229652115,2700.0,,2378.918830062465,0.1026323921432658,1.3090654578891205,1.2692194558391785,7.02626378050049e-08,0.50-1.00,0.25-1.00,1.6666666666666667e-05,pneumatic_feed,-0.0021593754981695003,0.5478642766155732,-3.768796705941852e-40,-0.2906434961165265,active,
aluminum,heavily_coated,0.27769481943015195,0.6161221924217664,0.6161221924217664,0.0218,0.04365362561441989,0.06545362561441989,2700.0,,2267.12554636215,0.1483915867324753,1.5021841528023117,1.526156723719072,5.6330419178089524e-08,0.50-1.00,0.25-1.00,1.6666666666666667e-05,pneumatic_feed,0.022549702185671146,0.1636975636077448,1.3007098273021232e-34,-0.28213502920709094,active,
copper,partial,0.1950954645903351,0.697888256828804,0.697888256828804,0.012,0.02848393783018893,0.04048393783018893,8900.0,,3341.6694393129787,0.1352839378301889,1.4951284679992898,1.457194801041592,6.5889773925357e-08,0.50-1.00,0.25-1.00,1.6666666666666667e-05,pneumatic_feed,-0.025135077636204647,0.2493511264052746,-1.953918028109413e-36,-0.2761307725588302,active,
aluminum,heavily_coated,0.2842776184761963,0.9806100199313903,0.9806100199313903,0.0218,0.044688441624458064,0.06648844162445806,2700.0,,2263.761088326414,0.15051394697291046,1.5632494236683616,1.5370318512271641,1.4473361103759005e-07,0.50-1.00,0.25-1.00,1.6666666666666667e-05,pneumatic_feed,-0.028560034310968006,0.0,0.0,0.0,heavy,4.751999999999699
copper,heavily_coated,0.500355219891075,0.6050782827065097,0.6050782827065097,0.012,0.07305186210409695,0.08505186210409695,8900.0,,2114.6140443576896,0.17985186210409695,1.6088185275555589,1.6801651191433258,6.5847314870366e-08,0.50-1.00,0.25-1.00,1.6666666666666667e-05,pneumatic_feed,-0.029012961871150884,0.0,0.0,0.0,heavy,3.0219999999998888
copper,bare_like,0.025800378816047947,0.6494406605196009,0.6494406605196009,0.012,0.0037668553071430015,0.015766855307143002,8900.0,,7012.6130514467195,0.110566855307143,1.3945974570771755,1.3173675876158928,4.6634133229670706e-08,0.50-1.00,0.25-1.00,1.6666666666666667e-05,pneumatic_feed,-0.010608801789428458,0.5279460635716445,-3.3838436403462623e-37,-0.2919262612662191,active,
copper,heavily_coated,0.49350193772233975,0.8318825019571113,0.8318825019571113,0.012,0.0720512829074616,0.0840512829074616,8900.0,,2127.8828439105737,0.1788512829074616,1.6562530350725775,1.6754849257798525,1.2377018450813693e-07,0.50-1.00,0.25-1.00,1.6666666666666667e-05,pneumatic_feed,-0.00805341995238884,0.0,0.0,0.0,heavy,2.2599999999999727
aluminum,partial,0.18797914566281337,0.8473585193870143,0.8473585193870143,0.0218,0.029550321698194264,0.051350321698194264,2700.0,,2326.496746316366,0.11946635635314766,1.4016448921713258,1.369358948310853,8.57788103229144e-08,0.50-1.00,0.25-1.00,1.6666666666666667e-05,pneumatic_feed,-0.035931400920061696,0.5263877989628512,-3.4159034592019762e-37,-0.2918921499919845,active,
aluminum,heavily_coated,0.29258294804038265,0.6117424913305884,0.6117424913305884,0.0218,0.045994039431948144,0.06779403943194814,2700.0,,2259.6627898456177,0.15319166827769976,1.5205444209241608,1.550643874423388,5.732874578607214e-08,0.50-1.00,0.25-1.00,1.6666666666666667e-05,pneumatic_feed,-0.006733143656647734,0.0,0.0,0.0,heavy,9.571999999999866
aluminum,partial,0.2260647807676665,0.5131996388313433,0.5131996388313433,0.0218,0.035537383536677174,0.057337383536677174,2700.0,,2297.7251112797867,0.13174554596730337,1.4090625056470978,1.4380118530466965,3.4698334204004575e-08,0.50-1.00,0.25-1.00,1.6666666666666667e-05,pneumatic_feed,-0.005002604462248357,0.5247578116548044,3.12408121405893e-37,-0.291961309827012,active,
aluminum,partial,0.22903462466906085,0.5685626458391875,0.5685626458391875,0.0218,0.03600424299797637,0.05780424299797637,2700.0,,2295.7320510917793,0.1327030533395519,1.4259446069038735,1.4432280225998964,4.289805112690934e-08,0.50-1.00,0.25-1.00,1.6666666666666667e-05,pneumatic_feed,0.01176537067108432,0.5210946868830539,-1.590856379610794e-36,-0.2921088726120172,active,
copper,partial,0.20080432243144586,0.7000099048339964,0.7000099048339964,0.012,0.029317431074991098,0.0413174310749911,8900.0,,3294.431128303647,0.13611743107499108,1.498361373393535,1.461676844638739,6.669942874888186e-08,0.50-1.00,0.25-1.00,1.6666666666666667e-05,pneumatic_feed,0.027677225605353153,0.20494511182788216,5.997437661284799e-35,-0.278902793490955,active,
copper,partial,0.1122405612916646,0.9696976987325674,0.9696976987325674,0.012,0.01638712194858303,0.02838712194858303,8900.0,,4339.542492955403,0.12318712194858303,1.4649957375464806,1.3905197107933995,1.1583452943019995e-07,0.50-1.00,0.25-1.00,1.6666666666666667e-05,pneumatic_feed,-0.004559245831232145,0.5122453830592338,2.1206814902819045e-36,-0.29124914144145536,active,
copper,partial,0.18262651527032647,0.8974042635617223,0.8974042635617223,0.012,0.026663471229467665,0.038663471229467665,8900.0,,3451.9267666724,0.13346347122946767,1.5053115930404364,1.447357124008351,1.0748272616059689e-07,0.50-1.00,0.25-1.00,1.6666666666666667e-05,pneumatic_feed,0.016311950677634555,0.11764643837842399,8.273865207118241e-35,-0.28487592115418897,active,
aluminum,heavily_coated,0.3232638416418182,0.8078019151648026,0.8078019151648026,0.0218,0.050817075906093814,0.07261707590609381,2700.0,,2245.800910444717,0.1630834951837386,1.5964512129016615,1.5999245420968957,1.0641914554113829e-07,0.50-1.00,0.25-1.00,1.6666666666666667e-05,pneumatic_feed,-0.027641060728533076,0.0,0.0,0.0,heavy,3.4959999999998366
copper,partial,0.181123694724176,0.6545380756242227,0.6545380756242227,0.012,0.0264440594297297,0.0384440594297297,8900.0,,3465.920649542252,0.1332440594297297,1.482859505927416,1.4461669187230903,5.708443225821357e-08,0.50-1.00,0.25-1.00,1.6666666666666667e-05,pneumatic_feed,-0.0032924986338763564,0.40638355613336197,-4.8665407746491163e-36,-0.2656236530210453,active,
aluminum,partial,0.1644029510217821,0.816874073692497,0.816874073692497,0.0218,0.025844143900624145,0.047644143900624145,2700.0,,2347.930853207488,0.11186515543893277,1.3590856869528558,1.32507942394767,7.464574473708921e-08,0.50-1.00,0.25-1.00,1.6666666666666667e-05,pneumatic_feed,0.008789533092771558,0.5359923516222556,1.2264062779562898e-38,-0.29140621767795805,active,
aluminum,partial,0.16506057704477323,0.8580050000285995,0.8580050000285995,0.0218,0.025947522711438353,0.04774752271143835,2700.0,,2347.287865013282,0.11207718064500533,1.3636441694234338,1.3263345835059883,8.250814724286198e-08,0.50-1.00,0.25-1.00,1.6666666666666667e-05,pneumatic_feed,-0.003934225510226284,0.5349425096620999,-2.5178613213580547e-38,-0.29146514218689823,active,
copper,partial,0.21219633365413615,0.40135057949659747,0.40135057949659747,0.012,0.030980664713503876,0.042980664713503876,8900.0,,3205.6429474022366,0.13778066471350386,1.446572886418582,1.4705799241602466,2.2194024667677282e-08,0.25-0.50,0.25-1.00,1.6666666666666667e-05,pneumatic_feed,-0.0046027051974537915,0.5167037215762553,6.921007273216848e-36,-0.29231003534775496,active,
aluminum,partial,0.18495849663811686,0.8615729766525688,0.8615729766525688,0.0218,0.029075475671511974,0.050875475671511974,2700.0,,2329.0685214653595,0.11849246890109526,1.397855481435696,1.3637660326726104,8.795790690568786e-08,0.50-1.00,0.25-1.00,1.6666666666666667e-05,pneumatic_feed,-0.005698604335258816,0.5272254405837852,5.464196950784353e-38,-0.2918544631482261,active,
aluminum,heavily_coated,0.3668460043730206,0.6395686785243319,0.6395686785243319,0.0218,0.05766819188743884,0.07946819188743884,2700.0,,2229.002775359539,0.17713482026990557,1.617367545379822,1.6674256022253102,7.245666070974825e-08,0.50-1.00,0.25-1.00,1.6666666666666667e-05,pneumatic_feed,-0.0370302988029236,0.0,0.0,0.0,heavy,2.9959999999998916
aluminum,heavily_coated,0.3182196328817005,0.7340541516375176,0.7340541516375176,0.0218,0.05002412628900332,0.07182412628900332,2700.0,,2247.952048699116,0.16145719183738905,1.5778731619843778,1.591927160104902,8.699886629450945e-08,0.50-1.00,0.25-1.00,1.6666666666666667e-05,pneumatic_feed,-0.009943245921933462,0.0,0.0,0.0,heavy,4.023999999999779
aluminum,heavily_coated,0.2928310672209186,0.9451994197901386,0.9451994197901386,0.0218,0.0460330437671284,0.0678330437671284,2700.0,,2259.542781374808,0.15327166438269638,1.5720284962352105,1.5510486917407857,1.3693320279264847e-07,0.50-1.00,0.25-1.00,1.6666666666666667e-05,pneumatic_feed,-0.014373756487400762,0.0,0.0,0.0,heavy,4.257999999999753
aluminum,partial,0.17796775053891867,0.9734830799413098,0.9734830799413098,0.0218,0.02797653038471802,0.04977653038471802,2700.0,,2335.208612429511,0.11623858245125276,1.3944068765327493,1.350733426755577,1.10155736870339e-07,0.50-1.00,0.25-1.00,1.6666666666666667e-05,pneumatic_feed,0.011271024925404766,0.5279906584072382,1.3333682004918377e-39,-0.2918195161823421,active,
aluminum,partial,0.17131734106601032,0.5336939407812749,0.5336939407812749,0.0218,0.026931086015576824,0.048731086015576824,2700.0,,2341.3068179236197,0.11409442393309238,1.3337289429200292,1.3382175002793149,3.2497426052078914e-08,0.50-1.00,0.25-1.00,1.6666666666666667e-05,pneumatic_feed,0.018545752565658765,0.5419284701983288,2.5682110477239417e-40,-0.2910459548306706,active,
aluminum,partial,0.17156585770231142,0.6780189043324103,0.6780189043324103,0.0218,0.026970152830803354,0.048770152830803354,2700.0,,2341.074234028016,0.11417454818180223,1.3566121037422696,1.3386873078734884,5.2487139828943937e-08,0.50-1.00,0.25-1.00,1.6666666666666667e-05,pneumatic_feed,0.012320490094667352,0.5365642192912689,-6.020290567737587e-39,-0.2913730577319971,active,
copper,partial,0.1987121505825603,0.6057140472422612,0.6057140472422612,0.012,0.029011973985053802,0.0410119739850538,8900.0,,3311.5200461833033,0.1358119739850538,1.4851889217619765,1.4600358706790064,4.982798818368583e-08,0.50-1.00,0.25-1.00,1.6666666666666667e-05,pneumatic_feed,-0.010556767740465859,0.38130965851412907,1.3265423920748993e-35,-0.2676126092643722,active,
copper,partial,0.1652436952361901,0.6690480234951299,0.6690480234951299,0.012,0.02412557950448375,0.03612557950448375,8900.0,,3624.1793571293115,0.13092557950448375,1.4761867673368623,1.43352987269271,5.860559627081212e-08,0.50-1.00,0.25-1.00,1.6666666666666667e-05,pneumatic_feed,0.0021081293502323156,0.48587267096876463,9.906562331021265e-37,-0.25992151461656865,active,
aluminum,partial,0.18051475577192128,0.6170900471676538,0.6170900471676538,0.0218,0.02837691960734602,0.05017691960734602,2700.0,,2332.940390212541,0.11705976240842514,1.362515168941822,1.3554962304494398,4.457637231134222e-08,0.50-1.00,0.25-1.00,1.6666666666666667e-05,pneumatic_feed,0.014995254575298074,0.5352020636381442,-1.562146745283676e-39,-0.2914497469425616,active,
aluminum,partial,0.15476031070677732,0.6172250788643876,0.6172250788643876,0.0218,0.02432832084310539,0.04612832084310539,2700.0,,2357.6898050306427,0.10875627177497207,1.320799010159878,1.3065368122559584,4.143252861826126e-08,0.50-1.00,0.25-1.00,1.6666666666666667e-05,pneumatic_feed,-0.0038136983194134713,0.5450199370507884,2.3777951455552554e-39,-0.2908417894312654,active,
copper,partial,0.17195661416223285,0.30231198207451193,0.30231198207451193,0.012,0.025105665667685993,0.03710566566768599,8900.0,,3554.8659023939294,0.131905665667686,1.3975238635209668,1.4388854465592456,1.2055193101047151e-08,0.25-0.50,0.25-1.00,1.6666666666666667e-05,pneumatic_feed,-0.003741492901388734,0.527297754556901,-7.043543839636645e-38,-0.2919054700974289,active,
copper,bare_like,0.006407202455910197,0.7268311718857307,0.7268311718857307,0.012,0.000935451558562889,0.01293545155856289,8900.0,,8328.69661107773,0.10773545155856289,1.3852318291327725,1.3003905750439761,5.691486707144589e-08,0.50-1.00,0.25-1.00,1.6666666666666667e-05,pneumatic_feed,-0.03836144708072227,0.5300377518154948,-1.2316736467791592e-37,-0.2918337751508589,active,
aluminum,partial,0.15759174378951962,0.9506226928656725,0.9506226928656725,0.0218,0.024773422123712488,0.04657342212371249,2700.0,,2354.7583388625817,0.10966915411517902,1.3570701287932367,1.3120087815986028,9.910620549248783e-08,0.50-1.00,0.25-1.00,1.6666666666666667e-05,pneumatic_feed,-0.018378245701663184,0.5364581932384638,-5.024657502128461e-39,-0.2913800489348271,active,
aluminum,heavily_coated,0.355391357079632,0.5408296955178664,0.5408296955178664,0.0218,0.055867521332918155,0.07766752133291815,2700.0,,2233.1307148659266,0.17344172743604414,1.5761707473619373,1.6499519247045196,5.0731143246482004e-08,0.50-1.00,0.25-1.00,1.6666666666666667e-05,pneumatic_feed,0.004927941148438984,0.0,0.0,0.0,heavy,4.059999999999775
aluminum,partial,0.17171222618107035,0.7288480865240385,0.7288480865240385,0.0218,0.026993161955664258,0.04879316195566426,2700.0,,2340.93742370757,0.11422173884303889,1.3628444982808727,1.3389639326286344,6.067681879288979e-08,0.50-1.00,0.25-1.00,1.6666666666666667e-05,pneumatic_feed,0.007707523890123075,0.5351263130870932,-2.7291558936813333e-38,-0.29145450178003407,active,
copper,partial,0.10680560458953714,0.9540905910413886,0.9540905910413886,0.012,0.015593618270072423,0.027593618270072423,8900.0,,4435.57699001796,0.12239361827007242,1.460761108447121,1.3860339939435313,1.1141354674620311e-07,0.50-1.00,0.25-1.00,1.6666666666666667e-05,pneumatic_feed,0.03175748122054637,0.5134988312852103,5.413153260933358e-36,-0.2919571696259552,active,
aluminum,partial,0.24962567122491738,0.748207644511546,0.748207644511546,0.0218,0.03924115551655701,0.06104115551655701,2700.0,,2282.751882405471,0.1393418126596256,1.4861908159103574,1.4788877886795482,7.80055921678976e-08,0.50-1.00,0.25-1.00,1.6666666666666667e-05,pneumatic_feed,-0.031575008041535506,0.3630912205294299,1.942351376389382e-37,-0.2684210757511243,active,
aluminum,partial,0.17002371180865083,0.6632581488017313,0.6632581488017313,0.0218,0.02672772749631991,0.04852772749631991,2700.0,,2342.5235589869276,0.11367734492422711,1.3521957344765154,1.3357692936771188,5.000795676546604e-08,0.50-1.00,0.25-1.00,1.6666666666666667e-05,pneumatic_feed,0.03533662583402235,0.5375890545318821,1.705640310052732e-39,-0.291313492745652,active,
aluminum,heavily_coated,0.42150606426688947,0.5111823879826973,0.5111823879826973,0.0218,0.06626075330275502,0.08806075330275502,2700.0,,2211.629617915098,0.1947577701802878,1.6342256052542272,1.7484044042354154,5.0891653135245236e-08,0.50-1.00,0.25-1.00,1.6666666666666667e-05,pneumatic_feed,-0.01851061972213837,0.0,0.0,0.0,heavy,2.537999999999942
aluminum,partial,0.19280437855080274,0.5636815652925344,0.5636815652925344,0.0218,0.03030884830818619,0.05210884830818619,2700.0,,2322.485789223478,0.1210220596885643,1.3723043022653412,1.3782460770383878,3.8453174930342584e-08,0.50-1.00,0.25-1.00,1.6666666666666667e-05,pneumatic_feed,0.01379431178189007,0.5329622663562554,3.6420066512130366e-38,-0.2915709024740629,active,
copper,heavily_coated,0.5007006645308917,0.5288645399067304,0.5288645399067304,0.012,0.07310229702151018,0.08510229702151018,8900.0,,2113.953480903561,0.17990229702151017,1.584076404902603,1.680400682590204,5.031825898421616e-08,0.50-1.00,0.25-1.00,1.6666666666666667e-05,pneumatic_feed,0.002063055530785468,0.0,0.0,0.0,heavy,3.7799999999998053
aluminum,heavily_coated,0.4024332463167869,0.6555169296756329,0.6555169296756329,0.0218,0.0632625063209989,0.0850625063209989,2700.0,,2217.293036643508,0.18860850294499526,1.6616061619262479,1.720581024603214,8.104553488048706e-08,0.50-1.00,0.25-1.00,1.6666666666666667e-05,pneumatic_feed,-0.026846522323168986,0.0,0.0,0.0,heavy,2.2359999999999753
aluminum,partial,0.23281714088247857,0.5934686282040709,0.5934686282040709,0.0218,0.03659885454672563,0.05839885454672563,2700.0,,2293.2397464194582,0.1339225743919199,1.4363836271470807,1.449844380495912,4.7168202009490264e-08,0.50-1.00,0.25-1.00,1.6666666666666667e-05,pneumatic_feed,-0.02474504421110347,0.5188614372613558,2.3711674612244056e-36,-0.2921905106708304,active,
aluminum,partial,0.2635118180777115,0.7437468111187557,0.7437468111187557,0.0218,0.04142405780181625,0.06322405780181625,2700.0,,2274.7487312069275,0.14381884526643496,1.5054507094605012,1.502458184210783,7.95547345140404e-08,0.50-1.00,0.25-1.00,1.6666666666666667e-05,pneumatic_feed,0.014540515127366887,0.1350914668533108,-2.5951886857981244e-35,-0.28494162659864625,active,
aluminum,partial,0.1819998850807466,0.538308526520919,0.538308526520919,0.0218,0.02861038193469337,0.05041038193469337,2700.0,,2331.634445879714,0.1175385829488835,1.3510413984297074,1.3582656580969996,3.4059868607987815e-08,0.50-1.00,0.25-1.00,1.6666666666666667e-05,pneumatic_feed,0.001057374060949636,0.5378577551112035,2.0940007907585571e-38,-0.2912969119881056,active,
aluminum,heavily_coated,0.2836622581828895,0.6977382438961146,0.6977382438961146,0.0218,0.04459170698635022,0.06639170698635022,2700.0,,2264.0711541224487,0.1503155486607454,1.525901678727848,1.5360185063270104,7.317941983549903e-08,0.50-1.00,0.25-1.00,1.6666666666666667e-05,pneumatic_feed,0.018748157245941345,0.0,0.0,0.0,heavy,8.559999999999528
aluminum,partial,0.15287834906496522,0.8473214832334159,0.8473214832334159,0.0218,0.024032476473012536,0.045832476473012536,2700.0,,2359.6697548236766,0.10814950852203543,1.3414213680453293,1.3028870579454952,7.76463393584498e-08,0.50-1.00,0.25-1.00,1.6666666666666667e-05,pneumatic_feed,0.033259592000388964,0.5401101247901641,-1.9298935745780243e-39,-0.2911621435540558,active,
aluminum,partial,0.19157470629746143,0.6704806330016382,0.6704806330016382,0.0218,0.030115543829960942,0.05191554382996094,2700.0,,2323.496821153405,0.12062560105736453,1.3877515375853902,1.3759867129432588,5.422654888405193e-08,0.50-1.00,0.25-1.00,1.6666666666666667e-05,pneumatic_feed,-0.0063294064321568425,0.5294753803289441,1.0002947731491068e-37,-0.29174800960397873,active,
aluminum,partial,0.2319811991561425,0.736928141101171,0.736928141101171,0.0218,0.0364674445073456,0.0582674445073456,2700.0,,2293.786170819327,0.13365305841993189,1.4586966183693633,1.448384757224147,7.258204224483736e-08,0.50-1.00,0.25-1.00,1.6666666666666667e-05,pneumatic_feed,0.001625593322299904,0.5140546718082651,5.723938316067563e-36,-0.2921148942200917,active,
aluminum,heavily_coated,0.329344242656616,0.9663904203881817,0.9663904203881817,0.0218,0.051772914945620044,0.07357291494562004,2700.0,,2243.2695156486384,0.16504387727491956,1.625086866771543,1.6095119439467163,1.5413620080730642e-07,0.50-1.00,0.25-1.00,1.6666666666666667e-05,pneumatic_feed,-0.0156071114986439,0.0,0.0,0.0,heavy,2.763999999999917
aluminum,heavily_coated,0.36936590459904134,0.6637932523584178,0.6637932523584178,0.0218,0.0580643202029693,0.0798643202029693,2700.0,,2228.1196515482384,0.1779472613017769,1.6262093243716211,1.6712451087116726,7.840738597066547e-08,0.50-1.00,0.25-1.00,1.6666666666666667e-05,pneumatic_feed,-0.020245383088737676,0.0,0.0,0.0,heavy,2.5679999999999388
aluminum,heavily_coated,0.2959637360205557,0.5733008396935448,0.5733008396935448,0.0218,0.046525499302431356,0.06832549930243136,2700.0,,2258.039380692784,0.15428166813038735,1.5156101812973841,1.5561507198772746,5.0708350279795337e-08,0.50-1.00,0.25-1.00,1.6666666666666667e-05,pneumatic_feed,0.028199926757014982,0.0,0.0,0.0,heavy,11.554000000000528
aluminum,partial,0.22638161320563488,0.5531719503551329,0.5531719503551329,0.0218,0.03558718959592581,0.05738718959592581,2700.0,,2297.510940019778,0.13184769591362874,1.4188976194507434,1.438569231931615,4.034529034947998e-08,0.50-1.00,0.25-1.00,1.6666666666666667e-05,pneumatic_feed,-0.029613515415479432,0.5226159446704576,-1.4945886475272152e-36,-0.2920496993161473,active,
copper,partial,0.07374900780447356,0.7897097094748562,0.7897097094748562,0.012,0.01076735513945314,0.02276735513945314,8900.0,,5163.85651382592,0.11756735513945313,1.4318219206916165,1.358431892392422,7.331987292073198e-08,0.50-1.00,0.25-1.00,1.6666666666666667e-05,pneumatic_feed,0.004524395061850848,0.5198326569349536,5.515099135734581e-37,-0.2922457987150436,active,
aluminum,partial,0.238113363680943,0.6704535199296903,0.6704535199296903,0.0218,0.03743142077064424,0.05923142077064424,2700.0,,2289.8341424150444,0.13563012958437282,1.4578138069805424,1.45905809135768,6.09668177624305e-08,0.50-1.00,0.25-1.00,1.6666666666666667e-05,pneumatic_feed,-0.018746129950239096,0.5142796040832182,3.401864956620967e-36,-0.29219187785751227,active,
aluminum,partial,0.25191766088169454,0.8150497559249044,0.8150497559249044,0.0218,0.03960145629060238,0.06140145629060238,2700.0,,2281.391704813796,0.14008077304486713,1.4981962595845602,1.4828040375289766,9.305651267544951e-08,0.50-1.00,0.25-1.00,1.6666666666666667e-05,pneumatic_feed,-0.030278215399720386,0.22057525378613363,2.0075034271040005e-35,-0.2787125206937117,active,
aluminum,partial,0.2661411230400924,0.9126391469258598,0.9126391469258598,0.0218,0.04183738454190253,0.06363738454190253,2700.0,,2273.295178938402,0.1446665594793562,1.5299921829422294,1.5068796626101153,1.204942547978203e-07,0.50-1.00,0.25-1.00,1.6666666666666667e-05,pneumatic_feed,-0.022713301980701275,0.0,0.0,0.0,heavy,7.815999999999361
aluminum,partial,0.18192808910209057,0.8824392381319714,0.8824392381319714,0.0218,0.02859909560684864,0.05039909560684864,2700.0,,2331.6973011602227,0.11751543520740501,1.3944977777002272,1.3581319048661766,9.150915293761467e-08,0.50-1.00,0.25-1.00,1.6666666666666667e-05,pneumatic_feed,-0.029739143280357486,0.5279704571660789,-6.637806058352044e-38,-0.29182022287533343,active,
aluminum,partial,0.14290826534319528,0.973737250684914,0.973737250684914,0.0218,0.0224651793119503,0.0442651793119503,2700.0,,2370.6004462286273,0.10493505382929959,1.3317515905977064,1.2833785898575238,9.949566486784602e-08,0.50-1.00,0.25-1.00,1.6666666666666667e-05,pneumatic_feed,-0.03139789511615419,0.5423983273535986,-6.322825964381387e-40,-0.2910174339659483,active,
aluminum,heavily_coated,0.35780614293676777,0.7032051537738531,0.7032051537738531,0.0218,0.05624712566965989,0.07804712566965989,2700.0,,2232.2446476971263,0.1742202785442433,1.6213257726904258,1.6536509583435202,8.615149015002824e-08,0.50-1.00,0.25-1.00,1.6666666666666667e-05,pneumatic_feed,0.029669324325733482,0.0,0.0,0.0,heavy,2.775999999999916
copper,partial,0.2580114722990975,0.8251244613047384,0.8251244613047384,0.012,0.03766967495566824,0.049669674955668236,8900.0,,2908.6092285607265,0.14446967495566823,1.5419934798594026,1.505853916588249,9.835934321362217e-08,0.50-1.00,0.25-1.00,1.6666666666666667e-05,pneumatic_feed,-0.0025229936845718374,0.0,0.0,0.0,heavy,6.2879999999995295
aluminum,partial,0.24668474584482045,0.8643596740056646,0.8643596740056646,0.0218,0.038778842046805775,0.060578842046805775,2700.0,,2284.520869528998,0.13839362890782855,1.4959876464675792,1.4738474817080895,1.0339632225754367e-07,0.50-1.00,0.25-1.00,1.6666666666666667e-05,pneumatic_feed,-0.021647987915387204,0.2469604954263967,3.4427472800059763e-35,-0.2768177528662222,active,
aluminum,heavily_coated,0.30244518547225957,0.6460667976525396,0.6460667976525396,0.0218,0.0475443831562392,0.0693443831562392,2700.0,,2254.996657707551,0.1563713522481112,1.5406481091868758,1.5666539965437019,6.526976318160719e-08,0.50-1.00,0.25-1.00,1.6666666666666667e-05,pneumatic_feed,0.032807082639259064,0.0,0.0,0.0,heavy,6.28599999999953
copper,bare_like,0.047723864310914355,0.4614267047239846,0.4614267047239846,0.012,0.006967684189393496,0.018967684189393496,8900.0,,5997.974399690345,0.1137676841893935,1.3924473160688158,1.336299955487809,2.4222801408118325e-08,0.25-0.50,0.25-1.00,1.6666666666666667e-05,pneumatic_feed,0.02156011383029295,0.5284246639475357,1.2259300387368893e-39,-0.29189487423563754,active,
aluminum,partial,0.17835335138815617,0.5440037505425188,0.5440037505425188,0.0218,0.028037146838218147,0.049837146838218147,2700.0,,2334.862876456268,0.11636290402105542,1.3465770006964426,1.351455564017732,3.4436447195344715e-08,0.50-1.00,0.25-1.00,1.6666666666666667e-05,pneumatic_feed,0.006437711055435475,0.5389000813458417,2.251591922890644e-38,-0.2912347181518876,active,
copper,partial,0.25560462628857306,0.5071934579556101,0.5071934579556101,0.012,0.03731827543813167,0.049318275438131665,8900.0,,2922.2083326681573,0.14411827543813166,1.4915945693016777,1.5040214264686904,3.707373513537346e-08,0.50-1.00,0.25-1.00,1.6666666666666667e-05,pneumatic_feed,-0.005011042554310284,0.286184421895933,-5.0279196700653056e-36,-0.2730852893960338,active,
aluminum,partial,0.1791084273940433,0.8276101597811509,0.8276101597811509,0.0218,0.028155844786343615,0.049955844786343614,2700.0,,2334.1882931782607,0.1166063480761135,1.3850620013930797,1.3528685225855015,7.986818607062689e-08,0.50-1.00,0.25-1.00,1.6666666666666667e-05,pneumatic_feed,-0.01144656581064576,0.5300783426595852,-9.563946633371655e-38,-0.29171921563304276,active,
aluminum,partial,0.16259419637063055,0.7083209400171606,0.7083209400171606,0.0218,0.025559807669463128,0.04735980766946313,2700.0,,2349.7138254555857,0.111281994851855,1.3452926770229556,1.3216210467432472,5.583224155074111e-08,0.50-1.00,0.25-1.00,1.6666666666666667e-05,pneumatic_feed,-0.030486167216552614,0.5392008620846099,-4.5096619236351996e-39,-0.2912174230660083,active,
copper,partial,0.08105906001242968,0.9947457836137511,0.9947457836137511,0.012,0.011834622761814736,0.023834622761814736,8900.0,,4977.407192358771,0.11863462276181473,1.4449680242622345,1.3645838335805698,1.1739123392512915e-07,0.50-1.00,0.25-1.00,1.6666666666666667e-05,pneumatic_feed,0.027666620220545286,0.5170411823829624,1.0141733826629483e-36,-0.2923404180506124,active,
aluminum,partial,0.20833929493064082,0.7743189114549971,0.7743189114549971,0.0218,0.03275093716309674,0.05455093716309674,2700.0,,2310.330099403803,0.1260306720785879,1.4271524936439448,1.406476956421795,7.556418190755122e-08,0.50-1.00,0.25-1.00,1.6666666666666667e-05,pneumatic_feed,-0.014218779858508132,0.5208350284345897,1.357401526426866e-36,-0.29211972622874005,active,
copper,partial,0.10005421281091631,0.3152408840797989,0.3152408840797989,0.012,0.01460791507039378,0.02660791507039378,8900.0,,4562.849616333994,0.12140791507039378,1.3840875001314468,1.3804414637879077,1.2065131914929361e-08,0.25-0.50,0.25-1.00,1.6666666666666667e-05,pneumatic_feed,0.021886870350673587,0.5302955691221808,-1.128790421567952e-37,-0.2917848207695303,active,
aluminum,heavily_coated,0.283691462024462,0.7138803165449519,0.7138803165449519,0.0218,0.04459629783024542,0.06639629783024542,2700.0,,2264.056418561781,0.1503249642713068,1.5287069489014942,1.5360666128792826,7.660937590387289e-08,0.50-1.00,0.25-1.00,1.6666666666666667e-05,pneumatic_feed,0.006411920134263025,0.0,0.0,0.0,heavy,7.793999999999364
aluminum,heavily_coated,0.29849956958006635,0.6811022853716862,0.6811022853716862,0.0218,0.04692413233798644,0.06872413233798644,2700.0,,2256.8381869927216,0.15509924622830917,1.54255871780294,1.560268492535673,7.195059044385566e-08,0.50-1.00,0.25-1.00,1.6666666666666667e-05,pneumatic_feed,0.006651778275409263,0.0,0.0,0.0,heavy,6.28199999999953
copper,heavily_coated,0.6764058508217294,0.44929769375420403,0.44929769375420403,0.012,0.09875525421997249,0.11075525421997248,8900.0,,1855.9413335977404,0.2055552542199725,1.5931644607502253,1.796216932955674,4.1495113901392235e-08,0.25-0.50,0.25-1.00,1.6666666666666667e-05,pneumatic_feed,0.029350226556789618,0.0,0.0,0.0,heavy,3.493999999999837
aluminum,heavily_coated,0.40971757190480035,0.773403115218509,0.773403115218509,0.0218,0.06440760230343462,0.08620760230343462,2700.0,,2215.083557082282,0.19095704235782668,1.6967513250669186,1.731260158626787,1.142214091024253e-07,0.50-1.00,0.25-1.00,1.6666666666666667e-05,pneumatic_feed,-0.03339666626478748,0.0,0.0,0.0,heavy,1.8060000000000014
copper,partial,0.39577723645532653,0.5285020420168122,0.5285020420168122,0.012,0.05778347652247767,0.06978347652247767,8900.0,,2358.487778542595,0.16458347652247768,1.5494024286397292,1.6072654564498081,4.5970536379914645e-08,0.50-1.00,0.25-1.00,1.6666666666666667e-05,pneumatic_feed,-0.032051611576923066,0.0,0.0,0.0,heavy,5.539999999999612
aluminum,partial,0.2562836668466081,0.7746338748141373,0.7746338748141373,0.0218,0.04028779242828679,0.06208779242828679,2700.0,,2278.8443829990915,0.1414884170280149,1.4994411759674495,1.4902356168310171,8.490120561051971e-08,0.50-1.00,0.25-1.00,1.6666666666666667e-05,pneumatic_feed,-0.0009411126953307615,0.20482873940887733,-8.513030052642145e-35,-0.2797808100044963,active,
aluminum,partial,0.14350536640737654,0.9562612694191717,0.9562612694191717,0.0218,0.02255904359923959,0.04435904359923959,2700.0,,2369.9240707976937,0.10512756518340227,1.3318389316348151,1.28455527834293,9.613238976305933e-08,0.50-1.00,0.25-1.00,1.6666666666666667e-05,pneumatic_feed,-0.018009245624955532,0.5423775506850216,-4.128786547032425e-39,-0.29101874145256507,active,
copper,partial,0.37287606561120024,0.7115499889612082,0.7115499889612082,0.012,0.05443990557923524,0.06643990557923524,8900.0,,2426.853322164086,0.16123990557923523,1.5827734784201286,1.590855605632289,8.163631028057878e-08,0.50-1.00,0.25-1.00,1.6666666666666667e-05,pneumatic_feed,0.033353673991821736,0.0,0.0,0.0,heavy,3.819999999999801
aluminum,partial,0.13316938991425104,0.9171900543447323,0.9171900543447323,0.0218,0.020934228094520266,0.042734228094520266,2700.0,,2382.0517543244614,0.10179514300225367,1.3103165056496326,1.2640318684919989,8.563390136220244e-08,0.50-1.00,0.25-1.00,1.6666666666666667e-05,pneumatic_feed,-0.002114364690565578,0.5475592097217233,-5.972373103837876e-40,-0.2906655991992653,active,
aluminum,partial,0.2045216393502574,0.9925376059288773,0.9925376059288773,0.0218,0.03215080170586047,0.05395080170586047,2700.0,,2313.215333171962,0.12479982174291648,1.4406341620906735,1.3995920841719625,1.2294416061148086e-07,0.50-1.00,0.25-1.00,1.6666666666666667e-05,pneumatic_feed,-0.013292016633035164,0.5179589231896893,4.0703675729563596e-36,-0.29222321455939165,active,
aluminum,heavily_coated,0.2993312786736804,0.6060552300955873,0.6060552300955873,0.0218,0.04705487700750256,0.06885487700750256,2700.0,,2256.447245418101,0.1553673975571813,1.5278179482357652,1.5616166853800961,5.706690220217254e-08,0.50-1.00,0.25-1.00,1.6666666666666667e-05,pneumatic_feed,0.004935321051874586,0.0,0.0,0.0,heavy,8.059999999999361
aluminum,partial,0.24105134646126392,0.5189295361641374,0.5189295361641374,0.0218,0.03789327166371069,0.05969327166371069,2700.0,,2287.9859120807,0.1365773646125761,1.4308057917209542,1.464144226146794,3.67786267194628e-08,0.50-1.00,0.25-1.00,1.6666666666666667e-05,pneumatic_feed,-0.008645578039186126,0.5200517401255473,-2.1851217566544343e-36,-0.29214730696509844,active,
copper,heavily_coated,0.694467855959277,0.5758763776636566,0.5758763776636566,0.012,0.10139230697005443,0.11339230697005442,8900.0,,1836.0355524386287,0.20819230697005445,1.659425540807565,1.8077019804718848,6.904356474224739e-08,0.50-1.00,0.25-1.00,1.6666666666666667e-05,pneumatic_feed,0.025856971921306055,0.0,0.0,0.0,heavy,2.265999999999972
aluminum,partial,0.17542077627200664,0.786932967365242,0.786932967365242,0.0218,0.027576146029959447,0.04937614602995945,2700.0,,2337.513592248108,0.11541741247785767,1.3750619771362604,1.345953827682233,7.147379024946793e-08,0.50-1.00,0.25-1.00,1.6666666666666667e-05,pneumatic_feed,-0.024393685420429218,0.532335522454042,1.1078662905448406e-38,-0.291604865649447,active,
copper,partial,0.30083953820756804,0.3161405053266798,0.3161405053266798,0.012,0.04392257257830494,0.055922572578304935,8900.0,,2695.2009828814184,0.15072257257830493,1.4328044185167004,1.5380967132105428,1.506394025186251e-08,0.25-0.50,0.25-1.00,1.6666666666666667e-05,pneumatic_feed,-0.009707648963715464,0.5196239836920882,1.0793290086470523e-37,-0.29218745737318613,active,
copper,partial,0.11306328198615156,0.6082327038945827,0.6082327038945827,0.012,0.01650723916997813,0.02850723916997813,8900.0,,4325.4710999806975,0.12330723916997813,1.441937773080547,1.3911974791567072,4.5617145932692424e-08,0.50-1.00,0.25-1.00,1.6666666666666667e-05,pneumatic_feed,-0.0019611270630943527,0.5176815263811203,2.5296620349091413e-36,-0.2923076561690977,active,
aluminum,partial,0.18988999767250053,0.5793335660930851,0.5793335660930851,0.0218,0.029850707634117082,0.05165070763411708,2700.0,,2324.8942686367436,0.1200824341495909,1.370776513886298,1.3728852415303978,4.030295285397156e-08,0.50-1.00,0.25-1.00,1.6666666666666667e-05,pneumatic_feed,0.020859604942148207,0.5333102750242351,-2.655399024261418e-38,-0.2915525493566065,active,
copper,partial,0.25071819885546043,0.4136950144488273,0.4136950144488273,0.012,0.03660485703289722,0.048604857032897214,8900.0,,2950.4223607907443,0.1434048570328972,1.4632980816343757,1.50029418314821,2.4542818468030783e-08,0.25-0.50,0.25-1.00,1.6666666666666667e-05,pneumatic_feed,0.03541423576965777,0.5127699134283265,2.865855679958813e-35,-0.29153098843548647,active,
copper,partial,0.3892267445976026,0.8535005563619319,0.8535005563619319,0.012,0.05682710471124998,0.06882710471124998,8900.0,,2377.3643450166032,0.16362710471124997,1.611825829612306,1.602588854181814,1.1919632425726119e-07,0.50-1.00,0.25-1.00,1.6666666666666667e-05,pneumatic_feed,0.02475982218959661,0.0,0.0,0.0,heavy,2.9879999999998925
copper,partial,0.0780462952384599,0.6893165032338575,0.6893165032338575,0.012,0.011394759104815144,0.023394759104815144,8900.0,,5052.189619703677,0.11819475910481514,1.4287486368958153,1.3620517387049504,5.616109571143161e-08,0.50-1.00,0.25-1.00,1.6666666666666667e-05,pneumatic_feed,-0.027968063857695406,0.5204907422772764,-7.165491719439607e-38,-0.2922198495632473,active,
copper,partial,0.35110732535892725,0.8935052157930481,0.8935052157930481,0.012,0.05126166950240338,0.06326166950240338,8900.0,,2498.537751938375,0.15806166950240338,1.5977922868187908,1.5750987157983858,1.2618878210670717e-07,0.50-1.00,0.25-1.00,1.6666666666666667e-05,pneumatic_feed,-0.02021616218282325,0.0,0.0,0.0,heavy,3.263999999999862
aluminum,partial,0.2529640950983858,0.8715114449960211,0.8715114449960211,0.0218,0.03976595574946625,0.06156595574946625,2700.0,,2280.775993669,0.14041815390067056,1.5061531860163213,1.4845886109036823,1.0665210917786336e-07,0.50-1.00,0.25-1.00,1.6666666666666667e-05,pneumatic_feed,0.04052950224875343,0.11919777636862504,1.3107494488280373e-34,-0.28554570357524167,active,
copper,partial,0.18301700337143045,0.9154321652633917,0.9154321652633917,0.012,0.02672048249222884,0.03872048249222884,8900.0,,3448.316598818887,0.13352048249222884,1.5067237760093062,1.447666222994107,1.1189230722525803e-07,0.50-1.00,0.25-1.00,1.6666666666666667e-05,pneumatic_feed,-0.02732816568825469,0.11525007277856533,3.160811427135208e-35,-0.2860893519699465,active,
aluminum,heavily_coated,0.386665611134363,0.31301165671797915,0.31301165671797915,0.0218,0.060783834070321854,0.08258383407032185,2700.0,,2222.2855326570902,0.18352485968582996,1.4882776198400534,1.6972348681395828,1.7981086203752993e-08,0.25-0.50,0.25-1.00,1.6666666666666667e-05,pneumatic_feed,-0.028456639451900745,0.34269494034089104,-2.4971506226298355e-35,-0.27020404076585103,active,
aluminum,heavily_coated,0.3585315779381092,0.9910253971346628,0.9910253971346628,0.0218,0.05636116405187076,0.07816116405187076,2700.0,,2231.980142046647,0.17445416604302577,1.6668161082210213,1.6547605839550725,1.7133690347467415e-07,0.50-1.00,0.25-1.00,1.6666666666666667e-05,pneumatic_feed,0.008701536031343434,0.0,0.0,0.0,heavy,2.221999999999977
aluminum,heavily_coated,0.30104239031155255,0.6387561163636006,0.6387561163636006,0.0218,0.04732386375697607,0.06912386375697607,2700.0,,2255.647595286687,0.15591907706034766,1.537301189574771,1.5643867276153993,6.361644536781075e-08,0.50-1.00,0.25-1.00,1.6666666666666667e-05,pneumatic_feed,0.0120485206117498,0.0,0.0,0.0,heavy,6.773999999999476
aluminum,partial,0.19653238832495723,0.8314722906254982,0.8314722906254982,0.0218,0.030894891444683277,0.05269489144468328,2700.0,,2319.465966604271,0.12222400731984945,1.414232765008819,1.3850732900797549,8.449909935216494e-08,0.50-1.00,0.25-1.00,1.6666666666666667e-05,pneumatic_feed,-0.015709452917071393,0.5236290762281791,-8.532357482681176e-39,-0.2920101215054748,active,
copper,partial,0.2014787005350991,0.8456491380752591,0.8456491380752591,0.012,0.029415890278124465,0.041415890278124465,8900.0,,3288.976510305094,0.13621589027812447,1.5125589709933227,1.4622053938504815,9.741104319073335e-08,0.50-1.00,0.25-1.00,1.6666666666666667e-05,pneumatic_feed,0.026528508789281823,0.04335148261966027,-5.608871649522196e-35,-0.29110192742446195,active,
aluminum,partial,0.26605791844481963,0.5553769081272559,0.5553769081272559,0.0218,0.041824304779525645,0.06362430477952565,2700.0,,2273.340887370128,0.1446397334857943,1.472993200507234,1.5067399433190278,4.461318709353736e-08,0.50-1.00,0.25-1.00,1.6666666666666667e-05,pneumatic_feed,0.02006092012718034,0.5092686019686996,1.97079662955084e-35,-0.28853917315007194,active,
copper,partial,0.2194777966135134,0.9321591049780431,0.9321591049780431,0.012,0.03204375830557296,0.04404375830557296,8900.0,,3152.404872951197,0.13884375830557294,1.5294736207293391,1.4762424023053506,1.20644201355695e-07,0.50-1.00,0.25-1.00,1.6666666666666667e-05,pneumatic_feed,-0.013960603410655664,0.0,0.0,0.0,heavy,8.029999999999351
aluminum,partial,0.22838316832178127,0.9757099008942836,0.9757099008942836,0.0218,0.03590183406018402,0.05770183406018402,2700.0,,2296.166481648278,0.1324930172986255,1.4780097624934445,1.4420854341956395,1.2613465231795136e-07,0.50-1.00,0.25-1.00,1.6666666666666667e-05,pneumatic_feed,0.009242415961072444,0.45640606072669676,-7.890673081390029e-36,-0.2614217694952177,active,
aluminum,partial,0.1772851627253103,0.7208049944153679,0.7208049944153679,0.0218,0.02786922758041878,0.04966922758041878,2700.0,,2335.8227008145695,0.1160185093142673,1.3711500620934611,1.3494541571304821,6.027855813335882e-08,0.50-1.00,0.25-1.00,1.6666666666666667e-05,pneumatic_feed,-0.012044939209650767,0.533225115644847,-1.1626933386654575e-38,-0.29155782459777924,active,
aluminum,partial,0.14412973720849276,0.8143121345312458,0.8143121345312458,0.0218,0.022657194689175063,0.04445719468917506,2700.0,,2369.2198599080025,0.10532886857339015,1.3232130151928754,1.2857845547088873,6.984402065621802e-08,0.50-1.00,0.25-1.00,1.6666666666666667e-05,pneumatic_feed,0.012262256091096806,0.5444393547907319,2.5689885709389336e-39,-0.29088199634460216,active,
copper,partial,0.2816064196031479,0.5981543872891163,0.5981543872891163,0.012,0.0411145372620596,0.0531145372620596,8900.0,,2784.8221011936944,0.1479145372620596,1.5218887940953028,1.5237016036170887,5.292214571348573e-08,0.50-1.00,0.25-1.00,1.6666666666666667e-05,pneumatic_feed,-0.002095960429842994,0.0,0.0,0.0,heavy,9.785999999999937
aluminum,heavily_coated,0.3568913976761207,0.8495863075157466,0.8495863075157466,0.0218,0.05610332771468618,0.07790332771468618,2700.0,,2232.5792828997473,0.17392535552475807,1.646150228453021,1.6522507014120476,1.2553878139139613e-07,0.50-1.00,0.25-1.00,1.6666666666666667e-05,pneumatic_feed,0.004061929638175335,0.0,0.0,0.0,heavy,2.3259999999999654
aluminum,partial,0.14995747273315557,0.6126722255310388,0.6126722255310388,0.0218,0.023573314713652052,0.04537331471365205,2700.0,,2362.793846129115,0.1072077887838967,1.3121361635273772,1.2972021634086348,4.0242293490901526e-08,0.50-1.00,0.25-1.00,1.6666666666666667e-05,pneumatic_feed,0.015412511327808374,0.5471162946355651,-2.0978431184671383e-39,-0.29069598654484136,active,
aluminum,partial,0.13703693957013613,0.9426921970066617,0.9426921970066617,0.0218,0.021542206900425395,0.043342206900425395,2700.0,,2377.4073139269763,0.10304207968680759,1.319059658965474,1.271750165230629,9.157025846006691e-08,0.50-1.00,0.25-1.00,1.6666666666666667e-05,pneumatic_feed,-0.00794496670414385,0.545439186979119,1.0115413069449448e-39,-0.2908142622503121,active,
copper,partial,0.28208322182309886,0.5857982536569002,0.5857982536569002,0.012,0.04118415038617243,0.05318415038617243,8900.0,,2782.485934468316,0.14798415038617244,1.5196783374379625,1.5240601118267492,5.078218096310022e-08,0.50-1.00,0.25-1.00,1.6666666666666667e-05,pneumatic_feed,0.016652994714425093,0.0,0.0,0.0,heavy,10.058000000000028
aluminum,partial,0.15866892383886905,0.832872028999813,0.832872028999813,0.0218,0.024942754827470215,0.046742754827470215,2700.0,,2353.6577623840494,0.11001644773488978,1.3504759049339226,1.3140845344371228,7.631574923186158e-08,0.50-1.00,0.25-1.00,1.6666666666666667e-05,pneumatic_feed,0.020960178879405638,0.5379894683802614,7.893330902587037e-39,-0.2912905455546337,active,
copper,partial,0.15812961194291386,0.879882192891448,0.879882192891448,0.012,0.02308692334366542,0.03508692334366542,8900.0,,3701.8612909277817,0.12988692334366542,1.4894264155071437,1.4278323251706317,1.005575044189071e-07,0.50-1.00,0.25-1.00,1.6666666666666667e-05,pneumatic_feed,0.02580009609339917,0.3218204243035617,-1.842691226032038e-36,-0.27125335998168437,active,
aluminum,heavily_coated,0.44184854964713494,0.964668934488971,0.964668934488971,0.0218,0.06945859200452961,0.09125859200452961,2700.0,,2205.999308884148,0.20131639089173275,1.766698930899273,1.7776000876003122,1.8734224576962038e-07,0.50-1.00,0.25-1.00,1.6666666666666667e-05,pneumatic_feed,-0.013897939306602623,0.0,0.0,0.0,heavy,1.472000000000001
aluminum,heavily_coated,0.2934924978329715,0.6654809232910586,0.6654809232910586,0.0218,0.04613702065934312,0.06793702065934312,2700.0,,2259.2235387528754,0.15348491622632834,1.5329985954937901,1.5521273288904007,6.797307582376882e-08,0.50-1.00,0.25-1.00,1.6666666666666667e-05,pneumatic_feed,-0.01949242655834746,0.0,0.0,0.0,heavy,7.533999999999392
aluminum,partial,0.2567803610255761,0.9171974614310088,0.9171974614310088,0.0218,0.040365872753220566,0.062165872753220566,2700.0,,2278.5581529685473,0.14164855619825598,1.5165485597746546,1.4910787162614272,1.1916201550821415e-07,0.50-1.00,0.25-1.00,1.6666666666666667e-05,pneumatic_feed,-0.0132336394558697,0.0,0.0,0.0,heavy,11.538000000000523
copper,heavily_coated,0.6899535448429648,0.436487237472695,0.436487237472695,0.012,0.10073321754707285,0.11273321754707284,8900.0,,1840.9233947431278,0.20753321754707288,1.5883384262698323,1.804838325894831,3.953945865277226e-08,0.25-0.50,0.25-1.00,1.6666666666666667e-05,pneumatic_feed,0.02103019184302909,0.0,0.0,0.0,heavy,3.5339999999998324
copper,heavily_coated,0.711256310524361,0.6727546177376247,0.6727546177376247,0.012,0.1038434213365567,0.1158434213365567,8900.0,,1818.3459958816322,0.21064342133655672,1.6995641207054264,1.8183121682754573,9.533695460350912e-08,0.50-1.00,0.25-1.00,1.6666666666666667e-05,pneumatic_feed,0.02001478187820853,0.0,0.0,0.0,heavy,1.7720000000000014
aluminum,heavily_coated,0.35090810546446516,0.9305960414403991,0.9305960414403991,0.0218,0.05516275417901392,0.07696275417901392,2700.0,,2234.7989507072225,0.1719962822827982,1.649579833770278,1.6430622771857435,1.489503271067333e-07,0.50-1.00,0.25-1.00,1.6666666666666667e-05,pneumatic_feed,-0.04311929904133955,0.0,0.0,0.0,heavy,2.28599999999997
copper,partial,0.4668233350823133,0.678018123880866,0.678018123880866,0.012,0.06815620692201774,0.08015620692201773,8900.0,,2182.6906940872204,0.17495620692201774,1.6152032975943746,1.6571398926608432,8.042886880088115e-08,0.50-1.00,0.25-1.00,1.6666666666666667e-05,pneumatic_feed,-0.016857680546071386,0.0,0.0,0.0,heavy,2.9799999999998934
aluminum,partial,0.2140623165992143,0.8624308395800953,0.8624308395800953,0.0218,0.03365059616939649,0.05545059616939649,2700.0,,2306.121851316147,0.12787583149475268,1.4453791574930765,1.4167353497183721,9.511237507734623e-08,0.50-1.00,0.25-1.00,1.6666666666666667e-05,pneumatic_feed,0.007198938013489878,0.5169560848439855,-7.257744362052869e-37,-0.29225631143623876,active,
copper,partial,0.30843994491723953,0.6653037394355321,0.6653037394355321,0.012,0.045032231957916974,0.05703223195791697,8900.0,,2662.2179554528243,0.15183223195791695,1.5459367517991662,1.5437482673063847,6.720535897572647e-08,0.50-1.00,0.25-1.00,1.6666666666666667e-05,pneumatic_feed,-0.010639381792093781,0.0,0.0,0.0,heavy,5.781999999999585
aluminum,partial,0.19230842876494625,0.6846042315567404,0.6846042315567404,0.0218,0.030230885001849547,0.05203088500184955,2700.0,,2322.892653350217,0.12086216051810632,1.3908335141862176,1.3773352792592648,5.664603440217961e-08,0.50-1.00,0.25-1.00,1.6666666666666667e-05,pneumatic_feed,0.031903334906542624,0.5287865362676708,6.501055062555329e-38,-0.2917811236472345,active,
copper,partial,0.3166309677180552,0.3428300811820457,0.3428300811820457,0.012,0.046228121286836066,0.05822812128683606,8900.0,,2628.079318118614,0.15302812128683607,1.4512864624185928,1.5498159218817502,1.7985772242331606e-08,0.25-0.50,0.25-1.00,1.6666666666666667e-05,pneumatic_feed,-0.023094594667237935,0.515713986282771,-2.668289519473491e-36,-0.2923160612436369,active,
aluminum,heavily_coated,0.29045010768142343,0.7246580354520678,0.7246580354520678,0.0218,0.045658756927519764,0.06745875692751976,2700.0,,2260.7001101639603,0.15250401921756773,1.5396386923714542,1.5471596833032275,8.008432403143133e-08,0.50-1.00,0.25-1.00,1.6666666666666667e-05,pneumatic_feed,-0.017933331686184734,0.0,0.0,0.0,heavy,6.547999999999501
copper,partial,0.10783179371769747,0.4772451354746191,0.4772451354746191,0.012,0.01574344188278383,0.02774344188278383,8900.0,,4417.0237564801955,0.12254344188278382,1.422890615117233,1.3868820655672836,2.791085206848219e-08,0.25-0.50,0.25-1.00,1.6666666666666667e-05,pneumatic_feed,-0.004716710552925485,0.5217510746412343,6.5068559387968505e-37,-0.2921611445370964,active,
aluminum,heavily_coated,0.2983171496658923,0.7613304880676947,0.7613304880676947,0.0218,0.04689545592747828,0.06869545592747828,2700.0,,2256.9241317425185,0.15504043222378033,1.5561447917528295,1.5599726357165553,8.986517286132342e-08,0.50-1.00,0.25-1.00,1.6666666666666667e-05,pneumatic_feed,-0.028361813100078195,0.0,0.0,0.0,heavy,5.0619999999996645
aluminum,partial,0.230879286201564,0.968086863732738,0.968086863732738,0.0218,0.036294223790885864,0.058094223790885864,2700.0,,2294.510227799252,0.13329779066424624,1.4813381311204203,1.4464584758180958,1.249256464528788e-07,0.50-1.00,0.25-1.00,1.6666666666666667e-05,pneumatic_feed,-0.024078359227943914,0.42828047758199556,1.2171605961729936e-36,-0.26426835149649835,active,
aluminum,partial,0.2091844755141421,0.7987765962600033,0.7987765962600033,0.0218,0.03288379955082314,0.05468379955082314,2700.0,,2309.699907248185,0.12630316675051456,1.431193902404313,1.407996628304229,8.058698413386805e-08,0.50-1.00,0.25-1.00,1.6666666666666667e-05,pneumatic_feed,-0.00735219476276011,0.5199686676597484,1.081265073611834e-37,-0.29215188053475555,active,
aluminum,partial,0.1965140902320146,0.7532113317216831,0.7532113317216831,0.0218,0.030892014984472693,0.05269201498447269,2700.0,,2319.4806246775556,0.12221810783170384,1.4060103131532518,1.385039862432278,6.933767037804355e-08,0.50-1.00,0.25-1.00,1.6666666666666667e-05,pneumatic_feed,-0.01751186657214119,0.5254269675336246,-6.887772517753141e-37,-0.29193401273642144,active,
aluminum,heavily_coated,0.27934013814922537,0.7471595933954192,0.7471595933954192,0.0218,0.043912269717058236,0.06571226971705824,2700.0,,2266.2746939333474,0.14892205394069175,1.5280882860779073,1.5288821271285429,8.313535805294823e-08,0.50-1.00,0.25-1.00,1.6666666666666667e-05,pneumatic_feed,-0.01482152871581533,0.0,0.0,0.0,heavy,8.023999999999349
aluminum,partial,0.1603885677616642,0.5930523952892826,0.5930523952892826,0.0218,0.02521308285213361,0.04701308285213361,2700.0,,2351.917198874357,0.11057087813203816,1.326544560030957,1.3173915527133424,3.88890099920707e-08,0.50-1.00,0.25-1.00,1.6666666666666667e-05,pneumatic_feed,0.019110403271088892,0.5436407171787465,-4.498049923689799e-39,-0.29093448829381396,active,
aluminum,heavily_coated,0.4056086906328922,0.9767799701521666,0.9767799701521666,0.0218,0.06376168616749066,0.08556168616749066,2700.0,,2216.3225906480784,0.18963229794695075,1.7248573831922307,1.72524448950731,1.8092800671559608e-07,0.50-1.00,0.25-1.00,1.6666666666666667e-05,pneumatic_feed,0.012122147658770472,0.0,0.0,0.0,heavy,1.5860000000000012
copper,partial,0.25073971207604906,0.5262277279179064,0.5262277279179064,0.012,0.03660799796310317,0.04860799796310317,8900.0,,2950.2963292575796,0.14340799796310316,1.4940172380686492,1.5003106131827726,3.971191490261516e-08,0.50-1.00,0.25-1.00,1.6666666666666667e-05,pneumatic_feed,-0.0032964625054238356,0.26790876164462024,-1.72219415864774e-35,-0.2751634623417085,active,
copper,partial,0.14129178621699912,0.7411147880185098,0.7411147880185098,0.012,0.02062860078768187,0.03262860078768187,8900.0,,3905.4264575080833,0.12742860078768187,1.4696396038762078,1.4142557470144694,6.999030285203753e-08,0.50-1.00,0.25-1.00,1.6666666666666667e-05,pneumatic_feed,-0.010610964166327348,0.5106678263804962,1.744020724972047e-35,-0.29009761367927633,active,
aluminum,heavily_coated,0.329427939040538,0.6758115556810901,0.6758115556810901,0.0218,0.05178607201717257,0.07358607201717257,2700.0,,2243.235129978642,0.16507086182605984,1.5809026993075186,1.6096435155716422,7.539137180309407e-08,0.50-1.00,0.25-1.00,1.6666666666666667e-05,pneumatic_feed,-0.029350365685738112,0.0,0.0,0.0,heavy,3.9979999999997813
aluminum,partial,0.26337938363005736,0.8693490663649592,0.8693490663649592,0.0218,0.04140323910664502,0.06320323910664502,2700.0,,2274.822447526278,0.1437761470761668,1.521312770076442,1.502235136224524,1.086613822517186e-07,0.50-1.00,0.25-1.00,1.6666666666666667e-05,pneumatic_feed,-0.026753910478769568,0.0,0.0,0.0,heavy,9.28599999999977
aluminum,partial,0.24536594093139177,0.6504546372623484,0.6504546372623484,0.0218,0.03857152591441479,0.06037152591441479,2700.0,,2285.3229386860266,0.13796843301569,1.4647732576713592,1.4715816404855935,5.837323473439963e-08,0.50-1.00,0.25-1.00,1.6666666666666667e-05,pneumatic_feed,0.012675041554228559,0.5123184685440209,-1.5291343037692017e-36,-0.29121968436780504,active,
copper,partial,0.2954636096083598,0.4439783786783611,0.4439783786783611,0.012,0.04313768700282053,0.055137687002820526,8900.0,,2719.3321873503796,0.14993768700282054,1.4881789237267173,1.5340866778628486,2.9555237171431777e-08,0.25-0.50,0.25-1.00,1.6666666666666667e-05,pneumatic_feed,-0.004665707060771072,0.3396666820465535,-3.634245642814629e-36,-0.2701492948967754,active,
copper,partial,0.2149575377510543,0.38806984449407167,0.38806984449407167,0.012,0.03138380051165393,0.04338380051165393,8900.0,,3185.1474255819157,0.1381838005116539,1.4431060850449822,1.472729755532535,2.0810232207367268e-08,0.25-0.50,0.25-1.00,1.6666666666666667e-05,pneumatic_feed,0.004394182409309275,0.5174350606667412,-5.155012670235989e-36,-0.2922850853297687,active,
copper,partial,0.2504119477123896,0.7570385291228094,0.7570385291228094,0.012,0.03656014436600888,0.048560144366008876,8900.0,,2952.2182488888584,0.14336014436600888,1.5306808060397175,1.500060274111969,8.216075022209509e-08,0.50-1.00,0.25-1.00,1.6666666666666667e-05,pneumatic_feed,0.04851012174742452,0.0,0.0,0.0,heavy,7.781999999999365
copper,heavily_coated,0.48598156777914264,0.6319522738627654,0.6319522738627654,0.012,0.07095330889575482,0.08295330889575482,8900.0,,2142.8115558251284,0.17775330889575483,1.6111471940201103,1.6703340792870653,7.098821494004043e-08,0.50-1.00,0.25-1.00,1.6666666666666667e-05,pneumatic_feed,-0.03878803251128204,0.0,0.0,0.0,heavy,3.0519999999998855
aluminum,heavily_coated,0.34815346193836455,0.9114170058178349,0.9114170058178349,0.0218,0.05472972421671091,0.0765297242167109,2700.0,,2235.839203849963,0.17110815766354812,1.6435323152206764,1.638814706636187,1.421362884140896e-07,0.50-1.00,0.25-1.00,1.6666666666666667e-05,pneumatic_feed,0.030126223327012435,0.0,0.0,0.0,heavy,2.46599999999995
aluminum,partial,0.14996214368638955,0.9614160027961048,0.9614160027961048,0.0218,0.023574048987500443,0.04537404898750044,2700.0,,2362.788799726969,0.10720929474592886,1.3439675873041697,1.297211274362083,9.90957736287037e-08,0.50-1.00,0.25-1.00,1.6666666666666667e-05,pneumatic_feed,-0.011316057248873352,0.5395116382894404,1.1055307664446311e-38,-0.29119927238135934,active,
copper,heavily_coated,0.5217392518300481,0.350746662045906,0.350746662045906,0.012,0.07617393076718702,0.08817393076718702,8900.0,,2075.1477128802203,0.18297393076718704,1.4982711818329573,1.6946854626513346,2.2510042310363143e-08,0.25-0.50,0.25-1.00,1.6666666666666667e-05,pneumatic_feed,-0.021431913158763114,0.20962445942471306,-1.5228985364382183e-35,-0.27876111558910605,active,
aluminum,partial,0.15609239820022586,0.6827402390330497,0.6827402390330497,0.0218,0.024537724997075502,0.0463377249970755,2700.0,,2356.3036405137677,0.10918575010373482,1.3313792260488997,1.3091140262132333,5.089521598776364e-08,0.50-1.00,0.25-1.00,1.6666666666666667e-05,pneumatic_feed,0.023341512908541476,0.5424869556738069,1.0243636078956383e-39,-0.2910107550417966,active,
aluminum,partial,0.19795728294189052,0.5080350350878524,0.5080350350878524,0.0218,0.03111888487846519,0.05291888487846519,2700.0,,2318.3294182228638,0.12268340759329491,1.3682235725124734,1.3876738685960606,3.166453804329119e-08,0.50-1.00,0.25-1.00,1.6666666666666667e-05,pneumatic_feed,-0.03313298581215558,0.5338930943825777,-3.4140170126747305e-38,-0.2915207559360546,active,
copper,partial,0.05314279410013183,0.747576579338902,0.747576579338902,0.012,0.007758847938619248,0.019758847938619248,8900.0,,5797.850577852295,0.11455884793861924,1.41661882438559,1.340938356989078,6.402358834737802e-08,0.50-1.00,0.25-1.00,1.6666666666666667e-05,pneumatic_feed,0.024984170955260378,0.5231083163411494,4.857903071823798e-37,-0.29212700958941595,active,
copper,partial,0.2636541440865722,0.9848320158843193,0.9848320158843193,0.012,0.038493505036639536,0.05049350503663953,8900.0,,2877.469189972263,0.14529350503663954,1.5588484621774417,1.510141336118939,1.4091931323227538e-07,0.50-1.00,0.25-1.00,1.6666666666666667e-05,pneumatic_feed,-0.021745822544727626,0.0,0.0,0.0,heavy,4.811999999999692
copper,partial,0.25315676581227053,0.8648545866396019,0.8648545866396019,0.012,0.0369608878085915,0.048960887808591494,8900.0,,2936.239399306089,0.1437608878085915,1.5431547221411217,1.5021554164079203,1.0752932809635707e-07,0.50-1.00,0.25-1.00,1.6666666666666667e-05,pneumatic_feed,-0.01742831019342531,0.0,0.0,0.0,heavy,6.28599999999953
aluminum,partial,0.25471905575970033,0.5080547810203853,0.5080547810203853,0.0218,0.04004183556542489,0.06184183556542489,2700.0,,2279.7507460517163,0.14098397076748498,1.445859503251647,1.4875766888353839,3.639073467293656e-08,0.50-1.00,0.25-1.00,1.6666666666666667e-05,pneumatic_feed,-0.0035946568810784597,0.5168548694820759,-2.5773022830912286e-36,-0.2922577586554672,active,
aluminum,partial,0.2398892959896043,0.765952039657533,0.765952039657533,0.0218,0.0377105973295658,0.0595105973295658,2700.0,,2288.71350703685,0.13620270792000833,1.4742924803378281,1.4621346393244539,7.99077488743174e-08,0.50-1.00,0.25-1.00,1.6666666666666667e-05,pneumatic_feed,0.012277464247294291,0.5004812927871635,-8.25415288982819e-36,-0.26696009146580724,active,
copper,partial,0.39717712517579523,0.8197485962168659,0.8197485962168659,0.012,0.0579878602756661,0.0699878602756661,8900.0,,2354.5206215278563,0.1647878602756661,1.610971850789094,1.6082631174303712,1.10735425266547e-07,0.50-1.00,0.25-1.00,1.6666666666666667e-05,pneumatic_feed,0.025260068326408883,0.0,0.0,0.0,heavy,2.991999999999892
copper,partial,0.14776086508896835,0.4135659741952451,0.4135659741952451,0.012,0.02157308630298938,0.03357308630298938,8900.0,,3823.6903555559898,0.12837308630298938,1.4271439431402468,1.4194872181924434,2.1956523814531882e-08,0.25-0.50,0.25-1.00,1.6666666666666667e-05,pneumatic_feed,-0.022022445880363815,0.5208356297781918,-3.755134681745571e-36,-0.2921832716506478,active,
aluminum,partial,0.1873807027452828,0.6922884905947313,0.6922884905947313,0.0218,0.029456246471558457,0.05125624647155846,2700.0,,2327.002474484552,0.11927341237210662,1.3840224008785331,1.3682527107930704,5.7163375681520146e-08,0.50-1.00,0.25-1.00,1.6666666666666667e-05,pneumatic_feed,0.002128922450474172,0.5303118885642509,-6.474866529906465e-38,-0.29170717756058195,active,
aluminum,partial,0.2646580710174553,0.8846880897057592,0.8846880897057592,0.0218,0.041604248763943974,0.06340424876394397,2700.0,,2274.112720955906,0.14418840867673777,1.524868449654405,1.504387337951924,1.1285237670095605e-07,0.50-1.00,0.25-1.00,1.6666666666666667e-05,pneumatic_feed,0.04467384182595793,0.0,0.0,0.0,heavy,8.7779999999996
aluminum,heavily_coated,0.3074913090742947,0.9389714357948282,0.9389714357948282,0.0218,0.04833763378647914,0.07013763378647914,2700.0,,2252.6889549715843,0.15799827295864335,1.5920079275273302,1.5747828079957142,1.3930191976771023e-07,0.50-1.00,0.25-1.00,1.6666666666666667e-05,pneumatic_feed,-0.041817341819160705,0.0,0.0,0.0,heavy,3.537999999999832
aluminum,heavily_coated,0.36903297249596423,0.8355817948782145,0.8355817948782145,0.0218,0.05801198327636557,0.07981198327636557,2700.0,,2228.2358282792716,0.17783992066242382,1.659222500562118,1.6707409717599566,1.2416728769287624e-07,0.50-1.00,0.25-1.00,1.6666666666666667e-05,pneumatic_feed,0.04116362380450398,0.0,0.0,0.0,heavy,2.2439999999999745
aluminum,partial,0.20279184223432747,0.5465045766254978,0.5465045766254978,0.0218,0.03187887759923628,0.05367887759923628,2700.0,,2314.543884139209,0.12424211785476952,1.383708151372729,1.3964613427690946,3.710705195621435e-08,0.50-1.00,0.25-1.00,1.6666666666666667e-05,pneumatic_feed,-0.023687699572445313,0.5303825509059736,-1.5645119157436528e-38,-0.29170282388269275,active,
copper,partial,0.3833138039555122,0.3677798564906537,0.3677798564906537,0.012,0.05596381537750478,0.06796381537750477,8900.0,,2394.8598893901667,0.16276381537750478,1.4802798301388933,1.5983556694820198,2.201576291316412e-08,0.25-0.50,0.25-1.00,1.6666666666666667e-05,pneumatic_feed,-0.008075847632412954,0.440054939554857,-4.8353673612998275e-36,-0.2633696592894704,active,
aluminum,partial,0.16991210674094848,0.9535369730678229,0.9535369730678229,0.0218,0.026710183179677105,0.048510183179677105,2700.0,,2342.6290087059124,0.1136413623343492,1.3790651795629207,1.335557869655952,1.033264494126138e-07,0.50-1.00,0.25-1.00,1.6666666666666667e-05,pneumatic_feed,-0.017429447727320663,0.5314290223244286,-1.463821558059833e-37,-0.29165199424330346,active,
aluminum,partial,0.25731327155204,0.964392516493159,0.964392516493159,0.0218,0.04044964628798069,0.06224964628798069,2700.0,,2278.251851022585,0.1418203718810932,1.5218028539747688,1.4919827603044344,1.319004518156997e-07,0.50-1.00,0.25-1.00,1.6666666666666667e-05,pneumatic_feed,-0.00032451136357363304,0.0,0.0,0.0,heavy,9.277999999999768
aluminum,heavily_coated,0.3651099113089551,0.7427842445775144,0.7427842445775144,0.0218,0.05739527805776774,0.07919527805776774,2700.0,,2229.616346271558,0.17657508650512022,1.6381118999723283,1.6647890430274843,9.742149595957586e-08,0.50-1.00,0.25-1.00,1.6666666666666667e-05,pneumatic_feed,0.023074805775967502,0.0,0.0,0.0,heavy,2.529999999999943
copper,heavily_coated,0.5001845146298505,0.9230065508696454,0.9230065508696454,0.012,0.07302693913595816,0.08502693913595816,8900.0,,2114.9407583450075,0.17982693913595815,1.6732211648335393,1.6800487006863818,1.532019590690319e-07,0.50-1.00,0.25-1.00,1.6666666666666667e-05,pneumatic_feed,0.023498303329812485,0.0,0.0,0.0,heavy,2.031999999999998
aluminum,partial,0.17571335149331468,0.6517794081311613,0.6517794081311613,0.0218,0.027622138854749068,0.04942213885474907,2700.0,,2337.246916699556,0.11551174165495959,1.3599084855071686,1.346503730784377,4.907128188532286e-08,0.50-1.00,0.25-1.00,1.6666666666666667e-05,pneumatic_feed,-0.022085995613929585,0.5358024891937566,1.5371862408549099e-38,-0.2914162824778511,active,
aluminum,heavily_coated,0.35304035363103925,0.9745912456487082,0.9745912456487082,0.0218,0.055497943590799376,0.07729794359079938,2700.0,,2234.0017391450706,0.17268374041418336,1.6577012917063014,1.646342610011969,1.6401986838418437e-07,0.50-1.00,0.25-1.00,1.6666666666666667e-05,pneumatic_feed,-0.01110756508476499,0.0,0.0,0.0,heavy,2.247999999999974
copper,partial,0.35245481612512064,0.29822106375509816,0.29822106375509816,0.012,0.05145840315426761,0.06345840315426761,8900.0,,2493.891987315547,0.15825840315426762,1.4307116471059476,1.576078645217105,1.4074838145009339e-08,0.25-0.50,0.25-1.00,1.6666666666666667e-05,pneumatic_feed,-0.030261255496905417,0.5200716312156087,4.1271299548357695e-37,-0.29215998447958036,active,
copper,heavily_coated,0.5618458477887329,0.8773292201618565,0.8773292201618565,0.012,0.082029493777155,0.094029493777155,8900.0,,2008.1943036370171,0.18882949377715502,1.6931731064596542,1.7215887239193413,1.45343300185576e-07,0.50-1.00,0.25-1.00,1.6666666666666667e-05,pneumatic_feed,-0.008172316046769717,0.0,0.0,0.0,heavy,1.7960000000000014
copper,partial,0.46589795356263397,0.44161641098126303,0.44161641098126303,0.012,0.06802110122014456,0.08002110122014455,8900.0,,2184.6875205978167,0.17482110122014455,1.538133655890347,1.6564999259738555,3.409449478411309e-08,0.25-0.50,0.25-1.00,1.6666666666666667e-05,pneumatic_feed,0.014302839522852455,0.0,0.0,0.0,heavy,6.781999999999475
copper,partial,0.37392757338672555,0.28191571668111315,0.28191571668111315,0.012,0.054593425714461935,0.06659342571446193,8900.0,,2423.5639476857923,0.1613934257144619,1.42162899333794,1.591612770121613,1.2826979968712697e-08,0.25-0.50,0.25-1.00,1.6666666666666667e-05,pneumatic_feed,-0.01269179242895759,0.5220248274984784,1.3412101121785083e-36,-0.29208146835207743,active,
copper,partial,0.0884108964109398,0.2806685794926931,0.2806685794926931,0.012,0.01290799087599721,0.02490799087599721,8900.0,,4806.007496628514,0.1197079908759972,1.3692974392993165,1.3707430921911123,9.429979206349356e-09,0.25-0.50,0.25-1.00,1.6666666666666667e-05,pneumatic_feed,-0.001589035005828114,0.5336458940857954,-6.872973546186476e-38,-0.29161506377459623,active,
aluminum,partial,0.16078758523403341,0.610212190746205,0.610212190746205,0.0218,0.025275808398790053,0.04707580839879005,2700.0,,2351.516184651434,0.11069952535530471,1.3297589260080365,1.3181577105858246,4.121995545511077e-08,0.50-1.00,0.25-1.00,1.6666666666666667e-05,pneumatic_feed,-0.0018641746561438772,0.5428729450306561,-1.236952404356417e-39,-0.29098521607396866,active,
copper,partial,0.08754127767168352,0.49365119482646974,0.49365119482646974,0.012,0.012781026540065792,0.024781026540065792,8900.0,,4825.50738351085,0.11958102654006579,1.415699872803274,1.370015982597602,2.9140879986618283e-08,0.25-0.50,0.25-1.00,1.6666666666666667e-05,pneumatic_feed,0.02823044831241298,0.5233082415999912,-2.9287797108540056e-37,-0.2921060037027842,active,
aluminum,partial,0.1985364724239046,0.7457018973372636,0.7457018973372636,0.0218,0.03120993346503781,0.05300993346503781,2700.0,,2317.8701809770973,0.12287014407419108,1.4083591890979457,1.3887295566050661,6.832456316613011e-08,0.50-1.00,0.25-1.00,1.6666666666666667e-05,pneumatic_feed,0.03294226231276884,0.5249117941165687,1.4922348193631358e-37,-0.2919561261295744,active,
copper,partial,0.3001578335300201,0.9868296804373952,0.9868296804373952,0.012,0.04382304369538294,0.055823043695382935,8900.0,,2698.223416790167,0.15062304369538293,1.5795885428573018,1.5375887921816842,1.466816631265573e-07,0.50-1.00,0.25-1.00,1.6666666666666667e-05,pneumatic_feed,-0.03291888922516125,0.0,0.0,0.0,heavy,4.021999999999779
copper,partial,0.2487494209687019,0.9264421467111887,0.9264421467111887,0.012,0.03631741546143048,0.04831741546143048,8900.0,,2962.025474555326,0.14311741546143047,1.5459031288752358,1.4987898295233435,1.22836969431486e-07,0.50-1.00,0.25-1.00,1.6666666666666667e-05,pneumatic_feed,-0.013673458916392399,0.0,0.0,0.0,heavy,5.819999999999581
aluminum,partial,0.22682562426438396,0.6485069580275652,0.6485069580275652,0.0218,0.03565698813436116,0.05745698813436116,2700.0,,2297.2114237945093,0.13199084951908002,1.437813911315559,1.4393499831700003,5.551023991062294e-08,0.50-1.00,0.25-1.00,1.6666666666666667e-05,pneumatic_feed,0.013865262763151818,0.5185573102010201,-2.132379479754254e-36,-0.29220145205882325,active,
copper,partial,0.14707372080455638,0.8690466486547601,0.8690466486547601,0.012,0.02147276323746523,0.03347276323746523,8900.0,,3832.1533937148247,0.12827276323746523,1.4820189168673132,1.4189324479252896,9.68769881990122e-08,0.50-1.00,0.25-1.00,1.6666666666666667e-05,pneumatic_feed,0.014328232428228123,0.4066987440397445,-1.123969978421353e-35,-0.2649143910121247,active,
aluminum,partial,0.26226680395934954,0.8586200628951208,0.8586200628951208,0.0218,0.04122834158240975,0.06302834158240975,2700.0,,2275.4436601669922,0.14341744026453387,1.5184799115269818,1.500360004263018,1.0573141179755769e-07,0.50-1.00,0.25-1.00,1.6666666666666667e-05,pneumatic_feed,0.03839842275290569,0.0,0.0,0.0,heavy,10.790000000000273
aluminum,heavily_coated,0.3284022278026333,0.9752896160175359,0.9752896160175359,0.0218,0.05162483021057396,0.07342483021057396,2700.0,,2243.6573812072993,0.16474016226584698,1.6247850959730987,1.6080303439067107,1.566991677819146e-07,0.50-1.00,0.25-1.00,1.6666666666666667e-05,pneumatic_feed,-0.009938306720762976,0.0,0.0,0.0,heavy,2.7259999999999214
aluminum,partial,0.1703931376415428,0.8064351778241534,0.8064351778241534,0.0218,0.026785801237250523,0.04858580123725052,2700.0,,2342.17505133501,0.11379645150700982,1.3684124567323446,1.3364688933357283,7.400612208971715e-08,0.50-1.00,0.25-1.00,1.6666666666666667e-05,pneumatic_feed,-0.005738608017800754,0.533849882676436,-9.540089390798307e-39,-0.29152468704270934,active,
copper,partial,0.30945103461202833,0.9920412637532042,0.9920412637532042,0.012,0.04517985105335613,0.05717985105335613,8900.0,,2657.926669160776,0.15197985105335612,1.5851579283635862,1.5444985406705563,1.4957034258373226e-07,0.50-1.00,0.25-1.00,1.6666666666666667e-05,pneumatic_feed,-0.03332235833535008,0.0,0.0,0.0,heavy,3.7599999999998075
copper,heavily_coated,0.6249629956522522,0.5552616466476045,0.5552616466476045,0.012,0.09124459736522882,0.10324459736522881,8900.0,,1918.2078522195602,0.19804459736522884,1.631386441536682,1.7630961403861765,6.106021831387763e-08,0.50-1.00,0.25-1.00,1.6666666666666667e-05,pneumatic_feed,0.03437478562597292,0.0,0.0,0.0,heavy,2.7239999999999216
copper,partial,0.11196850374566769,0.5773977823899823,0.5773977823899823,0.012,0.016347401546867483,0.028347401546867483,8900.0,,4344.221862567006,0.12314740154686749,1.4380797640794856,1.3902955134357704,4.105589042664695e-08,0.50-1.00,0.25-1.00,1.6666666666666667e-05,pneumatic_feed,-0.030740578704132628,0.5184993927334404,1.567338232838942e-38,-0.29227988444102926,active,
aluminum,partial,0.1561141943062257,0.9833118680837121,0.9833118680837121,0.0218,0.02454115134493868,0.04634115134493868,2700.0,,2356.2810637460807,0.10919277738627023,1.3564255874957463,1.3091561533502785,1.0557873994531819e-07,0.50-1.00,0.25-1.00,1.6666666666666667e-05,pneumatic_feed,0.00813344465803329,0.5366073780192603,-3.480929158181199e-38,-0.2913715662515462,active,
aluminum,heavily_coated,0.3903152459793091,0.9896580555844592,0.9896580555844592,0.0218,0.061357556667947385,0.08315755666794739,2700.0,,2221.103479431367,0.18470153845618903,1.7074796690267253,1.7026671276583523,1.8090094727127843e-07,0.50-1.00,0.25-1.00,1.6666666666666667e-05,pneumatic_feed,0.023285497551396257,0.0,0.0,0.0,heavy,1.7400000000000013
aluminum,heavily_coated,0.31367115212909485,0.6345979744106143,0.6345979744106143,0.0218,0.049309105114693705,0.0711091051146937,2700.0,,2249.9329150590256,0.15999071615794147,1.5523537248540473,1.584681129065103,6.443059552152863e-08,0.50-1.00,0.25-1.00,1.6666666666666667e-05,pneumatic_feed,0.01324301105064556,0.0,0.0,0.0,heavy,5.507999999999615
aluminum,partial,0.156189697905516,0.9253268895338524,0.9253268895338524,0.0218,0.02455302051074712,0.04635302051074712,2700.0,,2356.202881674022,0.10921712050171742,1.3529145632736632,1.3093020749219626,9.351495897704801e-08,0.50-1.00,0.25-1.00,1.6666666666666667e-05,pneumatic_feed,0.02015065365041965,0.5374218895282786,1.2266220876565581e-38,-0.2913242077018996,active,
aluminum,partial,0.16030348472439565,0.6692306170906102,0.6692306170906102,0.0218,0.025199707798674996,0.046999707798674996,2700.0,,2352.002846134903,0.1105434465099924,1.336856554739642,1.3172281261880348,4.950905125495915e-08,0.50-1.00,0.25-1.00,1.6666666666666667e-05,pneumatic_feed,-0.005906087588024334,0.5411872927191754,-4.726545878850389e-39,-0.2910940334733431,active,
aluminum,partial,0.15006518811063685,0.7039587844800383,0.7039587844800383,0.0218,0.02359024757099211,0.04539024757099211,2700.0,,2362.677514173479,0.10724251729875042,1.323437430936583,1.2974122519543227,5.314488419670604e-08,0.50-1.00,0.25-1.00,1.6666666666666667e-05,pneumatic_feed,-0.017257886683599576,0.5443854734615379,-4.234507746098967e-39,-0.2908852230122382,active,
aluminum,partial,0.2524844940162431,0.6736516663803491,0.6736516663803491,0.0218,0.03969056245935342,0.06149056245935342,2700.0,,2281.057777093747,0.14026352571577694,1.4788211579064847,1.483770972770001,6.365250916693852e-08,0.50-1.00,0.25-1.00,1.6666666666666667e-05,pneumatic_feed,-0.014165567367900075,0.4417222579940899,1.6452231577177834e-36,-0.2621145307014636,active,
copper,partial,0.38969159802904174,0.43377318692732925,0.43377318692732925,0.012,0.056894973312240096,0.0688949733122401,8900.0,,2376.0075001459873,0.1636949733122401,1.5134782246563339,1.6029211774472634,3.0800711571578464e-08,0.25-0.50,0.25-1.00,1.6666666666666667e-05,pneumatic_feed,-0.0033857795957450954,0.04074747230319664,1.9273055438986554e-35,-0.2918510785901111,active,
copper,heavily_coated,0.600921083723521,0.5223787225592873,0.5223787225592873,0.012,0.08773447822363406,0.09973447822363406,8900.0,,1950.5238478054753,0.19453447822363407,1.6110294923219877,1.7474018342093385,5.308447694418289e-08,0.50-1.00,0.25-1.00,1.6666666666666667e-05,pneumatic_feed,0.004290569368473509,0.0,0.0,0.0,heavy,3.001999999999891
copper,partial,0.15872583403033458,0.6036361343961055,0.6036361343961055,0.012,0.023173971768428846,0.03517397176842885,8900.0,,3695.1747338664145,0.12997397176842884,1.465175162420076,1.4283107018002978,4.7359471679252623e-08,0.50-1.00,0.25-1.00,1.6666666666666667e-05,pneumatic_feed,-0.02022648719304875,0.5121892854945218,4.055787636228382e-36,-0.2911981513077308,active,
copper,heavily_coated,0.690010128618334,0.7512304927270883,0.7512304927270883,0.012,0.10074147877827676,0.11274147877827675,8900.0,,1840.8617753403662,0.20754147877827678,1.7154684083110079,1.8048742479474387,1.1712546347420586e-07,0.50-1.00,0.25-1.00,1.6666666666666667e-05,pneumatic_feed,0.005631542212699533,0.0,0.0,0.0,heavy,1.6980000000000013
aluminum,partial,0.17904609752778256,0.6422934807556271,0.6422934807556271,0.0218,0.028146046531367416,0.049946046531367416,2700.0,,2334.2438571331804,0.11658625230393238,1.3639280525585147,1.3527519418439298,4.809659925098881e-08,0.50-1.00,0.25-1.00,1.6666666666666667e-05,pneumatic_feed,-0.02060968975765467,0.5348773211683474,3.8692655977888664e-38,-0.2914678961721775,active,
aluminum,partial,0.25105283737545864,0.9715058492201383,0.9715058492201383,0.0218,0.0394655060354221,0.0612655060354221,2700.0,,2281.9030535288784,0.13980194529822162,1.5129272922401213,1.481327557767318,1.31948377405038e-07,0.50-1.00,0.25-1.00,1.6666666666666667e-05,pneumatic_feed,0.0015176386589856822,0.03483496894611611,4.570316301259382e-35,-0.29137082164628386,active,
aluminum,partial,0.25785838465414535,0.9098248306340808,0.9098248306340808,0.0218,0.04053533806763165,0.06233533806763165,2700.0,,2277.9393871624184,0.141996121796343,1.5174253952406571,1.492906938732418,1.1754172328207933e-07,0.50-1.00,0.25-1.00,1.6666666666666667e-05,pneumatic_feed,-0.025650555954088942,0.0,0.0,0.0,heavy,10.550000000000193
aluminum,partial,0.20740968500370083,0.6105006908500534,0.6105006908500534,0.0218,0.03260480248258177,0.05440480248258177,2700.0,,2311.026799192906,0.1257309565420432,1.402691656285305,1.4048035783994537,4.6861322303155714e-08,0.50-1.00,0.25-1.00,1.6666666666666667e-05,pneumatic_feed,-0.03682788705495586,0.526157023413301,-4.288902721324284e-37,-0.29190136786748133,active,
aluminum,heavily_coated,0.36731033724047496,0.5712628269166246,0.5712628269166246,0.0218,0.05774118501420267,0.07954118501420267,2700.0,,2228.8393842516434,0.17728452582970153,1.5989736138821815,1.6681300660988625,5.78552479884202e-08,0.50-1.00,0.25-1.00,1.6666666666666667e-05,pneumatic_feed,0.03977722176755455,0.0,0.0,0.0,heavy,3.273999999999861
aluminum,partial,0.20757263883529337,0.777927980002374,0.777927980002374,0.0218,0.032630418824908115,0.054430418824908115,2700.0,,2310.9044023987312,0.12578349448688694,1.4263548276407063,1.4050970533974434,7.612064163905271e-08,0.50-1.00,0.25-1.00,1.6666666666666667e-05,pneumatic_feed,-0.023517802196268728,0.5210064517847539,-2.74398589398815e-38,-0.29211328413422233,active,
aluminum,heavily_coated,0.3066287171836778,0.7841568104621386,0.7841568104621386,0.0218,0.04820203434127415,0.07000203434127415,2700.0,,2253.079731058553,0.15772016470718955,1.570813160874011,1.5733962327538626,9.69824294820904e-08,0.50-1.00,0.25-1.00,1.6666666666666667e-05,pneumatic_feed,-0.009183957499532257,0.0,0.0,0.0,heavy,4.267999999999752
copper,partial,0.25471319855707464,0.4205430832759054,0.4205430832759054,0.012,0.037188126989332895,0.04918812698933289,8900.0,,2927.294365580512,0.1439881269893329,1.4668937257487666,1.503342157070229,2.5465234005401872e-08,0.25-0.50,0.25-1.00,1.6666666666666667e-05,pneumatic_feed,-0.009878890080548952,0.511630960790066,-5.746821352150613e-36,-0.2907940419508739,active,
copper,partial,0.38167034746809375,0.30532288991173023,0.30532288991173023,0.012,0.055723870730341685,0.06772387073034168,8900.0,,2399.8018568293032,0.1625238707303417,1.4407621320430941,1.5971770956858364,1.515081118323395e-08,0.25-0.50,0.25-1.00,1.6666666666666667e-05,pneumatic_feed,0.03245150272907113,0.5179317044983095,5.745034775519246e-37,-0.29222995935564167,active,
copper,bare_like,0.020944090238370988,0.6459045046753134,0.6459045046753134,0.012,0.003057837174802163,0.015057837174802163,8900.0,,7295.724870676557,0.10985783717480216,1.3914042707481136,1.3131369358508254,4.5831879924771726e-08,0.50-1.00,0.25-1.00,1.6666666666666667e-05,pneumatic_feed,0.014736379352589583,0.5286569030721548,5.11398580713601e-38,-0.29189468094838095,active,
aluminum,partial,0.19862683022523708,0.6041150155633592,0.6041150155633592,0.0218,0.031224137711407272,0.05302413771140727,2700.0,,2317.7986788171556,0.1228992763329187,1.3883912286947846,1.3888941793101057,4.4852699498493625e-08,0.50-1.00,0.25-1.00,1.6666666666666667e-05,pneumatic_feed,-0.01937665800261794,0.5293322274722471,2.0038292600671643e-38,-0.2917545623255121,active,
copper,heavily_coated,0.5865873193277505,0.8332501161868081,0.8332501161868081,0.012,0.08564174862185157,0.09764174862185157,8900.0,,1970.8961723651928,0.1924417486218516,1.6953708891026793,1.7379774700405592,1.336134137869752e-07,0.50-1.00,0.25-1.00,1.6666666666666667e-05,pneumatic_feed,-0.033011960676823174,0.0,0.0,0.0,heavy,1.8000000000000014
aluminum,heavily_coated,0.2823789713898515,0.5837544965448958,0.5837544965448958,0.0218,0.04438997430248466,0.06618997430248466,2700.0,,2264.720688374326,0.149901804165802,1.5009807265995028,1.5339030993470313,5.108193470857357e-08,0.50-1.00,0.25-1.00,1.6666666666666667e-05,pneumatic_feed,-0.004300534767556208,0.17785963827401252,-2.719224625344834e-35,-0.2811014936868661,active,
copper,partial,0.26658575121851225,0.8116738820909275,0.8116738820909275,0.012,0.03892151967790279,0.05092151967790279,8900.0,,2861.688351008466,0.14572151967790278,1.545155794760522,1.5123640345050402,9.600344879518991e-08,0.50-1.00,0.25-1.00,1.6666666666666667e-05,pneumatic_feed,0.029063735945449583,0.0,0.0,0.0,heavy,6.0519999999995555
aluminum,partial,0.22173332799122725,0.5925828361294918,0.5925828361294918,0.0218,0.03485647916022092,0.05665647916022092,2700.0,,2300.6908337708874,0.13034904227765157,1.4204103001244608,1.4303700806399786,4.577264203553817e-08,0.50-1.00,0.25-1.00,1.6666666666666667e-05,pneumatic_feed,0.003565958049605864,0.5222884542968559,5.87783995334335e-37,-0.29206293212137097,active,
aluminum,partial,0.15919385987460816,0.7549357709234891,0.7549357709234891,0.0218,0.0250252747722884,0.0468252747722884,2700.0,,2353.1243094249016,0.1101856923621724,1.3443977544725243,1.3150949119043303,6.279791328415419e-08,0.50-1.00,0.25-1.00,1.6666666666666667e-05,pneumatic_feed,0.0016309745239580064,0.5394107092280548,-1.1026091326494667e-38,-0.29120483163957317,active,
aluminum,partial,0.20622266087702865,0.5875074624374137,0.5875074624374137,0.0218,0.03241820228986891,0.05421820228986891,2700.0,,2311.921878619445,0.1253482480933628,1.3968022567337313,1.402663930552655,4.326583036201632e-08,0.50-1.00,0.25-1.00,1.6666666666666667e-05,pneumatic_feed,0.02676455139598419,0.5274588745732505,-1.847839639462217e-37,-0.29184258646453354,active,
aluminum,partial,0.1935752067856737,0.6235591056531347,0.6235591056531347,0.0218,0.030430022506707906,0.052230022506707906,2700.0,,2321.855833092821,0.12127058241976905,1.383890833755669,1.3796604878232526,4.7153150416045796e-08,0.50-1.00,0.25-1.00,1.6666666666666667e-05,pneumatic_feed,0.0012166999176850936,0.5303414698197318,-9.10467391696058e-38,-0.29170536149381077,active,
copper,partial,0.10319979020789682,0.4194291159187184,0.4194291159187184,0.012,0.015067169370352938,0.027067169370352938,8900.0,,4502.398004862518,0.12186716937035293,1.4108953588404447,1.38304992333504,2.1438967891792504e-08,0.25-0.50,0.25-1.00,1.6666666666666667e-05,pneumatic_feed,0.028470821914859595,0.5243553876782072,-3.517511192508266e-37,-0.29205695406891513,active,
copper,partial,0.4623339508538342,0.8113952364743637,0.8113952364743637,0.012,0.0675007568246598,0.07950075682465979,8900.0,,2192.4414783758966,0.17430075682465979,1.6392350691550663,1.6540328530956876,1.1475303491425478e-07,0.50-1.00,0.25-1.00,1.6666666666666667e-05,pneumatic_feed,0.011497670445433898,0.0,0.0,0.0,heavy,2.4899999999999474
aluminum,partial,0.15142924111474776,0.647777042950255,0.647777042950255,0.0218,0.023804676703238353,0.04560467670323835,2700.0,,2361.2118188782024,0.10768230162780582,1.3192444848639253,1.3000697698008519,4.5185119482941035e-08,0.50-1.00,0.25-1.00,1.6666666666666667e-05,pneumatic_feed,-0.00399429280081441,0.5453946214163652,-1.948278176971577e-39,-0.2908163094247412,active,
aluminum,partial,0.16424007776793764,0.9195096371304672,0.9195096371304672,0.0218,0.0258185402251198,0.0476185402251198,2700.0,,2348.0905324808177,0.11181264347316078,1.3667929234474427,1.3247683767190142,9.453736338726111e-08,0.50-1.00,0.25-1.00,1.6666666666666667e-05,pneumatic_feed,-0.01578199661513945,0.5342203527287379,-7.039311215443828e-38,-0.291504943039823,active,
aluminum,heavily_coated,0.4347479601184819,0.8201357540519232,0.8201357540519232,0.0218,0.06834237933062536,0.09014237933062536,2700.0,,2207.9191973822394,0.19902708982179973,1.7344370879447601,1.7674640595618822,1.3387012958765342e-07,0.50-1.00,0.25-1.00,1.6666666666666667e-05,pneumatic_feed,0.042994078568300634,0.0,0.0,0.0,heavy,1.5340000000000011
copper,partial,0.08730795608633857,0.31376751452710305,0.31376751452710305,0.012,0.01274696158860543,0.02474696158860543,8900.0,,4830.7733117285,0.11954696158860542,1.3799991058928254,1.369820831019426,1.176940472501091e-08,0.25-0.50,0.25-1.00,1.6666666666666667e-05,pneumatic_feed,-0.001257189285837996,0.5312163211366696,-6.646126698889174e-38,-0.2917429077688297,active,
aluminum,partial,0.1788636688262908,0.7131163978137263,0.7131163978137263,0.0218,0.028117368739492915,0.049917368739492915,2700.0,,2334.406608537679,0.11652743546628441,1.372838280888913,1.3524106724951561,5.925827902555108e-08,0.50-1.00,0.25-1.00,1.6666666666666667e-05,pneumatic_feed,0.028221395936194094,0.5328407489556811,-1.232138082175383e-38,-0.2915781298396057,active,
aluminum,heavily_coated,0.4148577600221268,0.8706709430519028,0.8706709430519028,0.0218,0.06521563987547833,0.08701563987547833,2700.0,,2213.5594323545747,0.1926142904087339,1.7203871774541195,1.738756424073104,1.460147089210353e-07,0.50-1.00,0.25-1.00,1.6666666666666667e-05,pneumatic_feed,-0.007892707112432758,0.0,0.0,0.0,heavy,1.6000000000000012
aluminum,heavily_coated,0.4281489386927608,0.8637149464220515,0.8637149464220515,0.0218,0.06730501316250201,0.08910501316250201,2700.0,,2209.7465937729535,0.196899499323933,1.7347634933220586,1.7579916215353395,1.4688771735158095e-07,0.50-1.00,0.25-1.00,1.6666666666666667e-05,pneumatic_feed,-0.016250152165697942,0.0,0.0,0.0,heavy,1.5340000000000011
copper,partial,0.09160132010851663,0.5340579443351339,0.5340579443351339,0.012,0.013373792735843427,0.025373792735843427,8900.0,,4736.1383450604135,0.12017379273584342,1.4226807348506236,1.3734073870420962,3.427571534594719e-08,0.50-1.00,0.25-1.00,1.6666666666666667e-05,pneumatic_feed,0.01672068018264072,0.5217962528928685,1.4597389276430492e-36,-0.29216503279117023,active,
aluminum,partial,0.1521788910491097,0.6727534989810123,0.6727534989810123,0.0218,0.02392252167292004,0.04572252167292004,2700.0,,2360.4121626358883,0.10792399626314346,1.3235563003064765,1.3015279656412688,4.884610611840825e-08,0.50-1.00,0.25-1.00,1.6666666666666667e-05,pneumatic_feed,-0.02169051673094519,0.5443569369054326,-1.8804107231808667e-39,-0.29088700592718447,active,
aluminum,partial,0.21032071194954302,0.9782478974048106,0.9782478974048106,0.0218,0.03306241591846817,0.05486241591846817,2700.0,,2308.8575050704576,0.12666950073965216,1.4491306498354284,1.4100370504385977,1.2121877896492385e-07,0.50-1.00,0.25-1.00,1.6666666666666667e-05,pneumatic_feed,0.018985350759457807,0.5161666382184965,5.68213086154306e-37,-0.2922820684674814,active,
aluminum,partial,0.15940017961603709,0.8811362446365707,0.8811362446365707,0.0218,0.025057708235641032,0.04685770823564103,2700.0,,2352.915156574947,0.11025221191000652,1.3555142822177249,1.3154918160670794,8.55999365770708e-08,0.50-1.00,0.25-1.00,1.6666666666666667e-05,pneumatic_feed,0.02539448283010329,0.5368184948107698,2.116378879861342e-38,-0.29135915478785135,active,
copper,partial,0.2686932461455539,0.7694070447251096,0.7694070447251096,0.012,0.03922921393725087,0.05122921393725087,8900.0,,2850.506629208047,0.14602921393725088,1.5415257949124543,1.5139598878302853,8.644742554593142e-08,0.50-1.00,0.25-1.00,1.6666666666666667e-05,pneumatic_feed,0.0012894006875833954,0.0,0.0,0.0,heavy,6.517999999999504
copper,partial,0.11222914047351928,0.7401458894469184,0.7401458894469184,0.012,0.016385454509133816,0.028385454509133816,8900.0,,4339.7386668406325,0.12318545450913382,1.4525830045031378,1.3905102998451198,6.748295526863126e-08,0.50-1.00,0.25-1.00,1.6666666666666667e-05,pneumatic_feed,0.02290040107742819,0.5154414328934322,-3.7654059358701624e-36,-0.29238075096235605,active,
aluminum,partial,0.14759078779413726,0.858436221481282,0.858436221481282,0.0218,0.02320127184123838,0.04500127184123838,2700.0,,2365.37194478054,0.10644474589270779,1.332816149961958,1.292577553391649,7.844049003043607e-08,0.50-1.00,0.25-1.00,1.6666666666666667e-05,pneumatic_feed,0.033107120061096965,0.542145222428707,1.9825953032127626e-39,-0.2910335146787783,active,
