material,liberation_state,residual_coating_fraction,size_mm,aerodynamic_size_mm,metal_thickness_mm,coating_thickness_mm,total_thickness_mm,metal_density_kg_m3,coating_density_kg_m3,effective_density_kg_m3,areal_density_kg_m2,suspension_velocity_m_s,eq9_velocity_m_s,physical_particle_mass_kg,source_subfraction,pneumatic_fraction,statistical_mass,mill_fraction,x_m,z_m,vx_m_s,vz_m_s,dynamic_stream,exit_time_s
aluminum,partial,0.15297684059132066,0.8521927308206676,0.8521927308206676,0.0218,0.024047959340955605,0.045847959340955605,2700.0,,2359.5655014990007,0.1081812631750477,1.341970736722859,1.3030783195171152,7.856474384986108e-08,0.50-1.00,0.25-1.00,1.6666666666666667e-05,pneumatic_feed,0.016823492599525366,0.0,0.0,0.0,heavy,0.9560000000000007
aluminum,partial,0.10272061710475722,0.5146956820901397,0.5146956820901397,0.0218,0.016147681008867834,0.037947681008867834,2700.0,,2423.814887113939,0.09197815416074477,1.215725729405502,1.2015361449856805,2.436608413770849e-08,0.50-1.00,0.25-1.00,1.6666666666666667e-05,pneumatic_feed,-0.010090369518305078,0.0,0.0,0.0,heavy,1.394000000000001
aluminum,bare_like,0.03638764706788393,0.955799732843404,0.955799732843404,0.0218,0.005720138119071353,0.027520138119071353,2700.0,,2565.094004460561,0.07059174129115646,1.1093959124171302,1.052619575775594,6.448930615952067e-08,0.50-1.00,0.25-1.00,1.6666666666666667e-05,pneumatic_feed,0.03063260743141168,0.0,0.0,0.0,heavy,2.2079999999999784
separator,film,,0.8263153096958409,0.8263153096958409,,,0.0139,,,900.0,0.01251,0.47219559709504205,0.44312183426231666,8.541790357882045e-09,0.50-1.00,0.25-1.00,1.6666666666666667e-05,pneumatic_feed,-0.026702500654686514,2.25,0.0,0.0,light,4.393999999999738
aluminum,partial,0.09320435427465762,0.9849576564053563,0.9849576564053563,0.0218,0.01465172449197618,0.03645172449197618,2700.0,,2439.1168621189213,0.08891001586169237,1.2354691504144908,1.1813262076857194,8.625530370257169e-08,0.50-1.00,0.25-1.00,1.6666666666666667e-05,pneumatic_feed,0.016212430676475976,0.0,0.0,0.0,heavy,1.2440000000000009
copper,heavily_coated,0.5217392518300481,0.350746662045906,0.350746662045906,0.012,0.07617393076718702,0.08817393076718702,8900.0,,2075.1477128802203,0.18297393076718704,1.4982711818329573,1.6946854626513346,2.2510042310363143e-08,0.25-0.50,0.25-1.00,1.6666666666666667e-05,pneumatic_feed,0.03241691809212115,0.0,0.0,0.0,heavy,0.7120000000000005
aluminum,heavily_coated,0.4148577600221268,0.8706709430519028,0.8706709430519028,0.0218,0.06521563987547833,0.08701563987547833,2700.0,,2213.5594323545747,0.1926142904087339,1.7203871774541195,1.738756424073104,1.460147089210353e-07,0.50-1.00,0.25-1.00,1.6666666666666667e-05,pneumatic_feed,0.02367178206830848,0.0,0.0,0.0,heavy,0.5480000000000004
aluminum,heavily_coated,0.31367115212909485,0.6345979744106143,0.6345979744106143,0.0218,0.049309105114693705,0.0711091051146937,2700.0,,2249.9329150590256,0.15999071615794147,1.5523537248540473,1.584681129065103,6.443059552152863e-08,0.50-1.00,0.25-1.00,1.6666666666666667e-05,pneumatic_feed,0.03349117264949919,0.0,0.0,0.0,heavy,0.6700000000000005
aluminum,heavily_coated,0.3585315779381092,0.9910253971346628,0.9910253971346628,0.0218,0.05636116405187076,0.07816116405187076,2700.0,,2231.980142046647,0.17445416604302577,1.6668161082210213,1.6547605839550725,1.7133690347467415e-07,0.50-1.00,0.25-1.00,1.6666666666666667e-05,pneumatic_feed,0.01978683107875339,0.0,0.0,0.0,heavy,0.5800000000000004
aluminum,partial,0.19671247371339795,0.8323647286130157,0.8323647286130157,0.0218,0.030923200867746158,0.05272320086774616,2700.0,,2319.321790736413,0.12228206864993663,1.4146112207438855,1.3854022338401961,8.472081297205324e-08,0.50-1.00,0.25-1.00,1.6666666666666667e-05,pneumatic_feed,-0.018575480785610034,0.0,0.0,0.0,heavy,0.8200000000000006
other_light,unresolved_nonmetal,,0.5448667555438889,0.1182994292605164,,,,,,1100.0,,0.3168866127378548,,9.316702751380996e-08,0.50-1.00,0.25-1.00,1.6666666666666667e-05,pneumatic_feed,-0.01349108357870402,2.25,0.0,0.0,light,3.19399999999987
separator,film,,0.5889854510234126,0.5889854510234126,,,0.0139,,,900.0,0.01251,0.4691292479653849,0.44312183426231666,4.339767307580832e-09,0.50-1.00,0.25-1.00,1.6666666666666667e-05,pneumatic_feed,0.005574650758865636,2.25,0.0,0.0,light,4.3719999999997405
aluminum,partial,0.20236391686069397,0.8446262216021317,0.8446262216021317,0.0218,0.031811607730501096,0.053611607730501096,2700.0,,2314.874626758304,0.12410415043505635,1.4249435331916291,1.3956857616342744,8.853508856164192e-08,0.50-1.00,0.25-1.00,1.6666666666666667e-05,pneumatic_feed,0.023161411168531352,0.0,0.0,0.0,heavy,0.8180000000000006
copper,partial,0.15898919267273282,0.5956604043625807,0.5956604043625807,0.012,0.02321242213021899,0.03521242213021899,8900.0,,3692.2317257648538,0.130012422130219,1.4642842224707098,1.4285219556436357,4.612987876468811e-08,0.50-1.00,0.25-1.00,1.6666666666666667e-05,pneumatic_feed,-0.032496702223594076,0.0,0.0,0.0,heavy,0.7800000000000006
other_light,unresolved_nonmetal,,0.5364318930531486,0.19317756171495226,,,,,,1100.0,,0.6513339697116878,,8.890682045999375e-08,0.50-1.00,0.25-1.00,1.6666666666666667e-05,pneumatic_feed,0.02077054175448468,0.6402027144752788,3.260722593212314e-67,-0.20973722465927358,active,
separator,film,,0.6242065072036742,0.6242065072036742,,,0.0139,,,900.0,0.01251,0.4697269388345785,0.44312183426231666,4.874318383078987e-09,0.50-1.00,0.25-1.00,1.6666666666666667e-05,pneumatic_feed,0.028583725411336264,2.25,0.0,0.0,light,4.37599999999974
other_light,unresolved_nonmetal,,0.767914801134705,0.1421710095934117,,,,,,1100.0,,0.41953693783784146,,2.60813713569519e-07,0.50-1.00,0.25-1.00,1.6666666666666667e-05,pneumatic_feed,0.015170293845950348,2.25,0.0,0.0,light,3.8879999999997934
aluminum,partial,0.08400924740933441,0.7584381155801823,0.7584381155801823,0.0218,0.013206253692747368,0.03500625369274737,2700.0,,2455.1447924588906,0.08594542145724351,1.204483735647388,1.1614643064652888,4.943824513770567e-08,0.50-1.00,0.25-1.00,1.6666666666666667e-05,pneumatic_feed,-0.010604254565617775,0.0,0.0,0.0,heavy,1.398000000000001
copper,partial,0.2194777966135134,0.9321591049780431,0.9321591049780431,0.012,0.03204375830557296,0.04404375830557296,8900.0,,3152.404872951197,0.13884375830557294,1.5294736207293391,1.4762424023053506,1.20644201355695e-07,0.50-1.00,0.25-1.00,1.6666666666666667e-05,pneumatic_feed,0.018316996302505124,0.0,0.0,0.0,heavy,0.7060000000000005
copper,heavily_coated,0.6055941021924013,0.2943541103667182,0.2943541103667182,0.012,0.08841673892009058,0.10041673892009058,8900.0,,1944.0657107520665,0.1952167389200906,1.462660387171576,1.7504633483994294,1.6914425947687356e-08,0.25-0.50,0.25-1.00,1.6666666666666667e-05,pneumatic_feed,-0.012074166529958538,0.0,0.0,0.0,heavy,0.7520000000000006
aluminum,partial,0.14400954978919844,0.9538167878801723,0.9538167878801723,0.0218,0.022638301226862,0.044438301226862,2700.0,,2369.3551742677746,0.10529011894753547,1.332621843399468,1.2855480181621053,9.578941929769826e-08,0.50-1.00,0.25-1.00,1.6666666666666667e-05,pneumatic_feed,-0.02564169192091781,0.0,0.0,0.0,heavy,0.9760000000000008
aluminum,heavily_coated,0.30104239031155255,0.6387561163636006,0.6387561163636006,0.0218,0.04732386375697607,0.06912386375697607,2700.0,,2255.647595286687,0.15591907706034766,1.537301189574771,1.5643867276153993,6.361644536781075e-08,0.50-1.00,0.25-1.00,1.6666666666666667e-05,pneumatic_feed,-0.04110118765134994,0.0,0.0,0.0,heavy,0.6820000000000005
copper,heavily_coated,0.49350193772233975,0.8318825019571113,0.8318825019571113,0.012,0.0720512829074616,0.0840512829074616,8900.0,,2127.8828439105737,0.1788512829074616,1.6562530350725775,1.6754849257798525,1.2377018450813693e-07,0.50-1.00,0.25-1.00,1.6666666666666667e-05,pneumatic_feed,0.016928662210112175,0.0,0.0,0.0,heavy,0.5840000000000004
other_light,unresolved_nonmetal,,0.5834330882250517,0.11908570824502566,,,,,,1100.0,,0.3201766324538585,,1.1438378787299342e-07,0.50-1.00,0.25-1.00,1.6666666666666667e-05,pneumatic_feed,0.03010693405938338,2.25,0.0,0.0,light,3.2219999999998667
aluminum,partial,0.24231786036494588,0.8625496214487719,0.8625496214487719,0.0218,0.03809236764936949,0.05989236764936949,2700.0,,2287.197964225151,0.1369857013602622,1.489206693355276,1.4663313297309977,1.0191624530479119e-07,0.50-1.00,0.25-1.00,1.6666666666666667e-05,pneumatic_feed,0.021975708763510824,0.0,0.0,0.0,heavy,0.7380000000000005
other_light,unresolved_nonmetal,,0.61133800872357,0.10910866247364667,,,,,,1100.0,,0.27898700684574507,,1.315938222487985e-07,0.50-1.00,0.25-1.00,1.6666666666666667e-05,pneumatic_feed,0.0004149884963786451,2.25,0.0,0.0,light,3.039999999999887
aluminum,partial,0.11852929156283987,0.746293862675899,0.746293862675899,0.0218,0.018632804633678432,0.04043280463367843,2700.0,,2400.897730747986,0.0970750288927752,1.270792007704364,1.2343782457176566,5.406637704004031e-08,0.50-1.00,0.25-1.00,1.6666666666666667e-05,pneumatic_feed,0.03026643734876245,0.0,0.0,0.0,heavy,1.1380000000000008
aluminum,partial,0.21610580605742222,0.8979097105481004,0.8979097105481004,0.0218,0.03397183271222677,0.05577183271222677,2700.0,,2304.6521277898587,0.12853467293097348,1.4519083381137776,1.4203803104537038,1.036300322740636e-07,0.50-1.00,0.25-1.00,1.6666666666666667e-05,pneumatic_feed,0.033951610638730166,0.0,0.0,0.0,heavy,0.7740000000000006
copper,heavily_coated,0.500355219891075,0.6050782827065097,0.6050782827065097,0.012,0.07305186210409695,0.08505186210409695,8900.0,,2114.6140443576896,0.17985186210409695,1.6088185275555589,1.6801651191433258,6.5847314870366e-08,0.50-1.00,0.25-1.00,1.6666666666666667e-05,pneumatic_feed,-0.017525824449644383,0.0,0.0,0.0,heavy,0.6160000000000004
aluminum,heavily_coated,0.386665611134363,0.31301165671797915,0.31301165671797915,0.0218,0.060783834070321854,0.08258383407032185,2700.0,,2222.2855326570902,0.18352485968582996,1.4882776198400534,1.6972348681395828,1.7981086203752993e-08,0.25-0.50,0.25-1.00,1.6666666666666667e-05,pneumatic_feed,-0.03856495995095928,0.0,0.0,0.0,heavy,0.7380000000000005
aluminum,partial,0.25731327155204,0.964392516493159,0.964392516493159,0.0218,0.04044964628798069,0.06224964628798069,2700.0,,2278.251851022585,0.1418203718810932,1.5218028539747688,1.4919827603044344,1.319004518156997e-07,0.50-1.00,0.25-1.00,1.6666666666666667e-05,pneumatic_feed,0.04466243357718713,0.0,0.0,0.0,heavy,0.7060000000000005
aluminum,partial,0.16598418102941676,0.8170433393568584,0.8170433393568584,0.0218,0.026092713257824314,0.047892713257824314,2700.0,,2346.3895060765926,0.11237495980569426,1.3618225807731192,1.3280953915702656,7.501700775918134e-08,0.50-1.00,0.25-1.00,1.6666666666666667e-05,pneumatic_feed,-0.002504017852828434,0.0,0.0,0.0,heavy,0.9240000000000007
copper,heavily_coated,0.48814716977681755,0.7914591617863083,0.7914591617863083,0.012,0.07126948678741536,0.08326948678741536,8900.0,,2138.472250249623,0.17806948678741535,1.6469245591967014,1.6718189688525704,1.1154408070210486e-07,0.50-1.00,0.25-1.00,1.6666666666666667e-05,pneumatic_feed,0.03695614044067217,0.0,0.0,0.0,heavy,0.5800000000000004
copper,heavily_coated,0.514673472034261,0.41448643161814447,0.41448643161814447,0.012,0.0751423269170021,0.08714232691700209,8900.0,,2087.8754717015004,0.1819423269170021,1.5367133321002149,1.6899014063812319,3.1257510185087734e-08,0.25-0.50,0.25-1.00,1.6666666666666667e-05,pneumatic_feed,0.008564725356037011,0.0,0.0,0.0,heavy,0.6800000000000005
separator,film,,0.8228063502324741,0.8228063502324741,,,0.0139,,,900.0,0.01251,0.472162828657487,0.44312183426231666,8.469398727685888e-09,0.50-1.00,0.25-1.00,1.6666666666666667e-05,pneumatic_feed,-0.03299936335186839,2.25,0.0,0.0,light,4.391999999999738
other_light,unresolved_nonmetal,,0.6973878109655185,0.1822296673706156,,,,,,1100.0,,0.6006816504813759,,1.9535042698763734e-07,0.50-1.00,0.25-1.00,1.6666666666666667e-05,pneumatic_feed,0.02416084196702978,2.25,0.0,0.0,light,6.6699999999994874
aluminum,bare_like,0.016588943098589454,0.9880912977974918,0.9880912977974918,0.0218,0.002607781855098263,0.024407781855098263,2700.0,,2630.6544988644455,0.06420844114441623,1.062171490758677,1.0039002401647075,6.268826859604247e-08,0.50-1.00,0.25-1.00,1.6666666666666667e-05,pneumatic_feed,0.0065744825853462,0.0,0.0,0.0,heavy,3.0059999999998905
aluminum,partial,0.06831980373600649,0.6594317556258498,0.6594317556258498,0.0218,0.010739873147300225,0.032539873147300225,2700.0,,2485.7806776433886,0.08088698792252585,1.1651068014965607,1.1267662412550201,3.517372613750146e-08,0.50-1.00,0.25-1.00,1.6666666666666667e-05,pneumatic_feed,0.004285898183252493,0.0,0.0,0.0,heavy,1.7240000000000013
copper,partial,0.09336675497399183,0.6526985643882138,0.6526985643882138,0.012,0.013631546226202804,0.025631546226202805,8900.0,,4698.56734991224,0.1204315462262028,1.4350453573999726,1.3748794672866707,5.13056952595916e-08,0.50-1.00,0.25-1.00,1.6666666666666667e-05,pneumatic_feed,0.018451705631076624,0.0,0.0,0.0,heavy,0.7880000000000006
aluminum,partial,0.07787679231311284,0.8591658701472399,0.8591658701472399,0.0218,0.01224223175162134,0.03404223175162134,2700.0,,2466.590828190091,0.08396825660967071,1.1977353790949148,1.1480268967865657,6.198251147254718e-08,0.50-1.00,0.25-1.00,1.6666666666666667e-05,pneumatic_feed,0.0019384943421060295,0.0,0.0,0.0,heavy,1.480000000000001
aluminum,heavily_coated,0.27698487093414403,0.6446360584619693,0.6446360584619693,0.0218,0.04354202171084744,0.06534202171084744,2700.0,,2267.4947661327237,0.14816269223787737,1.5070934936497342,1.5249792186668392,6.15698435629832e-08,0.50-1.00,0.25-1.00,1.6666666666666667e-05,pneumatic_feed,0.014018141809321238,0.0,0.0,0.0,heavy,0.7280000000000005
aluminum,partial,0.12536194405828965,0.7107591157430058,0.7107591157430058,0.0218,0.019706897605963135,0.041506897605963135,2700.0,,2391.8420819187,0.09927794438383317,1.2802637743792906,1.2483054974839474,5.015308507320335e-08,0.50-1.00,0.25-1.00,1.6666666666666667e-05,pneumatic_feed,-0.003160989155047481,0.0,0.0,0.0,heavy,1.0860000000000007
separator,film,,0.6470189762948486,0.6470189762948486,,,0.0139,,,900.0,0.01251,0.47008040968897624,0.44312183426231666,5.23710578162728e-09,0.50-1.00,0.25-1.00,1.6666666666666667e-05,pneumatic_feed,-0.027122381529877726,2.25,0.0,0.0,light,4.37999999999974
aluminum,partial,0.12537389557223144,0.735605711632309,0.735605711632309,0.0218,0.019708776383954782,0.04150877638395478,2700.0,,2391.826652587632,0.09928179767144313,1.2825529592217677,1.248329722569711,5.3722945697612156e-08,0.50-1.00,0.25-1.00,1.6666666666666667e-05,pneumatic_feed,-0.04035994202836726,0.0,0.0,0.0,heavy,1.1200000000000008
aluminum,bare_like,0.04083707074510795,0.5293343881821848,0.5293343881821848,0.0218,0.006419587521130969,0.02821958752113097,2700.0,,2552.3505588094304,0.07202627997893025,1.0955003661608724,1.0632612522561373,2.0181395920803112e-08,0.50-1.00,0.25-1.00,1.6666666666666667e-05,pneumatic_feed,0.027159014910254596,0.0,0.0,0.0,heavy,2.3319999999999648
aluminum,partial,0.10216106108336576,0.7723804028921109,0.7723804028921109,0.0218,0.016059718802305098,0.0378597188023051,2700.0,,2424.6811811581347,0.09179774770388796,1.2415654338879216,1.2003572168151553,5.476391883000915e-08,0.50-1.00,0.25-1.00,1.6666666666666667e-05,pneumatic_feed,0.008541100530484198,0.0,0.0,0.0,heavy,1.266000000000001
aluminum,partial,0.06508950506155514,0.7507231331901205,0.7507231331901205,0.0218,0.010232070195676471,0.03203207019567647,2700.0,,2492.673962036745,0.07984550732689599,1.1646821878645808,1.1194887596590506,4.499974802896543e-08,0.50-1.00,0.25-1.00,1.6666666666666667e-05,pneumatic_feed,0.021340788162383426,0.0,0.0,0.0,heavy,1.6900000000000013
aluminum,partial,0.1908466503792935,0.5128030814431521,0.5128030814431521,0.0218,0.03000109343962494,0.05180109343962494,2700.0,,2324.098982371977,0.12039086854878801,1.3589257087516617,1.3746472539316321,3.165882557031214e-08,0.50-1.00,0.25-1.00,1.6666666666666667e-05,pneumatic_feed,0.019419468493626788,0.0,0.0,0.0,heavy,0.9500000000000007
other_light,unresolved_nonmetal,,0.9419669892134112,0.17458989796471294,,,,,,1100.0,,0.5655546606833968,,4.81391433614164e-07,0.50-1.00,0.25-1.00,1.6666666666666667e-05,pneumatic_feed,0.010688571228139803,2.25,0.0,0.0,light,5.82999999999958
copper,heavily_coated,0.5089061895412924,0.6124937634282828,0.6124937634282828,0.012,0.07430030367302869,0.08630030367302868,8900.0,,2098.4897615097007,0.1811003036730287,1.6139652924390668,1.6859864668649802,6.79395272367145e-08,0.50-1.00,0.25-1.00,1.6666666666666667e-05,pneumatic_feed,0.026976979064592118,0.0,0.0,0.0,heavy,0.5960000000000004
aluminum,partial,0.25920520701787264,0.6005142517948937,0.6005142517948937,0.0218,0.04074705854320958,0.06254705854320958,2700.0,,2277.1710470802827,0.14243035079463232,1.4742334781087303,1.4951878765133662,5.136285802872519e-08,0.50-1.00,0.25-1.00,1.6666666666666667e-05,pneumatic_feed,0.011499631952894286,0.0,0.0,0.0,heavy,0.7560000000000006
aluminum,partial,0.11660989539738897,0.9860394091207685,0.9860394091207685,0.0218,0.018331075556469546,0.040131075556469546,2700.0,,2403.5288124622025,0.09645619637507218,1.282427134320958,1.2304375068662095,9.37818245135384e-08,0.50-1.00,0.25-1.00,1.6666666666666667e-05,pneumatic_feed,-0.003491061384219641,0.0,0.0,0.0,heavy,1.0640000000000007
aluminum,heavily_coated,0.329344242656616,0.9663904203881817,0.9663904203881817,0.0218,0.051772914945620044,0.07357291494562004,2700.0,,2243.2695156486384,0.16504387727491956,1.625086866771543,1.6095119439467163,1.5413620080730642e-07,0.50-1.00,0.25-1.00,1.6666666666666667e-05,pneumatic_feed,0.028635260708364675,0.0,0.0,0.0,heavy,0.6000000000000004
aluminum,partial,0.11156632100210229,0.7657769013774136,0.7657769013774136,0.0218,0.01753822566153048,0.03933822566153048,2700.0,,2410.6348458675848,0.0948300975542878,1.2592073119477651,1.2200218076789042,5.560972173747295e-08,0.50-1.00,0.25-1.00,1.6666666666666667e-05,pneumatic_feed,-0.0018370119946440559,0.0,0.0,0.0,heavy,1.2240000000000009
copper,heavily_coated,0.6636832424755976,0.8792468135327625,0.8792468135327625,0.012,0.09689775340143725,0.10889775340143724,8900.0,,1870.5413751790845,0.20369775340143725,1.734867601683637,1.7880827546254563,1.5747363238110907e-07,0.50-1.00,0.25-1.00,1.6666666666666667e-05,pneumatic_feed,0.022516441404347554,0.0,0.0,0.0,heavy,0.5340000000000004
copper,partial,0.46022470493575607,0.43747808959294554,0.43747808959294554,0.012,0.06719280692062038,0.07919280692062038,8900.0,,2197.078417677803,0.17399280692062039,1.5346898709008765,1.6525710566950087,3.329997506160686e-08,0.25-0.50,0.25-1.00,1.6666666666666667e-05,pneumatic_feed,0.04667579527171235,0.0,0.0,0.0,heavy,0.7160000000000005
aluminum,partial,0.18365255189079815,0.9153923566395114,0.9153923566395114,0.0218,0.02887018115723347,0.05067018115723347,2700.0,,2330.1953251109867,0.11807141925511223,1.40000544998826,1.361340881861792,9.893713893488106e-08,0.50-1.00,0.25-1.00,1.6666666666666667e-05,pneumatic_feed,-0.027273334572580236,0.0,0.0,0.0,heavy,0.8120000000000006
other_light,unresolved_nonmetal,,0.8482608175988777,0.12486732940983059,,,,,,1100.0,,0.34457886586620307,,3.515438687028218e-07,0.50-1.00,0.25-1.00,1.6666666666666667e-05,pneumatic_feed,-0.0050703041566557226,2.25,0.0,0.0,light,3.3679999999998507
separator,film,,0.5218965645630887,0.5218965645630887,,,0.0139,,,900.0,0.01251,0.4677760631721112,0.44312183426231666,3.4074240615254564e-09,0.50-1.00,0.25-1.00,1.6666666666666667e-05,pneumatic_feed,-0.004584208350037961,2.25,0.0,0.0,light,4.361999999999742
separator,film,,0.6293596879445291,0.6293596879445291,,,0.0139,,,900.0,0.01251,0.4698089548230483,0.44312183426231666,4.955131146288535e-09,0.50-1.00,0.25-1.00,1.6666666666666667e-05,pneumatic_feed,-0.022986702621681687,2.25,0.0,0.0,light,4.37599999999974
aluminum,heavily_coated,0.36024155392898555,0.5518818907033297,0.5518818907033297,0.0218,0.05662997227763654,0.07842997227763654,2700.0,,2231.3596998700605,0.17500547940224423,1.5851011522219647,1.6573732243214339,5.330205260648336e-08,0.50-1.00,0.25-1.00,1.6666666666666667e-05,pneumatic_feed,0.00736580661358707,0.0,0.0,0.0,heavy,0.6460000000000005
aluminum,partial,0.06422929760890367,0.9431516795724171,0.9431516795724171,0.0218,0.010096845584119656,0.031896845584119655,2700.0,,2494.546604373346,0.07956816784208663,1.1722547053126673,1.117542823541627,7.077867739667357e-08,0.50-1.00,0.25-1.00,1.6666666666666667e-05,pneumatic_feed,-0.011716731234404285,0.0,0.0,0.0,heavy,1.5680000000000012
aluminum,partial,0.18490365670261905,0.8011329701969148,0.8011329701969148,0.0218,0.02906685483365172,0.05086685483365172,2700.0,,2329.11565586148,0.1184747879574914,1.392228439995796,1.3636642811853603,7.603878181572224e-08,0.50-1.00,0.25-1.00,1.6666666666666667e-05,pneumatic_feed,0.033133069672245656,0.0,0.0,0.0,heavy,0.8480000000000006
aluminum,partial,0.1644029510217821,0.816874073692497,0.816874073692497,0.0218,0.025844143900624145,0.047644143900624145,2700.0,,2347.930853207488,0.11186515543893277,1.3590856869528558,1.32507942394767,7.464574473708921e-08,0.50-1.00,0.25-1.00,1.6666666666666667e-05,pneumatic_feed,-0.010644502073847519,0.0,0.0,0.0,heavy,0.9440000000000007
aluminum,partial,0.1444990353227879,0.8520547114426655,0.8520547114426655,0.0218,0.02271524835274226,0.04451524835274226,2700.0,,2368.8048001629127,0.10544793397842005,1.3267748424850805,1.2865110849601262,7.655490811375702e-08,0.50-1.00,0.25-1.00,1.6666666666666667e-05,pneumatic_feed,-0.030460631112168124,0.0,0.0,0.0,heavy,0.9820000000000008
aluminum,partial,0.15019966858765066,0.6294179148161642,0.6294179148161642,0.0218,0.023611387901978684,0.045411387901978684,2700.0,,2362.5323978408896,0.10728587514934446,1.3148028207140074,1.2976744955281008,4.250311380458148e-08,0.50-1.00,0.25-1.00,1.6666666666666667e-05,pneumatic_feed,-0.01239697302685007,0.0,0.0,0.0,heavy,1.0180000000000007
copper,partial,0.25560462628857306,0.5071934579556101,0.5071934579556101,0.012,0.03731827543813167,0.049318275438131665,8900.0,,2922.2083326681573,0.14411827543813166,1.4915945693016777,1.5040214264686904,3.707373513537346e-08,0.50-1.00,0.25-1.00,1.6666666666666667e-05,pneumatic_feed,-0.023932797787281634,0.0,0.0,0.0,heavy,0.7200000000000005
other_light,unresolved_nonmetal,,0.7554655377984775,0.08563245660370283,,,,,,1100.0,,0.18787925676270398,,2.4833348369748603e-07,0.50-1.00,0.25-1.00,1.6666666666666667e-05,pneumatic_feed,-0.026039255488236362,2.25,0.0,0.0,light,2.619999999999933
aluminum,partial,0.05066540852854079,0.8087259824369273,0.8087259824369273,0.0218,0.007964602220686613,0.029764602220686612,2700.0,,2526.3241822000814,0.07519503436368684,1.1364161424496602,1.086398296837964,4.918038842965057e-08,0.50-1.00,0.25-1.00,1.6666666666666667e-05,pneumatic_feed,0.003045968668856363,0.0,0.0,0.0,heavy,1.8480000000000014
other_light,unresolved_nonmetal,,0.950409307557441,0.19405204947216576,,,,,,1100.0,,0.6553932570213372,,4.944511027942471e-07,0.50-1.00,0.25-1.00,1.6666666666666667e-05,pneumatic_feed,-0.014460713555823332,0.6209164449696479,-2.0869385677999796e-66,-0.23182218282271191,active,
copper,partial,0.39320407080800895,0.9193543783298534,0.9193543783298534,0.012,0.0574077943379693,0.0694077943379693,8900.0,,2365.8408382549624,0.1642077943379693,1.6218826473486065,1.6054300171383262,1.3879047593076143e-07,0.50-1.00,0.25-1.00,1.6666666666666667e-05,pneumatic_feed,0.018288062916715985,0.0,0.0,0.0,heavy,0.6480000000000005
aluminum,partial,0.22390944954776426,0.7881947329867458,0.7881947329867458,0.0218,0.035198565468908545,0.056998565468908545,2700.0,,2299.191998089494,0.13105064562869467,1.4529225798160537,1.4342143960328917,8.141533640544122e-08,0.50-1.00,0.25-1.00,1.6666666666666667e-05,pneumatic_feed,-0.026954432129031623,0.0,0.0,0.0,heavy,0.7740000000000006
aluminum,partial,0.24844830403660206,0.802584032960911,0.802584032960911,0.0218,0.039056073394553845,0.060856073394553845,2700.0,,2283.4568507812555,0.13896221770444087,1.4915672619054319,1.4768720219060634,8.951127993441421e-08,0.50-1.00,0.25-1.00,1.6666666666666667e-05,pneumatic_feed,0.022916481394433478,0.0,0.0,0.0,heavy,0.7300000000000005
copper,partial,0.3375316849609176,0.7918766761946447,0.7918766761946447,0.012,0.049279626004293975,0.06127962600429397,8900.0,,2547.0068305142267,0.15607962600429398,1.5786719483005074,1.5651919402307817,9.787264353960221e-08,0.50-1.00,0.25-1.00,1.6666666666666667e-05,pneumatic_feed,0.012689788165768713,0.0,0.0,0.0,heavy,0.6580000000000005
aluminum,partial,0.052834303212463796,0.9044987101220555,0.9044987101220555,0.0218,0.00830555246499931,0.03010555246499931,2700.0,,2520.9405403526516,0.07589430769873046,1.1454491553069273,1.0914380667904493,6.209049289723051e-08,0.50-1.00,0.25-1.00,1.6666666666666667e-05,pneumatic_feed,-0.020222801824772176,0.0,0.0,0.0,heavy,1.7880000000000014
aluminum,partial,0.26680542420038034,0.9246017253187941,0.9246017253187941,0.0218,0.04194181268429979,0.06374181268429979,2700.0,,2272.930917951916,0.14488073681644462,1.5321858638338022,1.5079947098948707,1.238568541108006e-07,0.50-1.00,0.25-1.00,1.6666666666666667e-05,pneumatic_feed,-0.017420278853389155,0.0,0.0,0.0,heavy,0.7020000000000005
separator,film,,0.7654070284460901,0.7654070284460901,,,0.0139,,,900.0,0.01251,0.47158527163901803,0.44312183426231666,7.328957469125368e-09,0.50-1.00,0.25-1.00,1.6666666666666667e-05,pneumatic_feed,0.02757435956881122,2.25,0.0,0.0,light,4.385999999999739
aluminum,partial,0.24105134646126392,0.5189295361641374,0.5189295361641374,0.0218,0.03789327166371069,0.05969327166371069,2700.0,,2287.9859120807,0.1365773646125761,1.4308057917209542,1.464144226146794,3.67786267194628e-08,0.50-1.00,0.25-1.00,1.6666666666666667e-05,pneumatic_feed,-0.015753993746340227,0.0,0.0,0.0,heavy,0.7960000000000006
copper,partial,0.26658575121851225,0.8116738820909275,0.8116738820909275,0.012,0.03892151967790279,0.05092151967790279,8900.0,,2861.688351008466,0.14572151967790278,1.545155794760522,1.5123640345050402,9.600344879518991e-08,0.50-1.00,0.25-1.00,1.6666666666666667e-05,pneumatic_feed,-0.04348683181494217,0.0,0.0,0.0,heavy,0.6740000000000005
aluminum,bare_like,0.02413426775665552,0.660138051357896,0.660138051357896,0.0218,0.0037939068913462465,0.025593906891346246,2700.0,,2603.7888451471963,0.06664112926742331,1.0678817030641565,1.0227410058179325,2.9041021044819023e-08,0.50-1.00,0.25-1.00,1.6666666666666667e-05,pneumatic_feed,-0.007274761781847747,0.0,0.0,0.0,heavy,2.8159999999999115
aluminum,partial,0.1387562237444171,0.8428781598944046,0.8428781598944046,0.0218,0.021812478372622367,0.04361247837262237,2700.0,,2375.384246965197,0.10359639409743751,1.315674323275894,1.2751662643566835,7.359939438506443e-08,0.50-1.00,0.25-1.00,1.6666666666666667e-05,pneumatic_feed,0.03499325780024684,0.0,0.0,0.0,heavy,0.9960000000000008
copper,partial,0.34843336872012903,0.6886824718929139,0.6886824718929139,0.012,0.050871271833138845,0.06287127183313884,8900.0,,2507.8428865189876,0.15767127183313884,1.567925029335929,1.5731523393152196,7.478089007961225e-08,0.50-1.00,0.25-1.00,1.6666666666666667e-05,pneumatic_feed,0.023912173787363104,0.0,0.0,0.0,heavy,0.6620000000000005
other_light,unresolved_nonmetal,,0.542357950292619,0.0867649764105083,,,,,,1100.0,,0.19204923709372762,,9.188599864484052e-08,0.50-1.00,0.25-1.00,1.6666666666666667e-05,pneumatic_feed,-0.030987739488541007,2.25,0.0,0.0,light,2.6319999999999317
copper,partial,0.3195413930001428,0.9015632018460324,0.9015632018460324,0.012,0.04665304337802084,0.05865304337802084,8900.0,,2616.2844166330947,0.15345304337802085,1.5823260358290367,1.5519661622797758,1.2472912065929354e-07,0.50-1.00,0.25-1.00,1.6666666666666667e-05,pneumatic_feed,-0.02696157290907539,0.0,0.0,0.0,heavy,0.6260000000000004
separator,film,,0.8400775047751663,0.8400775047751663,,,0.0139,,,900.0,0.01251,0.4723215366924339,0.44312183426231666,8.828684977506161e-09,0.50-1.00,0.25-1.00,1.6666666666666667e-05,pneumatic_feed,-0.015192798337353612,2.25,0.0,0.0,light,4.393999999999738
aluminum,partial,0.20082647419734892,0.6436778446901904,0.6436778446901904,0.0218,0.031569921743823254,0.053369921743823254,2700.0,,2316.0697918818487,0.12360846354596727,1.3981805686739062,1.3928957045728523,5.121360295953153e-08,0.50-1.00,0.25-1.00,1.6666666666666667e-05,pneumatic_feed,-0.03697103880631318,0.0,0.0,0.0,heavy,0.8380000000000006
other_light,unresolved_nonmetal,,0.8951406636924255,0.14392187413680652,,,,,,1100.0,,0.42725978965083744,,4.1310948498638623e-07,0.50-1.00,0.25-1.00,1.6666666666666667e-05,pneumatic_feed,-0.013373851223077955,2.25,0.0,0.0,light,3.9399999999997877
aluminum,heavily_coated,0.3074913090742947,0.9389714357948282,0.9389714357948282,0.0218,0.04833763378647914,0.07013763378647914,2700.0,,2252.6889549715843,0.15799827295864335,1.5920079275273302,1.5747828079957142,1.3930191976771023e-07,0.50-1.00,0.25-1.00,1.6666666666666667e-05,pneumatic_feed,0.02468323675677768,0.0,0.0,0.0,heavy,0.6440000000000005
copper,bare_like,0.020944090238370988,0.6459045046753134,0.6459045046753134,0.012,0.003057837174802163,0.015057837174802163,8900.0,,7295.724870676557,0.10985783717480216,1.3914042707481136,1.3131369358508254,4.5831879924771726e-08,0.50-1.00,0.25-1.00,1.6666666666666667e-05,pneumatic_feed,-0.01689471709959416,0.0,0.0,0.0,heavy,0.8440000000000006
aluminum,heavily_coated,0.358871842298805,0.9793711648584338,0.9793711648584338,0.0218,0.056414653609372145,0.07821465360937215,2700.0,,2231.8563417461764,0.1745638706755577,1.665911640575483,1.6552807961562153,1.6743605750842746e-07,0.50-1.00,0.25-1.00,1.6666666666666667e-05,pneumatic_feed,0.007951260152709996,0.0,0.0,0.0,heavy,0.5620000000000004
copper,partial,0.1583663782055842,0.7410686221219858,0.7410686221219858,0.012,0.02312149121801529,0.03512149121801529,8900.0,,3699.20201883037,0.12992149121801527,1.4793621417419418,1.4280223129061982,7.135063568511564e-08,0.50-1.00,0.25-1.00,1.6666666666666667e-05,pneumatic_feed,0.028839799794504687,0.0,0.0,0.0,heavy,0.7340000000000005
separator,film,,0.9756637764664289,0.9756637764664289,,,0.0139,,,900.0,0.01251,0.47337631831151494,0.44312183426231666,1.190851675690626e-08,0.50-1.00,0.25-1.00,1.6666666666666667e-05,pneumatic_feed,0.004121026999241167,2.25,0.0,0.0,light,4.3999999999997375
aluminum,partial,0.07931665309764752,0.9833958898661666,0.9833958898661666,0.0218,0.012468577866950187,0.03426857786695019,2700.0,,2463.84552207059,0.08443248212521254,1.2063910490429162,1.151196003918245,8.165190739860962e-08,0.50-1.00,0.25-1.00,1.6666666666666667e-05,pneumatic_feed,-0.035386514446777304,0.0,0.0,0.0,heavy,1.462000000000001
aluminum,partial,0.08605760502648296,0.5656743199635179,0.5656743199635179,0.0218,0.013528255510163123,0.03532825551016312,2700.0,,2451.460769458992,0.08660583243658837,1.191455881008059,1.1659181557573803,2.771277828708301e-08,0.50-1.00,0.25-1.00,1.6666666666666667e-05,pneumatic_feed,-0.012690509661433048,0.0,0.0,0.0,heavy,1.490000000000001
copper,partial,0.2077148754767446,0.9442960943080136,0.9442960943080136,0.012,0.030326371819604712,0.04232637181960471,8900.0,,3239.738392981998,0.13712637181960471,1.523373181095829,1.4670840235243912,1.2227491571442966e-07,0.50-1.00,0.25-1.00,1.6666666666666667e-05,pneumatic_feed,-0.0027304990093674347,0.0,0.0,0.0,heavy,0.7060000000000005
aluminum,bare_like,0.04260848552175258,0.7105084843568426,0.7105084843568426,0.0218,0.006698053924019506,0.028498053924019506,2700.0,,2547.4512052866785,0.07259740181706825,1.1131952606645672,1.067468415889062,3.664878781980607e-08,0.50-1.00,0.25-1.00,1.6666666666666667e-05,pneumatic_feed,-0.024890384496413252,0.0,0.0,0.0,heavy,2.2079999999999784
aluminum,partial,0.05278160431181972,0.8910454271013646,0.8910454271013646,0.0218,0.00829726819781806,0.03009726819781806,2700.0,,2521.069904001275,0.0758773170461738,1.1447916539668617,1.0913158884377814,6.024370284238817e-08,0.50-1.00,0.25-1.00,1.6666666666666667e-05,pneumatic_feed,0.013520717310884195,0.0,0.0,0.0,heavy,1.7980000000000014
aluminum,partial,0.1985364724239046,0.7457018973372636,0.7457018973372636,0.0218,0.03120993346503781,0.05300993346503781,2700.0,,2317.8701809770973,0.12287014407419108,1.4083591890979457,1.3887295566050661,6.832456316613011e-08,0.50-1.00,0.25-1.00,1.6666666666666667e-05,pneumatic_feed,-0.03861806668018277,0.0,0.0,0.0,heavy,0.8360000000000006
aluminum,partial,0.05596713552339416,0.578484549381127,0.578484549381127,0.0218,0.008798033704277564,0.030598033704277564,2700.0,,2513.376019758629,0.07690436416409752,1.1324135415380367,1.0986768860405114,2.5735612793771415e-08,0.50-1.00,0.25-1.00,1.6666666666666667e-05,pneumatic_feed,0.010170007738537217,0.0,0.0,0.0,heavy,1.9680000000000015
aluminum,partial,0.2505694314691267,0.4461272337130702,0.4461272337130702,0.0218,0.03938951462694672,0.06118951462694672,2700.0,,2282.189869479102,0.13964609039996112,1.4214476302225685,1.4805016159794593,2.7793692758660728e-08,0.25-0.50,0.25-1.00,1.6666666666666667e-05,pneumatic_feed,0.004115426739624014,0.0,0.0,0.0,heavy,0.8000000000000006
separator,film,,0.947315542036179,0.947315542036179,,,0.0139,,,900.0,0.01251,0.4731802167514333,0.44312183426231666,1.1226558269653078e-08,0.50-1.00,0.25-1.00,1.6666666666666667e-05,pneumatic_feed,0.0287100805015629,2.25,0.0,0.0,light,4.3999999999997375
other_light,unresolved_nonmetal,,0.5631787785775164,0.17192733130779084,,,,,,1100.0,,0.5533631130224921,,1.0287980968516397e-07,0.50-1.00,0.25-1.00,1.6666666666666667e-05,pneumatic_feed,0.03502872238413651,2.25,0.0,0.0,light,5.587999999999607
separator,film,,0.4600552663508273,0.4600552663508273,,,0.0139,,,900.0,0.01251,0.46619411979084385,0.44312183426231666,2.647752109695104e-09,0.25-0.50,0.25-1.00,1.6666666666666667e-05,pneumatic_feed,-0.03164257730211475,2.25,0.0,0.0,light,4.355999999999742
aluminum,bare_like,0.026901643002141592,0.8372210588421098,0.8372210588421098,0.0218,0.004228938279936659,0.02602893827993666,2700.0,,2594.5491127609994,0.06753335872032047,1.0827514519508328,1.029564761670751,4.7336771773831737e-08,0.50-1.00,0.25-1.00,1.6666666666666667e-05,pneumatic_feed,-0.00552722297355669,0.0,0.0,0.0,heavy,2.539999999999942
aluminum,heavily_coated,0.29849956958006635,0.6811022853716862,0.6811022853716862,0.0218,0.04692413233798644,0.06872413233798644,2700.0,,2256.8381869927216,0.15509924622830917,1.54255871780294,1.560268492535673,7.195059044385566e-08,0.50-1.00,0.25-1.00,1.6666666666666667e-05,pneumatic_feed,0.004106771503753736,0.0,0.0,0.0,heavy,0.7140000000000005
aluminum,heavily_coated,0.30244518547225957,0.6460667976525396,0.6460667976525396,0.0218,0.0475443831562392,0.0693443831562392,2700.0,,2254.996657707551,0.1563713522481112,1.5406481091868758,1.5666539965437019,6.526976318160719e-08,0.50-1.00,0.25-1.00,1.6666666666666667e-05,pneumatic_feed,-0.019615141255019848,0.0,0.0,0.0,heavy,0.6980000000000005
aluminum,partial,0.23293316023377653,0.6468590916112641,0.6468590916112641,0.0218,0.036617092788749674,0.058417092788749674,2700.0,,2293.164103105979,0.13395998019097188,1.4463992150180356,1.450046843752813,5.6052430353618106e-08,0.50-1.00,0.25-1.00,1.6666666666666667e-05,pneumatic_feed,-0.01782188551983905,0.0,0.0,0.0,heavy,0.7820000000000006
aluminum,partial,0.18859545560894675,0.9132801554829053,0.9132801554829053,0.0218,0.02964720562172643,0.05144720562172643,2700.0,,2325.977852378154,0.11966506084288052,1.408180813807821,1.3704972801833109,9.981031082053081e-08,0.50-1.00,0.25-1.00,1.6666666666666667e-05,pneumatic_feed,-0.00869206291441995,0.0,0.0,0.0,heavy,0.8380000000000006
other_light,unresolved_nonmetal,,0.7669506369159145,0.1607598619056055,,,,,,1100.0,,0.5025658807682654,,2.5983254358980914e-07,0.50-1.00,0.25-1.00,1.6666666666666667e-05,pneumatic_feed,0.004952278206596313,2.25,0.0,0.0,light,4.797999999999694
other_light,unresolved_nonmetal,,0.8979690454106658,0.12801656521402782,,,,,,1100.0,,0.35801775889713544,,4.1703778525548837e-07,0.50-1.00,0.25-1.00,1.6666666666666667e-05,pneumatic_feed,0.002371119658337913,2.25,0.0,0.0,light,3.4339999999998434
aluminum,heavily_coated,0.3797411886059434,0.6914553435479287,0.6914553435479287,0.0218,0.059695314848854306,0.0814953148488543,2700.0,,2224.5739764878135,0.1812923566184422,1.6446794859950866,1.686880206026222,8.667777784061636e-08,0.50-1.00,0.25-1.00,1.6666666666666667e-05,pneumatic_feed,0.022458970232428915,0.0,0.0,0.0,heavy,0.5980000000000004
separator,film,,0.9472495570972266,0.9472495570972266,,,0.0139,,,900.0,0.01251,0.47317974689512493,0.44312183426231666,1.1224994359995358e-08,0.50-1.00,0.25-1.00,1.6666666666666667e-05,pneumatic_feed,-0.025631550928206813,2.25,0.0,0.0,light,4.3999999999997375
other_light,unresolved_nonmetal,,0.9765147493404438,0.10297573941706825,,,,,,1100.0,,0.2543248334894179,,5.363246145651835e-07,0.50-1.00,0.25-1.00,1.6666666666666667e-05,pneumatic_feed,0.020914242738383236,2.25,0.0,0.0,light,2.8879999999999035
separator,film,,0.762000034256296,0.762000034256296,,,0.0139,,,900.0,0.01251,0.471548326794426,0.44312183426231666,7.26385709310452e-09,0.50-1.00,0.25-1.00,1.6666666666666667e-05,pneumatic_feed,-0.02780207744789117,2.25,0.0,0.0,light,4.385999999999739
copper,partial,0.07299121055506046,0.3922352561440673,0.3922352561440673,0.012,0.010656716741038828,0.022656716741038828,8900.0,,5184.18966364556,0.11745671674103882,1.393535165992627,1.3577925563087114,1.8070539234782057e-08,0.25-0.50,0.25-1.00,1.6666666666666667e-05,pneumatic_feed,0.0021881016676396476,0.0,0.0,0.0,heavy,0.8360000000000006
aluminum,partial,0.10186295661109929,0.5524228911876872,0.5524228911876872,0.0218,0.01601285677926481,0.03781285677926481,2700.0,,2425.144346440133,0.09170163584098452,1.2195208662791306,1.1997286677245373,2.7984684561250603e-08,0.50-1.00,0.25-1.00,1.6666666666666667e-05,pneumatic_feed,-0.0033087299151949574,0.0,0.0,0.0,heavy,1.338000000000001
aluminum,partial,0.06460930994811126,0.6354349683979453,0.6354349683979453,0.0218,0.01015658352384309,0.03195658352384309,2700.0,,2493.7173762931393,0.07969068762037056,1.1554657748640278,1.1184028938130197,3.217731451502461e-08,0.50-1.00,0.25-1.00,1.6666666666666667e-05,pneumatic_feed,0.001533855090278856,0.0,0.0,0.0,heavy,1.7420000000000013
other_light,unresolved_nonmetal,,0.6988465535467034,0.18885243483803532,,,,,,1100.0,,0.6312842181691921,,1.9657885025791038e-07,0.50-1.00,0.25-1.00,1.6666666666666667e-05,pneumatic_feed,0.021223802552611082,2.25,0.0,0.0,light,8.11599999999938
aluminum,partial,0.22682562426438396,0.6485069580275652,0.6485069580275652,0.0218,0.03565698813436116,0.05745698813436116,2700.0,,2297.2114237945093,0.13199084951908002,1.437813911315559,1.4393499831700003,5.551023991062294e-08,0.50-1.00,0.25-1.00,1.6666666666666667e-05,pneumatic_feed,0.01621526560518189,0.0,0.0,0.0,heavy,0.7760000000000006
other_light,unresolved_nonmetal,,0.7597336488663397,0.11585924550511045,,,,,,1100.0,,0.30672213008244326,,2.5256629481326195e-07,0.50-1.00,0.25-1.00,1.6666666666666667e-05,pneumatic_feed,-0.034599963732825936,2.25,0.0,0.0,light,3.1419999999998756
separator,film,,0.5975110337890716,0.5975110337890716,,,0.0139,,,900.0,0.01251,0.46928017285697443,0.44312183426231666,4.46631313810106e-09,0.50-1.00,0.25-1.00,1.6666666666666667e-05,pneumatic_feed,0.028971538991316444,2.25,0.0,0.0,light,4.37599999999974
copper,partial,0.3547100161810849,0.6753887835061687,0.6753887835061687,0.012,0.0517876623624384,0.0637876623624384,8900.0,,2486.1808144238144,0.15858766236243838,1.5682947567061882,1.577717322095702,7.233976359582711e-08,0.50-1.00,0.25-1.00,1.6666666666666667e-05,pneumatic_feed,-0.018859988806961714,0.0,0.0,0.0,heavy,0.6460000000000005
aluminum,bare_like,0.03204583958014352,0.7177887372454737,0.7177887372454737,0.0218,0.005037605981998563,0.026837605981998563,2700.0,,2578.169572406899,0.06919189913903408,1.0895220335767926,1.0421305335159694,3.564909672407335e-08,0.50-1.00,0.25-1.00,1.6666666666666667e-05,pneumatic_feed,-0.028155004686181852,0.0,0.0,0.0,heavy,2.485999999999948
copper,partial,0.08105906001242968,0.9947457836137511,0.9947457836137511,0.012,0.011834622761814736,0.023834622761814736,8900.0,,4977.407192358771,0.11863462276181473,1.4449680242622345,1.3645838335805698,1.1739123392512915e-07,0.50-1.00,0.25-1.00,1.6666666666666667e-05,pneumatic_feed,0.010583582182416642,0.0,0.0,0.0,heavy,0.7640000000000006
aluminum,heavily_coated,0.2842776184761963,0.9806100199313903,0.9806100199313903,0.0218,0.044688441624458064,0.06648844162445806,2700.0,,2263.761088326414,0.15051394697291046,1.5632494236683616,1.5370318512271641,1.4473361103759005e-07,0.50-1.00,0.25-1.00,1.6666666666666667e-05,pneumatic_feed,-0.016152035296902602,0.0,0.0,0.0,heavy,0.6600000000000005
aluminum,bare_like,0.005703524955589404,0.5444048587071391,0.5444048587071391,0.0218,0.0008965941230186548,0.022696594123018655,2700.0,,2674.3604415682526,0.06069887348093158,1.0164152817942878,0.9760786434282342,1.7989728792217296e-08,0.50-1.00,0.25-1.00,1.6666666666666667e-05,pneumatic_feed,0.021285394067637242,0.0,0.0,0.0,heavy,4.5359999999997225
aluminum,partial,0.10966476380646412,0.8417056210906497,0.8417056210906497,0.0218,0.01723930087037616,0.03903930087037616,2700.0,,2413.388928548563,0.0942170164988421,1.2608481127022113,1.216071663581479,6.674977446352245e-08,0.50-1.00,0.25-1.00,1.6666666666666667e-05,pneumatic_feed,-0.018397884031787375,0.0,0.0,0.0,heavy,1.1540000000000008
aluminum,partial,0.16263165253803935,0.7078845454942851,0.7078845454942851,0.0218,0.025565695778979783,0.04736569577897978,2700.0,,2349.6766861425476,0.11129407109478927,1.3453068842793754,1.3216927554858626,5.576951798359419e-08,0.50-1.00,0.25-1.00,1.6666666666666667e-05,pneumatic_feed,-0.012121203074302749,0.0,0.0,0.0,heavy,0.9540000000000007
separator,film,,0.29142271437316775,0.29142271437316775,,,0.0139,,,900.0,0.01251,0.4586929796973591,0.44312183426231666,1.0624392526423376e-09,0.25-0.50,0.25-1.00,1.6666666666666667e-05,pneumatic_feed,0.030889827200069178,2.25,0.0,0.0,light,4.28999999999975
other_light,unresolved_nonmetal,,0.6249035359321968,0.18581489904719828,,,,,,1100.0,,0.6172325319608499,,1.4054980703292527e-07,0.50-1.00,0.25-1.00,1.6666666666666667e-05,pneumatic_feed,-0.02862003089234742,2.25,0.0,0.0,light,7.345999999999413
aluminum,partial,0.22462095889636277,0.6240431310974575,0.6240431310974575,0.0218,0.03531041473850823,0.05711041473850823,2700.0,,2298.7058307818106,0.13128004335777632,1.4303963091384393,1.4354691081815927,5.112436489762233e-08,0.50-1.00,0.25-1.00,1.6666666666666667e-05,pneumatic_feed,-0.013501566729284216,0.0,0.0,0.0,heavy,0.7900000000000006
aluminum,bare_like,0.028345185709367143,0.6997817866075637,0.6997817866075637,0.0218,0.004455863193512516,0.026255863193512516,2700.0,,2589.850915332263,0.06799877132455706,1.0799571883241168,1.0331063424015205,3.3298627647335086e-08,0.50-1.00,0.25-1.00,1.6666666666666667e-05,pneumatic_feed,-0.002891313694679769,0.0,0.0,0.0,heavy,2.5819999999999372
aluminum,partial,0.25105283737545864,0.9715058492201383,0.9715058492201383,0.0218,0.0394655060354221,0.0612655060354221,2700.0,,2281.9030535288784,0.13980194529822162,1.5129272922401213,1.481327557767318,1.31948377405038e-07,0.50-1.00,0.25-1.00,1.6666666666666667e-05,pneumatic_feed,-0.019021523943266665,0.0,0.0,0.0,heavy,0.7020000000000005
aluminum,partial,0.05936507368562599,0.7997997322467421,0.7997997322467421,0.0218,0.009332189583380404,0.031132189583380404,2700.0,,2505.4419380968343,0.07799989340698268,1.155135136643463,1.1064747294520558,4.9894941527372985e-08,0.50-1.00,0.25-1.00,1.6666666666666667e-05,pneumatic_feed,-0.03141515658279453,0.0,0.0,0.0,heavy,1.7060000000000013
aluminum,partial,0.0918806143306139,0.8390391613010677,0.8390391613010677,0.0218,0.014443632572772508,0.03624363257277251,2700.0,,2441.3454884432567,0.08848322886633322,1.2254600817620147,1.1784874883875376,6.22910175511333e-08,0.50-1.00,0.25-1.00,1.6666666666666667e-05,pneumatic_feed,-0.01822665824335352,0.0,0.0,0.0,heavy,1.304000000000001
other_light,unresolved_nonmetal,,0.540529294989906,0.14500570000329344,,,,,,1100.0,,0.4320516246016635,,9.095969939948789e-08,0.50-1.00,0.25-1.00,1.6666666666666667e-05,pneumatic_feed,-0.010146966279752754,2.25,0.0,0.0,light,4.037999999999777
separator,film,,0.6066824790590486,0.6066824790590486,,,0.0139,,,900.0,0.01251,0.4694379507746033,0.44312183426231666,4.604476016269384e-09,0.50-1.00,0.25-1.00,1.6666666666666667e-05,pneumatic_feed,-0.0013390042394750429,2.25,0.0,0.0,light,4.37599999999974
other_light,unresolved_nonmetal,,0.9063597388241594,0.187794830468211,,,,,,1100.0,,0.6263888405828966,,4.2883786409742933e-07,0.50-1.00,0.25-1.00,1.6666666666666667e-05,pneumatic_feed,0.019716490223711462,2.25,0.0,0.0,light,7.833999999999359
aluminum,bare_like,0.026554403422756476,0.8714428363069263,0.8714428363069263,0.0218,0.004174352218057318,0.025974352218057318,2700.0,,2595.691497578896,0.06742140520753091,1.0831634112058477,1.0287110265460389,5.120066576714193e-08,0.50-1.00,0.25-1.00,1.6666666666666667e-05,pneumatic_feed,0.033576531553010845,0.0,0.0,0.0,heavy,2.547999999999941
separator,film,,0.6073681230598516,0.6073681230598516,,,0.0139,,,900.0,0.01251,0.46944956087992923,0.44312183426231666,4.61488942173468e-09,0.50-1.00,0.25-1.00,1.6666666666666667e-05,pneumatic_feed,0.008602878236017814,2.25,0.0,0.0,light,4.37399999999974
aluminum,heavily_coated,0.2906811447119526,0.5736321144492632,0.5736321144492632,0.0218,0.04569507594871895,0.06749507594871895,2700.0,,2260.5872461349018,0.15257850786658064,1.5090709178975443,1.5475374824132209,5.020653822799112e-08,0.50-1.00,0.25-1.00,1.6666666666666667e-05,pneumatic_feed,0.0022838973017515842,0.0,0.0,0.0,heavy,0.7200000000000005
aluminum,bare_like,0.03598355112769526,0.7410479022461627,0.7410479022461627,0.0218,0.0056566142372736945,0.027456614237273694,2700.0,,2566.2835231674476,0.07046145671908023,1.0998170297082763,1.0516477664421122,3.8694049416802223e-08,0.50-1.00,0.25-1.00,1.6666666666666667e-05,pneumatic_feed,-0.03059119344608342,0.0,0.0,0.0,heavy,2.28399999999997
separator,film,,0.7389790065178823,0.7389790065178823,,,0.0139,,,900.0,0.01251,0.4712900059305218,0.44312183426231666,6.831585550647696e-09,0.50-1.00,0.25-1.00,1.6666666666666667e-05,pneumatic_feed,-0.010124888582206145,2.25,0.0,0.0,light,4.383999999999739
copper,bare_like,0.026700960857375826,0.6477712694584628,0.6477712694584628,0.012,0.003898340285176872,0.015898340285176872,8900.0,,6962.886584355513,0.11069834028517686,1.3950723176078534,1.318150654939008,4.644986683223347e-08,0.50-1.00,0.25-1.00,1.6666666666666667e-05,pneumatic_feed,0.02180986916927946,0.0,0.0,0.0,heavy,0.8380000000000006
aluminum,partial,0.09368349933201986,0.542351080844087,0.542351080844087,0.0218,0.01472704609499352,0.03652704609499352,2700.0,,2438.316440590686,0.08906449701963652,1.2030233715501226,1.1823520394621116,2.6197849301617175e-08,0.50-1.00,0.25-1.00,1.6666666666666667e-05,pneumatic_feed,-0.021141919118909138,0.0,0.0,0.0,heavy,1.454000000000001
aluminum,partial,0.07955049260626201,0.6432367769731758,0.6432367769731758,0.0218,0.012505337437704392,0.03430533743770439,2700.0,,2463.403092146933,0.08450787432118494,1.1865982913797077,1.1517098572753985,3.4965433109049865e-08,0.50-1.00,0.25-1.00,1.6666666666666667e-05,pneumatic_feed,-0.024622062359508718,0.0,0.0,0.0,heavy,1.5320000000000011
copper,partial,0.14256633837276456,0.8232117138177522,0.8232117138177522,0.012,0.020814685402423625,0.032814685402423625,8900.0,,3888.9504451259577,0.12761468540242363,1.4763730899826957,1.4152879926278048,8.648160425501798e-08,0.50-1.00,0.25-1.00,1.6666666666666667e-05,pneumatic_feed,-0.020709358698783032,0.0,0.0,0.0,heavy,0.7500000000000006
aluminum,partial,0.16880661479790554,0.9685051895753176,0.9685051895753176,0.0218,0.026536399846230754,0.048336399846230754,2700.0,,2343.6776639836285,0.11328494067699273,1.3781094608544289,1.3334618213005118,1.0626153516349775e-07,0.50-1.00,0.25-1.00,1.6666666666666667e-05,pneumatic_feed,0.0012023058772242846,0.0,0.0,0.0,heavy,0.8960000000000007
aluminum,heavily_coated,0.27769481943015195,0.6161221924217664,0.6161221924217664,0.0218,0.04365362561441989,0.06545362561441989,2700.0,,2267.12554636215,0.1483915867324753,1.5021841528023117,1.526156723719072,5.6330419178089524e-08,0.50-1.00,0.25-1.00,1.6666666666666667e-05,pneumatic_feed,0.012868220836798349,0.0,0.0,0.0,heavy,0.7360000000000005
aluminum,partial,0.1561141943062257,0.9833118680837121,0.9833118680837121,0.0218,0.02454115134493868,0.04634115134493868,2700.0,,2356.2810637460807,0.10919277738627023,1.3564255874957463,1.3091561533502785,1.0557873994531819e-07,0.50-1.00,0.25-1.00,1.6666666666666667e-05,pneumatic_feed,0.004052815818633587,0.0,0.0,0.0,heavy,0.9020000000000007
aluminum,heavily_coated,0.2723537902809515,0.6565804168794833,0.6565804168794833,0.0218,0.04281401583216558,0.06461401583216558,2700.0,,2269.934527911943,0.1466695855244816,1.5031757517081479,1.517275787189746,6.322894207499043e-08,0.50-1.00,0.25-1.00,1.6666666666666667e-05,pneumatic_feed,-0.0016196549513864955,0.0,0.0,0.0,heavy,0.7280000000000005
aluminum,partial,0.06015987763752567,0.6363046371261885,0.6363046371261885,0.0218,0.009457132764619035,0.031257132764619035,2700.0,,2503.6252281493753,0.07825614614911465,1.1462367273962233,1.1082907876349526,3.168462948853949e-08,0.50-1.00,0.25-1.00,1.6666666666666667e-05,pneumatic_feed,0.01280009749593955,0.0,0.0,0.0,heavy,1.7660000000000013
aluminum,partial,0.13588200726717314,0.6680064792486635,0.6680064792486635,0.0218,0.02136065154239962,0.04316065154239962,2700.0,,2378.7805395418995,0.10266971796300929,1.2947647178609634,1.269450232639072,4.581458097007355e-08,0.50-1.00,0.25-1.00,1.6666666666666667e-05,pneumatic_feed,0.012894322465566346,0.0,0.0,0.0,heavy,1.0560000000000007
aluminum,partial,0.13017370934545625,0.7847829814637495,0.7847829814637495,0.0218,0.020463307109105724,0.042263307109105724,2700.0,,2385.7410251822116,0.10082930563006855,1.2955096331813047,1.258020978032384,6.209918914019052e-08,0.50-1.00,0.25-1.00,1.6666666666666667e-05,pneumatic_feed,0.010731540449301517,0.0,0.0,0.0,heavy,1.0500000000000007
other_light,unresolved_nonmetal,,0.8588125768364834,0.1836787990806122,,,,,,1100.0,,0.6073667227260481,,3.648265992461488e-07,0.50-1.00,0.25-1.00,1.6666666666666667e-05,pneumatic_feed,-0.03501764981104573,2.25,0.0,0.0,light,6.903999999999462
other_light,unresolved_nonmetal,,0.522570785313748,0.14687152024510422,,,,,,1100.0,,0.4403203259135533,,8.219145848636733e-08,0.50-1.00,0.25-1.00,1.6666666666666667e-05,pneumatic_feed,0.021660038124010076,2.25,0.0,0.0,light,4.095999999999771
aluminum,partial,0.058027890485082945,0.6962768119052047,0.6962768119052047,0.0218,0.009121984384255037,0.030921984384255037,2700.0,,2508.5315097304147,0.0775687721712956,1.146120545508582,1.1034126372308122,3.7605449251600283e-08,0.50-1.00,0.25-1.00,1.6666666666666667e-05,pneumatic_feed,-0.022319202416463315,0.0,0.0,0.0,heavy,1.7700000000000014
copper,partial,0.10005421281091631,0.3152408840797989,0.3152408840797989,0.012,0.01460791507039378,0.02660791507039378,8900.0,,4562.849616333994,0.12140791507039378,1.3840875001314468,1.3804414637879077,1.2065131914929361e-08,0.25-0.50,0.25-1.00,1.6666666666666667e-05,pneumatic_feed,-0.006526605942191741,0.0,0.0,0.0,heavy,0.8300000000000006
copper,partial,0.38705627571730944,0.5861058167446275,0.5861058167446275,0.012,0.05651021625472717,0.06851021625472717,8900.0,,2383.7352322393067,0.1633102162547272,1.5622381680856006,1.6010362751462561,5.6100330129408376e-08,0.50-1.00,0.25-1.00,1.6666666666666667e-05,pneumatic_feed,0.00015271514597930941,0.0,0.0,0.0,heavy,0.6920000000000005
aluminum,heavily_coated,0.35090810546446516,0.9305960414403991,0.9305960414403991,0.0218,0.05516275417901392,0.07696275417901392,2700.0,,2234.7989507072225,0.1719962822827982,1.649579833770278,1.6430622771857435,1.489503271067333e-07,0.50-1.00,0.25-1.00,1.6666666666666667e-05,pneumatic_feed,0.005140637299503326,0.0,0.0,0.0,heavy,0.5780000000000004
aluminum,bare_like,0.01954915385259203,0.8849849808397621,0.8849849808397621,0.0218,0.0030731269856274675,0.024873126985627467,2700.0,,2619.8090304957427,0.06516284269361419,1.0665815975951978,1.0113337623747012,5.103543520002362e-08,0.50-1.00,0.25-1.00,1.6666666666666667e-05,pneumatic_feed,0.02107832807970609,0.0,0.0,0.0,heavy,2.7999999999999132
aluminum,bare_like,0.024843044986832263,0.5069765525114296,0.5069765525114296,0.0218,0.003905326671930033,0.025705326671930033,2700.0,,2601.3925824652365,0.0668696461342046,1.0580580990359996,1.0244930286353713,1.7187185829697945e-08,0.50-1.00,0.25-1.00,1.6666666666666667e-05,pneumatic_feed,0.03441549457422807,0.0,0.0,0.0,heavy,3.039999999999887
aluminum,partial,0.08342648906303168,0.6458739455479652,0.6458739455479652,0.0218,0.01311464408070858,0.03491464408070858,2700.0,,2456.205314325279,0.08575753433881204,1.1945556544439804,1.1601940609148083,3.577402588905269e-08,0.50-1.00,0.25-1.00,1.6666666666666667e-05,pneumatic_feed,-0.008515048345348868,0.0,0.0,0.0,heavy,1.494000000000001
aluminum,partial,0.0589283701310237,0.8360817084110383,0.8360817084110383,0.0218,0.009263539784596927,0.031063539784596927,2700.0,,2506.4463468696613,0.07785909581394335,1.1559934575191382,1.10547562971585,5.442604798209209e-08,0.50-1.00,0.25-1.00,1.6666666666666667e-05,pneumatic_feed,-0.0011859318119225952,0.0,0.0,0.0,heavy,1.7320000000000013
aluminum,partial,0.15609239820022586,0.6827402390330497,0.6827402390330497,0.0218,0.024537724997075502,0.0463377249970755,2700.0,,2356.3036405137677,0.10918575010373482,1.3313792260488997,1.3091140262132333,5.089521598776364e-08,0.50-1.00,0.25-1.00,1.6666666666666667e-05,pneumatic_feed,0.018302394374924685,0.0,0.0,0.0,heavy,0.9880000000000008
copper,partial,0.2954636096083598,0.4439783786783611,0.4439783786783611,0.012,0.04313768700282053,0.055137687002820526,8900.0,,2719.3321873503796,0.14993768700282054,1.4881789237267173,1.5340866778628486,2.9555237171431777e-08,0.25-0.50,0.25-1.00,1.6666666666666667e-05,pneumatic_feed,-0.03517026949857056,0.0,0.0,0.0,heavy,0.7460000000000006
aluminum,partial,0.051105760808846934,0.7262229761581585,0.7262229761581585,0.0218,0.008033825599150737,0.029833825599150737,2700.0,,2525.2211819769072,0.07533700834238034,1.1329842845281992,1.0874234147479085,3.973272396861151e-08,0.50-1.00,0.25-1.00,1.6666666666666667e-05,pneumatic_feed,0.00968519335901448,0.0,0.0,0.0,heavy,1.9480000000000015
aluminum,partial,0.20740968500370083,0.6105006908500534,0.6105006908500534,0.0218,0.03260480248258177,0.05440480248258177,2700.0,,2311.026799192906,0.1257309565420432,1.402691656285305,1.4048035783994537,4.6861322303155714e-08,0.50-1.00,0.25-1.00,1.6666666666666667e-05,pneumatic_feed,0.004346803042567191,0.0,0.0,0.0,heavy,0.8400000000000006
aluminum,partial,0.16645870120352407,0.9038135188614878,0.9038135188614878,0.0218,0.026167307829193985,0.047967307829193985,2700.0,,2345.930070866749,0.1125279498550282,1.369563473860257,1.32899913503528,9.192170529482261e-08,0.50-1.00,0.25-1.00,1.6666666666666667e-05,pneumatic_feed,0.03231817366949554,0.0,0.0,0.0,heavy,0.9620000000000007
black_mass,free,,0.39254540195665577,0.06944923677272456,,,,,,3540.0,,0.3623246411482094,,1.1211702576821477e-07,0.25-0.50,0.25-1.00,1.6666666666666667e-05,pneumatic_feed,-0.010153999854590558,2.25,0.0,0.0,light,3.481999999999838
aluminum,partial,0.2174034677741916,0.9021959276173961,0.9021959276173961,0.0218,0.034175825134102916,0.055975825134102916,2700.0,,2303.7275776844826,0.1289530520450771,1.4543584839294168,1.4226900944687604,1.0496230280377973e-07,0.50-1.00,0.25-1.00,1.6666666666666667e-05,pneumatic_feed,0.009373835794212032,0.0,0.0,0.0,heavy,0.7460000000000006
separator,film,,0.7341001862261853,0.7341001862261853,,,0.0139,,,900.0,0.01251,0.47123323659266136,0.44312183426231666,6.741677573550672e-09,0.50-1.00,0.25-1.00,1.6666666666666667e-05,pneumatic_feed,0.00046395558663972323,2.25,0.0,0.0,light,4.387999999999739
aluminum,partial,0.18609552874980306,0.820383191908088,0.820383191908088,0.0218,0.029254217119469045,0.051054217119469045,2700.0,,2328.0948397678635,0.118859059424224,1.396047828306366,1.3658740047027105,7.999554417047152e-08,0.50-1.00,0.25-1.00,1.6666666666666667e-05,pneumatic_feed,0.002339672318271527,0.0,0.0,0.0,heavy,0.8560000000000006
aluminum,partial,0.08540450813473877,0.8871474177776244,0.8871474177776244,0.0218,0.013425588678780936,0.035225588678780936,2700.0,,2452.628066930322,0.08639526746772112,1.2148252778914623,1.1644999433977448,6.799571408368626e-08,0.50-1.00,0.25-1.00,1.6666666666666667e-05,pneumatic_feed,-0.030977504827082565,0.0,0.0,0.0,heavy,1.312000000000001
aluminum,partial,0.11933886991699644,0.6555817894995164,0.6555817894995164,0.0218,0.01876007035095184,0.04056007035095184,2700.0,,2399.799709609098,0.09733604504993881,1.2637603753995288,1.236036635016875,4.183381378026351e-08,0.50-1.00,0.25-1.00,1.6666666666666667e-05,pneumatic_feed,-0.0351691447188545,0.0,0.0,0.0,heavy,1.2060000000000008
aluminum,partial,0.1250635694641018,0.7141380043505245,0.7141380043505245,0.0218,0.019659993119756802,0.0414599931197568,2700.0,,2392.2277349259443,0.09918174543092106,1.2800354296879957,1.247700555535557,5.058200475029115e-08,0.50-1.00,0.25-1.00,1.6666666666666667e-05,pneumatic_feed,-0.033606972532051145,0.0,0.0,0.0,heavy,1.1300000000000008
aluminum,partial,0.20833929493064082,0.7743189114549971,0.7743189114549971,0.0218,0.03275093716309674,0.05455093716309674,2700.0,,2310.330099403803,0.1260306720785879,1.4271524936439448,1.406476956421795,7.556418190755122e-08,0.50-1.00,0.25-1.00,1.6666666666666667e-05,pneumatic_feed,-0.011174600912620694,0.0,0.0,0.0,heavy,0.8180000000000006
aluminum,partial,0.057412332243543585,0.5872396909071615,0.5872396909071615,0.0218,0.00902521862868505,0.03082521862868505,2700.0,,2509.967924984718,0.0773703100386409,1.1362513682434638,1.1020001753023942,2.668118658756852e-08,0.50-1.00,0.25-1.00,1.6666666666666667e-05,pneumatic_feed,-0.024791933396464322,0.0,0.0,0.0,heavy,1.8160000000000014
aluminum,partial,0.1176118989048407,0.6352990774449414,0.6352990774449414,0.0218,0.018488590507840963,0.04028859050784096,2700.0,,2402.150363316248,0.0967792523259097,1.2584087222726967,1.2324963060826912,3.90605821799759e-08,0.50-1.00,0.25-1.00,1.6666666666666667e-05,pneumatic_feed,-0.0404872807207339,0.0,0.0,0.0,heavy,1.2360000000000009
aluminum,partial,0.10573668101146966,0.5455284196292792,0.5455284196292792,0.0218,0.016621806255003035,0.038421806255003035,2700.0,,2419.2137846930223,0.09295056332490793,1.2256624840247743,1.2078708713880615,2.766220444932869e-08,0.50-1.00,0.25-1.00,1.6666666666666667e-05,pneumatic_feed,-0.0002908774482961823,0.0,0.0,0.0,heavy,1.276000000000001
copper,partial,0.38160340992713376,0.9432585907185012,0.9432585907185012,0.012,0.05571409784936153,0.06771409784936153,8900.0,,2400.0038841379005,0.16251409784936152,1.6187269020937245,1.5971290742590527,1.4459476833163133e-07,0.50-1.00,0.25-1.00,1.6666666666666667e-05,pneumatic_feed,0.009519971272318751,0.0,0.0,0.0,heavy,0.6180000000000004
aluminum,partial,0.16177671430649465,0.8683708924238005,0.8683708924238005,0.0218,0.025431299488980957,0.04723129948898096,2700.0,,2350.526698624023,0.11101843045955694,1.358728360668877,1.320055030857883,8.371544657569142e-08,0.50-1.00,0.25-1.00,1.6666666666666667e-05,pneumatic_feed,-0.039642986316120024,0.0,0.0,0.0,heavy,0.9620000000000007
aluminum,partial,0.07371876695845936,0.985772603802334,0.985772603802334,0.0218,0.011588590165869814,0.033388590165869814,2700.0,,2474.7276612937017,0.08262766765507688,1.194520054316572,1.138825654573204,8.02932399193867e-08,0.50-1.00,0.25-1.00,1.6666666666666667e-05,pneumatic_feed,0.004494097737292931,0.0,0.0,0.0,heavy,1.496000000000001
aluminum,partial,0.15759174378951962,0.9506226928656725,0.9506226928656725,0.0218,0.024773422123712488,0.04657342212371249,2700.0,,2354.7583388625817,0.10966915411517902,1.3570701287932367,1.3120087815986028,9.910620549248783e-08,0.50-1.00,0.25-1.00,1.6666666666666667e-05,pneumatic_feed,-0.018574943749082976,0.0,0.0,0.0,heavy,0.9520000000000007
aluminum,partial,0.06730313412763228,0.6440808125933044,0.6440808125933044,0.0218,0.010580052684863797,0.0323800526848638,2700.0,,2487.9268807288786,0.08055920347408993,1.1617631128811214,1.1244808836655764,3.341918747334985e-08,0.50-1.00,0.25-1.00,1.6666666666666667e-05,pneumatic_feed,-0.005868389873788084,0.0,0.0,0.0,heavy,1.7160000000000013
other_light,unresolved_nonmetal,,0.6722417580051059,0.1373933240580431,,,,,,1100.0,,0.39858251849056314,,1.749716818354066e-07,0.50-1.00,0.25-1.00,1.6666666666666667e-05,pneumatic_feed,0.003555020080535677,2.25,0.0,0.0,light,3.7419999999998095
copper,partial,0.35110732535892725,0.8935052157930481,0.8935052157930481,0.012,0.05126166950240338,0.06326166950240338,8900.0,,2498.537751938375,0.15806166950240338,1.5977922868187908,1.5750987157983858,1.2618878210670717e-07,0.50-1.00,0.25-1.00,1.6666666666666667e-05,pneumatic_feed,0.043525012969253964,0.0,0.0,0.0,heavy,0.6260000000000004
aluminum,partial,0.19795728294189052,0.5080350350878524,0.5080350350878524,0.0218,0.03111888487846519,0.05291888487846519,2700.0,,2318.3294182228638,0.12268340759329491,1.3682235725124734,1.3876738685960606,3.166453804329119e-08,0.50-1.00,0.25-1.00,1.6666666666666667e-05,pneumatic_feed,0.01838637291120334,0.0,0.0,0.0,heavy,0.9320000000000007
copper,heavily_coated,0.5043895534702748,0.3125029519231053,0.3125029519231053,0.012,0.07364087480666012,0.08564087480666012,8900.0,,2106.948057385182,0.18044087480666013,1.4659314329369626,1.6829141305976778,1.762151208665241e-08,0.25-0.50,0.25-1.00,1.6666666666666667e-05,pneumatic_feed,-0.018120308426461514,0.0,0.0,0.0,heavy,0.7640000000000006
copper,heavily_coated,0.600921083723521,0.5223787225592873,0.5223787225592873,0.012,0.08773447822363406,0.09973447822363406,8900.0,,1950.5238478054753,0.19453447822363407,1.6110294923219877,1.7474018342093385,5.308447694418289e-08,0.50-1.00,0.25-1.00,1.6666666666666667e-05,pneumatic_feed,-0.00024776065693334206,0.0,0.0,0.0,heavy,0.6180000000000004
aluminum,bare_like,0.04569765627633021,0.7520788683083821,0.7520788683083821,0.0218,0.00718367156663911,0.02898367156663911,2700.0,,2539.132462595227,0.07359338136005163,1.122438370995261,1.0747658879157687,4.162608148538689e-08,0.50-1.00,0.25-1.00,1.6666666666666667e-05,pneumatic_feed,-0.03657373570179981,0.0,0.0,0.0,heavy,2.012
black_mass,free,,0.2518768259956414,0.0698591913795148,,,,,,2100.0,,0.23135766302723057,,1.7570436585538055e-08,0.25-0.50,0.25-1.00,1.6666666666666667e-05,pneumatic_feed,0.007996281620429833,2.25,0.0,0.0,light,2.8179999999999112
aluminum,partial,0.0914026885107872,0.6032350966523883,0.6032350966523883,0.0218,0.014368502633895747,0.03616850263389575,2700.0,,2442.156417058421,0.0883291408027629,1.20592886328563,1.1774609097716011,3.2142319097827074e-08,0.50-1.00,0.25-1.00,1.6666666666666667e-05,pneumatic_feed,0.019924927574394142,0.0,0.0,0.0,heavy,1.442000000000001
aluminum,partial,0.20330119499291668,0.9344478430208181,0.9344478430208181,0.0218,0.031958947852886506,0.053758947852886506,2700.0,,2314.1512854401303,0.12440633827766626,1.434261637056878,1.3973839435195503,1.0863071529122752e-07,0.50-1.00,0.25-1.00,1.6666666666666667e-05,pneumatic_feed,-0.01417981945275573,0.0,0.0,0.0,heavy,0.7940000000000006
aluminum,partial,0.24041800361262716,0.7368949141137697,0.7368949141137697,0.0218,0.03779371016790499,0.05959371016790499,2700.0,,2288.381914140207,0.13637316854474713,1.4711756215119225,1.463049299742955,7.405255535162187e-08,0.50-1.00,0.25-1.00,1.6666666666666667e-05,pneumatic_feed,-0.020394461403196788,0.0,0.0,0.0,heavy,0.7640000000000006
separator,film,,0.7094973513935643,0.7094973513935643,,,0.0139,,,900.0,0.01251,0.47093540201049133,0.44312183426231666,6.297365010347381e-09,0.50-1.00,0.25-1.00,1.6666666666666667e-05,pneumatic_feed,-0.015455586821988561,2.25,0.0,0.0,light,4.385999999999739
separator,film,,0.8485386613741658,0.8485386613741658,,,0.0139,,,900.0,0.01251,0.47239698617550024,0.44312183426231666,9.00742342668173e-09,0.50-1.00,0.25-1.00,1.6666666666666667e-05,pneumatic_feed,-0.004406463121039705,2.25,0.0,0.0,light,4.393999999999738
other_light,unresolved_nonmetal,,0.874959340308908,0.14419662584553938,,,,,,1100.0,,0.42847372718970234,,3.8579351443568066e-07,0.50-1.00,0.25-1.00,1.6666666666666667e-05,pneumatic_feed,0.012140886346850694,2.25,0.0,0.0,light,3.9679999999997846
other_light,unresolved_nonmetal,,0.6697260075061404,0.17150666575749465,,,,,,1100.0,,0.5514395469513138,,1.7301461879503998e-07,0.50-1.00,0.25-1.00,1.6666666666666667e-05,pneumatic_feed,-0.03600609431107602,2.25,0.0,0.0,light,5.55399999999961
separator,film,,0.663994727098103,0.663994727098103,,,0.0139,,,900.0,0.01251,0.4703281560308464,0.44312183426231666,5.515521360152195e-09,0.50-1.00,0.25-1.00,1.6666666666666667e-05,pneumatic_feed,-0.030951996547827567,2.25,0.0,0.0,light,4.37999999999974
copper,partial,0.2761821670857143,0.5456744997364906,0.5456744997364906,0.012,0.040322596394514285,0.05232259639451428,8900.0,,2811.836692606088,0.14712259639451428,1.5087573134944319,1.519617146852554,4.3807321353715224e-08,0.50-1.00,0.25-1.00,1.6666666666666667e-05,pneumatic_feed,-0.013653042805686123,0.0,0.0,0.0,heavy,0.7100000000000005
aluminum,bare_like,0.036980595135080514,0.7037964472219487,0.7037964472219487,0.0218,0.005813349555234659,0.02761334955523466,2700.0,,2563.3584776057346,0.07078291367750131,1.1000883033462905,1.0540439331840303,3.506086093131445e-08,0.50-1.00,0.25-1.00,1.6666666666666667e-05,pneumatic_feed,0.019199889758124852,0.0,0.0,0.0,heavy,2.2539999999999734
aluminum,bare_like,0.04606859121783807,0.784563013676484,0.784563013676484,0.0218,0.007241982539444147,0.029041982539444147,2700.0,,2538.1522902036018,0.07371297449454317,1.1249399498995845,1.0756388091112878,4.53732196320117e-08,0.50-1.00,0.25-1.00,1.6666666666666667e-05,pneumatic_feed,-0.014603150011282482,0.0,0.0,0.0,heavy,2.014
other_light,unresolved_nonmetal,,0.5059062323478811,0.17865362507349722,,,,,,1100.0,,0.5842139040521185,,7.457639678118108e-08,0.50-1.00,0.25-1.00,1.6666666666666667e-05,pneumatic_feed,0.0043100306662800115,2.25,0.0,0.0,light,6.203999999999539
aluminum,partial,0.11595708263651655,0.5764992152790368,0.5764992152790368,0.0218,0.018228453390460406,0.040028453390460406,2700.0,,2404.4327187464255,0.09624572301283929,1.2482877585672945,1.229094328523863,3.1987395514733145e-08,0.50-1.00,0.25-1.00,1.6666666666666667e-05,pneumatic_feed,0.03147432451759551,0.0,0.0,0.0,heavy,1.2320000000000009
aluminum,partial,0.19157470629746143,0.6704806330016382,0.6704806330016382,0.0218,0.030115543829960942,0.05191554382996094,2700.0,,2323.496821153405,0.12062560105736453,1.3877515375853902,1.3759867129432588,5.422654888405193e-08,0.50-1.00,0.25-1.00,1.6666666666666667e-05,pneumatic_feed,0.020403748383543995,0.0,0.0,0.0,heavy,0.9100000000000007
aluminum,heavily_coated,0.36625267641878156,0.8440050592127788,0.8440050592127788,0.0218,0.057574920733032456,0.07937492073303246,2700.0,,2229.211995049502,0.17694352540417935,1.6570838107795032,1.6665249997356772,1.2604475420590738e-07,0.50-1.00,0.25-1.00,1.6666666666666667e-05,pneumatic_feed,0.01744038429032643,0.0,0.0,0.0,heavy,0.5740000000000004
copper,partial,0.3041035605654697,0.9025358151752516,0.9025358151752516,0.012,0.04439911984255858,0.056399119842558576,8900.0,,2680.8772949762283,0.15119911984255857,1.5742516407695555,1.5405263337732333,1.2316240277768012e-07,0.50-1.00,0.25-1.00,1.6666666666666667e-05,pneumatic_feed,0.010479579548351096,0.0,0.0,0.0,heavy,0.6480000000000005
copper,partial,0.25129357606328917,0.6263720501112643,0.6263720501112643,0.012,0.03668886210524022,0.04868886210524022,8900.0,,2947.057209821237,0.1434888621052402,1.5132533689747563,1.5007335471707994,5.629669926724934e-08,0.50-1.00,0.25-1.00,1.6666666666666667e-05,pneumatic_feed,0.0142188576508166,0.0,0.0,0.0,heavy,0.7280000000000005
aluminum,bare_like,0.03406229759206539,0.6786758388179825,0.6786758388179825,0.0218,0.005354593181472678,0.02715459318147268,2700.0,,2572.0151614832644,0.0698420253666578,1.0919674758636986,1.0470150095175623,3.216929933629286e-08,0.50-1.00,0.25-1.00,1.6666666666666667e-05,pneumatic_feed,0.01307043978672529,0.0,0.0,0.0,heavy,2.4699999999999496
copper,partial,0.37287606561120024,0.7115499889612082,0.7115499889612082,0.012,0.05443990557923524,0.06643990557923524,8900.0,,2426.853322164086,0.16123990557923523,1.5827734784201286,1.590855605632289,8.163631028057878e-08,0.50-1.00,0.25-1.00,1.6666666666666667e-05,pneumatic_feed,0.03209235940214954,0.0,0.0,0.0,heavy,0.6640000000000005
aluminum,partial,0.09406386522366689,0.6531339596724846,0.6531339596724846,0.0218,0.014786839613160435,0.036586839613160435,2700.0,,2437.6833782243784,0.08918713078676244,1.21605709607963,1.1831657554328654,3.804580025948496e-08,0.50-1.00,0.25-1.00,1.6666666666666667e-05,pneumatic_feed,-0.025977947923224144,0.0,0.0,0.0,heavy,1.318000000000001
aluminum,partial,0.06162370687386215,0.8027973130848023,0.8027973130848023,0.0218,0.009687246720571127,0.03148724672057113,2700.0,,2500.3170341269483,0.07872809933320189,1.1601946278249906,1.1116277466552988,5.07389630453665e-08,0.50-1.00,0.25-1.00,1.6666666666666667e-05,pneumatic_feed,-0.02891368513822929,0.0,0.0,0.0,heavy,1.7100000000000013
copper,heavily_coated,0.6671356107155414,0.4590538450778364,0.4590538450778364,0.012,0.09740179916446903,0.10940179916446903,8900.0,,1866.5305390223298,0.20420179916446907,1.5966937232441925,1.7902936741455315,4.3031533492115413e-08,0.25-0.50,0.25-1.00,1.6666666666666667e-05,pneumatic_feed,0.02649863087682525,0.0,0.0,0.0,heavy,0.6180000000000004
aluminum,partial,0.11796996065052673,0.9204092386997474,0.9204092386997474,0.0218,0.018544877814262797,0.0403448778142628,2700.0,,2401.6603906799273,0.09689469501333632,1.281629236199326,1.2332311757855163,8.208464771541358e-08,0.50-1.00,0.25-1.00,1.6666666666666667e-05,pneumatic_feed,-0.027822597228740663,0.0,0.0,0.0,heavy,1.1660000000000008
aluminum,partial,0.1417044155342539,0.8688901828877897,0.8688901828877897,0.0218,0.02227593412198471,0.04407593412198471,2700.0,,2371.9728848639793,0.10454692061239879,1.322914047828079,1.2810029140998125,7.892980432828916e-08,0.50-1.00,0.25-1.00,1.6666666666666667e-05,pneumatic_feed,-0.028071295689446423,0.0,0.0,0.0,heavy,0.9960000000000008
copper,partial,0.24413977461159697,0.8692805722303452,0.8692805722303452,0.012,0.035644407093293154,0.04764440709329315,8900.0,,2989.7403658391813,0.14244440709329315,1.5385719370354514,1.4952616539376409,1.0763793293071983e-07,0.50-1.00,0.25-1.00,1.6666666666666667e-05,pneumatic_feed,-0.0008682830040106764,0.0,0.0,0.0,heavy,0.6860000000000005
aluminum,partial,0.14812949443517237,0.8492620524309455,0.8492620524309455,0.0218,0.023285956525209095,0.045085956525209095,2700.0,,2364.7813757978033,0.10661843030084392,1.3330996295210726,1.2936316639608225,7.689811997372065e-08,0.50-1.00,0.25-1.00,1.6666666666666667e-05,pneumatic_feed,0.01095842373020875,0.0,0.0,0.0,heavy,0.9900000000000008
aluminum,partial,0.08998402486325696,0.6474188157456224,0.6474188157456224,0.0218,0.014145488708503996,0.035945488708503996,2700.0,,2444.583523922821,0.08787174945616268,1.207595968631682,1.174408352943698,3.6831542462896446e-08,0.50-1.00,0.25-1.00,1.6666666666666667e-05,pneumatic_feed,-0.022422952234428695,0.0,0.0,0.0,heavy,1.476000000000001
separator,film,,0.903701695793716,0.903701695793716,,,0.0139,,,900.0,0.01251,0.4728550271023654,0.44312183426231666,1.0216626204805279e-08,0.50-1.00,0.25-1.00,1.6666666666666667e-05,pneumatic_feed,0.027109035198199054,2.25,0.0,0.0,light,4.395999999999738
aluminum,partial,0.20709415696908287,0.8636795547895912,0.8636795547895912,0.0218,0.03255520147553983,0.05435520147553983,2700.0,,2311.264124463524,0.125629227148402,1.4343581483580474,1.4042351474455117,9.371216386265582e-08,0.50-1.00,0.25-1.00,1.6666666666666667e-05,pneumatic_feed,0.010572409534676521,0.0,0.0,0.0,heavy,0.7920000000000006
separator,film,,0.536225215027226,0.536225215027226,,,0.0139,,,900.0,0.01251,0.46809245719931064,0.44312183426231666,3.5970938901997436e-09,0.50-1.00,0.25-1.00,1.6666666666666667e-05,pneumatic_feed,0.022108675420268006,2.25,0.0,0.0,light,4.367999999999741
aluminum,heavily_coated,0.4056086906328922,0.9767799701521666,0.9767799701521666,0.0218,0.06376168616749066,0.08556168616749066,2700.0,,2216.3225906480784,0.18963229794695075,1.7248573831922307,1.72524448950731,1.8092800671559608e-07,0.50-1.00,0.25-1.00,1.6666666666666667e-05,pneumatic_feed,0.04809948019108437,0.0,0.0,0.0,heavy,0.5480000000000004
copper,heavily_coated,0.6249629956522522,0.5552616466476045,0.5552616466476045,0.012,0.09124459736522882,0.10324459736522881,8900.0,,1918.2078522195602,0.19804459736522884,1.631386441536682,1.7630961403861765,6.106021831387763e-08,0.50-1.00,0.25-1.00,1.6666666666666667e-05,pneumatic_feed,0.009444036787293022,0.0,0.0,0.0,heavy,0.5920000000000004
aluminum,partial,0.23581586463987217,0.9829732272298999,0.9829732272298999,0.0218,0.03707025392138791,0.05887025392138791,2700.0,,2291.299662112296,0.13488939291854118,1.4903138571198273,1.4550683527757116,1.303350367514713e-07,0.50-1.00,0.25-1.00,1.6666666666666667e-05,pneumatic_feed,0.016078516106875114,0.0,0.0,0.0,heavy,0.7300000000000005
aluminum,partial,0.08707333766278164,0.5545729340401704,0.5545729340401704,0.0218,0.013687928680589274,0.035487928680589274,2700.0,,2449.6587439155637,0.08693331479585742,1.1920773272574348,1.1681204171812845,2.673643999728349e-08,0.50-1.00,0.25-1.00,1.6666666666666667e-05,pneumatic_feed,0.0031876143017023754,0.0,0.0,0.0,heavy,1.492000000000001
aluminum,partial,0.06328157614941393,0.6915793775259156,0.6915793775259156,0.0218,0.009947863770687869,0.03174786377068787,2700.0,,2496.6282310784654,0.07926261296633255,1.1569769600943842,1.115394985249421,3.7909883862176486e-08,0.50-1.00,0.25-1.00,1.6666666666666667e-05,pneumatic_feed,0.029390790601816093,0.0,0.0,0.0,heavy,1.7580000000000013
aluminum,partial,0.13490782290576975,0.7353114722419438,0.7353114722419438,0.0218,0.021207509760787002,0.043007509760787,2700.0,,2379.9478684621286,0.10235563118304922,1.2998494830666745,1.2675069968442543,5.5341945764632595e-08,0.50-1.00,0.25-1.00,1.6666666666666667e-05,pneumatic_feed,-0.009354695488980509,0.0,0.0,0.0,heavy,1.0320000000000007
other_light,unresolved_nonmetal,,0.7664045025961757,0.15486942969600204,,,,,,1100.0,,0.47602520896067885,,2.5927786990202876e-07,0.50-1.00,0.25-1.00,1.6666666666666667e-05,pneumatic_feed,0.021220341384586817,2.25,0.0,0.0,light,4.425999999999735
black_mass,free,,0.30012951286837775,0.07475211332042184,,,,,,3060.0,,0.35921733046692633,,4.3315781949031684e-08,0.25-0.50,0.25-1.00,1.6666666666666667e-05,pneumatic_feed,-0.022560114102666316,2.25,0.0,0.0,light,3.4419999999998425
aluminum,partial,0.20779373080667696,0.7450931655608173,0.7450931655608173,0.0218,0.03266517448280962,0.05446517448280962,2700.0,,2310.738521348228,0.12585477674938073,1.4228573955940254,1.4054951354801197,6.987001930069957e-08,0.50-1.00,0.25-1.00,1.6666666666666667e-05,pneumatic_feed,-0.009497847918720893,0.0,0.0,0.0,heavy,0.7940000000000006
aluminum,bare_like,0.046531497592387006,0.9552092281930329,0.9552092281930329,0.0218,0.007314751421523238,0.029114751421523238,2700.0,,2536.934596122241,0.0738622201387615,1.1329948237526724,1.0767271740315651,6.739371180788805e-08,0.50-1.00,0.25-1.00,1.6666666666666667e-05,pneumatic_feed,-0.023485268784802546,0.0,0.0,0.0,heavy,1.8300000000000014
copper,partial,0.1726628533073774,0.31706351892399753,0.31706351892399753,0.012,0.0252087765828771,0.0372087765828771,8900.0,,3547.785998522335,0.1320087765828771,1.4041541002602718,1.4394477264718017,1.3270746607799693e-08,0.25-0.50,0.25-1.00,1.6666666666666667e-05,pneumatic_feed,0.00889511617251312,0.0,0.0,0.0,heavy,0.8400000000000006
aluminum,partial,0.05576501690645863,0.5593129783859054,0.5593129783859054,0.0218,0.008766260657695299,0.0305662606576953,2700.0,,2513.8566984465747,0.07683919910081133,1.1301402392102378,1.098211304388338,2.4037684092553373e-08,0.50-1.00,0.25-1.00,1.6666666666666667e-05,pneumatic_feed,0.019004127405825223,0.0,0.0,0.0,heavy,1.9700000000000015
separator,film,,0.8972520929885592,0.8972520929885592,,,0.0139,,,900.0,0.01251,0.47280431544763446,0.44312183426231666,1.00713170928381e-08,0.50-1.00,0.25-1.00,1.6666666666666667e-05,pneumatic_feed,0.024319199977007818,2.25,0.0,0.0,light,4.397999999999738
aluminum,bare_like,0.024711498392838305,0.8752383755669761,0.8752383755669761,0.0218,0.003884647547354181,0.02568464754735418,2700.0,,2601.835749298378,0.066827234196835,1.0788493067518297,1.024168085791352,5.119248244399173e-08,0.50-1.00,0.25-1.00,1.6666666666666667e-05,pneumatic_feed,0.00982094243129309,0.0,0.0,0.0,heavy,2.7239999999999216
aluminum,partial,0.1697261632321378,0.5841882176858051,0.5841882176858051,0.0218,0.02668095286009206,0.04848095286009206,2700.0,,2342.8048663864042,0.11358141228767354,1.3401897954327744,1.3352055449507856,3.876259571261546e-08,0.50-1.00,0.25-1.00,1.6666666666666667e-05,pneumatic_feed,0.003244238524339887,0.0,0.0,0.0,heavy,0.9800000000000008
aluminum,heavily_coated,0.365314881730116,0.9985309293995612,0.9985309293995612,0.0218,0.057427499407974245,0.07922749940797424,2700.0,,2229.543685444498,0.17664117101860669,1.6765430725696453,1.6651005436033137,1.7612255553766424e-07,0.50-1.00,0.25-1.00,1.6666666666666667e-05,pneumatic_feed,0.032229947511744,0.0,0.0,0.0,heavy,0.5820000000000004
aluminum,partial,0.11745161979232632,0.8981250204505189,0.8981250204505189,0.0218,0.0184633946313537,0.0402633946313537,2700.0,,2402.3701335386345,0.09672757673724393,1.2793515973643124,1.2321672144915157,7.802322519678086e-08,0.50-1.00,0.25-1.00,1.6666666666666667e-05,pneumatic_feed,0.027642357000798656,0.0,0.0,0.0,heavy,1.0960000000000008
aluminum,partial,0.19280437855080274,0.5636815652925344,0.5636815652925344,0.0218,0.03030884830818619,0.05210884830818619,2700.0,,2322.485789223478,0.1210220596885643,1.3723043022653412,1.3782460770383878,3.8453174930342584e-08,0.50-1.00,0.25-1.00,1.6666666666666667e-05,pneumatic_feed,-0.0013975068372041426,0.0,0.0,0.0,heavy,0.8900000000000007
aluminum,bare_like,0.011833836719686797,0.614406764020627,0.614406764020627,0.0218,0.001860279132334764,0.023660279132334764,2700.0,,2648.9690567995217,0.06267534729679422,1.0358752034028138,0.991842856086831,2.365967232522326e-08,0.50-1.00,0.25-1.00,1.6666666666666667e-05,pneumatic_feed,0.003278617170703556,0.0,0.0,0.0,heavy,3.765999999999807
aluminum,heavily_coated,0.44184854964713494,0.964668934488971,0.964668934488971,0.0218,0.06945859200452961,0.09125859200452961,2700.0,,2205.999308884148,0.20131639089173275,1.766698930899273,1.7776000876003122,1.8734224576962038e-07,0.50-1.00,0.25-1.00,1.6666666666666667e-05,pneumatic_feed,0.02088068423820478,0.0,0.0,0.0,heavy,0.5420000000000004
copper,partial,0.31157017033142875,0.7658808871571957,0.7658808871571957,0.012,0.045489244868388595,0.05748924486838859,8900.0,,2649.0040914092324,0.1522892448683886,1.5625450400836551,1.5460698520617455,8.932884044797262e-08,0.50-1.00,0.25-1.00,1.6666666666666667e-05,pneumatic_feed,-0.041253827423516805,0.0,0.0,0.0,heavy,0.6520000000000005
copper,partial,0.1652436952361901,0.6690480234951299,0.6690480234951299,0.012,0.02412557950448375,0.03612557950448375,8900.0,,3624.1793571293115,0.13092557950448375,1.4761867673368623,1.43352987269271,5.860559627081212e-08,0.50-1.00,0.25-1.00,1.6666666666666667e-05,pneumatic_feed,-0.0002716952256511998,0.0,0.0,0.0,heavy,0.7420000000000005
aluminum,heavily_coated,0.2823789713898515,0.5837544965448958,0.5837544965448958,0.0218,0.04438997430248466,0.06618997430248466,2700.0,,2264.720688374326,0.149901804165802,1.5009807265995028,1.5339030993470313,5.108193470857357e-08,0.50-1.00,0.25-1.00,1.6666666666666667e-05,pneumatic_feed,-0.0059332736665803016,0.0,0.0,0.0,heavy,0.7320000000000005
aluminum,partial,0.2562836668466081,0.7746338748141373,0.7746338748141373,0.0218,0.04028779242828679,0.06208779242828679,2700.0,,2278.8443829990915,0.1414884170280149,1.4994411759674495,1.4902356168310171,8.490120561051971e-08,0.50-1.00,0.25-1.00,1.6666666666666667e-05,pneumatic_feed,-0.02087398281004736,0.0,0.0,0.0,heavy,0.7220000000000005
separator,film,,0.5715741034148031,0.5715741034148031,,,0.0139,,,900.0,0.01251,0.4688075220108039,0.44312183426231666,4.086978915737395e-09,0.50-1.00,0.25-1.00,1.6666666666666667e-05,pneumatic_feed,-0.0170421863462875,2.25,0.0,0.0,light,4.367999999999741
separator,film,,0.5454729486866607,0.5454729486866607,,,0.0139,,,900.0,0.01251,0.46828815335841445,0.44312183426231666,3.722234629238995e-09,0.50-1.00,0.25-1.00,1.6666666666666667e-05,pneumatic_feed,0.03251644427508661,2.25,0.0,0.0,light,4.367999999999741
other_light,unresolved_nonmetal,,0.736407746050378,0.18744993541726607,,,,,,1100.0,,0.6247930662738618,,2.3000980599997913e-07,0.50-1.00,0.25-1.00,1.6666666666666667e-05,pneumatic_feed,0.005044160370242044,2.25,0.0,0.0,light,7.6679999999993775
copper,partial,0.15872583403033458,0.6036361343961055,0.6036361343961055,0.012,0.023173971768428846,0.03517397176842885,8900.0,,3695.1747338664145,0.12997397176842884,1.465175162420076,1.4283107018002978,4.7359471679252623e-08,0.50-1.00,0.25-1.00,1.6666666666666667e-05,pneumatic_feed,0.040360773644268884,0.0,0.0,0.0,heavy,0.7420000000000005
copper,partial,0.38969159802904174,0.43377318692732925,0.43377318692732925,0.012,0.056894973312240096,0.0688949733122401,8900.0,,2376.0075001459873,0.1636949733122401,1.5134782246563339,1.6029211774472634,3.0800711571578464e-08,0.25-0.50,0.25-1.00,1.6666666666666667e-05,pneumatic_feed,0.03315372220531868,0.0,0.0,0.0,heavy,0.7100000000000005
aluminum,bare_like,0.04595298022374433,0.6023486076498719,0.6023486076498719,0.0218,0.007223808491172608,0.029023808491172608,2700.0,,2538.4573625596163,0.07367570035393742,1.113140807014554,1.075366817767501,2.6731300895631475e-08,0.50-1.00,0.25-1.00,1.6666666666666667e-05,pneumatic_feed,0.005944712960867323,0.0,0.0,0.0,heavy,2.0599999999999947
aluminum,partial,0.10681387083583549,0.6343207644793329,0.6343207644793329,0.0218,0.01679114049539334,0.03859114049539334,2700.0,,2417.597896784594,0.09329786009618171,1.238406080114796,1.210125287757292,3.753959123113085e-08,0.50-1.00,0.25-1.00,1.6666666666666667e-05,pneumatic_feed,0.03414202605560885,0.0,0.0,0.0,heavy,1.262000000000001
aluminum,partial,0.20983818715465577,0.5446573390025977,0.5446573390025977,0.0218,0.03298656302071189,0.05478656302071189,2700.0,,2309.214576441022,0.12651392992053256,1.3935467564923656,1.4091709066088043,3.75305618750176e-08,0.50-1.00,0.25-1.00,1.6666666666666667e-05,pneumatic_feed,-0.028733680625721177,0.0,0.0,0.0,heavy,0.8680000000000007
aluminum,partial,0.050168647463049665,0.8822970745874645,0.8822970745874645,0.0218,0.007886511381191407,0.029686511381191407,2700.0,,2527.574650489312,0.07503487362856184,1.1385588067589845,1.0852406997868753,5.84107568977843e-08,0.50-1.00,0.25-1.00,1.6666666666666667e-05,pneumatic_feed,0.011644409712632206,0.0,0.0,0.0,heavy,1.8220000000000014
other_light,unresolved_nonmetal,,0.7308793472533661,0.1728617088163622,,,,,,1100.0,,0.5576382947881011,,2.248683729552869e-07,0.50-1.00,0.25-1.00,1.6666666666666667e-05,pneumatic_feed,-0.009853695311205975,2.25,0.0,0.0,light,5.625999999999602
aluminum,partial,0.11514160392494921,0.8512293226204378,0.8512293226204378,0.0218,0.018100260137002014,0.039900260137002014,2700.0,,2405.5683895762872,0.09598280452144287,1.2720342798015887,1.2274143961061266,6.954831083494133e-08,0.50-1.00,0.25-1.00,1.6666666666666667e-05,pneumatic_feed,0.00895788238752704,0.0,0.0,0.0,heavy,1.1280000000000008
aluminum,partial,0.17156585770231142,0.6780189043324103,0.6780189043324103,0.0218,0.026970152830803354,0.048770152830803354,2700.0,,2341.074234028016,0.11417454818180223,1.3566121037422696,1.3386873078734884,5.2487139828943937e-08,0.50-1.00,0.25-1.00,1.6666666666666667e-05,pneumatic_feed,0.012210500631341069,0.0,0.0,0.0,heavy,0.9420000000000007
copper,partial,0.07632467902732583,0.6329368204973062,0.6329368204973062,0.012,0.01114340313798957,0.02314340313798957,8900.0,,5096.199657188148,0.11794340313798957,1.4237332538573926,1.3606026810402383,4.724919099811239e-08,0.50-1.00,0.25-1.00,1.6666666666666667e-05,pneumatic_feed,-0.03021618271089046,0.0,0.0,0.0,heavy,0.8060000000000006
aluminum,partial,0.07034265461009215,0.5257411550006927,0.5257411550006927,0.0218,0.011057865304706482,0.03285786530470648,2700.0,,2481.572509859925,0.08153917527283981,1.156036481850224,1.1312996486707196,2.25377348008019e-08,0.50-1.00,0.25-1.00,1.6666666666666667e-05,pneumatic_feed,-0.004799020510909665,0.0,0.0,0.0,heavy,1.7420000000000013
other_light,unresolved_nonmetal,,0.6750552007510231,0.11406648632906995,,,,,,1100.0,,0.2993000878822349,,1.7717774499756915e-07,0.50-1.00,0.25-1.00,1.6666666666666667e-05,pneumatic_feed,-0.024689580607994182,2.25,0.0,0.0,light,3.1139999999998786
aluminum,bare_like,0.03986124904925574,0.6037962044425444,0.6037962044425444,0.0218,0.006266188350543003,0.028066188350543003,2700.0,,2555.091001681499,0.07171166530597055,1.0999136665328464,1.0609365196101574,2.6143911529917987e-08,0.50-1.00,0.25-1.00,1.6666666666666667e-05,pneumatic_feed,-0.008422769920416559,0.0,0.0,0.0,heavy,2.2899999999999694
aluminum,partial,0.24593214839374564,0.5338439142593445,0.5338439142593445,0.0218,0.03866053372749682,0.06046053372749682,2700.0,,2284.977909495329,0.13815098396362752,1.4411072036773747,1.4725548697054036,3.937155563910849e-08,0.50-1.00,0.25-1.00,1.6666666666666667e-05,pneumatic_feed,0.014740989574948423,0.0,0.0,0.0,heavy,0.7960000000000006
aluminum,partial,0.2646580710174553,0.8846880897057592,0.8846880897057592,0.0218,0.041604248763943974,0.06340424876394397,2700.0,,2274.112720955906,0.14418840867673777,1.524868449654405,1.504387337951924,1.1285237670095605e-07,0.50-1.00,0.25-1.00,1.6666666666666667e-05,pneumatic_feed,0.01483389966457823,0.0,0.0,0.0,heavy,0.7000000000000005
aluminum,partial,0.06522243333110145,0.8309329235584334,0.8309329235584334,0.0218,0.010252966519649145,0.032052966519649145,2700.0,,2492.385991209493,0.07988836473028042,1.1694137680182581,1.1197891644441296,5.515888335749077e-08,0.50-1.00,0.25-1.00,1.6666666666666667e-05,pneumatic_feed,0.02288465222721897,0.0,0.0,0.0,heavy,1.6660000000000013
aluminum,partial,0.1965140902320146,0.7532113317216831,0.7532113317216831,0.0218,0.030892014984472693,0.05269201498447269,2700.0,,2319.4806246775556,0.12221810783170384,1.4060103131532518,1.385039862432278,6.933767037804355e-08,0.50-1.00,0.25-1.00,1.6666666666666667e-05,pneumatic_feed,0.019576115611756824,0.0,0.0,0.0,heavy,0.8320000000000006
black_mass,free,,0.4076134669700544,0.080662769293252,,,,,,3540.0,,0.4588882484159576,,1.2552997908608763e-07,0.25-0.50,0.25-1.00,1.6666666666666667e-05,pneumatic_feed,-0.023990427834826373,2.25,0.0,0.0,light,4.297999999999749
aluminum,partial,0.23281714088247857,0.5934686282040709,0.5934686282040709,0.0218,0.03659885454672563,0.05839885454672563,2700.0,,2293.2397464194582,0.1339225743919199,1.4363836271470807,1.449844380495912,4.7168202009490264e-08,0.50-1.00,0.25-1.00,1.6666666666666667e-05,pneumatic_feed,-0.037034983149334746,0.0,0.0,0.0,heavy,0.7740000000000006
copper,partial,0.16050758601875503,0.4529543628292866,0.4529543628292866,0.012,0.02343410755873823,0.03543410755873823,8900.0,,3675.388390771587,0.13023410755873824,1.4411051210844317,1.4297393301724464,2.671982642358975e-08,0.25-0.50,0.25-1.00,1.6666666666666667e-05,pneumatic_feed,0.006132726552621872,0.0,0.0,0.0,heavy,0.7820000000000006
copper,partial,0.28082228759340966,0.496191990593843,0.496191990593843,0.012,0.041000053988637805,0.0530000539886378,8900.0,,2788.6774232404236,0.1478000539886378,1.4985463955058587,1.5231118302362632,3.638933274041028e-08,0.25-0.50,0.25-1.00,1.6666666666666667e-05,pneumatic_feed,-0.020607643284323112,0.0,0.0,0.0,heavy,0.7420000000000005
copper,partial,0.13642355805600226,0.9845435594887975,0.9845435594887975,0.012,0.019917839476176324,0.031917839476176324,8900.0,,3970.1258467309267,0.12671783947617632,1.4814281737662385,1.4103060690566653,1.228308990697117e-07,0.50-1.00,0.25-1.00,1.6666666666666667e-05,pneumatic_feed,0.0036774805254967268,0.0,0.0,0.0,heavy,0.7380000000000005
copper,heavily_coated,0.6975891945211995,0.7798330270099807,0.7798330270099807,0.012,0.10184802240009512,0.11384802240009512,8900.0,,1832.6890357993675,0.2086480224000951,1.7254634850854729,1.8096793527008848,1.268871144540281e-07,0.50-1.00,0.25-1.00,1.6666666666666667e-05,pneumatic_feed,-0.030661099746739112,0.0,0.0,0.0,heavy,0.5440000000000004
aluminum,partial,0.11169138866008665,0.8716077274418508,0.8716077274418508,0.0218,0.017557886297365627,0.03935788629736563,2700.0,,2410.455172849274,0.09487042061789853,1.2666337205431455,1.220281165149465,7.207306144041365e-08,0.50-1.00,0.25-1.00,1.6666666666666667e-05,pneumatic_feed,0.009459158187085884,0.0,0.0,0.0,heavy,1.1920000000000008
other_light,unresolved_nonmetal,,0.5438868986695318,0.19202607004172612,,,,,,1100.0,,0.6459915727661205,,9.266529229928922e-08,0.50-1.00,0.25-1.00,1.6666666666666667e-05,pneumatic_feed,0.029290926466891656,2.1770635558108222,1.8604805267575996e-66,-0.03300056696793566,active,
other_light,unresolved_nonmetal,,0.6090620525376207,0.13058008588704045,,,,,,1100.0,,0.36902868611072365,,1.301295514108567e-07,0.50-1.00,0.25-1.00,1.6666666666666667e-05,pneumatic_feed,-0.006079089845636567,2.25,0.0,0.0,light,3.5519999999998304
aluminum,partial,0.08297563078036041,0.7622846296565664,0.7622846296565664,0.0218,0.013043769158672655,0.034843769158672655,2700.0,,2457.0296264457666,0.085612173119896,1.2026377476266499,1.1592103645542027,4.974733805628895e-08,0.50-1.00,0.25-1.00,1.6666666666666667e-05,pneumatic_feed,-0.008148717972565233,0.0,0.0,0.0,heavy,1.478000000000001
aluminum,partial,0.13725779515636616,0.9042264379252147,0.9042264379252147,0.0218,0.021576925398580762,0.04337692539858076,2700.0,,2377.1460238105706,0.10311328573636401,1.317112028327163,1.2721895035402428,8.430804675871233e-08,0.50-1.00,0.25-1.00,1.6666666666666667e-05,pneumatic_feed,0.023526891055575712,0.0,0.0,0.0,heavy,1.0080000000000007
aluminum,partial,0.0709232719805804,0.7311367850924577,0.7311367850924577,0.0218,0.01114913835534724,0.03294913835534724,2700.0,,2480.37964567883,0.08172637211925893,1.175724599039093,1.1325975175603593,4.368773108510686e-08,0.50-1.00,0.25-1.00,1.6666666666666667e-05,pneumatic_feed,-0.00561053005612701,0.0,0.0,0.0,heavy,1.5400000000000011
aluminum,partial,0.12217002133612032,0.9487104875441206,0.9487104875441206,0.0218,0.019205127354038114,0.041005127354038114,2700.0,,2396.0134480426914,0.09824883657897855,1.2912794158448537,1.2418187222552441,8.842902149762271e-08,0.50-1.00,0.25-1.00,1.6666666666666667e-05,pneumatic_feed,0.00859174491491084,0.0,0.0,0.0,heavy,1.0320000000000007
copper,heavily_coated,0.5305876071205353,0.79780339862598,0.79780339862598,0.012,0.07746579063959816,0.08946579063959816,8900.0,,2059.622894094683,0.18426579063959816,1.6658054303536707,1.700657475766103,1.1728338152014959e-07,0.50-1.00,0.25-1.00,1.6666666666666667e-05,pneumatic_feed,-0.02098453531602699,0.0,0.0,0.0,heavy,0.5640000000000004
separator,film,,0.5538534361502455,0.5538534361502455,,,0.0139,,,900.0,0.01251,0.4684600550032424,0.44312183426231666,3.83748789548028e-09,0.50-1.00,0.25-1.00,1.6666666666666667e-05,pneumatic_feed,-0.01493846956027989,2.25,0.0,0.0,light,4.367999999999741
other_light,unresolved_nonmetal,,0.8934599114567683,0.1402798738384207,,,,,,1100.0,,0.41122125210266025,,4.107868384224361e-07,0.50-1.00,0.25-1.00,1.6666666666666667e-05,pneumatic_feed,-0.00023044770977923322,2.25,0.0,0.0,light,3.847999999999798
aluminum,partial,0.1416566743360394,0.6159713058561609,0.6159713058561609,0.0218,0.022268429205625398,0.0440684292056254,2700.0,,2372.027554804219,0.10453152837268245,1.2985039469449722,1.2809086108452952,3.9661420402831276e-08,0.50-1.00,0.25-1.00,1.6666666666666667e-05,pneumatic_feed,0.01626963803818399,0.0,0.0,0.0,heavy,1.0600000000000007
separator,film,,0.6420057076322182,0.6420057076322182,,,0.0139,,,900.0,0.01251,0.47000481748809503,0.44312183426231666,5.156263321190639e-09,0.50-1.00,0.25-1.00,1.6666666666666667e-05,pneumatic_feed,-0.005192930479963955,2.25,0.0,0.0,light,4.37999999999974
separator,film,,0.5973146995809049,0.5973146995809049,,,0.0139,,,900.0,0.01251,0.46927674408245185,0.44312183426231666,4.463378477696187e-09,0.50-1.00,0.25-1.00,1.6666666666666667e-05,pneumatic_feed,-0.02066878508114448,2.25,0.0,0.0,light,4.37399999999974
aluminum,partial,0.07559027530410589,0.7383016943127146,0.7383016943127146,0.0218,0.011882791277805449,0.03368279127780545,2700.0,,2471.026227438582,0.08323106066079677,1.185892372996412,1.142976258778749,4.536836823654549e-08,0.50-1.00,0.25-1.00,1.6666666666666667e-05,pneumatic_feed,0.0034090992012625713,0.0,0.0,0.0,heavy,1.5140000000000011
aluminum,partial,0.07874385616170954,0.5423099263284029,0.5423099263284029,0.0218,0.01237853418862074,0.03417853418862074,2700.0,,2464.933288249262,0.08424780666509676,1.1745299185812876,1.1499363345052451,2.4777284674452977e-08,0.50-1.00,0.25-1.00,1.6666666666666667e-05,pneumatic_feed,0.026339118506591565,0.0,0.0,0.0,heavy,1.6020000000000012
aluminum,partial,0.1350537781843651,0.8084255388211123,0.8084255388211123,0.0218,0.02123045393058219,0.04303045393058219,2700.0,,2379.772446500791,0.10240268862442115,1.306315986806638,1.2677983280667768,6.692546678165357e-08,0.50-1.00,0.25-1.00,1.6666666666666667e-05,pneumatic_feed,-0.0068244594099405856,0.0,0.0,0.0,heavy,1.0460000000000007
aluminum,partial,0.24879288316530904,0.8867340086209539,0.8867340086209539,0.0218,0.039110241233586585,0.060910241233586584,2700.0,,2283.250084792649,0.13907331346132729,1.5014942902062494,1.47746225944658,1.0935295725376692e-07,0.50-1.00,0.25-1.00,1.6666666666666667e-05,pneumatic_feed,-0.0038540131736360087,0.0,0.0,0.0,heavy,0.7280000000000005
other_light,unresolved_nonmetal,,0.8377954431646704,0.17343199083847277,,,,,,1100.0,,0.5602493040326244,,3.3869227331989365e-07,0.50-1.00,0.25-1.00,1.6666666666666667e-05,pneumatic_feed,0.01052400062478388,2.25,0.0,0.0,light,5.665999999999598
copper,partial,0.10783179371769747,0.4772451354746191,0.4772451354746191,0.012,0.01574344188278383,0.02774344188278383,8900.0,,4417.0237564801955,0.12254344188278382,1.422890615117233,1.3868820655672836,2.791085206848219e-08,0.25-0.50,0.25-1.00,1.6666666666666667e-05,pneumatic_feed,0.004304761603698745,0.0,0.0,0.0,heavy,0.8160000000000006
copper,partial,0.3748093260688055,0.5241881916468103,0.5241881916468103,0.012,0.05472216160604561,0.0667221616060456,8900.0,,2420.817277469774,0.1615221616060456,1.5407399108311735,1.592247420650601,4.4381970949051214e-08,0.50-1.00,0.25-1.00,1.6666666666666667e-05,pneumatic_feed,0.001953810112270322,0.0,0.0,0.0,heavy,0.7020000000000005
other_light,unresolved_nonmetal,,0.5101079346690928,0.10342851661296783,,,,,,1100.0,,0.25612685929211604,,7.645000962383469e-08,0.50-1.00,0.25-1.00,1.6666666666666667e-05,pneumatic_feed,-0.0003388066200426922,2.25,0.0,0.0,light,2.891999999999903
aluminum,partial,0.2271562685324158,0.7016443698009471,0.7016443698009471,0.0218,0.03570896541329577,0.05750896541329577,2700.0,,2296.9888536196127,0.1320974525375362,1.4465716855066375,1.4399311146819378,6.503221281499797e-08,0.50-1.00,0.25-1.00,1.6666666666666667e-05,pneumatic_feed,-0.01041042640658954,0.0,0.0,0.0,heavy,0.7780000000000006
aluminum,partial,0.08853653180925086,0.5969829355037999,0.5969829355037999,0.0218,0.013917942800414237,0.03571794280041424,2700.0,,2447.0911919262853,0.08740506322062057,1.1997406525526146,1.1712855639470934,3.115017032394743e-08,0.50-1.00,0.25-1.00,1.6666666666666667e-05,pneumatic_feed,0.023318900691040832,0.0,0.0,0.0,heavy,1.450000000000001
other_light,unresolved_nonmetal,,0.6675118676202962,0.173122011913761,,,,,,1100.0,,0.5588299197636502,,1.7130430672451623e-07,0.50-1.00,0.25-1.00,1.6666666666666667e-05,pneumatic_feed,-0.005060982502429865,2.25,0.0,0.0,light,5.6459999999996
other_light,unresolved_nonmetal,,0.9518764615688649,0.15940168169668795,,,,,,1100.0,,0.49642941791783074,,4.967445031753726e-07,0.50-1.00,0.25-1.00,1.6666666666666667e-05,pneumatic_feed,-0.004386352532057427,2.25,0.0,0.0,light,4.663999999999708
copper,partial,0.3903669638701016,0.6075108472660333,0.6075108472660333,0.012,0.05699357672503484,0.06899357672503484,8900.0,,2374.040954244384,0.16379357672503483,1.5687775898825307,1.6034038731012679,6.045120192519016e-08,0.50-1.00,0.25-1.00,1.6666666666666667e-05,pneumatic_feed,-0.01403862564360315,0.0,0.0,0.0,heavy,0.6880000000000005
aluminum,partial,0.13839309938271976,0.5326250362742561,0.5326250362742561,0.0218,0.021755395222963547,0.04355539522296355,2700.0,,2375.809440880143,0.10347931917198268,1.2805410842640086,1.27444552403131,2.9355988996749807e-08,0.50-1.00,0.25-1.00,1.6666666666666667e-05,pneumatic_feed,-0.00833148448311268,0.0,0.0,0.0,heavy,1.0980000000000008
aluminum,partial,0.19834933997479381,0.5826061341791438,0.5826061341791438,0.0218,0.031180516244037587,0.05298051624403759,2700.0,,2318.0183850151566,0.12280981070127328,1.3841635421164036,1.3883885582815731,4.168532269663936e-08,0.50-1.00,0.25-1.00,1.6666666666666667e-05,pneumatic_feed,-0.006098122519341041,0.0,0.0,0.0,heavy,0.8840000000000007
aluminum,partial,0.19495200930263917,0.7891272651487028,0.7891272651487028,0.0218,0.030646455862374883,0.05244645586237488,2700.0,,2320.7378900617364,0.12171447731926388,1.4074326426701789,1.382183213616475,7.579426334404932e-08,0.50-1.00,0.25-1.00,1.6666666666666667e-05,pneumatic_feed,-0.010643440775219025,0.0,0.0,0.0,heavy,0.8340000000000006
other_light,unresolved_nonmetal,,0.5817631270982389,0.19786432599774958,,,,,,1100.0,,0.673109006292269,,1.1340439404986504e-07,0.50-1.00,0.25-1.00,1.6666666666666667e-05,pneumatic_feed,-0.01400158911012389,0.6096915855704543,9.896141630693205e-65,-0.23729302959315612,active,
separator,film,,0.9333192754006978,0.9333192754006978,,,0.0139,,,900.0,0.01251,0.47307909885105814,0.44312183426231666,1.0897271721629392e-08,0.50-1.00,0.25-1.00,1.6666666666666667e-05,pneumatic_feed,-0.005776162977253693,2.25,0.0,0.0,light,4.401999999999737
aluminum,partial,0.10629099340963549,0.8444903930178611,0.8444903930178611,0.0218,0.016708944163994696,0.038508944163994696,2700.0,,2418.3804881431965,0.09312927918520059,1.254446207831635,1.2090314992136924,6.641645148657403e-08,0.50-1.00,0.25-1.00,1.6666666666666667e-05,pneumatic_feed,0.019524576947353527,0.0,0.0,0.0,heavy,1.2380000000000009
aluminum,partial,0.22173332799122725,0.5925828361294918,0.5925828361294918,0.0218,0.03485647916022092,0.05665647916022092,2700.0,,2300.6908337708874,0.13034904227765157,1.4204103001244608,1.4303700806399786,4.577264203553817e-08,0.50-1.00,0.25-1.00,1.6666666666666667e-05,pneumatic_feed,-0.02836313122929287,0.0,0.0,0.0,heavy,0.7860000000000006
aluminum,partial,0.10700152893841763,0.6485254620302323,0.6485254620302323,0.0218,0.016820640349119252,0.03862064034911925,2700.0,,2417.3178409550706,0.09335836294503523,1.2402314419282623,1.2105176020138133,3.92651527435941e-08,0.50-1.00,0.25-1.00,1.6666666666666667e-05,pneumatic_feed,0.007208756359184659,0.0,0.0,0.0,heavy,1.262000000000001
separator,film,,0.5569279457250533,0.5569279457250533,,,0.0139,,,900.0,0.01251,0.4685218688624207,0.44312183426231666,3.880210896486394e-09,0.50-1.00,0.25-1.00,1.6666666666666667e-05,pneumatic_feed,-0.007409695367784987,2.25,0.0,0.0,light,4.367999999999741
other_light,unresolved_nonmetal,,0.6149895812365589,0.1798806511889066,,,,,,1100.0,,0.5898595619901762,,1.339659975620549e-07,0.50-1.00,0.25-1.00,1.6666666666666667e-05,pneumatic_feed,0.03347479448379916,2.25,0.0,0.0,light,6.379999999999519
copper,bare_like,0.006407202455910197,0.7268311718857307,0.7268311718857307,0.012,0.000935451558562889,0.01293545155856289,8900.0,,8328.69661107773,0.10773545155856289,1.3852318291327725,1.3003905750439761,5.691486707144589e-08,0.50-1.00,0.25-1.00,1.6666666666666667e-05,pneumatic_feed,0.010096943325768461,0.0,0.0,0.0,heavy,0.8660000000000007
other_light,unresolved_nonmetal,,0.7545748036014388,0.19375327985279983,,,,,,1100.0,,0.6540062008644616,,2.474561236642286e-07,0.50-1.00,0.25-1.00,1.6666666666666667e-05,pneumatic_feed,-0.03189672693077952,0.62268432701718,-2.059301254045122e-67,-0.23019996663218995,active,
separator,film,,0.6448107196829054,0.6448107196829054,,,0.0139,,,900.0,0.01251,0.47004725301140005,0.44312183426231666,5.20141861136701e-09,0.50-1.00,0.25-1.00,1.6666666666666667e-05,pneumatic_feed,-0.02763637756698859,2.25,0.0,0.0,light,4.37999999999974
other_light,unresolved_nonmetal,,0.657141244356782,0.08368544898308607,,,,,,1100.0,,0.18077183568900648,,1.6344343644214242e-07,0.50-1.00,0.25-1.00,1.6666666666666667e-05,pneumatic_feed,0.029466847780775615,2.25,0.0,0.0,light,2.601999999999935
separator,film,,0.6446321617871966,0.6446321617871966,,,0.0139,,,900.0,0.01251,0.47004456236953435,0.44312183426231666,5.198538306370535e-09,0.50-1.00,0.25-1.00,1.6666666666666667e-05,pneumatic_feed,0.022967501323027283,2.25,0.0,0.0,light,4.37599999999974
aluminum,heavily_coated,0.4139704626381714,0.5434250604263415,0.5434250604263415,0.0218,0.06507615672672054,0.08687615672672054,2700.0,,2213.8205015694293,0.1923282168591728,1.6391897743780492,1.7374647311014912,5.679659887152081e-08,0.50-1.00,0.25-1.00,1.6666666666666667e-05,pneumatic_feed,-0.01952879451606964,0.0,0.0,0.0,heavy,0.5860000000000004
aluminum,partial,0.2198513330577359,0.8816262441293334,0.8816262441293334,0.0218,0.03456062955667609,0.05636062955667609,2700.0,,2302.0017574622048,0.12974226829114463,1.456362953046187,1.427037015321539,1.0084410266990033e-07,0.50-1.00,0.25-1.00,1.6666666666666667e-05,pneumatic_feed,0.03445672297973289,0.0,0.0,0.0,heavy,0.7660000000000006
aluminum,partial,0.09522255718179046,0.7115735420647191,0.7115735420647191,0.0218,0.01496898598897746,0.03676898598897746,2700.0,,2435.7675973938854,0.08956070466098107,1.2233900171716308,1.1856411009908348,4.5347890076311244e-08,0.50-1.00,0.25-1.00,1.6666666666666667e-05,pneumatic_feed,0.00730360418759575,0.0,0.0,0.0,heavy,1.286000000000001
aluminum,bare_like,0.031631384379984875,0.5725440337095992,0.5725440337095992,0.0218,0.004972453624533621,0.02677245362453362,2700.0,,2579.4525823612826,0.06905827463795093,1.079101342724447,1.041123757637524,2.2637763082059058e-08,0.50-1.00,0.25-1.00,1.6666666666666667e-05,pneumatic_feed,0.0255719317325294,0.0,0.0,0.0,heavy,2.703999999999924
copper,heavily_coated,0.5634919627879756,0.8829412925501422,0.8829412925501422,0.012,0.08226982656704444,0.09426982656704444,8900.0,,2005.6239992398685,0.18906982656704446,1.6948205714868592,1.7226839518020507,1.4739606239807101e-07,0.50-1.00,0.25-1.00,1.6666666666666667e-05,pneumatic_feed,-0.013345211146573837,0.0,0.0,0.0,heavy,0.5540000000000004
aluminum,heavily_coated,0.3388632701378686,0.7283832918454611,0.7283832918454611,0.0218,0.05326930606567294,0.07506930606567294,2700.0,,2239.4360056835994,0.1681129069251502,1.6030857853344067,1.6244076419104774,8.919099482376233e-08,0.50-1.00,0.25-1.00,1.6666666666666667e-05,pneumatic_feed,0.009454475671173702,0.0,0.0,0.0,heavy,0.6260000000000004
separator,film,,0.7207030464472695,0.7207030464472695,,,0.0139,,,900.0,0.01251,0.47107350621906185,0.44312183426231666,6.4978551432912714e-09,0.50-1.00,0.25-1.00,1.6666666666666667e-05,pneumatic_feed,0.01794951923277535,2.25,0.0,0.0,light,4.383999999999739
aluminum,partial,0.1434509761786003,0.7591894492366646,0.7591894492366646,0.0218,0.022550493455275974,0.044350493455275974,2700.0,,2369.985563649654,0.10511002922974252,1.317304787370201,1.2844481378358719,6.058212247767628e-08,0.50-1.00,0.25-1.00,1.6666666666666667e-05,pneumatic_feed,-0.002962527770654403,0.0,0.0,0.0,heavy,0.9980000000000008
aluminum,partial,0.2635118180777115,0.7437468111187557,0.7437468111187557,0.0218,0.04142405780181625,0.06322405780181625,2700.0,,2274.7487312069275,0.14381884526643496,1.5054507094605012,1.502458184210783,7.95547345140404e-08,0.50-1.00,0.25-1.00,1.6666666666666667e-05,pneumatic_feed,0.034495047921482815,0.0,0.0,0.0,heavy,0.7160000000000005
aluminum,partial,0.10676129611518387,0.6683341998423884,0.6683341998423884,0.0218,0.016782875749306904,0.038582875749306904,2700.0,,2417.6764346595423,0.09328090948049643,1.2417397222267879,1.21001535329345,4.166584005609538e-08,0.50-1.00,0.25-1.00,1.6666666666666667e-05,pneumatic_feed,-0.024441852458440275,0.0,0.0,0.0,heavy,1.2380000000000009
aluminum,partial,0.06414250094895768,0.8228650021123475,0.8228650021123475,0.0218,0.010083201149176144,0.031883201149176144,2700.0,,2494.736440007962,0.07954018373095345,1.1666767223465697,1.1173462864488544,5.385720020820577e-08,0.50-1.00,0.25-1.00,1.6666666666666667e-05,pneumatic_feed,-0.006418628790478952,0.0,0.0,0.0,heavy,1.7060000000000013
aluminum,heavily_coated,0.40971757190480035,0.773403115218509,0.773403115218509,0.0218,0.06440760230343462,0.08620760230343462,2700.0,,2215.083557082282,0.19095704235782668,1.6967513250669186,1.731260158626787,1.142214091024253e-07,0.50-1.00,0.25-1.00,1.6666666666666667e-05,pneumatic_feed,-0.01702019869541439,0.0,0.0,0.0,heavy,0.5700000000000004
black_mass,free,,0.4690600127273964,0.09486941892964612,,,,,,2100.0,,0.3784692559952878,,1.1347577305625822e-07,0.25-0.50,0.25-1.00,1.6666666666666667e-05,pneumatic_feed,0.01868781866116659,2.25,0.0,0.0,light,3.601999999999825
separator,film,,0.8049276227932751,0.8049276227932751,,,0.0139,,,900.0,0.01251,0.4719915428524217,0.44312183426231666,8.10533505897477e-09,0.50-1.00,0.25-1.00,1.6666666666666667e-05,pneumatic_feed,0.01870024544603827,2.25,0.0,0.0,light,4.3899999999997386
separator,film,,0.5346413410274392,0.5346413410274392,,,0.0139,,,900.0,0.01251,0.46805828613875927,0.44312183426231666,3.5758754578305885e-09,0.50-1.00,0.25-1.00,1.6666666666666667e-05,pneumatic_feed,0.021122427710642155,2.25,0.0,0.0,light,4.363999999999741
aluminum,heavily_coated,0.3021830882082328,0.5988692123029039,0.5988692123029039,0.0218,0.0475031814663342,0.0693031814663342,2700.0,,2255.1179637422083,0.15628684946921634,1.5297016919150919,1.5662306309317349,5.605139295399683e-08,0.50-1.00,0.25-1.00,1.6666666666666667e-05,pneumatic_feed,-0.006414174071035818,0.0,0.0,0.0,heavy,0.6980000000000005
aluminum,partial,0.23748894882764493,0.9240522461617167,0.9240522461617167,0.0218,0.03733326275570578,0.05913326275570578,2700.0,,2290.230670189993,0.135428811991521,1.4878482988204822,1.4579748396385013,1.1563894553115935e-07,0.50-1.00,0.25-1.00,1.6666666666666667e-05,pneumatic_feed,-0.027942038333592826,0.0,0.0,0.0,heavy,0.7100000000000005
aluminum,heavily_coated,0.2782156242006667,0.5068996972771321,0.5068996972771321,0.0218,0.04373549612434481,0.06553549612434481,2700.0,,2266.855493344633,0.14855949939853694,1.4752472819775178,1.5270199417687498,3.817196272028786e-08,0.50-1.00,0.25-1.00,1.6666666666666667e-05,pneumatic_feed,0.04140967929339555,0.0,0.0,0.0,heavy,0.7620000000000006
other_light,unresolved_nonmetal,,0.7179305576640533,0.10615995071462231,,,,,,1100.0,,0.2670621751083673,,2.1312707467547794e-07,0.50-1.00,0.25-1.00,1.6666666666666667e-05,pneumatic_feed,-0.03384121571760295,2.25,0.0,0.0,light,2.9419999999998976
black_mass,free,,0.4649335848618592,0.07740197739977014,,,,,,3060.0,,0.3796676387099498,,1.6102481378846232e-07,0.25-0.50,0.25-1.00,1.6666666666666667e-05,pneumatic_feed,0.009682840579579995,2.25,0.0,0.0,light,3.6059999999998245
copper,heavily_coated,0.5618458477887329,0.8773292201618565,0.8773292201618565,0.012,0.082029493777155,0.094029493777155,8900.0,,2008.1943036370171,0.18882949377715502,1.6931731064596542,1.7215887239193413,1.45343300185576e-07,0.50-1.00,0.25-1.00,1.6666666666666667e-05,pneumatic_feed,0.01230215616828712,0.0,0.0,0.0,heavy,0.5520000000000004
other_light,unresolved_nonmetal,,0.8131619882284254,0.18600687298757257,,,,,,1100.0,,0.6181198411299901,,3.0968667176647404e-07,0.50-1.00,0.25-1.00,1.6666666666666667e-05,pneumatic_feed,-0.02385775115002324,2.25,0.0,0.0,light,7.361999999999411
aluminum,heavily_coated,0.3183385477486512,0.668174397879295,0.668174397879295,0.0218,0.05004281970608797,0.07184281970608797,2700.0,,2247.9007900904744,0.16149553117964263,1.565444126943169,1.5921161570047804,7.2100814559743e-08,0.50-1.00,0.25-1.00,1.6666666666666667e-05,pneumatic_feed,-0.011322644342381892,0.0,0.0,0.0,heavy,0.6680000000000005
separator,film,,0.5113282778470407,0.5113282778470407,,,0.0139,,,900.0,0.01251,0.46753177960879705,0.44312183426231666,3.2708221626525165e-09,0.50-1.00,0.25-1.00,1.6666666666666667e-05,pneumatic_feed,-0.013446111429965017,2.25,0.0,0.0,light,4.361999999999742
aluminum,partial,0.14203453432126578,0.7055916965854399,0.7055916965854399,0.0218,0.022327828795302984,0.044127828795302984,2700.0,,2371.5953643669577,0.1046533542105193,1.309615658261216,1.2816548083194286,5.210268149173122e-08,0.50-1.00,0.25-1.00,1.6666666666666667e-05,pneumatic_feed,-0.024429695319919346,0.0,0.0,0.0,heavy,1.0280000000000007
aluminum,partial,0.12099169271442678,0.8694610708497514,0.8694610708497514,0.0218,0.01901989409470789,0.04081989409470789,2700.0,,2397.579264193794,0.09786893164805834,1.2843827260134748,1.2394154876989087,7.398524749882713e-08,0.50-1.00,0.25-1.00,1.6666666666666667e-05,pneumatic_feed,0.014302746159657391,0.0,0.0,0.0,heavy,1.0540000000000007
other_light,unresolved_nonmetal,,0.5278187809722626,0.15045056382966854,,,,,,1100.0,,0.4562477065924167,,8.469267017735976e-08,0.50-1.00,0.25-1.00,1.6666666666666667e-05,pneumatic_feed,0.01640032748131581,2.25,0.0,0.0,light,4.229999999999756
separator,film,,0.7427107574393584,0.7427107574393584,,,0.0139,,,900.0,0.01251,0.47133293832304013,0.44312183426231666,6.900757057893982e-09,0.50-1.00,0.25-1.00,1.6666666666666667e-05,pneumatic_feed,0.03211805179561128,2.25,0.0,0.0,light,4.385999999999739
aluminum,partial,0.21032071194954302,0.9782478974048106,0.9782478974048106,0.0218,0.03306241591846817,0.05486241591846817,2700.0,,2308.8575050704576,0.12666950073965216,1.4491306498354284,1.4100370504385977,1.2121877896492385e-07,0.50-1.00,0.25-1.00,1.6666666666666667e-05,pneumatic_feed,-0.015338257605635813,0.0,0.0,0.0,heavy,0.7820000000000006
aluminum,partial,0.052938475432838805,0.7651197458425214,0.7651197458425214,0.0218,0.00832192833804226,0.03012192833804226,2700.0,,2520.6850309250954,0.07592789386430156,1.139221838671074,1.0916795418501153,4.444881361139215e-08,0.50-1.00,0.25-1.00,1.6666666666666667e-05,pneumatic_feed,-0.03925547978115607,0.0,0.0,0.0,heavy,1.8020000000000014
other_light,unresolved_nonmetal,,0.8247930336991867,0.18361707606918448,,,,,,1100.0,,0.6070818520079581,,3.231664444258366e-07,0.50-1.00,0.25-1.00,1.6666666666666667e-05,pneumatic_feed,0.004631375607959959,2.25,0.0,0.0,light,6.897999999999462
separator,film,,0.7032972871414058,0.7032972871414058,,,0.0139,,,900.0,0.01251,0.47085715235016684,0.44312183426231666,6.1877846969967675e-09,0.50-1.00,0.25-1.00,1.6666666666666667e-05,pneumatic_feed,0.014458221539172075,2.25,0.0,0.0,light,4.383999999999739
aluminum,partial,0.1327275543567506,0.7172388739419047,0.7172388739419047,0.0218,0.0208647715448812,0.0426647715448812,2700.0,,2382.59076796477,0.10165269080015996,1.2942252811246016,1.2631471152638203,5.2293356605767065e-08,0.50-1.00,0.25-1.00,1.6666666666666667e-05,pneumatic_feed,-0.011881680722886074,0.0,0.0,0.0,heavy,1.0520000000000007
aluminum,partial,0.0709023817666839,0.7060802985602357,0.7060802985602357,0.0218,0.011145854413722706,0.032945854413722706,2700.0,,2480.4224494890755,0.08171963690539655,1.1739602089342807,1.1325508469234855,4.074127496798623e-08,0.50-1.00,0.25-1.00,1.6666666666666667e-05,pneumatic_feed,0.03070072256036717,0.0,0.0,0.0,heavy,1.5760000000000012
aluminum,partial,0.057358722090531666,0.8801696272888092,0.8801696272888092,0.0218,0.00901679111263158,0.03081679111263158,2700.0,,2510.093452186262,0.07735302558920831,1.1545344525950674,1.1018770755616136,5.992527852585471e-08,0.50-1.00,0.25-1.00,1.6666666666666667e-05,pneumatic_feed,-0.01789360896123071,0.0,0.0,0.0,heavy,1.7460000000000013
aluminum,bare_like,0.028931583539020776,0.5345212058534019,0.5345212058534019,0.0218,0.004548044932334065,0.026348044932334065,2700.0,,2587.965521689856,0.06818783184881569,1.069805349990644,1.0345415451778683,1.948214451237581e-08,0.50-1.00,0.25-1.00,1.6666666666666667e-05,pneumatic_feed,0.027934799708966417,0.0,0.0,0.0,heavy,2.7599999999999176
copper,heavily_coated,0.7212843076787598,0.6183257082185816,0.6183257082185816,0.012,0.10530750892109893,0.11730750892109892,8900.0,,1808.1324108907856,0.21210750892109895,1.6836504345086556,1.8246203605203932,8.10943599951596e-08,0.50-1.00,0.25-1.00,1.6666666666666667e-05,pneumatic_feed,0.006896874228667793,0.0,0.0,0.0,heavy,0.5560000000000004
aluminum,partial,0.22838316832178127,0.9757099008942836,0.9757099008942836,0.0218,0.03590183406018402,0.05770183406018402,2700.0,,2296.166481648278,0.1324930172986255,1.4780097624934445,1.4420854341956395,1.2613465231795136e-07,0.50-1.00,0.25-1.00,1.6666666666666667e-05,pneumatic_feed,0.007720446419405212,0.0,0.0,0.0,heavy,0.7500000000000006
aluminum,partial,0.15998837597804028,0.6786023093565843,0.6786023093565843,0.0218,0.025150172703747933,0.04695017270374793,2700.0,,2352.3204695318113,0.11044185229907996,1.337465741234805,1.3166226922267288,5.085859383627924e-08,0.50-1.00,0.25-1.00,1.6666666666666667e-05,pneumatic_feed,-0.016238878767186056,0.0,0.0,0.0,heavy,0.9740000000000008
aluminum,partial,0.21358917342871203,0.6073835550015327,0.6073835550015327,0.0218,0.03357621806299353,0.05537621806299353,2700.0,,2306.464577625339,0.12772328540515104,1.411299368241389,1.415890069079959,4.7119008104766225e-08,0.50-1.00,0.25-1.00,1.6666666666666667e-05,pneumatic_feed,0.03518039734351822,0.0,0.0,0.0,heavy,0.7920000000000006
aluminum,partial,0.17542077627200664,0.786932967365242,0.786932967365242,0.0218,0.027576146029959447,0.04937614602995945,2700.0,,2337.513592248108,0.11541741247785767,1.3750619771362604,1.345953827682233,7.147379024946793e-08,0.50-1.00,0.25-1.00,1.6666666666666667e-05,pneumatic_feed,0.029900927216432022,0.0,0.0,0.0,heavy,0.9140000000000007
aluminum,partial,0.18192808910209057,0.8824392381319714,0.8824392381319714,0.0218,0.02859909560684864,0.05039909560684864,2700.0,,2331.6973011602227,0.11751543520740501,1.3944977777002272,1.3581319048661766,9.150915293761467e-08,0.50-1.00,0.25-1.00,1.6666666666666667e-05,pneumatic_feed,0.01736850221255786,0.0,0.0,0.0,heavy,0.8600000000000007
aluminum,partial,0.20501156531799655,0.5277757155082192,0.5277757155082192,0.0218,0.03222781806798906,0.05402781806798906,2700.0,,2312.841481344432,0.12495777877417527,1.3829027232441398,1.4004775241464802,3.480664013054429e-08,0.50-1.00,0.25-1.00,1.6666666666666667e-05,pneumatic_feed,0.0033161912507294823,0.0,0.0,0.0,heavy,0.8380000000000006
separator,film,,0.7901379633107637,0.7901379633107637,,,0.0139,,,900.0,0.01251,0.4718441427402228,0.44312183426231666,7.810218193321671e-09,0.50-1.00,0.25-1.00,1.6666666666666667e-05,pneumatic_feed,0.004811407746276123,2.25,0.0,0.0,light,4.3899999999997386
aluminum,partial,0.11242842155905886,0.543246749178679,0.543246749178679,0.0218,0.01767374786908405,0.03947374786908405,2700.0,,2409.399981736851,0.09510804739485616,1.2373854060971998,1.2218084595834415,2.806800452317672e-08,0.50-1.00,0.25-1.00,1.6666666666666667e-05,pneumatic_feed,0.004694252365128325,0.0,0.0,0.0,heavy,1.254000000000001
copper,heavily_coated,0.5829399722217934,0.7250852465319226,0.7250852465319226,0.012,0.08510923594438183,0.09710923594438182,8900.0,,1976.2202233193925,0.19190923594438183,1.670513345025219,1.7355711934066598,1.0089601495323646e-07,0.50-1.00,0.25-1.00,1.6666666666666667e-05,pneumatic_feed,0.007190270370290335,0.0,0.0,0.0,heavy,0.5580000000000004
aluminum,partial,0.07196614174073485,0.9411426463748347,0.9411426463748347,0.0218,0.011313077481643521,0.03311307748164352,2700.0,,2478.253608536456,0.08206260375863032,1.1889673385185477,1.1349249440361515,7.268690867438956e-08,0.50-1.00,0.25-1.00,1.6666666666666667e-05,pneumatic_feed,-0.006452478219146152,0.0,0.0,0.0,heavy,1.5120000000000011
separator,film,,0.26126159608500643,0.26126159608500643,,,0.0139,,,900.0,0.01251,0.4564044566610807,0.44312183426231666,8.53902846076952e-10,0.25-0.50,0.25-1.00,1.6666666666666667e-05,pneumatic_feed,-0.01574269663465404,2.25,0.0,0.0,light,4.255999999999753
aluminum,heavily_coated,0.2716646695517434,0.569014516668989,0.569014516668989,0.0218,0.04270568605353407,0.06450568605353407,2700.0,,2270.302279843037,0.1464474061101776,1.4836138597237107,1.5161261445886842,4.7416377987152986e-08,0.50-1.00,0.25-1.00,1.6666666666666667e-05,pneumatic_feed,0.022628392848574718,0.0,0.0,0.0,heavy,0.7460000000000006
aluminum,heavily_coated,0.33757478411786135,0.9320128319576368,0.9320128319576368,0.0218,0.05306675606332781,0.07486675606332781,2700.0,,2239.9459381623105,0.16769748614743968,1.632165051835205,1.6223993782574664,1.456700723523855e-07,0.50-1.00,0.25-1.00,1.6666666666666667e-05,pneumatic_feed,0.03288513925368107,0.0,0.0,0.0,heavy,0.5840000000000004
other_light,unresolved_nonmetal,,0.9931975685259649,0.17013031194360612,,,,,,1100.0,,0.5451510746330367,,5.642846681860682e-07,0.50-1.00,0.25-1.00,1.6666666666666667e-05,pneumatic_feed,-0.006290964120049248,2.25,0.0,0.0,light,5.389999999999628
copper,partial,0.4148938224911931,0.6835519376184136,0.6835519376184136,0.012,0.06057449808371419,0.07257449808371419,8900.0,,2306.243963143208,0.16737449808371418,1.5954654966596338,1.6208362415500148,7.820460468974111e-08,0.50-1.00,0.25-1.00,1.6666666666666667e-05,pneumatic_feed,-0.009760602717371643,0.0,0.0,0.0,heavy,0.6380000000000005
copper,partial,0.28895183886610665,0.9767836161935533,0.9767836161935533,0.012,0.04218696847445157,0.05418696847445156,8900.0,,2749.498129696939,0.14898696847445156,1.5725379613424832,1.529215307657817,1.4214939523700952e-07,0.50-1.00,0.25-1.00,1.6666666666666667e-05,pneumatic_feed,-0.0374513229419387,0.0,0.0,0.0,heavy,0.6740000000000005
aluminum,bare_like,0.0304002465011047,0.6126996270589422,0.6126996270589422,0.0218,0.00477891874997366,0.02657891874997366,2700.0,,2583.300852841849,0.06866134347442117,1.079337861784693,1.0381273752167963,2.5775525535070954e-08,0.50-1.00,0.25-1.00,1.6666666666666667e-05,pneumatic_feed,0.017678846855967576,0.0,0.0,0.0,heavy,2.547999999999941
aluminum,partial,0.16357078879174608,0.888814800088377,0.888814800088377,0.0218,0.025713327998062488,0.04751332799806249,2700.0,,2348.748503133638,0.11159685801434685,1.3634117842235507,1.3234894345604684,8.816059702960438e-08,0.50-1.00,0.25-1.00,1.6666666666666667e-05,pneumatic_feed,0.006913779829127383,0.0,0.0,0.0,heavy,0.9700000000000008
copper,partial,0.24108140847114312,0.2946888221881197,0.2946888221881197,0.012,0.0351978856367869,0.047197885636786896,8900.0,,3008.5645515889623,0.1419978856367869,1.4082610144184082,1.492916210962627,1.2331309658535179e-08,0.25-0.50,0.25-1.00,1.6666666666666667e-05,pneumatic_feed,-0.0192537110410437,0.0,0.0,0.0,heavy,0.8280000000000006
separator,film,,0.5368500360390149,0.5368500360390149,,,0.0139,,,900.0,0.01251,0.4681058838981628,0.44312183426231666,3.605481594550596e-09,0.50-1.00,0.25-1.00,1.6666666666666667e-05,pneumatic_feed,0.0012550164038735551,2.25,0.0,0.0,light,4.363999999999741
copper,partial,0.3856269490687072,0.4936640016054871,0.4936640016054871,0.012,0.05630153456403125,0.06830153456403125,8900.0,,2387.9629587403633,0.16310153456403126,1.5347662966017541,1.6000130269835413,3.9748520270691785e-08,0.25-0.50,0.25-1.00,1.6666666666666667e-05,pneumatic_feed,0.021725155622957917,0.0,0.0,0.0,heavy,0.7140000000000005
aluminum,partial,0.230879286201564,0.968086863732738,0.968086863732738,0.0218,0.036294223790885864,0.058094223790885864,2700.0,,2294.510227799252,0.13329779066424624,1.4813381311204203,1.4464584758180958,1.249256464528788e-07,0.50-1.00,0.25-1.00,1.6666666666666667e-05,pneumatic_feed,-0.0007110041796666649,0.0,0.0,0.0,heavy,0.7600000000000006
copper,heavily_coated,0.48598156777914264,0.6319522738627654,0.6319522738627654,0.012,0.07095330889575482,0.08295330889575482,8900.0,,2142.8115558251284,0.17775330889575483,1.6111471940201103,1.6703340792870653,7.098821494004043e-08,0.50-1.00,0.25-1.00,1.6666666666666667e-05,pneumatic_feed,0.0001523706760963762,0.0,0.0,0.0,heavy,0.6180000000000004
black_mass,free,,0.316774160173972,0.07465080096290917,,,,,,3060.0,,0.3584408615016314,,5.0929486029439055e-08,0.25-0.50,0.25-1.00,1.6666666666666667e-05,pneumatic_feed,0.010490147697422795,2.25,0.0,0.0,light,3.435999999999843
copper,partial,0.09160132010851663,0.5340579443351339,0.5340579443351339,0.012,0.013373792735843427,0.025373792735843427,8900.0,,4736.1383450604135,0.12017379273584342,1.4226807348506236,1.3734073870420962,3.427571534594719e-08,0.50-1.00,0.25-1.00,1.6666666666666667e-05,pneumatic_feed,0.012657007145096487,0.0,0.0,0.0,heavy,0.8060000000000006
aluminum,partial,0.08983431893839872,0.8913947442785963,0.8913947442785963,0.0218,0.01412195493711628,0.03592195493711628,2700.0,,2444.841404725045,0.08782348276892912,1.2241531901588232,1.1740857658370243,6.978318605951947e-08,0.50-1.00,0.25-1.00,1.6666666666666667e-05,pneumatic_feed,0.02748037762485623,0.0,0.0,0.0,heavy,1.298000000000001
aluminum,partial,0.16078758523403341,0.610212190746205,0.610212190746205,0.0218,0.025275808398790053,0.04707580839879005,2700.0,,2351.516184651434,0.11069952535530471,1.3297589260080365,1.3181577105858246,4.121995545511077e-08,0.50-1.00,0.25-1.00,1.6666666666666667e-05,pneumatic_feed,0.015658393522235022,0.0,0.0,0.0,heavy,0.9920000000000008
aluminum,partial,0.09043198457762774,0.9121029827473212,0.9121029827473212,0.0218,0.014215907975603084,0.036015907975603084,2700.0,,2443.81388933175,0.08801617614767296,1.2264171202956153,1.1753730900500807,7.322346035249511e-08,0.50-1.00,0.25-1.00,1.6666666666666667e-05,pneumatic_feed,-0.013418655592279902,0.0,0.0,0.0,heavy,1.284000000000001
copper,heavily_coated,0.6245211820474702,0.32418592533687396,0.32418592533687396,0.012,0.09118009257893064,0.10318009257893064,8900.0,,1918.7818854444229,0.19798009257893065,1.493410823462516,1.7628089894026795,2.0807017608371162e-08,0.25-0.50,0.25-1.00,1.6666666666666667e-05,pneumatic_feed,-0.02635794690903619,0.0,0.0,0.0,heavy,0.7180000000000005
separator,film,,0.34624163537089436,0.34624163537089436,,,0.0139,,,900.0,0.01251,0.46188829693120537,0.44312183426231666,1.4997397085045352e-09,0.25-0.50,0.25-1.00,1.6666666666666667e-05,pneumatic_feed,-0.022234533497934795,2.25,0.0,0.0,light,4.323999999999746
aluminum,partial,0.15590704124337285,0.6557684061177902,0.6557684061177902,0.0218,0.024508586883458208,0.04630858688345821,2700.0,,2356.495771332994,0.10912598916727584,1.3278070865509461,1.308755716690308,4.692768946747711e-08,0.50-1.00,0.25-1.00,1.6666666666666667e-05,pneumatic_feed,-0.007097344112243483,0.0,0.0,0.0,heavy,0.9940000000000008
black_mass,free,,0.25540104603533537,0.07748332615083453,,,,,,2100.0,,0.27423829403819866,,1.8318332258562838e-08,0.25-0.50,0.25-1.00,1.6666666666666667e-05,pneumatic_feed,0.011228413597717112,2.25,0.0,0.0,light,3.00999999999989
aluminum,partial,0.15615134714080758,0.9260527382035776,0.9260527382035776,0.0218,0.024546991770534952,0.04634699177053495,2700.0,,2356.242587919041,0.10920475583166778,1.3528942732071105,1.3092279585824074,9.365112366966629e-08,0.50-1.00,0.25-1.00,1.6666666666666667e-05,pneumatic_feed,0.005498918308754812,0.0,0.0,0.0,heavy,0.9520000000000007
copper,partial,0.3587508644082841,0.9583859596885804,0.9583859596885804,0.012,0.05237762620360947,0.06437762620360947,8900.0,,2472.5612855027084,0.15917762620360948,1.6085397971603135,1.5806492403097705,1.4620523030473142e-07,0.50-1.00,0.25-1.00,1.6666666666666667e-05,pneumatic_feed,-0.0301390115736854,0.0,0.0,0.0,heavy,0.6360000000000005
copper,heavily_coated,0.6502660045738051,0.6950959716942657,0.6950959716942657,0.012,0.09493883666777554,0.10693883666777554,8900.0,,1886.48804264173,0.20173883666777553,1.6864450105879005,1.7794641834938418,9.747181553253751e-08,0.50-1.00,0.25-1.00,1.6666666666666667e-05,pneumatic_feed,-0.012020265138368654,0.0,0.0,0.0,heavy,0.5720000000000004
aluminum,partial,0.23486894439301303,0.6754633218154995,0.6754633218154995,0.0218,0.03692139805858165,0.05872139805858165,2700.0,,2291.9089260696337,0.13458409636175134,1.4539252901040818,1.453420784389039,6.140408805521724e-08,0.50-1.00,0.25-1.00,1.6666666666666667e-05,pneumatic_feed,0.01485620304761411,0.0,0.0,0.0,heavy,0.7600000000000006
aluminum,partial,0.25346725299668305,0.6950453623632674,0.6950453623632674,0.0218,0.039845052171078574,0.061645052171078574,2700.0,,2280.481110609155,0.14058037703866058,1.4837402770748527,1.4854459256394412,6.791270101918025e-08,0.50-1.00,0.25-1.00,1.6666666666666667e-05,pneumatic_feed,0.033757088178662714,0.0,0.0,0.0,heavy,0.7360000000000005
aluminum,bare_like,0.03746817310598489,0.6887268654069475,0.6887268654069475,0.0218,0.005889996812260823,0.027689996812260823,2700.0,,2561.9401176561023,0.07094011369110059,1.1003200980909031,1.0552137340347287,3.36500666015253e-08,0.50-1.00,0.25-1.00,1.6666666666666667e-05,pneumatic_feed,0.009330932969056994,0.0,0.0,0.0,heavy,2.2819999999999703
black_mass,free,,0.42397234741115253,0.0915568782885291,,,,,,3060.0,,0.4929683641539986,,1.2210477392376076e-07,0.25-0.50,0.25-1.00,1.6666666666666667e-05,pneumatic_feed,-0.01768671708892829,2.25,0.0,0.0,light,4.6359999999997115
other_light,unresolved_nonmetal,,0.8942775608819395,0.16970005923823558,,,,,,1100.0,,0.5431869216453719,,4.1191566499374783e-07,0.50-1.00,0.25-1.00,1.6666666666666667e-05,pneumatic_feed,-0.016723554618377264,2.25,0.0,0.0,light,5.37199999999963
separator,film,,0.8898681968173612,0.8898681968173612,,,0.0139,,,900.0,0.01251,0.47274537563881025,0.44312183426231666,9.906236250414343e-09,0.50-1.00,0.25-1.00,1.6666666666666667e-05,pneumatic_feed,-0.020340742293894203,2.25,0.0,0.0,light,4.397999999999738
other_light,unresolved_nonmetal,,0.6739453749413504,0.1689632065516222,,,,,,1100.0,,0.5398249585094116,,1.7630531265100402e-07,0.50-1.00,0.25-1.00,1.6666666666666667e-05,pneumatic_feed,-0.013790897468889791,2.25,0.0,0.0,light,5.331999999999635
black_mass,free,,0.4865857017856853,0.04916433894725945,,,,,,3060.0,,0.17901281380058406,,1.8458571076912637e-07,0.25-0.50,0.25-1.00,1.6666666666666667e-05,pneumatic_feed,0.009394007860267868,2.25,0.0,0.0,light,2.5979999999999355
other_light,unresolved_nonmetal,,0.9646894719896739,0.16136038346087234,,,,,,1100.0,,0.5052822113759936,,5.170754567754372e-07,0.50-1.00,0.25-1.00,1.6666666666666667e-05,pneumatic_feed,-0.006595859212548686,2.25,0.0,0.0,light,4.82799999999969
copper,partial,0.39717712517579523,0.8197485962168659,0.8197485962168659,0.012,0.0579878602756661,0.0699878602756661,8900.0,,2354.5206215278563,0.1647878602756661,1.610971850789094,1.6082631174303712,1.10735425266547e-07,0.50-1.00,0.25-1.00,1.6666666666666667e-05,pneumatic_feed,0.026749886426676736,0.0,0.0,0.0,heavy,0.6180000000000004
copper,partial,0.39577723645532653,0.5285020420168122,0.5285020420168122,0.012,0.05778347652247767,0.06978347652247767,8900.0,,2358.487778542595,0.16458347652247768,1.5494024286397292,1.6072654564498081,4.5970536379914645e-08,0.50-1.00,0.25-1.00,1.6666666666666667e-05,pneumatic_feed,-0.02683389336579457,0.0,0.0,0.0,heavy,0.7040000000000005
aluminum,bare_like,0.030574771243266026,0.6553695536694963,0.6553695536694963,0.0218,0.004806354039441421,0.02660635403944142,2700.0,,2582.7519206379798,0.0687176119965414,1.0825553044928273,1.0385526649610572,2.951485011940536e-08,0.50-1.00,0.25-1.00,1.6666666666666667e-05,pneumatic_feed,-0.0012914134367153255,0.0,0.0,0.0,heavy,2.511999999999945
aluminum,partial,0.1772851627253103,0.7208049944153679,0.7208049944153679,0.0218,0.02786922758041878,0.04966922758041878,2700.0,,2335.8227008145695,0.1160185093142673,1.3711500620934611,1.3494541571304821,6.027855813335882e-08,0.50-1.00,0.25-1.00,1.6666666666666667e-05,pneumatic_feed,-0.020106232011060376,0.0,0.0,0.0,heavy,0.9380000000000007
aluminum,heavily_coated,0.39595413254878215,0.7255717078657555,0.7255717078657555,0.0218,0.062243989636668565,0.08404398963666856,2700.0,,2219.308872429754,0.18651957187505283,1.6709666254083055,1.711026358695514,9.819403125494461e-08,0.50-1.00,0.25-1.00,1.6666666666666667e-05,pneumatic_feed,-0.027978860668067554,0.0,0.0,0.0,heavy,0.5820000000000004
aluminum,partial,0.062202382965422576,0.7168048226151696,0.7168048226151696,0.0218,0.00977821460216443,0.03157821460216443,2700.0,,2499.022547223836,0.0789146702918819,1.1563984361142479,1.112944142758916,4.054707995910912e-08,0.50-1.00,0.25-1.00,1.6666666666666667e-05,pneumatic_feed,-0.012119092682739446,0.0,0.0,0.0,heavy,1.7400000000000013
copper,partial,0.36471548471793785,0.5342557991991408,0.5342557991991408,0.012,0.05324846076881892,0.06524846076881892,8900.0,,2452.9078369508948,0.16004846076881893,1.540043616273401,1.584967078594184,4.5682513557799505e-08,0.50-1.00,0.25-1.00,1.6666666666666667e-05,pneumatic_feed,-0.009144107340827528,0.0,0.0,0.0,heavy,0.6820000000000005
aluminum,partial,0.26273970454354123,0.8785437759489781,0.8785437759489781,0.0218,0.041302681554244686,0.06310268155424469,2700.0,,2275.1791937473645,0.1435699081418831,1.5213844461675614,1.501157312940585,1.1081287820006752e-07,0.50-1.00,0.25-1.00,1.6666666666666667e-05,pneumatic_feed,0.01681173908472337,0.0,0.0,0.0,heavy,0.7220000000000005
aluminum,partial,0.23188726232640686,0.8534999134395644,0.8534999134395644,0.0218,0.03645267763771116,0.05825267763771116,2700.0,,2293.8477279566832,0.13362277224665683,1.4723472433585427,1.4482206438190024,9.733912557811595e-08,0.50-1.00,0.25-1.00,1.6666666666666667e-05,pneumatic_feed,0.011026728747157195,0.0,0.0,0.0,heavy,0.7400000000000005
aluminum,heavily_coated,0.2851175400843622,0.8935065091042482,0.8935065091042482,0.0218,0.044820477301261735,0.06662047730126174,2700.0,,2263.3393245854677,0.1507847460985992,1.5554266042622846,1.5384139152918546,1.2037958736580222e-07,0.50-1.00,0.25-1.00,1.6666666666666667e-05,pneumatic_feed,-0.000687102269028175,0.0,0.0,0.0,heavy,0.6680000000000005
separator,film,,0.8701866750397533,0.8701866750397533,,,0.0139,,,900.0,0.01251,0.4725835007260599,0.44312183426231666,9.472882866203434e-09,0.50-1.00,0.25-1.00,1.6666666666666667e-05,pneumatic_feed,-0.0012841237950788592,2.25,0.0,0.0,light,4.393999999999738
other_light,unresolved_nonmetal,,0.6576877188746195,0.11703520916310894,,,,,,1100.0,,0.31161177468376355,,1.638515312185442e-07,0.50-1.00,0.25-1.00,1.6666666666666667e-05,pneumatic_feed,0.01494517139656674,2.25,0.0,0.0,light,3.1619999999998734
aluminum,bare_like,0.04677678623204662,0.8807941846512286,0.8807941846512286,0.0218,0.007353310795677727,0.029153310795677727,2700.0,,2536.2918183562433,0.07394130364907416,1.1308132258866046,1.0773034401114052,5.736354474805865e-08,0.50-1.00,0.25-1.00,1.6666666666666667e-05,pneumatic_feed,0.015163734252202256,0.0,0.0,0.0,heavy,1.9680000000000015
aluminum,heavily_coated,0.283691462024462,0.7138803165449519,0.7138803165449519,0.0218,0.04459629783024542,0.06639629783024542,2700.0,,2264.056418561781,0.1503249642713068,1.5287069489014942,1.5360666128792826,7.660937590387289e-08,0.50-1.00,0.25-1.00,1.6666666666666667e-05,pneumatic_feed,0.04456635873797886,0.0,0.0,0.0,heavy,0.7140000000000005
black_mass,free,,0.2904576338172902,0.05557935491011038,,,,,,3060.0,,0.22072162721460242,,3.926163977626021e-08,0.25-0.50,0.25-1.00,1.6666666666666667e-05,pneumatic_feed,-0.016290232727773885,2.25,0.0,0.0,light,2.7799999999999154
aluminum,partial,0.10114918138786533,0.7275528382484787,0.7275528382484787,0.0218,0.015900651314172426,0.037700651314172426,2700.0,,2426.2580189662585,0.09147150757126166,1.2362074454565366,1.198222342822284,4.8418899632017666e-08,0.50-1.00,0.25-1.00,1.6666666666666667e-05,pneumatic_feed,-0.031885066413082544,0.0,0.0,0.0,heavy,1.260000000000001
aluminum,partial,0.24962567122491738,0.748207644511546,0.748207644511546,0.0218,0.03924115551655701,0.06104115551655701,2700.0,,2282.751882405471,0.1393418126596256,1.4861908159103574,1.4788877886795482,7.80055921678976e-08,0.50-1.00,0.25-1.00,1.6666666666666667e-05,pneumatic_feed,-0.01806196633965939,0.0,0.0,0.0,heavy,0.7460000000000006
black_mass,free,,0.28423314730155347,0.06638573550065097,,,,,,3540.0,,0.33692455449871483,,4.2562394854616924e-08,0.25-0.50,0.25-1.00,1.6666666666666667e-05,pneumatic_feed,0.0109889420056139,2.25,0.0,0.0,light,3.337999999999854
aluminum,partial,0.05507850291737726,0.6909365202066119,0.6909365202066119,0.0218,0.008658340658611707,0.030458340658611707,2700.0,,2515.4968546826885,0.0766178601255916,1.1394175887187665,1.096628438684355,3.657685116541728e-08,0.50-1.00,0.25-1.00,1.6666666666666667e-05,pneumatic_feed,-0.020985719503832462,0.0,0.0,0.0,heavy,1.8500000000000014
copper,partial,0.06914826364673377,0.9053855813468716,0.9053855813468716,0.012,0.01009564649242313,0.02209564649242313,8900.0,,5290.437939098459,0.11689564649242312,1.4337412748795797,1.354545705151758,9.582205598096094e-08,0.50-1.00,0.25-1.00,1.6666666666666667e-05,pneumatic_feed,0.016887503634066537,0.0,0.0,0.0,heavy,0.7860000000000006
aluminum,partial,0.12617091143485987,0.5642078370888441,0.5642078370888441,0.0218,0.019834067277559972,0.04163406727755997,2700.0,,2390.8008528718215,0.09953876355571317,1.2646308997551974,1.2499441718614772,3.168622272296067e-08,0.50-1.00,0.25-1.00,1.6666666666666667e-05,pneumatic_feed,-0.014922559432506333,0.0,0.0,0.0,heavy,1.2200000000000009
separator,film,,0.5356389948156295,0.5356389948156295,,,0.0139,,,900.0,0.01251,0.46807983256069674,0.44312183426231666,3.589233250916395e-09,0.50-1.00,0.25-1.00,1.6666666666666667e-05,pneumatic_feed,0.02264648100335284,2.25,0.0,0.0,light,4.363999999999741
aluminum,partial,0.09206508489552123,0.5894636343977298,0.5894636343977298,0.0218,0.014472631345575943,0.03627263134557594,2700.0,,2441.03338347865,0.088542704021165,1.205688660907085,1.178883489712281,3.076570105473887e-08,0.50-1.00,0.25-1.00,1.6666666666666667e-05,pneumatic_feed,-0.012623285410211354,0.0,0.0,0.0,heavy,1.438000000000001
aluminum,heavily_coated,0.4002434924971768,0.7573503843705955,0.7573503843705955,0.0218,0.06291827702055619,0.08471827702055619,2700.0,,2217.9689085322375,0.18790250441601475,1.682581735701703,1.7173577697479836,1.0777704420625943e-07,0.50-1.00,0.25-1.00,1.6666666666666667e-05,pneumatic_feed,-0.019269910680380323,0.0,0.0,0.0,heavy,0.5880000000000004
aluminum,heavily_coated,0.38082910548373433,0.7296169152095293,0.7296169152095293,0.0218,0.05986633538204304,0.08166633538204304,2700.0,,2224.2103928046563,0.18164311189901078,1.6542273156182306,1.6885112627302412,9.669604730617331e-08,0.50-1.00,0.25-1.00,1.6666666666666667e-05,pneumatic_feed,0.026424556018884982,0.0,0.0,0.0,heavy,0.5720000000000004
other_light,unresolved_nonmetal,,0.5401495684303285,0.18419114194094333,,,,,,1100.0,,0.6097317910216357,,9.076813408456195e-08,0.50-1.00,0.25-1.00,1.6666666666666667e-05,pneumatic_feed,0.040584683172622094,2.25,0.0,0.0,light,7.057999999999445
aluminum,partial,0.06716192783081432,0.5353926592764817,0.5353926592764817,0.0218,0.010557855055004013,0.03235785505500401,2700.0,,2488.226645896967,0.08051367715193285,1.1508544944641745,1.124163100522668,2.307886710968856e-08,0.50-1.00,0.25-1.00,1.6666666666666667e-05,pneumatic_feed,-0.007968359295607593,0.0,0.0,0.0,heavy,1.7880000000000014
aluminum,partial,0.0913534686532696,0.5540024245876183,0.5540024245876183,0.0218,0.014360765272293984,0.03616076527229398,2700.0,,2442.2401230586065,0.08831327182850066,1.2001390092521524,1.1773551353012168,2.7104993385613335e-08,0.50-1.00,0.25-1.00,1.6666666666666667e-05,pneumatic_feed,0.011041571045029999,0.0,0.0,0.0,heavy,1.444000000000001
black_mass,free,,0.45347522603753776,0.054439120792716594,,,,,,3060.0,,0.21311087985859237,,1.4941037186095135e-07,0.25-0.50,0.25-1.00,1.6666666666666667e-05,pneumatic_feed,0.0073534749748364265,2.25,0.0,0.0,light,2.7239999999999216
separator,film,,0.9699170234137501,0.9699170234137501,,,0.0139,,,900.0,0.01251,0.4733374716125967,0.44312183426231666,1.176864529417044e-08,0.50-1.00,0.25-1.00,1.6666666666666667e-05,pneumatic_feed,-0.01046289284826999,2.25,0.0,0.0,light,4.401999999999737
aluminum,partial,0.09709782041212628,0.5719172201430014,0.5719172201430014,0.0218,0.01526377736878625,0.03706377736878625,2700.0,,2432.7069359910283,0.09016530827907362,1.2131565212251678,1.1896363640828822,2.9492108173042166e-08,0.50-1.00,0.25-1.00,1.6666666666666667e-05,pneumatic_feed,0.009804179778456722,0.0,0.0,0.0,heavy,1.342000000000001
aluminum,bare_like,0.04235952553194082,0.9113624365396134,0.9113624365396134,0.0218,0.006658917413621096,0.028458917413621096,2700.0,,2548.1339846063383,0.07251713462675304,1.1218428715198314,1.0668781303886192,6.023138978214973e-08,0.50-1.00,0.25-1.00,1.6666666666666667e-05,pneumatic_feed,-0.014534554919685394,0.0,0.0,0.0,heavy,1.9940000000000015
aluminum,partial,0.22139328089691168,0.647801817399013,0.647801817399013,0.0218,0.03480302375699452,0.05660302375699452,2700.0,,2300.926682876715,0.1302394076939733,1.4297278603241486,1.4297684229149157,5.465460206845799e-08,0.50-1.00,0.25-1.00,1.6666666666666667e-05,pneumatic_feed,0.01818453436509805,0.0,0.0,0.0,heavy,0.7840000000000006
aluminum,partial,0.1791084273940433,0.8276101597811509,0.8276101597811509,0.0218,0.028155844786343615,0.049955844786343614,2700.0,,2334.1882931782607,0.1166063480761135,1.3850620013930797,1.3528685225855015,7.986818607062689e-08,0.50-1.00,0.25-1.00,1.6666666666666667e-05,pneumatic_feed,-0.0326061670532417,0.0,0.0,0.0,heavy,0.8380000000000006
aluminum,partial,0.08772509979583132,0.7233136794513363,0.7233136794513363,0.0218,0.01379038568790468,0.03559038568790468,2700.0,,2448.5109599357197,0.08714344942517398,1.2094775076947841,1.1695313515154397,4.559194331723098e-08,0.50-1.00,0.25-1.00,1.6666666666666667e-05,pneumatic_feed,-0.025565415887868734,0.0,0.0,0.0,heavy,1.330000000000001
aluminum,partial,0.06456371418727164,0.6900815324663987,0.6900815324663987,0.0218,0.010149415870239098,0.0319494158702391,2700.0,,2493.816707470276,0.07967598709111826,1.1595737344130208,1.118299733247841,3.794270271177256e-08,0.50-1.00,0.25-1.00,1.6666666666666667e-05,pneumatic_feed,0.028352023263675908,0.0,0.0,0.0,heavy,1.6780000000000013
other_light,unresolved_nonmetal,,0.6508028747683993,0.19845328655710193,,,,,,1100.0,,0.6758485909391221,,1.587594901278032e-07,0.50-1.00,0.25-1.00,1.6666666666666667e-05,pneumatic_feed,-0.021019231703738234,0.6082649119293285,-3.5052715020373516e-64,-0.23782302935819982,active,
aluminum,partial,0.11086475905514664,0.5405339657793982,0.5405339657793982,0.0218,0.017427940123469057,0.03922794012346906,2700.0,,2411.646053022569,0.09460390696696983,1.2341988942828375,1.2185659291780475,2.7641082713813804e-08,0.50-1.00,0.25-1.00,1.6666666666666667e-05,pneumatic_feed,-0.001313739384837998,0.0,0.0,0.0,heavy,1.278000000000001
aluminum,bare_like,0.038498617934193506,0.6112437978484362,0.6112437978484362,0.0218,0.00605198273925522,0.02785198273925522,2700.0,,2558.9682456506216,0.07127233940816333,1.0974606529920599,1.057681728758955,2.6628698780983726e-08,0.50-1.00,0.25-1.00,1.6666666666666667e-05,pneumatic_feed,-0.03684724573290765,0.0,0.0,0.0,heavy,2.2959999999999687
aluminum,partial,0.09645240847611974,0.5970633255856779,0.5970633255856779,0.0218,0.015162318612446025,0.036962318612446025,2700.0,,2433.75481825145,0.08995722101678577,1.2148781425234445,1.1882628249168907,3.2068365278997704e-08,0.50-1.00,0.25-1.00,1.6666666666666667e-05,pneumatic_feed,-0.0004767557536144601,0.0,0.0,0.0,heavy,1.316000000000001
other_light,unresolved_nonmetal,,0.6328030848641945,0.1335070447692902,,,,,,1100.0,,0.3816751512246766,,1.4594763786451596e-07,0.50-1.00,0.25-1.00,1.6666666666666667e-05,pneumatic_feed,0.0010846478705125273,2.25,0.0,0.0,light,3.6159999999998234
aluminum,partial,0.12171331957804071,0.9616763398440478,0.9616763398440478,0.0218,0.019133333837668,0.040933333837668,2700.0,,2396.6186520307388,0.09810159136515612,1.2910929814348016,1.2408878184862202,9.072644936313826e-08,0.50-1.00,0.25-1.00,1.6666666666666667e-05,pneumatic_feed,-0.01789246541978926,0.0,0.0,0.0,heavy,1.0580000000000007
separator,film,,0.8528242524729899,0.8528242524729899,,,0.0139,,,900.0,0.01251,0.472434643812406,0.44312183426231666,9.098638162132485e-09,0.50-1.00,0.25-1.00,1.6666666666666667e-05,pneumatic_feed,0.034802148552168066,2.25,0.0,0.0,light,4.3899999999997386
separator,film,,0.32483178700858073,0.32483178700858073,,,0.0139,,,900.0,0.01251,0.46076111284778676,0.44312183426231666,1.3200012800383614e-09,0.25-0.50,0.25-1.00,1.6666666666666667e-05,pneumatic_feed,0.021153619022077717,2.25,0.0,0.0,light,4.313999999999747
aluminum,partial,0.13081026531801276,0.6903675315062647,0.6903675315062647,0.0218,0.020563373707991606,0.042363373707991606,2700.0,,2384.9502246352235,0.10103453764118049,1.2881235289275077,1.259300640361931,4.815380107726113e-08,0.50-1.00,0.25-1.00,1.6666666666666667e-05,pneumatic_feed,0.0011073946773345752,0.0,0.0,0.0,heavy,1.0640000000000007
aluminum,partial,0.1201366347414834,0.9250447102472361,0.9250447102472361,0.0218,0.01888547898136119,0.04068547898136119,2700.0,,2398.7244306921157,0.09759325240700166,1.2860648353340043,1.2376686510453023,8.351129910995115e-08,0.50-1.00,0.25-1.00,1.6666666666666667e-05,pneumatic_feed,-0.001983348891768197,0.0,0.0,0.0,heavy,1.0780000000000007
aluminum,partial,0.06997505614251642,0.9722899314372492,0.9722899314372492,0.0218,0.011000078825603582,0.03280007882560358,2700.0,,2482.331164013916,0.08142065785090873,1.1859147986375043,1.1304771760756,7.697083250909008e-08,0.50-1.00,0.25-1.00,1.6666666666666667e-05,pneumatic_feed,0.009250043892882817,0.0,0.0,0.0,heavy,1.5140000000000011
copper,partial,0.4668233350823133,0.678018123880866,0.678018123880866,0.012,0.06815620692201774,0.08015620692201773,8900.0,,2182.6906940872204,0.17495620692201774,1.6152032975943746,1.6571398926608432,8.042886880088115e-08,0.50-1.00,0.25-1.00,1.6666666666666667e-05,pneumatic_feed,0.007397985644725294,0.0,0.0,0.0,heavy,0.6160000000000004
aluminum,partial,0.06581632781660901,0.9089809861833203,0.9089809861833203,0.0218,0.010346326732770937,0.03214632673277094,2700.0,,2491.103973310801,0.08007984225135291,1.1743184053143971,1.1211303242608486,6.616568403482654e-08,0.50-1.00,0.25-1.00,1.6666666666666667e-05,pneumatic_feed,0.03678477618899898,0.0,0.0,0.0,heavy,1.5360000000000011
other_light,unresolved_nonmetal,,0.609258626269821,0.12125936712902677,,,,,,1100.0,,0.3293082324092618,,1.3025558934881247e-07,0.50-1.00,0.25-1.00,1.6666666666666667e-05,pneumatic_feed,-0.016322330820715412,2.25,0.0,0.0,light,3.3059999999998575
aluminum,partial,0.1873807027452828,0.6922884905947313,0.6922884905947313,0.0218,0.029456246471558457,0.05125624647155846,2700.0,,2327.002474484552,0.11927341237210662,1.3840224008785331,1.3682527107930704,5.7163375681520146e-08,0.50-1.00,0.25-1.00,1.6666666666666667e-05,pneumatic_feed,0.02185739950774043,0.0,0.0,0.0,heavy,0.8700000000000007
aluminum,partial,0.06381423250801804,0.8918397376549902,0.8918397376549902,0.0218,0.010031597350260435,0.031831597350260435,2700.0,,2495.455877656739,0.0794343467029101,1.1692196055146484,1.1166026624761725,6.318034115815391e-08,0.50-1.00,0.25-1.00,1.6666666666666667e-05,pneumatic_feed,0.002778300603088206,0.0,0.0,0.0,heavy,1.6820000000000013
aluminum,partial,0.1445000904268593,0.6352852567745302,0.6352852567745302,0.0218,0.022715414215102286,0.044515414215102286,2700.0,,2368.803615866375,0.10544827415452371,1.3058671122643617,1.2865131601073516,4.255759031633208e-08,0.50-1.00,0.25-1.00,1.6666666666666667e-05,pneumatic_feed,0.00498846297541991,0.0,0.0,0.0,heavy,1.0360000000000007
copper,partial,0.47571811788769486,0.7097364031382976,0.7097364031382976,0.012,0.06945484521160344,0.08145484521160344,8900.0,,2163.835002739598,0.17625484521160345,1.62573015397787,1.6632787049804154,8.878410619977673e-08,0.50-1.00,0.25-1.00,1.6666666666666667e-05,pneumatic_feed,0.00241243004712328,0.0,0.0,0.0,heavy,0.6080000000000004
copper,partial,0.05314279410013183,0.747576579338902,0.747576579338902,0.012,0.007758847938619248,0.019758847938619248,8900.0,,5797.850577852295,0.11455884793861924,1.41661882438559,1.340938356989078,6.402358834737802e-08,0.50-1.00,0.25-1.00,1.6666666666666667e-05,pneumatic_feed,0.017287871041071247,0.0,0.0,0.0,heavy,0.8360000000000006
aluminum,partial,0.2661411230400924,0.9126391469258598,0.9126391469258598,0.0218,0.04183738454190253,0.06363738454190253,2700.0,,2273.295178938402,0.1446665594793562,1.5299921829422294,1.5068796626101153,1.204942547978203e-07,0.50-1.00,0.25-1.00,1.6666666666666667e-05,pneumatic_feed,-0.010061421587066036,0.0,0.0,0.0,heavy,0.6820000000000005
copper,partial,0.08754127767168352,0.49365119482646974,0.49365119482646974,0.012,0.012781026540065792,0.024781026540065792,8900.0,,4825.50738351085,0.11958102654006579,1.415699872803274,1.370015982597602,2.9140879986618283e-08,0.25-0.50,0.25-1.00,1.6666666666666667e-05,pneumatic_feed,0.0023458142700518813,0.0,0.0,0.0,heavy,0.8180000000000006
aluminum,partial,0.11669422812169183,0.8098584625310545,0.8098584625310545,0.0218,0.01834433266072996,0.04014433266072996,2700.0,,2403.4123796282897,0.09648338608871466,1.2722148082465599,1.2306109165973076,6.328062880253849e-08,0.50-1.00,0.25-1.00,1.6666666666666667e-05,pneumatic_feed,0.0033237211099954927,0.0,0.0,0.0,heavy,1.1560000000000008
aluminum,heavily_coated,0.3045745056394065,0.7506051218595278,0.7506051218595278,0.0218,0.047879112286514716,0.06967911228651472,2700.0,,2254.0164650403717,0.15705786636320104,1.5627980031044524,1.5700892555637733,8.848766606178738e-08,0.50-1.00,0.25-1.00,1.6666666666666667e-05,pneumatic_feed,0.006943760171510036,0.0,0.0,0.0,heavy,0.6820000000000005
copper,partial,0.44747560633723443,0.7660634764342364,0.7660634764342364,0.012,0.06533143852523622,0.07733143852523622,8900.0,,2225.8921055640662,0.1721314385252362,1.624983755142986,1.6437077170507255,1.0101589411305978e-07,0.50-1.00,0.25-1.00,1.6666666666666667e-05,pneumatic_feed,0.012155238711819977,0.0,0.0,0.0,heavy,0.6000000000000004
other_light,unresolved_nonmetal,,0.9397468294129045,0.10633043663613695,,,,,,1100.0,,0.267748307746219,,4.779956175721308e-07,0.50-1.00,0.25-1.00,1.6666666666666667e-05,pneumatic_feed,-0.012958650959580546,2.25,0.0,0.0,light,2.945999999999897
aluminum,partial,0.09201680796889294,0.5903227104029156,0.5903227104029156,0.0218,0.014465042212709972,0.03626504221270997,2700.0,,2441.1150147847966,0.08852713905725078,1.2056926363623772,1.178779866914348,3.085001730710536e-08,0.50-1.00,0.25-1.00,1.6666666666666667e-05,pneumatic_feed,-0.031950481476122346,0.0,0.0,0.0,heavy,1.464000000000001
aluminum,heavily_coated,0.2851631726935109,0.846306831813336,0.846306831813336,0.0218,0.044827650747419914,0.06662765074741991,2700.0,,2263.3164582041695,0.15079945850811483,1.549892570639352,1.538488966727864,1.0800788840337039e-07,0.50-1.00,0.25-1.00,1.6666666666666667e-05,pneumatic_feed,0.01326007910765063,0.0,0.0,0.0,heavy,0.6820000000000005
aluminum,heavily_coated,0.37264926486556976,0.6812064753426013,0.6812064753426013,0.0218,0.05858046443686757,0.08038046443686757,2700.0,,2226.9820252892805,0.17900584948530834,1.6340947945103121,1.6762087619152335,8.306627931510983e-08,0.50-1.00,0.25-1.00,1.6666666666666667e-05,pneumatic_feed,0.0271548026802161,0.0,0.0,0.0,heavy,0.5900000000000004
aluminum,partial,0.05118327080861684,0.7366381852123363,0.7366381852123363,0.0218,0.008046010171114566,0.029846010171114566,2700.0,,2525.027563461151,0.07536199834140615,1.1337635152583507,1.0876037541157677,4.089411945881737e-08,0.50-1.00,0.25-1.00,1.6666666666666667e-05,pneumatic_feed,0.0088631441823316,0.0,0.0,0.0,heavy,1.9240000000000015
aluminum,partial,0.18078259333186703,0.5107649117144499,0.5107649117144499,0.0218,0.028419023671769503,0.0502190236717695,2700.0,,2332.703970546935,0.11714611591612725,1.3435040013877728,1.3559961045001323,3.056117185589146e-08,0.50-1.00,0.25-1.00,1.6666666666666667e-05,pneumatic_feed,-0.0370806373948694,0.0,0.0,0.0,heavy,0.9580000000000007
copper,partial,0.21219633365413615,0.40135057949659747,0.40135057949659747,0.012,0.030980664713503876,0.042980664713503876,8900.0,,3205.6429474022366,0.13778066471350386,1.446572886418582,1.4705799241602466,2.2194024667677282e-08,0.25-0.50,0.25-1.00,1.6666666666666667e-05,pneumatic_feed,-0.03549978349122662,0.0,0.0,0.0,heavy,0.7920000000000006
other_light,unresolved_nonmetal,,0.9976454268161306,0.18711816533487147,,,,,,1100.0,,0.6232583285534948,,5.71899814610482e-07,0.50-1.00,0.25-1.00,1.6666666666666667e-05,pneumatic_feed,-0.014995553019910542,2.25,0.0,0.0,light,7.611999999999384
aluminum,heavily_coated,0.2846577857960625,0.5514728760551086,0.5514728760551086,0.0218,0.04474820392714103,0.06654820392714103,2700.0,,2263.569981294009,0.1506365167185085,1.4957957519453404,1.537657558240361,4.581192890311589e-08,0.50-1.00,0.25-1.00,1.6666666666666667e-05,pneumatic_feed,0.003243981286292063,0.0,0.0,0.0,heavy,0.7260000000000005
aluminum,partial,0.09184387043165726,0.8943677094076123,0.8943677094076123,0.0218,0.014437856431856522,0.03623785643185652,2700.0,,2441.407714946844,0.08847138226587062,1.2284107128747372,1.1784085946924798,7.076769242497918e-08,0.50-1.00,0.25-1.00,1.6666666666666667e-05,pneumatic_feed,-0.006211726427590931,0.0,0.0,0.0,heavy,1.312000000000001
other_light,unresolved_nonmetal,,0.8227995039965208,0.13149838833046676,,,,,,1100.0,,0.3729880101175548,,3.2082881790281816e-07,0.50-1.00,0.25-1.00,1.6666666666666667e-05,pneumatic_feed,-0.03358880695957125,2.25,0.0,0.0,light,3.573999999999828
aluminum,bare_like,0.04313243662705044,0.7889930343909968,0.7889930343909968,0.0218,0.00678041903777233,0.02858041903777233,2700.0,,2546.020364388577,0.07276632889292733,1.118519997422235,1.0687096417191095,4.529776800437105e-08,0.50-1.00,0.25-1.00,1.6666666666666667e-05,pneumatic_feed,-0.02808531265027801,0.0,0.0,0.0,heavy,2.031999999999998
aluminum,partial,0.1299164974968019,0.9624270772573343,0.9624270772573343,0.0218,0.02042287340649726,0.04222287340649726,2700.0,,2386.061625603174,0.10074637795794389,1.3068068307507505,1.2575035381373236,9.331793233911907e-08,0.50-1.00,0.25-1.00,1.6666666666666667e-05,pneumatic_feed,-0.02688690226379928,0.0,0.0,0.0,heavy,1.0520000000000007
aluminum,partial,0.07741932837032822,0.8880088343218631,0.8880088343218631,0.0218,0.012170318419815598,0.0339703184198156,2700.0,,2467.4707085166183,0.08382076565987752,1.1982027856523452,1.1470181941876239,6.609767697037409e-08,0.50-1.00,0.25-1.00,1.6666666666666667e-05,pneumatic_feed,-0.015566231892141309,0.0,0.0,0.0,heavy,1.482000000000001
aluminum,bare_like,0.03599109322037768,0.9984961548004528,0.9984961548004528,0.0218,0.005657799854243372,0.027457799854243372,2700.0,,2566.261271450428,0.07046388836518197,1.1097491989748536,1.0516659126261991,7.025211416229697e-08,0.50-1.00,0.25-1.00,1.6666666666666667e-05,pneumatic_feed,-0.0005385851758391943,0.0,0.0,0.0,heavy,2.085999999999992
separator,film,,0.7291882166904389,0.7291882166904389,,,0.0139,,,900.0,0.01251,0.4711753352536035,0.44312183426231666,6.6517603465558825e-09,0.50-1.00,0.25-1.00,1.6666666666666667e-05,pneumatic_feed,0.0033683116795814134,2.25,0.0,0.0,light,4.385999999999739
copper,partial,0.30083953820756804,0.3161405053266798,0.3161405053266798,0.012,0.04392257257830494,0.055922572578304935,8900.0,,2695.2009828814184,0.15072257257830493,1.4328044185167004,1.5380967132105428,1.506394025186251e-08,0.25-0.50,0.25-1.00,1.6666666666666667e-05,pneumatic_feed,-0.0012051526312573428,0.0,0.0,0.0,heavy,0.7860000000000006
copper,partial,0.2686932461455539,0.7694070447251096,0.7694070447251096,0.012,0.03922921393725087,0.05122921393725087,8900.0,,2850.506629208047,0.14602921393725088,1.5415257949124543,1.5139598878302853,8.644742554593142e-08,0.50-1.00,0.25-1.00,1.6666666666666667e-05,pneumatic_feed,0.003972903551249589,0.0,0.0,0.0,heavy,0.6680000000000005
copper,heavily_coated,0.5912278899275296,0.2900747347884862,0.2900747347884862,0.012,0.08631927192941932,0.09831927192941932,8900.0,,1964.205675445342,0.19311927192941933,1.4566906671901592,1.7410342019053406,1.6249702830096385e-08,0.25-0.50,0.25-1.00,1.6666666666666667e-05,pneumatic_feed,-0.027873660183970424,0.0,0.0,0.0,heavy,0.7840000000000006
aluminum,bare_like,0.03153896642269724,0.9838989517468707,0.9838989517468707,0.0218,0.0049579255216480045,0.026757925521648004,2700.0,,2579.7395283313576,0.06902847816434182,1.0987050736449155,1.0408991273257506,6.68235116506844e-08,0.50-1.00,0.25-1.00,1.6666666666666667e-05,pneumatic_feed,-0.02306074122665992,0.0,0.0,0.0,heavy,2.273999999999971
aluminum,partial,0.20622266087702865,0.5875074624374137,0.5875074624374137,0.0218,0.03241820228986891,0.05421820228986891,2700.0,,2311.921878619445,0.1253482480933628,1.3968022567337313,1.402663930552655,4.326583036201632e-08,0.50-1.00,0.25-1.00,1.6666666666666667e-05,pneumatic_feed,-0.03983643681820297,0.0,0.0,0.0,heavy,0.8540000000000006
copper,partial,0.2773232277214721,0.9017361498944021,0.9017361498944021,0.012,0.040489191247334924,0.05248919124733492,8900.0,,2806.0861245373703,0.14728919124733492,1.5597253851918456,1.5204772756664826,1.1976497787674044e-07,0.50-1.00,0.25-1.00,1.6666666666666667e-05,pneumatic_feed,0.0020457911670752043,0.0,0.0,0.0,heavy,0.6580000000000005
aluminum,partial,0.14290826534319528,0.973737250684914,0.973737250684914,0.0218,0.0224651793119503,0.0442651793119503,2700.0,,2370.6004462286273,0.10493505382929959,1.3317515905977064,1.2833785898575238,9.949566486784602e-08,0.50-1.00,0.25-1.00,1.6666666666666667e-05,pneumatic_feed,-0.038015573134910316,0.0,0.0,0.0,heavy,0.9980000000000008
other_light,unresolved_nonmetal,,0.7465325308203553,0.1269016382874124,,,,,,1100.0,,0.3532486593422925,,2.396279758148041e-07,0.50-1.00,0.25-1.00,1.6666666666666667e-05,pneumatic_feed,-0.029837270901803433,2.25,0.0,0.0,light,3.401999999999847
aluminum,heavily_coated,0.3787956382237264,0.8583617841101241,0.8583617841101241,0.0218,0.0595466743287698,0.0813466743287698,2700.0,,2224.8912228204263,0.18098750171971162,1.6748914411859774,1.6854613098474238,1.3334886784330185e-07,0.50-1.00,0.25-1.00,1.6666666666666667e-05,pneumatic_feed,0.017389617959995052,0.0,0.0,0.0,heavy,0.5700000000000004
aluminum,bare_like,0.044511324300850405,0.563858699643206,0.563858699643206,0.0218,0.006997180180093685,0.028797180180093685,2700.0,,2542.2939194041255,0.07321089606783718,1.1067137280212367,1.0719693207740475,2.327642580667842e-08,0.50-1.00,0.25-1.00,1.6666666666666667e-05,pneumatic_feed,0.0038801373264302514,0.0,0.0,0.0,heavy,2.247999999999974
aluminum,heavily_coated,0.3537068950071315,0.8378459166509339,0.8378459166509339,0.0218,0.05560272389512107,0.07740272389512107,2700.0,,2233.7539471288246,0.17289864001924926,1.640331942474285,1.6473667028752697,1.2137238668326234e-07,0.50-1.00,0.25-1.00,1.6666666666666667e-05,pneumatic_feed,0.030211947363544017,0.0,0.0,0.0,heavy,0.6060000000000004
other_light,unresolved_nonmetal,,0.8560210242119491,0.1655995810838555,,,,,,1100.0,,0.5245088367350041,,3.6128056648975266e-07,0.50-1.00,0.25-1.00,1.6666666666666667e-05,pneumatic_feed,-0.031308850005278194,2.25,0.0,0.0,light,5.093999999999661
aluminum,partial,0.13316938991425104,0.9171900543447323,0.9171900543447323,0.0218,0.020934228094520266,0.042734228094520266,2700.0,,2382.0517543244614,0.10179514300225367,1.3103165056496326,1.2640318684919989,8.563390136220244e-08,0.50-1.00,0.25-1.00,1.6666666666666667e-05,pneumatic_feed,0.01763926409146234,0.0,0.0,0.0,heavy,1.0360000000000007
other_light,unresolved_nonmetal,,0.7549511494017241,0.13454129703899767,,,,,,1100.0,,0.3861620833587733,,2.478265661776731e-07,0.50-1.00,0.25-1.00,1.6666666666666667e-05,pneumatic_feed,0.021606992549933514,2.25,0.0,0.0,light,3.635999999999821
aluminum,partial,0.09298702110182411,0.9860053598450425,0.9860053598450425,0.0218,0.014617559717206755,0.036417559717206754,2700.0,,2439.4810130966453,0.08883994547343911,1.2350673298317008,1.180860611651985,8.637077863601689e-08,0.50-1.00,0.25-1.00,1.6666666666666667e-05,pneumatic_feed,-0.035600806659880475,0.0,0.0,0.0,heavy,1.258000000000001
copper,partial,0.2504119477123896,0.7570385291228094,0.7570385291228094,0.012,0.03656014436600888,0.048560144366008876,8900.0,,2952.2182488888584,0.14336014436600888,1.5306808060397175,1.500060274111969,8.216075022209509e-08,0.50-1.00,0.25-1.00,1.6666666666666667e-05,pneumatic_feed,-0.0137344218744372,0.0,0.0,0.0,heavy,0.6980000000000005
aluminum,partial,0.22715321043849557,0.6179816518299993,0.6179816518299993,0.0218,0.035708484680931504,0.057508484680931504,2700.0,,2296.990910304328,0.13209646657747534,1.4329706083369433,1.4399257409325152,5.044781521727307e-08,0.50-1.00,0.25-1.00,1.6666666666666667e-05,pneumatic_feed,-0.03712872013841744,0.0,0.0,0.0,heavy,0.8040000000000006
separator,film,,0.586505160775828,0.586505160775828,,,0.0139,,,900.0,0.01251,0.4690845444395963,0.44312183426231666,4.303293678244666e-09,0.50-1.00,0.25-1.00,1.6666666666666667e-05,pneumatic_feed,-0.025747945527020775,2.25,0.0,0.0,light,4.37399999999974
black_mass,free,,0.424094939739008,0.055520867695617364,,,,,,2100.0,,0.15681492480385953,,8.387010536821697e-08,0.25-0.50,0.25-1.00,1.6666666666666667e-05,pneumatic_feed,0.019261797559348048,2.25,0.0,0.0,light,2.537999999999942
copper,partial,0.11306328198615156,0.6082327038945827,0.6082327038945827,0.012,0.01650723916997813,0.02850723916997813,8900.0,,4325.4710999806975,0.12330723916997813,1.441937773080547,1.3911974791567072,4.5617145932692424e-08,0.50-1.00,0.25-1.00,1.6666666666666667e-05,pneumatic_feed,-0.02551068232453179,0.0,0.0,0.0,heavy,0.7860000000000006
copper,partial,0.2816064196031479,0.5981543872891163,0.5981543872891163,0.012,0.0411145372620596,0.0531145372620596,8900.0,,2784.8221011936944,0.1479145372620596,1.5218887940953028,1.5237016036170887,5.292214571348573e-08,0.50-1.00,0.25-1.00,1.6666666666666667e-05,pneumatic_feed,0.04992799459952022,0.0,0.0,0.0,heavy,0.7100000000000005
copper,partial,0.14776086508896835,0.4135659741952451,0.4135659741952451,0.012,0.02157308630298938,0.03357308630298938,8900.0,,3823.6903555559898,0.12837308630298938,1.4271439431402468,1.4194872181924434,2.1956523814531882e-08,0.25-0.50,0.25-1.00,1.6666666666666667e-05,pneumatic_feed,0.006075641045822601,0.0,0.0,0.0,heavy,0.8220000000000006
aluminum,partial,0.17835335138815617,0.5440037505425188,0.5440037505425188,0.0218,0.028037146838218147,0.049837146838218147,2700.0,,2334.862876456268,0.11636290402105542,1.3465770006964426,1.351455564017732,3.4436447195344715e-08,0.50-1.00,0.25-1.00,1.6666666666666667e-05,pneumatic_feed,-0.027844598578240273,0.0,0.0,0.0,heavy,0.9460000000000007
copper,partial,0.32954683936217305,0.77717859596265,0.77717859596265,0.012,0.04811383854687727,0.06011383854687727,8900.0,,2577.0079284834587,0.15491383854687726,1.572819254986386,1.5593356309120194,9.356897626971496e-08,0.50-1.00,0.25-1.00,1.6666666666666667e-05,pneumatic_feed,-0.00831378576769853,0.0,0.0,0.0,heavy,0.6800000000000005
aluminum,bare_like,0.041239413131607304,0.7868213400399038,0.7868213400399038,0.0218,0.006482835744288668,0.028282835744288668,2700.0,,2551.2292982266613,0.07215599918776151,1.1141089224277836,1.06421828740682,4.46709003194889e-08,0.50-1.00,0.25-1.00,1.6666666666666667e-05,pneumatic_feed,-0.027942752059458613,0.0,0.0,0.0,heavy,2.0439999999999965
aluminum,partial,0.16030348472439565,0.6692306170906102,0.6692306170906102,0.0218,0.025199707798674996,0.046999707798674996,2700.0,,2352.002846134903,0.1105434465099924,1.336856554739642,1.3172281261880348,4.950905125495915e-08,0.50-1.00,0.25-1.00,1.6666666666666667e-05,pneumatic_feed,-0.030471558327634048,0.0,0.0,0.0,heavy,0.9860000000000008
aluminum,heavily_coated,0.3023448180613679,0.7754106540604274,0.7754106540604274,0.0218,0.04752860539924704,0.06932860539924704,2700.0,,2255.0430935520244,0.15633899279116562,1.5637368424908655,1.5664918866212285,9.400064583509351e-08,0.50-1.00,0.25-1.00,1.6666666666666667e-05,pneumatic_feed,0.0331244723061269,0.0,0.0,0.0,heavy,0.6800000000000005
aluminum,partial,0.10119565770902694,0.6273370220547199,0.6273370220547199,0.0218,0.01590795739185903,0.03770795739185903,2700.0,,2426.185302249198,0.09148649200196737,1.2271259681879076,1.198320482368085,3.6004668044384894e-08,0.50-1.00,0.25-1.00,1.6666666666666667e-05,pneumatic_feed,-0.027322874672312952,0.0,0.0,0.0,heavy,1.304000000000001
separator,film,,0.612209309792264,0.612209309792264,,,0.0139,,,900.0,0.01251,0.46953082141910174,0.44312183426231666,4.6887509898439665e-09,0.50-1.00,0.25-1.00,1.6666666666666667e-05,pneumatic_feed,0.015414622437347111,2.25,0.0,0.0,light,4.37599999999974
aluminum,partial,0.19092886847343693,0.6008831554338122,0.6008831554338122,0.0218,0.030014018124024287,0.05181401812402429,2700.0,,2324.030848105324,0.1204173764845208,1.3761077561283617,1.3747985820843134,4.347796616802961e-08,0.50-1.00,0.25-1.00,1.6666666666666667e-05,pneumatic_feed,0.004523021963222872,0.0,0.0,0.0,heavy,0.8940000000000007
aluminum,heavily_coated,0.29496654520084203,0.8756403789734608,0.8756403789734608,0.0218,0.04636874090557237,0.06816874090557237,2700.0,,2258.5155863663335,0.15396016383820346,1.5672385198691674,1.5545284595672224,1.1804835106584067e-07,0.50-1.00,0.25-1.00,1.6666666666666667e-05,pneumatic_feed,-0.003638797184185226,0.0,0.0,0.0,heavy,0.6780000000000005
copper,heavily_coated,0.4854468812133855,0.6640815190685943,0.6640815190685943,0.012,0.07087524465715428,0.08287524465715428,8900.0,,2143.888025817325,0.17767524465715429,1.6191101854497458,1.6699672572055697,7.835554049544291e-08,0.50-1.00,0.25-1.00,1.6666666666666667e-05,pneumatic_feed,0.03279964424196109,0.0,0.0,0.0,heavy,0.6100000000000004
copper,partial,0.36380091183718216,0.7993831303985465,0.7993831303985465,0.012,0.0531149331282286,0.0651149331282286,8900.0,,2455.887235779136,0.1599149331282286,1.5923324479082446,1.5843057755309347,1.0218778339648835e-07,0.50-1.00,0.25-1.00,1.6666666666666667e-05,pneumatic_feed,-0.0048514656612702505,0.0,0.0,0.0,heavy,0.6320000000000005
other_light,unresolved_nonmetal,,0.9993651761894164,0.18191008566057323,,,,,,1100.0,,0.5992082576192668,,5.748624525461762e-07,0.50-1.00,0.25-1.00,1.6666666666666667e-05,pneumatic_feed,-0.02225848051587704,2.25,0.0,0.0,light,6.635999999999491
other_light,unresolved_nonmetal,,0.6769243073841318,0.12240334987945599,,,,,,1100.0,,0.33413508247141216,,1.7865354376887924e-07,0.50-1.00,0.25-1.00,1.6666666666666667e-05,pneumatic_feed,-0.024093796323480948,2.25,0.0,0.0,light,3.327999999999855
separator,film,,0.6473702485454309,0.6473702485454309,,,0.0139,,,900.0,0.01251,0.4700856637855852,0.44312183426231666,5.242793866159181e-09,0.50-1.00,0.25-1.00,1.6666666666666667e-05,pneumatic_feed,-0.0036346073106218735,2.25,0.0,0.0,light,4.381999999999739
aluminum,partial,0.17002371180865083,0.6632581488017313,0.6632581488017313,0.0218,0.02672772749631991,0.04852772749631991,2700.0,,2342.5235589869276,0.11367734492422711,1.3521957344765154,1.3357692936771188,5.000795676546604e-08,0.50-1.00,0.25-1.00,1.6666666666666667e-05,pneumatic_feed,0.032917868535901396,0.0,0.0,0.0,heavy,0.9580000000000007
aluminum,partial,0.054348294317085655,0.9271500029686126,0.9271500029686126,0.0218,0.008543551866645866,0.030343551866645866,2700.0,,2517.25420631236,0.07638243357077158,1.1497264291534146,1.0949423168947443,6.565888435178063e-08,0.50-1.00,0.25-1.00,1.6666666666666667e-05,pneumatic_feed,0.023975403224650627,0.0,0.0,0.0,heavy,1.7520000000000013
separator,film,,0.8997334114712126,0.8997334114712126,,,0.0139,,,900.0,0.01251,0.47282390956481035,0.44312183426231666,1.0127097848587506e-08,0.50-1.00,0.25-1.00,1.6666666666666667e-05,pneumatic_feed,0.010903766488490108,2.25,0.0,0.0,light,4.395999999999738
aluminum,partial,0.05885853912825145,0.7722090469482501,0.7722090469482501,0.0218,0.009252562350961127,0.031052562350961127,2700.0,,2506.6073685197957,0.07783658160033954,1.1525492790312373,1.1053157851034832,4.6414483845766024e-08,0.50-1.00,0.25-1.00,1.6666666666666667e-05,pneumatic_feed,-0.008830631594870022,0.0,0.0,0.0,heavy,1.7620000000000013
aluminum,heavily_coated,0.3532173039731357,0.5974315479147724,0.5974315479147724,0.0218,0.05552576018457693,0.07732576018457693,2700.0,,2233.9358909843972,0.17274079097397868,1.5905996352507794,1.6466145435795134,6.165541257858492e-08,0.50-1.00,0.25-1.00,1.6666666666666667e-05,pneumatic_feed,-0.016755174489880266,0.0,0.0,0.0,heavy,0.6140000000000004
aluminum,partial,0.2045216393502574,0.9925376059288773,0.9925376059288773,0.0218,0.03215080170586047,0.05395080170586047,2700.0,,2313.215333171962,0.12479982174291648,1.4406341620906735,1.3995920841719625,1.2294416061148086e-07,0.50-1.00,0.25-1.00,1.6666666666666667e-05,pneumatic_feed,0.02823292855065034,0.0,0.0,0.0,heavy,0.7740000000000006
aluminum,partial,0.19186594084328956,0.6979103325850502,0.6979103325850502,0.0218,0.030161325900565125,0.051961325900565125,2700.0,,2323.2566893750504,0.12071949798728498,1.3918849013455843,1.3765221539838817,5.879991211898686e-08,0.50-1.00,0.25-1.00,1.6666666666666667e-05,pneumatic_feed,0.00784791073431776,0.0,0.0,0.0,heavy,0.8580000000000007
separator,film,,0.5468528578145249,0.5468528578145249,,,0.0139,,,900.0,0.01251,0.46831680743277054,0.44312183426231666,3.741091081729911e-09,0.50-1.00,0.25-1.00,1.6666666666666667e-05,pneumatic_feed,-0.031122577024413057,2.25,0.0,0.0,light,4.367999999999741
aluminum,partial,0.14995747273315557,0.6126722255310388,0.6126722255310388,0.0218,0.023573314713652052,0.04537331471365205,2700.0,,2362.793846129115,0.1072077887838967,1.3121361635273772,1.2972021634086348,4.0242293490901526e-08,0.50-1.00,0.25-1.00,1.6666666666666667e-05,pneumatic_feed,0.02573411363811015,0.0,0.0,0.0,heavy,1.0320000000000007
separator,film,,0.6671776769243156,0.6671776769243156,,,0.0139,,,900.0,0.01251,0.4703732469686784,0.44312183426231666,5.5685269178524434e-09,0.50-1.00,0.25-1.00,1.6666666666666667e-05,pneumatic_feed,-0.031277731119902126,2.25,0.0,0.0,light,4.37799999999974
separator,film,,0.9932053212382651,0.9932053212382651,,,0.0139,,,900.0,0.01251,0.473492171458814,0.44312183426231666,1.2340574694801429e-08,0.50-1.00,0.25-1.00,1.6666666666666667e-05,pneumatic_feed,-0.02567504849673114,2.25,0.0,0.0,light,4.401999999999737
aluminum,partial,0.17666232061414494,0.9372491820314779,0.9372491820314779,0.0218,0.027771316800543587,0.04957131680054359,2700.0,,2336.3853587995964,0.11581769878920647,1.3896659110668306,1.3482858006355274,1.0173843943763502e-07,0.50-1.00,0.25-1.00,1.6666666666666667e-05,pneumatic_feed,-0.032877766919097134,0.0,0.0,0.0,heavy,0.8660000000000007
aluminum,bare_like,0.044451396651276516,0.272928126317468,0.272928126317468,0.0218,0.0069877595535806705,0.02878775955358067,2700.0,,2542.4547074638317,0.07319157479433806,1.0556817910269038,1.071827858367159,5.45202299672829e-09,0.25-0.50,0.25-1.00,1.6666666666666667e-05,pneumatic_feed,0.015480331142764545,0.0,0.0,0.0,heavy,3.019999999999889
aluminum,partial,0.13082814936828863,0.8080404975146374,0.8080404975146374,0.0218,0.020566185080694972,0.04236618508069497,2700.0,,2384.928061032123,0.10104030363782993,1.2985332155620037,1.2593365737162479,6.597218943989889e-08,0.50-1.00,0.25-1.00,1.6666666666666667e-05,pneumatic_feed,0.014642467668116286,0.0,0.0,0.0,heavy,1.0560000000000007
separator,film,,0.7274404959807804,0.7274404959807804,,,0.0139,,,900.0,0.01251,0.4711545500611849,0.44312183426231666,6.619912636661475e-09,0.50-1.00,0.25-1.00,1.6666666666666667e-05,pneumatic_feed,-0.0040148520341784155,2.25,0.0,0.0,light,4.385999999999739
aluminum,partial,0.15287834906496522,0.8473214832334159,0.8473214832334159,0.0218,0.024032476473012536,0.045832476473012536,2700.0,,2359.6697548236766,0.10814950852203543,1.3414213680453293,1.3028870579454952,7.76463393584498e-08,0.50-1.00,0.25-1.00,1.6666666666666667e-05,pneumatic_feed,-0.026311575944321007,0.0,0.0,0.0,heavy,0.9820000000000008
aluminum,partial,0.11347474055363893,0.976403272820648,0.976403272820648,0.0218,0.017838229215032045,0.039638229215032045,2700.0,,2407.912588226895,0.09544539110189873,1.2758121067754051,1.2239733897170324,9.099413791510255e-08,0.50-1.00,0.25-1.00,1.6666666666666667e-05,pneumatic_feed,-0.0038405129129882934,0.0,0.0,0.0,heavy,1.1440000000000008
aluminum,partial,0.06283839181805562,0.5903299691631992,0.5903299691631992,0.0218,0.009878195193798345,0.031678195193798345,2700.0,,2497.6083840012648,0.07911972590605931,1.1478092206602408,1.1143891680295115,2.757239154473194e-08,0.50-1.00,0.25-1.00,1.6666666666666667e-05,pneumatic_feed,0.029296050269727283,0.0,0.0,0.0,heavy,1.7680000000000013
aluminum,heavily_coated,0.329427939040538,0.6758115556810901,0.6758115556810901,0.0218,0.05178607201717257,0.07358607201717257,2700.0,,2243.235129978642,0.16507086182605984,1.5809026993075186,1.6096435155716422,7.539137180309407e-08,0.50-1.00,0.25-1.00,1.6666666666666667e-05,pneumatic_feed,-0.004416593266112911,0.0,0.0,0.0,heavy,0.6400000000000005
aluminum,partial,0.09837494506401212,0.5104682077305642,0.5104682077305642,0.0218,0.015464541364062709,0.03726454136406271,2700.0,,2430.6502300183715,0.09057706603808816,1.2071973669170923,1.192349625124205,2.3602371792854855e-08,0.50-1.00,0.25-1.00,1.6666666666666667e-05,pneumatic_feed,0.016967003796291607,0.0,0.0,0.0,heavy,1.406000000000001
aluminum,partial,0.08276792174891934,0.6355219935644137,0.6355219935644137,0.0218,0.01301111729893012,0.03481111729893012,2700.0,,2457.4105139020694,0.08554520565106909,1.1923041529623035,1.1587568976705944,3.455069949723412e-08,0.50-1.00,0.25-1.00,1.6666666666666667e-05,pneumatic_feed,0.04131965981848757,0.0,0.0,0.0,heavy,1.5040000000000011
aluminum,partial,0.15006518811063685,0.7039587844800383,0.7039587844800383,0.0218,0.02359024757099211,0.04539024757099211,2700.0,,2362.677514173479,0.10724251729875042,1.323437430936583,1.2974122519543227,5.314488419670604e-08,0.50-1.00,0.25-1.00,1.6666666666666667e-05,pneumatic_feed,3.354587825147505e-05,0.0,0.0,0.0,heavy,1.0040000000000007
copper,partial,0.14931934709875394,0.8535816437661716,0.8535816437661716,0.012,0.021800624676418075,0.033800624676418076,8900.0,,3804.6818929396827,0.12860062467641808,1.48242159919154,1.4207446656317448,9.369862380334016e-08,0.50-1.00,0.25-1.00,1.6666666666666667e-05,pneumatic_feed,-0.007951019046671106,0.0,0.0,0.0,heavy,0.7420000000000005
copper,heavily_coated,0.6764058508217294,0.44929769375420403,0.44929769375420403,0.012,0.09875525421997249,0.11075525421997248,8900.0,,1855.9413335977404,0.2055552542199725,1.5931644607502253,1.796216932955674,4.1495113901392235e-08,0.25-0.50,0.25-1.00,1.6666666666666667e-05,pneumatic_feed,0.031811379064398106,0.0,0.0,0.0,heavy,0.6440000000000005
aluminum,partial,0.06200217280460757,0.5444757596368826,0.5444757596368826,0.0218,0.00974674156488431,0.03154674156488431,2700.0,,2499.469568727318,0.07885012053393353,1.1414509690259127,1.1124888727086761,2.3375422028564838e-08,0.50-1.00,0.25-1.00,1.6666666666666667e-05,pneumatic_feed,-0.01315824891896663,0.0,0.0,0.0,heavy,1.7960000000000014
aluminum,partial,0.08968233823254246,0.5551438211420634,0.5551438211420634,0.0218,0.014098063570155674,0.035898063570155674,2700.0,,2445.103549889707,0.08777448266955401,1.197116154482763,1.1737581863319717,2.705074928710163e-08,0.50-1.00,0.25-1.00,1.6666666666666667e-05,pneumatic_feed,-0.013823806470983585,0.0,0.0,0.0,heavy,1.484000000000001
aluminum,partial,0.18988999767250053,0.5793335660930851,0.5793335660930851,0.0218,0.029850707634117082,0.05165070763411708,2700.0,,2324.8942686367436,0.1200824341495909,1.370776513886298,1.3728852415303978,4.030295285397156e-08,0.50-1.00,0.25-1.00,1.6666666666666667e-05,pneumatic_feed,-0.007532209756786815,0.0,0.0,0.0,heavy,0.8920000000000007
aluminum,heavily_coated,0.34415884293742444,0.8959337506027469,0.8959337506027469,0.0218,0.05410177010976312,0.07590177010976312,2700.0,,2237.3688032028026,0.169820252551455,1.636284908629827,1.6326355025074146,1.3631425574073083e-07,0.50-1.00,0.25-1.00,1.6666666666666667e-05,pneumatic_feed,0.038896326107334074,0.0,0.0,0.0,heavy,0.5840000000000004
copper,partial,0.3213327726608949,0.7208455531509211,0.7208455531509211,0.012,0.04691458480849066,0.058914584808490655,8900.0,,2609.109192709402,0.15371458480849065,1.5608133334920908,1.5532881648792891,7.987291301072064e-08,0.50-1.00,0.25-1.00,1.6666666666666667e-05,pneumatic_feed,0.01320623184839444,0.0,0.0,0.0,heavy,0.6580000000000005
other_light,unresolved_nonmetal,,0.7519293704771061,0.08963229135999055,,,,,,1100.0,,0.20272053439415974,,2.4486259839919444e-07,0.50-1.00,0.25-1.00,1.6666666666666667e-05,pneumatic_feed,-0.0202741951009796,2.25,0.0,0.0,light,2.665999999999928
aluminum,heavily_coated,0.29369921215109007,0.6424557565547743,0.6424557565547743,0.0218,0.04616951615015137,0.06796951615015137,2700.0,,2259.1239674330236,0.15355156298963293,1.5286298469136508,1.5524642774264659,6.337831535949975e-08,0.50-1.00,0.25-1.00,1.6666666666666667e-05,pneumatic_feed,0.01413329006885967,0.0,0.0,0.0,heavy,0.6900000000000005
aluminum,partial,0.06952809758909612,0.6216144188178732,0.6216144188178732,0.0218,0.010929816941005907,0.03272981694100591,2700.0,,2483.2572113127912,0.08127655394370048,1.1644086400535993,1.1294763347234518,3.140562502464385e-08,0.50-1.00,0.25-1.00,1.6666666666666667e-05,pneumatic_feed,-0.001032155094497201,0.0,0.0,0.0,heavy,1.5900000000000012
aluminum,partial,0.11698178551027211,0.541308707001985,0.541308707001985,0.0218,0.018389536682214776,0.040189536682214776,2700.0,,2403.0159449214307,0.09657609746636683,1.2451786397847475,1.2312020247839484,2.8298256428605314e-08,0.50-1.00,0.25-1.00,1.6666666666666667e-05,pneumatic_feed,0.0007215585038443665,0.0,0.0,0.0,heavy,1.2380000000000009
aluminum,partial,0.08624236298412008,0.897763280237845,0.897763280237845,0.0218,0.013557299461103678,0.03535729946110368,2700.0,,2451.1317767650826,0.08666540024971016,1.2170868547895042,1.1663190482537147,6.985048459774117e-08,0.50-1.00,0.25-1.00,1.6666666666666667e-05,pneumatic_feed,0.038397093717570996,0.0,0.0,0.0,heavy,1.310000000000001
aluminum,partial,0.10872274109798685,0.7740850294425902,0.7740850294425902,0.0218,0.01709121490060353,0.03889121490060353,2700.0,,2414.768970252574,0.09391329895740194,1.2543908951453013,1.2141100199056842,5.6273565557373655e-08,0.50-1.00,0.25-1.00,1.6666666666666667e-05,pneumatic_feed,-0.0313764121139754,0.0,0.0,0.0,heavy,1.2380000000000009
other_light,unresolved_nonmetal,,0.9475927914990294,0.19080688432709553,,,,,,1100.0,,0.6403385870232581,,4.900682337139007e-07,0.50-1.00,0.25-1.00,1.6666666666666667e-05,pneumatic_feed,0.029423040756280147,2.25,0.0,0.0,light,9.049999999999692
aluminum,partial,0.10917153785392986,0.8103841909798625,0.8103841909798625,0.0218,0.01716176575063777,0.03896176575063777,2700.0,,2414.110184879028,0.09405799551948552,1.2578319335271677,1.2150449776340977,6.177000544175869e-08,0.50-1.00,0.25-1.00,1.6666666666666667e-05,pneumatic_feed,0.032774218704726694,0.0,0.0,0.0,heavy,1.2080000000000009
copper,partial,0.4479358845751992,0.8907813250430099,0.8907813250430099,0.012,0.06539863914797908,0.07739863914797908,8900.0,,2224.8277365542704,0.17219863914797906,1.6446513372848133,1.644028539918538,1.3663813392528134e-07,0.50-1.00,0.25-1.00,1.6666666666666667e-05,pneumatic_feed,-0.010659591846974245,0.0,0.0,0.0,heavy,0.5860000000000004
separator,film,,0.6333097398935967,0.6333097398935967,,,0.0139,,,900.0,0.01251,0.46987094712575206,0.44312183426231666,5.017526145317631e-09,0.50-1.00,0.25-1.00,1.6666666666666667e-05,pneumatic_feed,0.004987482302929401,2.25,0.0,0.0,light,4.37799999999974
aluminum,partial,0.10322377127771143,0.8597825906456935,0.8597825906456935,0.0218,0.01622677684485624,0.03802677684485624,2700.0,,2423.039335507355,0.09214037609764694,1.249340449380543,1.202595253287101,6.811257116796546e-08,0.50-1.00,0.25-1.00,1.6666666666666667e-05,pneumatic_feed,0.015245227667648013,0.0,0.0,0.0,heavy,1.252000000000001
aluminum,partial,0.08320976760068582,0.337171132922277,0.337171132922277,0.0218,0.01308057546682781,0.03488057546682781,2700.0,,2456.6011318714613,0.08568766117213712,1.1441583482484174,1.159721315557261,9.741348023573449e-09,0.25-0.50,0.25-1.00,1.6666666666666667e-05,pneumatic_feed,-0.04927863137072363,0.0,0.0,0.0,heavy,1.7660000000000013
aluminum,partial,0.07640243049331225,0.7916457778423078,0.7916457778423078,0.0218,0.012010462073548688,0.03381046207354869,2700.0,,2469.4400045088037,0.0834929076153488,1.1909394308439303,1.1447727625736537,5.232525881855409e-08,0.50-1.00,0.25-1.00,1.6666666666666667e-05,pneumatic_feed,0.03703657105638459,0.0,0.0,0.0,heavy,1.500000000000001
aluminum,partial,0.11722255923843256,0.694542333410529,0.694542333410529,0.0218,0.018427386312281593,0.04022738631228159,2700.0,,2402.6846928047685,0.09665372532406305,1.2637730783301584,1.2316967454233585,4.6624699018267955e-08,0.50-1.00,0.25-1.00,1.6666666666666667e-05,pneumatic_feed,-0.030102786829419963,0.0,0.0,0.0,heavy,1.1740000000000008
aluminum,partial,0.12379801119191147,0.5111874979114837,0.5111874979114837,0.0218,0.01946104735936849,0.04126104735936849,2700.0,,2393.8732317699446,0.09877371678838417,1.252229286137216,1.2451314222645247,2.581082247658644e-08,0.50-1.00,0.25-1.00,1.6666666666666667e-05,pneumatic_feed,0.015567050300201758,0.0,0.0,0.0,heavy,1.2260000000000009
copper,partial,0.3166309677180552,0.3428300811820457,0.3428300811820457,0.012,0.046228121286836066,0.05822812128683606,8900.0,,2628.079318118614,0.15302812128683607,1.4512864624185928,1.5498159218817502,1.7985772242331606e-08,0.25-0.50,0.25-1.00,1.6666666666666667e-05,pneumatic_feed,0.0229934175300996,0.0,0.0,0.0,heavy,0.7820000000000006
aluminum,bare_like,0.04884787964670012,0.9149911975152458,0.9149911975152458,0.0218,0.00767888668046126,0.02947888668046126,2700.0,,2530.9315675867706,0.07460904487689259,1.136847191734171,1.0821569056230738,6.246335575952388e-08,0.50-1.00,0.25-1.00,1.6666666666666667e-05,pneumatic_feed,0.008593357306753528,0.0,0.0,0.0,heavy,1.9380000000000015
aluminum,partial,0.06391960684496945,0.7815787431445753,0.7815787431445753,0.0218,0.0100481621960292,0.0318481621960292,2700.0,,2495.224683727422,0.0794683204428866,1.1639889967954715,1.116841420109206,4.8544441929803286e-08,0.50-1.00,0.25-1.00,1.6666666666666667e-05,pneumatic_feed,0.004714393122227902,0.0,0.0,0.0,heavy,1.7060000000000013
aluminum,partial,0.18208830890352556,0.8660090534610074,0.8660090534610074,0.0218,0.028624282159634223,0.05042428215963422,2700.0,,2331.5570720747073,0.11756709167358567,1.3934134583520952,1.3584303702835125,8.817198933467899e-08,0.50-1.00,0.25-1.00,1.6666666666666667e-05,pneumatic_feed,-0.0322661024507923,0.0,0.0,0.0,heavy,0.8940000000000007
other_light,unresolved_nonmetal,,0.594807170368794,0.0983527250149748,,,,,,1100.0,,0.23610726879147204,,1.2120482066134545e-07,0.50-1.00,0.25-1.00,1.6666666666666667e-05,pneumatic_feed,-0.030259786960024133,2.25,0.0,0.0,light,2.8339999999999095
other_light,unresolved_nonmetal,,0.8912739511254999,0.09610750151132894,,,,,,1100.0,,0.2273843202788187,,4.077790866448232e-07,0.50-1.00,0.25-1.00,1.6666666666666667e-05,pneumatic_feed,-0.0352661675798944,2.25,0.0,0.0,light,2.8059999999999126
copper,partial,0.3586859118694845,0.5337312330307498,0.5337312330307498,0.012,0.052368143132944744,0.06436814313294474,8900.0,,2472.7782313714083,0.15916814313294475,1.5376966032911272,1.5806021557035472,4.53420743999253e-08,0.50-1.00,0.25-1.00,1.6666666666666667e-05,pneumatic_feed,0.016604195161811296,0.0,0.0,0.0,heavy,0.6840000000000005
other_light,unresolved_nonmetal,,0.59485888439471,0.1026004927486889,,,,,,1100.0,,0.25283372207752386,,1.2123643696249096e-07,0.50-1.00,0.25-1.00,1.6666666666666667e-05,pneumatic_feed,-0.018467871797911876,2.25,0.0,0.0,light,2.881999999999904
aluminum,partial,0.1383696000680973,0.8121001767411574,0.8121001767411574,0.0218,0.02175170113070489,0.04355170113070489,2700.0,,2375.836995377557,0.10347174275795525,1.3126408662924591,1.274398867830973,6.824030730565344e-08,0.50-1.00,0.25-1.00,1.6666666666666667e-05,pneumatic_feed,-0.024418928390782205,0.0,0.0,0.0,heavy,1.0220000000000007
copper,partial,0.25471319855707464,0.4205430832759054,0.4205430832759054,0.012,0.037188126989332895,0.04918812698933289,8900.0,,2927.294365580512,0.1439881269893329,1.4668937257487666,1.503342157070229,2.5465234005401872e-08,0.25-0.50,0.25-1.00,1.6666666666666667e-05,pneumatic_feed,0.014748212963315285,0.0,0.0,0.0,heavy,0.7580000000000006
other_light,unresolved_nonmetal,,0.562472595962771,0.08375369060157876,,,,,,1100.0,,0.18101960836368453,,1.0249328479852418e-07,0.50-1.00,0.25-1.00,1.6666666666666667e-05,pneumatic_feed,0.025946646668668007,2.25,0.0,0.0,light,2.603999999999935
aluminum,partial,0.21757798631374675,0.3495613659404069,0.3495613659404069,0.0218,0.03420325944852099,0.05600325944852099,2700.0,,2303.603751599536,0.1290093185674151,1.3421784459850588,1.4230004442143185,1.5764054829090373e-08,0.25-0.50,0.25-1.00,1.6666666666666667e-05,pneumatic_feed,-0.0005404882489466543,0.0,0.0,0.0,heavy,0.9860000000000008
aluminum,partial,0.1495098266410445,0.9539378716953946,0.9539378716953946,0.0218,0.023502944747972196,0.045302944747972196,2700.0,,2363.2782328599383,0.10706346320733916,1.3426908651129157,1.2963287077367358,9.742747990453303e-08,0.50-1.00,0.25-1.00,1.6666666666666667e-05,pneumatic_feed,-0.005440458798053504,0.0,0.0,0.0,heavy,0.9640000000000007
aluminum,heavily_coated,0.29045010768142343,0.7246580354520678,0.7246580354520678,0.0218,0.045658756927519764,0.06745875692751976,2700.0,,2260.7001101639603,0.15250401921756773,1.5396386923714542,1.5471596833032275,8.008432403143133e-08,0.50-1.00,0.25-1.00,1.6666666666666667e-05,pneumatic_feed,0.04735562461644002,0.0,0.0,0.0,heavy,0.6940000000000005
aluminum,heavily_coated,0.34654398516764023,0.7701247339406584,0.7701247339406584,0.0218,0.054476714468353046,0.07627671446835305,2700.0,,2236.4524671376057,0.17058924625789887,1.6202559609233438,1.6363278428432309,1.0117513529456691e-07,0.50-1.00,0.25-1.00,1.6666666666666667e-05,pneumatic_feed,0.02973645658447617,0.0,0.0,0.0,heavy,0.6080000000000004
separator,film,,0.7341809791548841,0.7341809791548841,,,0.0139,,,900.0,0.01251,0.47123418266460865,0.44312183426231666,6.7431615940118325e-09,0.50-1.00,0.25-1.00,1.6666666666666667e-05,pneumatic_feed,0.006222796573666017,2.25,0.0,0.0,light,4.385999999999739
aluminum,partial,0.09059577455966777,0.9112752362608003,0.9112752362608003,0.0218,0.014241655760779778,0.03604165576077978,2700.0,,2443.5332344419758,0.08806898367578249,1.2267120406786687,1.1757256345657698,7.313447054793252e-08,0.50-1.00,0.25-1.00,1.6666666666666667e-05,pneumatic_feed,0.020439259591481983,0.0,0.0,0.0,heavy,1.300000000000001
aluminum,bare_like,0.02334297625607308,0.6412771620622295,0.6412771620622295,0.0218,0.0036695158674546896,0.02546951586745469,2700.0,,2606.4888441617186,0.06638600897472052,1.0649011155029318,1.0207814638144705,2.7300343247035366e-08,0.50-1.00,0.25-1.00,1.6666666666666667e-05,pneumatic_feed,-0.0052521657836661646,0.0,0.0,0.0,heavy,2.993999999999892
aluminum,partial,0.16190531808659853,0.8841917285742262,0.8841917285742262,0.0218,0.025451516003213284,0.047251516003213284,2700.0,,2350.398526827112,0.11105989360430023,1.3601483440252706,1.3203015148113315,8.682607095072294e-08,0.50-1.00,0.25-1.00,1.6666666666666667e-05,pneumatic_feed,0.014340395132581426,0.0,0.0,0.0,heavy,0.9560000000000007
aluminum,partial,0.11670817095947233,0.919706131015417,0.919706131015417,0.0218,0.018346524474829054,0.040146524474829054,2700.0,,2403.393137045752,0.09648788139904348,1.2791504161286504,1.2306395842972817,8.161517832459984e-08,0.50-1.00,0.25-1.00,1.6666666666666667e-05,pneumatic_feed,-0.010189656228463032,0.0,0.0,0.0,heavy,1.1540000000000008
aluminum,bare_like,0.029954804583510967,0.916582771411677,0.916582771411677,0.0218,0.004708895280527925,0.026508895280527925,2700.0,,2584.707050998816,0.06851772854576978,1.0928461861743495,1.0370411116510292,5.756338659051252e-08,0.50-1.00,0.25-1.00,1.6666666666666667e-05,pneumatic_feed,0.0037616484166648864,0.0,0.0,0.0,heavy,2.291999999999969
aluminum,partial,0.23474701534937556,0.8283620214076937,0.8283620214076937,0.0218,0.03690223081292184,0.05870223081292184,2700.0,,2291.987601758662,0.13454478521879218,1.4740315764862881,1.4532085014870242,9.232243026406343e-08,0.50-1.00,0.25-1.00,1.6666666666666667e-05,pneumatic_feed,0.001431760954687465,0.0,0.0,0.0,heavy,0.7500000000000006
aluminum,partial,0.25471905575970033,0.5080547810203853,0.5080547810203853,0.0218,0.04004183556542489,0.06184183556542489,2700.0,,2279.7507460517163,0.14098397076748498,1.445859503251647,1.4875766888353839,3.639073467293656e-08,0.50-1.00,0.25-1.00,1.6666666666666667e-05,pneumatic_feed,0.005262016999556707,0.0,0.0,0.0,heavy,0.7680000000000006
aluminum,heavily_coated,0.355391357079632,0.5408296955178664,0.5408296955178664,0.0218,0.055867521332918155,0.07766752133291815,2700.0,,2233.1307148659266,0.17344172743604414,1.5761707473619373,1.6499519247045196,5.0731143246482004e-08,0.50-1.00,0.25-1.00,1.6666666666666667e-05,pneumatic_feed,0.006448200914563727,0.0,0.0,0.0,heavy,0.6640000000000005
aluminum,partial,0.13121495800263705,0.7055416922438497,0.7055416922438497,0.0218,0.02062699139801455,0.04242699139801455,2700.0,,2384.4494100603233,0.1011650146096302,1.2903688946340708,1.2601135144552478,5.035883949955676e-08,0.50-1.00,0.25-1.00,1.6666666666666667e-05,pneumatic_feed,0.019033291570188182,0.0,0.0,0.0,heavy,1.0640000000000007
aluminum,partial,0.12790540008647783,0.85348042178615,0.85348042178615,0.0218,0.020106728893594314,0.041906728893594314,2700.0,,2388.589677233955,0.10009798004188131,1.2963772037624814,1.25345039580247,7.291425452453388e-08,0.50-1.00,0.25-1.00,1.6666666666666667e-05,pneumatic_feed,-0.009500088820991919,0.0,0.0,0.0,heavy,1.0560000000000007
other_light,unresolved_nonmetal,,0.8979012701405953,0.10271296927774852,,,,,,1100.0,,0.2532804439456691,,4.169433631301355e-07,0.50-1.00,0.25-1.00,1.6666666666666667e-05,pneumatic_feed,0.033814632736131243,2.25,0.0,0.0,light,2.883999999999904
aluminum,partial,0.0544490207085806,0.6518115371264357,0.6518115371264357,0.0218,0.00855938605538887,0.03035938605538887,2700.0,,2517.011003688911,0.07641490876665347,1.135308330929031,1.095175058153441,3.246550669969437e-08,0.50-1.00,0.25-1.00,1.6666666666666667e-05,pneumatic_feed,0.014117085543789442,0.0,0.0,0.0,heavy,1.9660000000000015
other_light,unresolved_nonmetal,,0.7964095384780217,0.11424604568839361,,,,,,1100.0,,0.3000416824740678,,2.9093814539521655e-07,0.50-1.00,0.25-1.00,1.6666666666666667e-05,pneumatic_feed,-0.013822659010201126,2.25,0.0,0.0,light,3.117999999999878
copper,partial,0.1138986529369781,0.8079825548233508,0.8079825548233508,0.012,0.0166292033287988,0.0286292033287988,8900.0,,4311.304157200854,0.1234292033287988,1.45797504403889,1.3918853312858879,8.057900379689935e-08,0.50-1.00,0.25-1.00,1.6666666666666667e-05,pneumatic_feed,-0.009945234478414819,0.0,0.0,0.0,heavy,0.7560000000000006
aluminum,partial,0.08226419846558813,0.553353185837467,0.553353185837467,0.0218,0.012931931998790454,0.034731931998790454,2700.0,,2458.337193285526,0.08538280022729028,1.1826850376484772,1.157656439695106,2.6144191936736774e-08,0.50-1.00,0.25-1.00,1.6666666666666667e-05,pneumatic_feed,0.011824131257052594,0.0,0.0,0.0,heavy,1.5100000000000011
aluminum,bare_like,0.049953609986066794,0.8207606630738021,0.8207606630738021,0.0218,0.0078527074898097,0.0296527074898097,2700.0,,2528.1179946677744,0.07496554339560779,1.1353959856509408,1.0847392171104813,5.0500393328789614e-08,0.50-1.00,0.25-1.00,1.6666666666666667e-05,pneumatic_feed,-0.002503505583451547,0.0,0.0,0.0,heavy,1.9400000000000015
aluminum,heavily_coated,0.3284022278026333,0.9752896160175359,0.9752896160175359,0.0218,0.05162483021057396,0.07342483021057396,2700.0,,2243.6573812072993,0.16474016226584698,1.6247850959730987,1.6080303439067107,1.566991677819146e-07,0.50-1.00,0.25-1.00,1.6666666666666667e-05,pneumatic_feed,0.030604696666109023,0.0,0.0,0.0,heavy,0.5840000000000004
copper,partial,0.3892267445976026,0.8535005563619319,0.8535005563619319,0.012,0.05682710471124998,0.06882710471124998,8900.0,,2377.3643450166032,0.16362710471124997,1.611825829612306,1.602588854181814,1.1919632425726119e-07,0.50-1.00,0.25-1.00,1.6666666666666667e-05,pneumatic_feed,-0.0322830757157167,0.0,0.0,0.0,heavy,0.6580000000000005
separator,film,,0.6223871688071411,0.6223871688071411,,,0.0139,,,900.0,0.01251,0.46969766897775755,0.44312183426231666,4.845946006576067e-09,0.50-1.00,0.25-1.00,1.6666666666666667e-05,pneumatic_feed,0.01945629569106076,2.25,0.0,0.0,light,4.37599999999974
copper,partial,0.24226912502787556,0.8087539040021463,0.8087539040021463,0.012,0.03537129225406983,0.04737129225406983,8900.0,,3001.2120313617875,0.14217129225406983,1.5319094899195846,1.4938275011593138,9.299180789828792e-08,0.50-1.00,0.25-1.00,1.6666666666666667e-05,pneumatic_feed,0.012719972261797836,0.0,0.0,0.0,heavy,0.6920000000000005
aluminum,partial,0.2319811991561425,0.736928141101171,0.736928141101171,0.0218,0.0364674445073456,0.0582674445073456,2700.0,,2293.786170819327,0.13365305841993189,1.4586966183693633,1.448384757224147,7.258204224483736e-08,0.50-1.00,0.25-1.00,1.6666666666666667e-05,pneumatic_feed,-0.0073844754448260655,0.0,0.0,0.0,heavy,0.7800000000000006
aluminum,heavily_coated,0.34815346193836455,0.9114170058178349,0.9114170058178349,0.0218,0.05472972421671091,0.0765297242167109,2700.0,,2235.839203849963,0.17110815766354812,1.6435323152206764,1.638814706636187,1.421362884140896e-07,0.50-1.00,0.25-1.00,1.6666666666666667e-05,pneumatic_feed,-0.009915052366063737,0.0,0.0,0.0,heavy,0.5960000000000004
aluminum,partial,0.20191944808174989,0.630790560123604,0.630790560123604,0.0218,0.031741737238451084,0.053541737238451084,2700.0,,2315.21903564635,0.12396084925603698,1.3978163544234086,1.394879740308374,4.932361665886124e-08,0.50-1.00,0.25-1.00,1.6666666666666667e-05,pneumatic_feed,0.026795097148379198,0.0,0.0,0.0,heavy,0.8700000000000007
aluminum,partial,0.11015183145667007,0.9971304361145577,0.9971304361145577,0.0218,0.017315867904988534,0.039115867904988534,2700.0,,2412.6794836606264,0.094374051979945,1.2702401647828303,1.2170846806517683,9.383320435077634e-08,0.50-1.00,0.25-1.00,1.6666666666666667e-05,pneumatic_feed,0.00130974175100403,0.0,0.0,0.0,heavy,1.1040000000000008
aluminum,partial,0.18797914566281337,0.8473585193870143,0.8473585193870143,0.0218,0.029550321698194264,0.051350321698194264,2700.0,,2326.496746316366,0.11946635635314766,1.4016448921713258,1.369358948310853,8.57788103229144e-08,0.50-1.00,0.25-1.00,1.6666666666666667e-05,pneumatic_feed,-0.00017935273622137342,0.0,0.0,0.0,heavy,0.8260000000000006
aluminum,partial,0.08767930066087393,0.8638587369375078,0.8638587369375078,0.0218,0.013783186063889383,0.03558318606388938,2700.0,,2448.591398466494,0.08712868332607236,1.2182960188653207,1.1694322611789159,6.501994699116092e-08,0.50-1.00,0.25-1.00,1.6666666666666667e-05,pneumatic_feed,0.003701860193499343,0.0,0.0,0.0,heavy,1.296000000000001
copper,partial,0.4742547860023485,0.9937066575021581,0.9937066575021581,0.012,0.06924119875634288,0.08124119875634288,8900.0,,2166.8956324034857,0.1760411987563429,1.6702076358001647,1.6622703317088825,1.7383239595718277e-07,0.50-1.00,0.25-1.00,1.6666666666666667e-05,pneumatic_feed,-0.028716358244592746,0.0,0.0,0.0,heavy,0.5540000000000004
copper,partial,0.25722426436563195,0.5953037602112297,0.5953037602112297,0.012,0.03755474259738227,0.04955474259738227,8900.0,,2913.035867630716,0.14435474259738226,1.5106205755917201,1.5052548089305386,5.115738164794176e-08,0.50-1.00,0.25-1.00,1.6666666666666667e-05,pneumatic_feed,-0.002963372590852066,0.0,0.0,0.0,heavy,0.7000000000000005
aluminum,partial,0.16424007776793764,0.9195096371304672,0.9195096371304672,0.0218,0.0258185402251198,0.0476185402251198,2700.0,,2348.0905324808177,0.11181264347316078,1.3667929234474427,1.3247683767190142,9.453736338726111e-08,0.50-1.00,0.25-1.00,1.6666666666666667e-05,pneumatic_feed,0.01348561432507931,0.0,0.0,0.0,heavy,0.9240000000000007
aluminum,partial,0.054427277983037536,0.8886272114834188,0.8886272114834188,0.0218,0.008555968098933501,0.0303559680989335,2700.0,,2517.063479757563,0.07640789869451113,1.148374827935255,1.0951248229809454,6.033613299338973e-08,0.50-1.00,0.25-1.00,1.6666666666666667e-05,pneumatic_feed,-0.04018787749058461,0.0,0.0,0.0,heavy,1.7500000000000013
aluminum,partial,0.14996214368638955,0.9614160027961048,0.9614160027961048,0.0218,0.023574048987500443,0.04537404898750044,2700.0,,2362.788799726969,0.10720929474592886,1.3439675873041697,1.297211274362083,9.90957736287037e-08,0.50-1.00,0.25-1.00,1.6666666666666667e-05,pneumatic_feed,-0.006566310640975433,0.0,0.0,0.0,heavy,0.9680000000000007
copper,partial,0.08730795608633857,0.31376751452710305,0.31376751452710305,0.012,0.01274696158860543,0.02474696158860543,8900.0,,4830.7733117285,0.11954696158860542,1.3799991058928254,1.369820831019426,1.176940472501091e-08,0.25-0.50,0.25-1.00,1.6666666666666667e-05,pneumatic_feed,-0.010855731976968371,0.0,0.0,0.0,heavy,0.8780000000000007
aluminum,partial,0.1819998850807466,0.538308526520919,0.538308526520919,0.0218,0.02861038193469337,0.05041038193469337,2700.0,,2331.634445879714,0.1175385829488835,1.3510413984297074,1.3582656580969996,3.4059868607987815e-08,0.50-1.00,0.25-1.00,1.6666666666666667e-05,pneumatic_feed,0.011460199666415708,0.0,0.0,0.0,heavy,0.9760000000000008
aluminum,partial,0.22245495431415271,0.7461428800316525,0.7461428800316525,0.0218,0.03496991881818481,0.05676991881818481,2700.0,,2300.19180120084,0.13058170182042597,1.4455685555978093,1.4316460427680462,7.26986460524754e-08,0.50-1.00,0.25-1.00,1.6666666666666667e-05,pneumatic_feed,-0.0005234960661042733,0.0,0.0,0.0,heavy,0.7880000000000006
copper,heavily_coated,0.694467855959277,0.5758763776636566,0.5758763776636566,0.012,0.10139230697005443,0.11339230697005442,8900.0,,1836.0355524386287,0.20819230697005445,1.659425540807565,1.8077019804718848,6.904356474224739e-08,0.50-1.00,0.25-1.00,1.6666666666666667e-05,pneumatic_feed,-0.01629675292148783,0.0,0.0,0.0,heavy,0.5740000000000004
other_light,unresolved_nonmetal,,0.8556974402646363,0.1903079848475518,,,,,,1100.0,,0.6380264080154325,,3.60871019049818e-07,0.50-1.00,0.25-1.00,1.6666666666666667e-05,pneumatic_feed,0.029890162862307428,2.25,0.0,0.0,light,8.675999999999567
aluminum,partial,0.12647670938204703,0.5806334921863142,0.5806334921863142,0.0218,0.01988213871485779,0.04168213871485779,2700.0,,2390.4089123994395,0.09963735587186578,1.267473095499894,1.2505630482965684,3.35912651052325e-08,0.50-1.00,0.25-1.00,1.6666666666666667e-05,pneumatic_feed,-0.0074050231066763355,0.0,0.0,0.0,heavy,1.2040000000000008
copper,partial,0.08594508898704523,0.4159246453124037,0.4159246453124037,0.012,0.012547982992108603,0.024547982992108603,8900.0,,4861.824412640141,0.1193479829921086,1.4031183598433554,1.36868036482012,2.0646402688641397e-08,0.25-0.50,0.25-1.00,1.6666666666666667e-05,pneumatic_feed,0.02722007390288701,0.0,0.0,0.0,heavy,0.8040000000000006
aluminum,bare_like,0.04640351366421669,0.9951384940523847,0.9951384940523847,0.0218,0.007294632348014862,0.029094632348014862,2700.0,,2537.270653826184,0.07382095684048011,1.134007921150497,1.0764263739653428,7.310493950121962e-08,0.50-1.00,0.25-1.00,1.6666666666666667e-05,pneumatic_feed,0.0051107287337932355,0.0,0.0,0.0,heavy,1.9860000000000015
aluminum,partial,0.07715648835383898,0.9994415173154326,0.9994415173154326,0.0218,0.012128999969223488,0.03392899996922349,2700.0,,2467.9779388168527,0.08373602341016123,1.2024168769851598,1.1464382335938954,8.364251928937232e-08,0.50-1.00,0.25-1.00,1.6666666666666667e-05,pneumatic_feed,0.019925805663102935,0.0,0.0,0.0,heavy,1.442000000000001
aluminum,partial,0.20279184223432747,0.5465045766254978,0.5465045766254978,0.0218,0.03187887759923628,0.05367887759923628,2700.0,,2314.543884139209,0.12424211785476952,1.383708151372729,1.3964613427690946,3.710705195621435e-08,0.50-1.00,0.25-1.00,1.6666666666666667e-05,pneumatic_feed,0.029385463350133728,0.0,0.0,0.0,heavy,0.8220000000000006
copper,partial,0.3998936065506361,0.3563709018687945,0.3563709018687945,0.012,0.05838446655639287,0.07038446655639287,8900.0,,2346.88809389562,0.16518446655639288,1.4775913178451772,1.6101973130859282,2.0978463543487335e-08,0.25-0.50,0.25-1.00,1.6666666666666667e-05,pneumatic_feed,0.025133159055348405,0.0,0.0,0.0,heavy,0.7540000000000006
aluminum,bare_like,0.020489426909388094,0.7788770791121726,0.7788770791121726,0.0218,0.0032209379101558085,0.02502093791015581,2700.0,,2616.44852662712,0.06546599612985582,1.0650149181025654,1.0136835182907025,3.9714914105023775e-08,0.50-1.00,0.25-1.00,1.6666666666666667e-05,pneumatic_feed,-0.02162066472878541,0.0,0.0,0.0,heavy,2.9619999999998954
aluminum,partial,0.08238873722187118,0.6357607220245138,0.6357607220245138,0.0218,0.01295150949127815,0.03475150949127815,2700.0,,2458.1076913836714,0.08542295276770348,1.1915747530698364,1.1579286103391149,3.4527248128242166e-08,0.50-1.00,0.25-1.00,1.6666666666666667e-05,pneumatic_feed,0.016128084585716324,0.0,0.0,0.0,heavy,1.494000000000001
other_light,unresolved_nonmetal,,0.5196046774733046,0.15696106782788932,,,,,,1100.0,,0.48542741065505374,,8.079983301881447e-08,0.50-1.00,0.25-1.00,1.6666666666666667e-05,pneumatic_feed,-0.027703394851662424,2.25,0.0,0.0,light,4.577999999999718
aluminum,partial,0.12539924063313546,0.9975500938979546,0.9975500938979546,0.0218,0.019712760627528893,0.04151276062752889,2700.0,,2391.793936890956,0.0992899691725292,1.3000272266732018,1.2483810941102955,9.880406291219136e-08,0.50-1.00,0.25-1.00,1.6666666666666667e-05,pneumatic_feed,-0.01230873928975213,0.0,0.0,0.0,heavy,1.0320000000000007
aluminum,partial,0.07360468583746299,0.788048432810657,0.788048432810657,0.0218,0.011570656613649186,0.033370656613649186,2700.0,,2474.9553992016836,0.08259088676085644,1.184885886973918,1.1385721578355947,5.129061995400779e-08,0.50-1.00,0.25-1.00,1.6666666666666667e-05,pneumatic_feed,0.02486376721480101,0.0,0.0,0.0,heavy,1.5260000000000011
aluminum,partial,0.19862683022523708,0.6041150155633592,0.6041150155633592,0.0218,0.031224137711407272,0.05302413771140727,2700.0,,2317.7986788171556,0.1228992763329187,1.3883912286947846,1.3888941793101057,4.4852699498493625e-08,0.50-1.00,0.25-1.00,1.6666666666666667e-05,pneumatic_feed,0.01501705514475672,0.0,0.0,0.0,heavy,0.8740000000000007
copper,partial,0.39939866466818436,0.7177448384197052,0.7177448384197052,0.012,0.05831220504155492,0.07031220504155491,8900.0,,2348.272322621267,0.1651122050415549,1.5954952295229203,1.6098450765002967,8.50588160437622e-08,0.50-1.00,0.25-1.00,1.6666666666666667e-05,pneumatic_feed,-0.027367870252627834,0.0,0.0,0.0,heavy,0.6460000000000005
aluminum,partial,0.17171222618107035,0.7288480865240385,0.7288480865240385,0.0218,0.026993161955664258,0.04879316195566426,2700.0,,2340.93742370757,0.11422173884303889,1.3628444982808727,1.3389639326286344,6.067681879288979e-08,0.50-1.00,0.25-1.00,1.6666666666666667e-05,pneumatic_feed,0.005437968435400782,0.0,0.0,0.0,heavy,0.9300000000000007
aluminum,partial,0.08591104209904615,0.9281732383090815,0.9281732383090815,0.0218,0.013505215817970054,0.035305215817970054,2700.0,,2451.7221344698846,0.08655857908315347,1.2178576307312843,1.165600041733517,7.457069717294369e-08,0.50-1.00,0.25-1.00,1.6666666666666667e-05,pneumatic_feed,0.01860350063473555,0.0,0.0,0.0,heavy,1.330000000000001
aluminum,partial,0.06262950767141717,0.7236655967473196,0.7236655967473196,0.0218,0.009845358605946777,0.03164535860594678,2700.0,,2498.071851632806,0.07905237956834162,1.1577525921667042,1.113914785656735,4.139909053278874e-08,0.50-1.00,0.25-1.00,1.6666666666666667e-05,pneumatic_feed,-0.025522905588746217,0.0,0.0,0.0,heavy,1.7300000000000013
aluminum,bare_like,0.03654281840246913,0.8551255555739401,0.8551255555739401,0.0218,0.005744531052868148,0.027544531052868148,2700.0,,2564.63869163546,0.07064177008114007,1.1062191727622812,1.0529925086122762,5.16560678774338e-08,0.50-1.00,0.25-1.00,1.6666666666666667e-05,pneumatic_feed,-0.015925756470578072,0.0,0.0,0.0,heavy,2.2539999999999734
aluminum,partial,0.059777564959273666,0.9547435745188988,0.9547435745188988,0.0218,0.009397033211597822,0.03119703321159782,2700.0,,2504.4972766664464,0.07813288471851942,1.1628811860839765,1.107417608015098,7.122088197148181e-08,0.50-1.00,0.25-1.00,1.6666666666666667e-05,pneumatic_feed,-0.0039053221773647367,0.0,0.0,0.0,heavy,1.7000000000000013
other_light,unresolved_nonmetal,,0.5848198471323944,0.09638883867193446,,,,,,1100.0,,0.2284727090787418,,1.1520136268043941e-07,0.50-1.00,0.25-1.00,1.6666666666666667e-05,pneumatic_feed,-0.03377764685093665,2.25,0.0,0.0,light,2.8079999999999123
other_light,unresolved_nonmetal,,0.7945711020071113,0.18966772027353118,,,,,,1100.0,,0.6350599904307079,,2.8892798282872207e-07,0.50-1.00,0.25-1.00,1.6666666666666667e-05,pneumatic_feed,0.026521159473520434,2.25,0.0,0.0,light,8.395999999999473
other_light,unresolved_nonmetal,,0.818685827787139,0.0945153021886026,,,,,,1100.0,,0.22125029674380706,,3.160407798025729e-07,0.50-1.00,0.25-1.00,1.6666666666666667e-05,pneumatic_feed,0.01726555891873422,2.25,0.0,0.0,light,2.781999999999915
copper,partial,0.1819332235203721,0.6134095512660668,0.6134095512660668,0.012,0.026562250633974323,0.038562250633974324,8900.0,,3458.362736652067,0.13336225063397433,1.4780627945111302,1.4468081717874217,5.0180384427581464e-08,0.50-1.00,0.25-1.00,1.6666666666666667e-05,pneumatic_feed,-0.039232015938817914,0.0,0.0,0.0,heavy,0.7620000000000006
aluminum,bare_like,0.023384377038281792,0.7216348721291936,0.7216348721291936,0.0218,0.003676024070417897,0.025476024070417897,2700.0,,2606.3469251473052,0.06639935700091243,1.0693897181270413,1.0208840813169346,3.457792256167746e-08,0.50-1.00,0.25-1.00,1.6666666666666667e-05,pneumatic_feed,-0.031235437185043628,0.0,0.0,0.0,heavy,2.7599999999999176
aluminum,partial,0.14412973720849276,0.8143121345312458,0.8143121345312458,0.0218,0.022657194689175063,0.04445719468917506,2700.0,,2369.2198599080025,0.10532886857339015,1.3232130151928754,1.2857845547088873,6.984402065621802e-08,0.50-1.00,0.25-1.00,1.6666666666666667e-05,pneumatic_feed,-0.022454635940916613,0.0,0.0,0.0,heavy,0.9920000000000008
copper,partial,0.0780462952384599,0.6893165032338575,0.6893165032338575,0.012,0.011394759104815144,0.023394759104815144,8900.0,,5052.189619703677,0.11819475910481514,1.4287486368958153,1.3620517387049504,5.616109571143161e-08,0.50-1.00,0.25-1.00,1.6666666666666667e-05,pneumatic_feed,0.027113707931279252,0.0,0.0,0.0,heavy,0.8000000000000006
aluminum,bare_like,0.012118131965636068,0.7764637901668339,0.7764637901668339,0.0218,0.0019049703449979909,0.02370497034499799,2700.0,,2647.8416135325497,0.06276700692704072,1.044399236181798,0.9925678519511053,3.784197850295713e-08,0.50-1.00,0.25-1.00,1.6666666666666667e-05,pneumatic_feed,-0.024534953375098208,0.0,0.0,0.0,heavy,3.4899999999998372
black_mass,free,,0.494902282834429,0.047297703557692465,,,,,,3540.0,,0.19115451867917732,,2.246778480557974e-07,0.25-0.50,0.25-1.00,1.6666666666666667e-05,pneumatic_feed,-0.028983246006679248,2.25,0.0,0.0,light,2.629999999999932
aluminum,partial,0.26337938363005736,0.8693490663649592,0.8693490663649592,0.0218,0.04140323910664502,0.06320323910664502,2700.0,,2274.822447526278,0.1437761470761668,1.521312770076442,1.502235136224524,1.086613822517186e-07,0.50-1.00,0.25-1.00,1.6666666666666667e-05,pneumatic_feed,0.0028402359066442696,0.0,0.0,0.0,heavy,0.7240000000000005
aluminum,partial,0.22903462466906085,0.5685626458391875,0.5685626458391875,0.0218,0.03600424299797637,0.05780424299797637,2700.0,,2295.7320510917793,0.1327030533395519,1.4259446069038735,1.4432280225998964,4.289805112690934e-08,0.50-1.00,0.25-1.00,1.6666666666666667e-05,pneumatic_feed,0.0007410852654439726,0.0,0.0,0.0,heavy,0.7920000000000006
aluminum,partial,0.1935752067856737,0.6235591056531347,0.6235591056531347,0.0218,0.030430022506707906,0.052230022506707906,2700.0,,2321.855833092821,0.12127058241976905,1.383890833755669,1.3796604878232526,4.7153150416045796e-08,0.50-1.00,0.25-1.00,1.6666666666666667e-05,pneumatic_feed,0.01485767832979862,0.0,0.0,0.0,heavy,0.9040000000000007
copper,partial,0.10589126112135638,0.38133551800006404,0.38133551800006404,0.012,0.015460124123718031,0.02746012412371803,8900.0,,4452.27864130879,0.12226012412371803,1.4038995879075595,1.3852779173313485,1.7778673240948053e-08,0.25-0.50,0.25-1.00,1.6666666666666667e-05,pneumatic_feed,0.03595739658021045,0.0,0.0,0.0,heavy,0.8080000000000006
separator,film,,0.957305276477947,0.957305276477947,,,0.0139,,,900.0,0.01251,0.4732506188666637,0.44312183426231666,1.146458173858021e-08,0.50-1.00,0.25-1.00,1.6666666666666667e-05,pneumatic_feed,-0.014272423675876673,2.25,0.0,0.0,light,4.397999999999738
aluminum,bare_like,0.0437220278227194,0.6075434543432763,0.6075434543432763,0.0218,0.006873102773731491,0.02867310277373149,2700.0,,2544.420098726151,0.07295641899032296,1.1086952388493483,1.0701046455707541,2.6928874425788668e-08,0.50-1.00,0.25-1.00,1.6666666666666667e-05,pneumatic_feed,0.026941236098193305,0.0,0.0,0.0,heavy,2.0619999999999945
aluminum,bare_like,0.013675928985830093,0.9749438623225483,0.9749438623225483,0.0218,0.00214985603657249,0.02394985603657249,2700.0,,2641.738479250419,0.06326925626432148,1.0545128842040303,0.9965311065515166,6.013841094691327e-08,0.50-1.00,0.25-1.00,1.6666666666666667e-05,pneumatic_feed,-0.015411623022727257,0.0,0.0,0.0,heavy,3.237999999999865
aluminum,partial,0.13703693957013613,0.9426921970066617,0.9426921970066617,0.0218,0.021542206900425395,0.043342206900425395,2700.0,,2377.4073139269763,0.10304207968680759,1.319059658965474,1.271750165230629,9.157025846006691e-08,0.50-1.00,0.25-1.00,1.6666666666666667e-05,pneumatic_feed,-0.03179479953197559,0.0,0.0,0.0,heavy,1.0160000000000007
aluminum,partial,0.15425973899762985,0.6396272507190266,0.6396272507190266,0.0218,0.024249630970427413,0.04604963097042741,2700.0,,2358.213956588801,0.10859488245022583,1.3229766844435822,1.305567031959196,4.4428666249636624e-08,0.50-1.00,0.25-1.00,1.6666666666666667e-05,pneumatic_feed,-0.02702594891299596,0.0,0.0,0.0,heavy,0.9980000000000008
black_mass,free,,0.4572360320019766,0.04417097412095351,,,,,,2100.0,,0.10491923082804461,,1.051088437392057e-07,0.25-0.50,0.25-1.00,1.6666666666666667e-05,pneumatic_feed,0.015179075979817663,2.25,0.0,0.0,light,2.3599999999999617
other_light,unresolved_nonmetal,,0.5633725513290879,0.11027555624497348,,,,,,1100.0,,0.2837389816713369,,1.0298603970207704e-07,0.50-1.00,0.25-1.00,1.6666666666666667e-05,pneumatic_feed,-0.025752178008781094,2.25,0.0,0.0,light,3.0599999999998846
aluminum,partial,0.2524844940162431,0.6736516663803491,0.6736516663803491,0.0218,0.03969056245935342,0.06149056245935342,2700.0,,2281.057777093747,0.14026352571577694,1.4788211579064847,1.483770972770001,6.365250916693852e-08,0.50-1.00,0.25-1.00,1.6666666666666667e-05,pneumatic_feed,-0.014316919658414055,0.0,0.0,0.0,heavy,0.7620000000000006
aluminum,partial,0.16506057704477323,0.8580050000285995,0.8580050000285995,0.0218,0.025947522711438353,0.04774752271143835,2700.0,,2347.287865013282,0.11207718064500533,1.3636441694234338,1.3263345835059883,8.250814724286198e-08,0.50-1.00,0.25-1.00,1.6666666666666667e-05,pneumatic_feed,-0.00829946207342305,0.0,0.0,0.0,heavy,0.9240000000000007
other_light,unresolved_nonmetal,,0.6441557313301646,0.10369316535950127,,,,,,1100.0,,0.25718157072227293,,1.539444134422279e-07,0.50-1.00,0.25-1.00,1.6666666666666667e-05,pneumatic_feed,-0.028340047702647243,2.25,0.0,0.0,light,2.8959999999999027
other_light,unresolved_nonmetal,,0.9069528147663097,0.09106421481326475,,,,,,1100.0,,0.20810889648105596,,4.2968024445236684e-07,0.50-1.00,0.25-1.00,1.6666666666666667e-05,pneumatic_feed,0.025730540176111184,2.25,0.0,0.0,light,2.6899999999999253
aluminum,partial,0.096352362846017,0.8976923152049456,0.8976923152049456,0.0218,0.01514659143939387,0.03694659143939387,2700.0,,2433.9177662084116,0.08992496530518435,1.237728121730593,1.1880497697614245,7.246616752919406e-08,0.50-1.00,0.25-1.00,1.6666666666666667e-05,pneumatic_feed,0.013079625576585228,0.0,0.0,0.0,heavy,1.266000000000001
copper,partial,0.37392757338672555,0.28191571668111315,0.28191571668111315,0.012,0.054593425714461935,0.06659342571446193,8900.0,,2423.5639476857923,0.1613934257144619,1.42162899333794,1.591612770121613,1.2826979968712697e-08,0.25-0.50,0.25-1.00,1.6666666666666667e-05,pneumatic_feed,-0.011673361743814689,0.0,0.0,0.0,heavy,0.7900000000000006
aluminum,partial,0.07037943329399665,0.7304663323190159,0.7304663323190159,0.0218,0.011063646913816276,0.032863646913816276,2700.0,,2481.4967523897176,0.08155103308831746,1.1745443631159238,1.1313819051735938,4.351408689559981e-08,0.50-1.00,0.25-1.00,1.6666666666666667e-05,pneumatic_feed,0.0004575990736447247,0.0,0.0,0.0,heavy,1.5520000000000012
copper,partial,0.09368921421909104,0.5286383505762371,0.5286383505762371,0.012,0.013678625275987292,0.025678625275987292,8900.0,,4691.786416956276,0.12047862527598728,1.4231005122985598,1.37514817468224,3.3668776588413384e-08,0.50-1.00,0.25-1.00,1.6666666666666667e-05,pneumatic_feed,-0.001322242002388855,0.0,0.0,0.0,heavy,0.8460000000000006
aluminum,partial,0.11645583431857626,0.6298968761611186,0.6298968761611186,0.0218,0.018306857154880188,0.04010685715488019,2700.0,,2403.7417135518795,0.09640652554265217,1.255698791084421,1.2301206546178585,3.825122433124732e-08,0.50-1.00,0.25-1.00,1.6666666666666667e-05,pneumatic_feed,-0.028088045888990835,0.0,0.0,0.0,heavy,1.2180000000000009
separator,film,,0.8854263515490632,0.8854263515490632,,,0.0139,,,900.0,0.01251,0.47270945716345353,0.44312183426231666,9.807587598458741e-09,0.50-1.00,0.25-1.00,1.6666666666666667e-05,pneumatic_feed,0.021318564319927683,2.25,0.0,0.0,light,4.395999999999738
copper,heavily_coated,0.5651869584865586,0.5976818636257792,0.5976818636257792,0.012,0.08251729593903756,0.09451729593903756,8900.0,,2002.9910299290068,0.18931729593903757,1.628395233887323,1.7238109748632922,6.762860791107324e-08,0.50-1.00,0.25-1.00,1.6666666666666667e-05,pneumatic_feed,0.0032019501031973065,0.0,0.0,0.0,heavy,0.6000000000000004
other_light,unresolved_nonmetal,,0.9214044078399266,0.092683082692138,,,,,,1100.0,,0.2142466035611834,,4.50549138911113e-07,0.50-1.00,0.25-1.00,1.6666666666666667e-05,pneumatic_feed,-0.0316679426339022,2.25,0.0,0.0,light,2.7339999999999205
aluminum,partial,0.238113363680943,0.6704535199296903,0.6704535199296903,0.0218,0.03743142077064424,0.05923142077064424,2700.0,,2289.8341424150444,0.13563012958437282,1.4578138069805424,1.45905809135768,6.09668177624305e-08,0.50-1.00,0.25-1.00,1.6666666666666667e-05,pneumatic_feed,-0.02394453784226715,0.0,0.0,0.0,heavy,0.7780000000000006
copper,partial,0.1987121505825603,0.6057140472422612,0.6057140472422612,0.012,0.029011973985053802,0.0410119739850538,8900.0,,3311.5200461833033,0.1358119739850538,1.4851889217619765,1.4600358706790064,4.982798818368583e-08,0.50-1.00,0.25-1.00,1.6666666666666667e-05,pneumatic_feed,0.026514807462586693,0.0,0.0,0.0,heavy,0.7340000000000005
copper,partial,0.1872682041918714,0.6844411299173614,0.6844411299173614,0.012,0.027341157812013222,0.03934115781201322,8900.0,,3409.690138073462,0.13414115781201322,1.4895130321060432,1.451027089001911,6.283972122388989e-08,0.50-1.00,0.25-1.00,1.6666666666666667e-05,pneumatic_feed,-0.020991589140456027,0.0,0.0,0.0,heavy,0.7360000000000005
other_light,unresolved_nonmetal,,0.6593322457994738,0.19624304771657503,,,,,,1100.0,,0.6655711325726716,,1.6508372355057443e-07,0.50-1.00,0.25-1.00,1.6666666666666667e-05,pneumatic_feed,0.01798525182856317,0.6136631947948458,-2.265077951885062e-65,-0.23581420087120192,active,
separator,film,,0.5210266793315597,0.5210266793315597,,,0.0139,,,900.0,0.01251,0.4677563160293282,0.44312183426231666,3.396074695196652e-09,0.50-1.00,0.25-1.00,1.6666666666666667e-05,pneumatic_feed,-0.017894871834899403,2.25,0.0,0.0,light,4.361999999999742
aluminum,partial,0.05501558457414191,0.6717784868308309,0.6717784868308309,0.0218,0.008648449895055109,0.03044844989505511,2700.0,,2515.647755027053,0.0765975746225491,1.1379681913530242,1.0964832562677511,3.4567438749542316e-08,0.50-1.00,0.25-1.00,1.6666666666666667e-05,pneumatic_feed,-0.0015808080421337734,0.0,0.0,0.0,heavy,1.8100000000000014
aluminum,partial,0.10766183125657758,0.5024704482684386,0.5024704482684386,0.0218,0.016924439873533995,0.038724439873533995,2700.0,,2416.3358158573114,0.09357125101543318,1.2226545933373705,1.2118970071496338,2.3624546764977612e-08,0.50-1.00,0.25-1.00,1.6666666666666667e-05,pneumatic_feed,0.027064940770856145,0.0,0.0,0.0,heavy,1.290000000000001
other_light,unresolved_nonmetal,,0.6961474036634372,0.13143825225359163,,,,,,1100.0,,0.3727284921680682,,1.94309901086318e-07,0.50-1.00,0.25-1.00,1.6666666666666667e-05,pneumatic_feed,-0.016249397302263345,2.25,0.0,0.0,light,3.573999999999828
aluminum,heavily_coated,0.3228665677732936,0.6387832818483976,0.6387832818483976,0.0218,0.050754624453961755,0.07255462445396176,2700.0,,2245.9686249108495,0.16295541011578757,1.5647169345942942,1.599296131795923,6.649299059221562e-08,0.50-1.00,0.25-1.00,1.6666666666666667e-05,pneumatic_feed,0.027086009844687727,0.0,0.0,0.0,heavy,0.6840000000000005
aluminum,partial,0.24668474584482045,0.8643596740056646,0.8643596740056646,0.0218,0.038778842046805775,0.060578842046805775,2700.0,,2284.520869528998,0.13839362890782855,1.4959876464675792,1.4738474817080895,1.0339632225754367e-07,0.50-1.00,0.25-1.00,1.6666666666666667e-05,pneumatic_feed,-0.033658218616490855,0.0,0.0,0.0,heavy,0.7420000000000005
copper,partial,0.08860201930244826,0.6240910199079821,0.6240910199079821,0.012,0.012935894818157444,0.024935894818157445,8900.0,,4801.7484710823355,0.11973589481815744,1.4299901609067012,1.3709028430438823,4.6635885913642064e-08,0.50-1.00,0.25-1.00,1.6666666666666667e-05,pneumatic_feed,0.032798012437954244,0.0,0.0,0.0,heavy,0.7900000000000006
copper,partial,0.1708868794466879,0.9627575843760285,0.9627575843760285,0.012,0.024949484399216428,0.03694948439921643,8900.0,,3565.665030010822,0.13174948439921644,1.502143675431555,1.4380333470160214,1.2211888249505905e-07,0.50-1.00,0.25-1.00,1.6666666666666667e-05,pneumatic_feed,0.03267103535265516,0.0,0.0,0.0,heavy,0.7220000000000005
copper,heavily_coated,0.6094720974325325,0.31251072854657846,0.31251072854657846,0.012,0.08898292622514974,0.10098292622514973,8900.0,,1938.7725583296688,0.19578292622514976,1.4807150703049825,1.7529999458157295,1.912073920311178e-08,0.25-0.50,0.25-1.00,1.6666666666666667e-05,pneumatic_feed,0.0060336446566800934,0.0,0.0,0.0,heavy,0.7380000000000005
aluminum,partial,0.1796262634917809,0.7525044064945219,0.7525044064945219,0.0218,0.028237248620907957,0.050037248620907956,2700.0,,2333.7275096215344,0.11677330361238508,1.378530182652323,1.3538366864212228,6.612438742011665e-08,0.50-1.00,0.25-1.00,1.6666666666666667e-05,pneumatic_feed,0.026319344366326564,0.0,0.0,0.0,heavy,0.9040000000000007
aluminum,partial,0.13720195427042087,0.7054382608919958,0.7054382608919958,0.0218,0.02156814721131016,0.04336814721131016,2700.0,,2377.2120486032604,0.1030952820763264,1.3010613337558823,1.2720784360525963,5.130465988446547e-08,0.50-1.00,0.25-1.00,1.6666666666666667e-05,pneumatic_feed,0.016109531428691842,0.0,0.0,0.0,heavy,1.0460000000000007
copper,partial,0.056596335833208354,0.8125811855482374,0.8125811855482374,0.012,0.00826306503164842,0.02026306503164842,8900.0,,5678.462999153091,0.11506306503164841,1.4217485442035755,1.3438861070554877,7.59747821524673e-08,0.50-1.00,0.25-1.00,1.6666666666666667e-05,pneumatic_feed,0.02706979783889285,0.0,0.0,0.0,heavy,0.7980000000000006
black_mass,free,,0.3172579565514031,0.056746159707541696,,,,,,2100.0,,0.16282696265125915,,3.5111993297024985e-08,0.25-0.50,0.25-1.00,1.6666666666666667e-05,pneumatic_feed,-0.02633863892428318,2.25,0.0,0.0,light,2.55599999999994
copper,partial,0.3104244254270115,0.583642443708903,0.583642443708903,0.012,0.04532196611234368,0.05732196611234368,8900.0,,2653.8162667729193,0.1521219661123437,1.5311699466948976,1.5452204956249276,5.181859867278752e-08,0.50-1.00,0.25-1.00,1.6666666666666667e-05,pneumatic_feed,-0.024907598893290108,0.0,0.0,0.0,heavy,0.7120000000000005
separator,film,,0.7003909229102572,0.7003909229102572,,,0.0139,,,900.0,0.01251,0.47082000849827804,0.44312183426231666,6.1367485356374735e-09,0.50-1.00,0.25-1.00,1.6666666666666667e-05,pneumatic_feed,-0.026841946136945665,2.25,0.0,0.0,light,4.37999999999974
separator,film,,0.5577284599557151,0.5577284599557151,,,0.0139,,,900.0,0.01251,0.4685378555797097,0.44312183426231666,3.891373548407617e-09,0.50-1.00,0.25-1.00,1.6666666666666667e-05,pneumatic_feed,0.019775609114642424,2.25,0.0,0.0,light,4.369999999999741
aluminum,partial,0.17389611691996348,0.7385271445519352,0.7385271445519352,0.0218,0.027336469579818265,0.049136469579818265,2700.0,,2338.911363370899,0.11492584705616543,1.367535919076096,1.3430845451398705,6.268312480021963e-08,0.50-1.00,0.25-1.00,1.6666666666666667e-05,pneumatic_feed,0.022882035596624332,0.0,0.0,0.0,heavy,0.9060000000000007
copper,partial,0.25071819885546043,0.4136950144488273,0.4136950144488273,0.012,0.03660485703289722,0.048604857032897214,8900.0,,2950.4223607907443,0.1434048570328972,1.4632980816343757,1.50029418314821,2.4542818468030783e-08,0.25-0.50,0.25-1.00,1.6666666666666667e-05,pneumatic_feed,-0.03015549092091011,0.0,0.0,0.0,heavy,0.7660000000000006
aluminum,bare_like,0.045520307157609075,0.8254781827583683,0.8254781827583683,0.0218,0.007155792285176148,0.028955792285176148,2700.0,,2539.602491496371,0.07353620223068474,1.1256245734000465,1.0743482816167333,5.01086146355932e-08,0.50-1.00,0.25-1.00,1.6666666666666667e-05,pneumatic_feed,0.03200299804824103,0.0,0.0,0.0,heavy,2.004000000000001
aluminum,partial,0.09805418311602127,0.6648390227566523,0.6648390227566523,0.0218,0.015414117585838542,0.03721411758583854,2700.0,,2431.164704355781,0.09047364917843642,1.22484271826952,1.1916687448719707,3.9990341468246936e-08,0.50-1.00,0.25-1.00,1.6666666666666667e-05,pneumatic_feed,0.027883513318796824,0.0,0.0,0.0,heavy,1.290000000000001
aluminum,partial,0.2110296692184469,0.6358047413686706,0.6358047413686706,0.0218,0.033173864001139856,0.054973864001139856,2700.0,,2308.3346597228146,0.12689807565271946,1.412368683890518,1.411308681842879,5.129825130183655e-08,0.50-1.00,0.25-1.00,1.6666666666666667e-05,pneumatic_feed,0.0026610597891335145,0.0,0.0,0.0,heavy,0.8280000000000006
aluminum,partial,0.12401340208582717,0.530058829314201,0.530058829314201,0.0218,0.019494906807892037,0.04129490680789204,2700.0,,2393.592057885483,0.09884316096649154,1.2557109401153612,1.2455690484794695,2.777120802546811e-08,0.50-1.00,0.25-1.00,1.6666666666666667e-05,pneumatic_feed,-0.03386710286443917,0.0,0.0,0.0,heavy,1.2220000000000009
aluminum,heavily_coated,0.36903297249596423,0.8355817948782145,0.8355817948782145,0.0218,0.05801198327636557,0.07981198327636557,2700.0,,2228.2358282792716,0.17783992066242382,1.659222500562118,1.6707409717599566,1.2416728769287624e-07,0.50-1.00,0.25-1.00,1.6666666666666667e-05,pneumatic_feed,-0.0064842414883647505,0.0,0.0,0.0,heavy,0.5760000000000004
aluminum,heavily_coated,0.2784156452956086,0.5273151045535986,0.5273151045535986,0.0218,0.04376693944046968,0.06556693944046968,2700.0,,2266.7519556055786,0.14862398819975717,1.481400363889986,1.5273513409767214,4.132656740434723e-08,0.50-1.00,0.25-1.00,1.6666666666666667e-05,pneumatic_feed,0.021264051407735483,0.0,0.0,0.0,heavy,0.7400000000000005
aluminum,partial,0.16547226733887227,0.700447903814194,0.700447903814194,0.0218,0.026012240425670727,0.04781224042567073,2700.0,,2346.886753553584,0.1122099137127258,1.3492273824661296,1.3271197405038266,5.5053243178223896e-08,0.50-1.00,0.25-1.00,1.6666666666666667e-05,pneumatic_feed,-0.00034072622506883994,0.0,0.0,0.0,heavy,0.9720000000000008
copper,partial,0.30945103461202833,0.9920412637532042,0.9920412637532042,0.012,0.04517985105335613,0.05717985105335613,8900.0,,2657.926669160776,0.15197985105335612,1.5851579283635862,1.5444985406705563,1.4957034258373226e-07,0.50-1.00,0.25-1.00,1.6666666666666667e-05,pneumatic_feed,0.018950089844696132,0.0,0.0,0.0,heavy,0.6080000000000004
aluminum,partial,0.093625381891832,0.8325758753464949,0.8325758753464949,0.0218,0.014717910033395995,0.036517910033395995,2700.0,,2438.413350991673,0.08904575937574556,1.228597412564804,1.1822276596162442,6.172496995311357e-08,0.50-1.00,0.25-1.00,1.6666666666666667e-05,pneumatic_feed,-0.0014456544673965748,0.0,0.0,0.0,heavy,1.260000000000001
copper,partial,0.25073971207604906,0.5262277279179064,0.5262277279179064,0.012,0.03660799796310317,0.04860799796310317,8900.0,,2950.2963292575796,0.14340799796310316,1.4940172380686492,1.5003106131827726,3.971191490261516e-08,0.50-1.00,0.25-1.00,1.6666666666666667e-05,pneumatic_feed,0.03393113219912283,0.0,0.0,0.0,heavy,0.7460000000000006
aluminum,partial,0.10744023261556235,0.8265829189118307,0.8265829189118307,0.0218,0.0168896045671664,0.0386896045671664,2700.0,,2416.664797782174,0.09349980539758346,1.2555515795377847,1.211434251422862,6.388274363171788e-08,0.50-1.00,0.25-1.00,1.6666666666666667e-05,pneumatic_feed,-0.026695055690188742,0.0,0.0,0.0,heavy,1.2120000000000009
aluminum,partial,0.15866892383886905,0.832872028999813,0.832872028999813,0.0218,0.024942754827470215,0.046742754827470215,2700.0,,2353.6577623840494,0.11001644773488978,1.3504759049339226,1.3140845344371228,7.631574923186158e-08,0.50-1.00,0.25-1.00,1.6666666666666667e-05,pneumatic_feed,0.003274122492375498,0.0,0.0,0.0,heavy,0.9440000000000007
other_light,unresolved_nonmetal,,0.5694670534509139,0.1199602679071812,,,,,,1100.0,,0.3238443198960477,,1.0636460129658034e-07,0.50-1.00,0.25-1.00,1.6666666666666667e-05,pneumatic_feed,0.032503032708486194,2.25,0.0,0.0,light,3.2719999999998612
copper,partial,0.3526372817361033,0.9563028321774577,0.9563028321774577,0.012,0.05148504313347109,0.06348504313347109,8900.0,,2493.265111290738,0.15828504313347108,1.6051408695911185,1.576211291998304,1.4475406313089668e-07,0.50-1.00,0.25-1.00,1.6666666666666667e-05,pneumatic_feed,-0.028060225159774407,0.0,0.0,0.0,heavy,0.6080000000000004
aluminum,partial,0.0575896569392616,0.9586710938371116,0.9586710938371116,0.0218,0.009053094070851926,0.030853094070851926,2700.0,,2509.5532109674527,0.07742748129378733,1.1581561244825838,1.1024072506960783,7.115974729106416e-08,0.50-1.00,0.25-1.00,1.6666666666666667e-05,pneumatic_feed,-0.02076906896407861,0.0,0.0,0.0,heavy,1.7480000000000013
aluminum,bare_like,0.020958004256586154,0.6112960174254874,0.6112960174254874,0.0218,0.0032945982691353418,0.02509459826913534,2700.0,,2614.788626964015,0.06561707015236594,1.0574100682096677,1.0148524686433669,2.4519971875058824e-08,0.50-1.00,0.25-1.00,1.6666666666666667e-05,pneumatic_feed,-0.02328139911804928,0.0,0.0,0.0,heavy,3.029999999999888
aluminum,heavily_coated,0.3510182810095489,0.890813978569362,0.890813978569362,0.0218,0.05518007377470109,0.07698007377470109,2700.0,,2234.757587837303,0.17203180398028867,1.6445193137211227,1.6432319359343681,1.3651575967337568e-07,0.50-1.00,0.25-1.00,1.6666666666666667e-05,pneumatic_feed,0.016285320134111925,0.0,0.0,0.0,heavy,0.5860000000000004
copper,partial,0.452120435612725,0.8918596188145651,0.8918596188145651,0.012,0.06600958359945786,0.07800958359945785,8900.0,,2215.2353034821076,0.17280958359945786,1.6467508858481943,1.646942386417051,1.3745508949248313e-07,0.50-1.00,0.25-1.00,1.6666666666666667e-05,pneumatic_feed,-0.016090007018381612,0.0,0.0,0.0,heavy,0.5800000000000004
aluminum,heavily_coated,0.4145606781408748,0.8402197585300271,0.8402197585300271,0.0218,0.06516893860374552,0.08696893860374552,2700.0,,2213.6467494051744,0.19251850823939945,1.7148697499662182,1.738324050724034,1.3591214545292062e-07,0.50-1.00,0.25-1.00,1.6666666666666667e-05,pneumatic_feed,-0.03132851421281168,0.0,0.0,0.0,heavy,0.5460000000000004
aluminum,partial,0.18368562808068406,0.6526222055602339,0.6526222055602339,0.0218,0.028875380734283536,0.050675380734283536,2700.0,,2330.1666734120263,0.11808208334949336,1.37278375514287,1.3614023579580168,5.0293018287258894e-08,0.50-1.00,0.25-1.00,1.6666666666666667e-05,pneumatic_feed,0.03158531628426723,0.0,0.0,0.0,heavy,0.8960000000000007
copper,partial,0.27523779200837517,0.72654227863049,0.72654227863049,0.012,0.040184717633222775,0.05218471763322277,8900.0,,2816.6237990650106,0.14698471763322277,1.539449955638266,1.5189049107732402,7.758789434131848e-08,0.50-1.00,0.25-1.00,1.6666666666666667e-05,pneumatic_feed,-0.025808363943231466,0.0,0.0,0.0,heavy,0.6980000000000005
separator,film,,0.9609538864535361,0.9609538864535361,,,0.0139,,,900.0,0.01251,0.473275975006691,0.44312183426231666,1.1552138972345846e-08,0.50-1.00,0.25-1.00,1.6666666666666667e-05,pneumatic_feed,0.0006774130351267923,2.25,0.0,0.0,light,4.401999999999737
aluminum,partial,0.09887030085742565,0.5712627128868875,0.5712627128868875,0.0218,0.015542411294787312,0.03734241129478731,2700.0,,2429.8584519127908,0.09073677369944261,1.2163895498983333,1.1934003519299177,2.961113737218827e-08,0.50-1.00,0.25-1.00,1.6666666666666667e-05,pneumatic_feed,-0.031173260150700318,0.0,0.0,0.0,heavy,1.300000000000001
separator,film,,0.7130223993640261,0.7130223993640261,,,0.0139,,,900.0,0.01251,0.4709793011538896,0.44312183426231666,6.360095784355358e-09,0.50-1.00,0.25-1.00,1.6666666666666667e-05,pneumatic_feed,0.002573313730464253,2.25,0.0,0.0,light,4.383999999999739
other_light,unresolved_nonmetal,,0.6755645263476721,0.1158549595774481,,,,,,1100.0,,0.30670433955364845,,1.775790866842393e-07,0.50-1.00,0.25-1.00,1.6666666666666667e-05,pneumatic_feed,-0.019172199205668795,2.25,0.0,0.0,light,3.1419999999998756
aluminum,partial,0.12939273601533868,0.8019423366138023,0.8019423366138023,0.0218,0.02034053810161124,0.04214053810161124,2700.0,,2386.7163674129683,0.10057751201870535,1.2954186852719327,1.2564492145111157,6.468255575247721e-08,0.50-1.00,0.25-1.00,1.6666666666666667e-05,pneumatic_feed,-0.006077228308485598,0.0,0.0,0.0,heavy,1.0660000000000007
aluminum,partial,0.10530020176320981,0.8978106343661728,0.8978106343661728,0.0218,0.016553191717176584,0.038353191717176584,2700.0,,2419.872607601295,0.09280983805047648,1.255613335914458,1.2069561790057992,7.481066328247742e-08,0.50-1.00,0.25-1.00,1.6666666666666667e-05,pneumatic_feed,0.020808149877168974,0.0,0.0,0.0,heavy,1.2040000000000008
aluminum,partial,0.26226680395934954,0.8586200628951208,0.8586200628951208,0.0218,0.04122834158240975,0.06302834158240975,2700.0,,2275.4436601669922,0.14341744026453387,1.5184799115269818,1.500360004263018,1.0573141179755769e-07,0.50-1.00,0.25-1.00,1.6666666666666667e-05,pneumatic_feed,0.03178487235034038,0.0,0.0,0.0,heavy,0.7140000000000005
aluminum,heavily_coated,0.27773928085830607,0.7320497867355121,0.7320497867355121,0.0218,0.043660614950925714,0.06546061495092571,2700.0,,2267.1024653951526,0.14840592154152646,1.5235327299308288,1.5262304362434262,7.953027185020068e-08,0.50-1.00,0.25-1.00,1.6666666666666667e-05,pneumatic_feed,-0.02656131932916578,0.0,0.0,0.0,heavy,0.7160000000000005
aluminum,partial,0.229038800567327,0.8344747838486015,0.8344747838486015,0.0218,0.03600489944918381,0.05780489944918381,2700.0,,2295.7292713150055,0.13270439969091188,1.465964800096114,1.443235343784427,9.240846519615843e-08,0.50-1.00,0.25-1.00,1.6666666666666667e-05,pneumatic_feed,-0.0011010580566312832,0.0,0.0,0.0,heavy,0.7560000000000006
black_mass,free,,0.45588544374206375,0.05188958718594262,,,,,,2100.0,,0.13944148354239694,,1.0418017766225262e-07,0.25-0.50,0.25-1.00,1.6666666666666667e-05,pneumatic_feed,0.0064057641302359995,2.25,0.0,0.0,light,2.4499999999999518
aluminum,partial,0.17904609752778256,0.6422934807556271,0.6422934807556271,0.0218,0.028146046531367416,0.049946046531367416,2700.0,,2334.2438571331804,0.11658625230393238,1.3639280525585147,1.3527519418439298,4.809659925098881e-08,0.50-1.00,0.25-1.00,1.6666666666666667e-05,pneumatic_feed,-0.03857809271832202,0.0,0.0,0.0,heavy,0.9160000000000007
separator,film,,0.6640373063303612,0.6640373063303612,,,0.0139,,,900.0,0.01251,0.4703287619919079,0.44312183426231666,5.5162287579230086e-09,0.50-1.00,0.25-1.00,1.6666666666666667e-05,pneumatic_feed,0.020877311382052535,2.25,0.0,0.0,light,4.37799999999974
aluminum,partial,0.12819560795538276,0.8423031551652278,0.8423031551652278,0.0218,0.020152349570586175,0.041952349570586175,2700.0,,2388.2225187964614,0.10019154596089495,1.2961502376436675,1.2540360861642728,7.108335751511362e-08,0.50-1.00,0.25-1.00,1.6666666666666667e-05,pneumatic_feed,0.009444602603544648,0.0,0.0,0.0,heavy,1.1020000000000008
other_light,unresolved_nonmetal,,0.876196803258871,0.1605433716589585,,,,,,1100.0,,0.501587093568355,,3.8743272442599294e-07,0.50-1.00,0.25-1.00,1.6666666666666667e-05,pneumatic_feed,0.029200578933657233,2.25,0.0,0.0,light,4.783999999999695
aluminum,heavily_coated,0.36975579397079794,0.626933798574638,0.626933798574638,0.0218,0.05812561081220945,0.07992561081220945,2700.0,,2227.9837929861965,0.17807296553412497,1.6174607084645503,1.6718352990123235,6.999086463798517e-08,0.50-1.00,0.25-1.00,1.6666666666666667e-05,pneumatic_feed,-0.037758762136560126,0.0,0.0,0.0,heavy,0.5860000000000004
copper,partial,0.18262651527032647,0.8974042635617223,0.8974042635617223,0.012,0.026663471229467665,0.038663471229467665,8900.0,,3451.9267666724,0.13346347122946767,1.5053115930404364,1.447357124008351,1.0748272616059689e-07,0.50-1.00,0.25-1.00,1.6666666666666667e-05,pneumatic_feed,0.004730882608186002,0.0,0.0,0.0,heavy,0.7220000000000005
aluminum,partial,0.16859647021304291,0.8986279916537574,0.8986279916537574,0.0218,0.02650336511749035,0.04830336511749035,2700.0,,2343.8778579091563,0.11321718796138716,1.3729070721639411,1.3330630076038916,9.142653250126162e-08,0.50-1.00,0.25-1.00,1.6666666666666667e-05,pneumatic_feed,0.00017999908653626133,0.0,0.0,0.0,heavy,0.8800000000000007
aluminum,partial,0.14066659178717617,0.6837496959620828,0.6837496959620828,0.0218,0.022112788228944094,0.043912788228944094,2700.0,,2373.1655415452383,0.10421231585810346,1.304902527197436,1.2789513320329244,4.872067982081721e-08,0.50-1.00,0.25-1.00,1.6666666666666667e-05,pneumatic_feed,0.01111622009992081,0.0,0.0,0.0,heavy,1.0400000000000007
aluminum,partial,0.1920362965961926,0.5146481414347193,0.5146481414347193,0.0218,0.030188105824921478,0.05198810582492148,2700.0,,2323.1164219043917,0.12077442238557845,1.3610871502321906,1.3768352602123608,3.198864074919328e-08,0.50-1.00,0.25-1.00,1.6666666666666667e-05,pneumatic_feed,0.008464337288640496,0.0,0.0,0.0,heavy,0.9480000000000007
aluminum,bare_like,0.046664194840690676,0.8764930435600649,0.8764930435600649,0.0218,0.007335611428956574,0.029135611428956574,2700.0,,2536.586652344499,0.07390500305858708,1.1303848609755744,1.0770389630870292,5.6776783644744975e-08,0.50-1.00,0.25-1.00,1.6666666666666667e-05,pneumatic_feed,0.003845527810866157,0.0,0.0,0.0,heavy,1.9800000000000015
copper,partial,0.16598109663915883,0.6598372231139685,0.6598372231139685,0.012,0.024233240109317187,0.03623324010931719,8900.0,,3616.382076623136,0.1310332401093172,1.4755724741452911,1.434119150125206,5.70499283422316e-08,0.50-1.00,0.25-1.00,1.6666666666666667e-05,pneumatic_feed,0.006891065620588729,0.0,0.0,0.0,heavy,0.7560000000000006
other_light,unresolved_nonmetal,,0.5653878429312893,0.08317222798146813,,,,,,1100.0,,0.17891158585519026,,1.0409520034961956e-07,0.50-1.00,0.25-1.00,1.6666666666666667e-05,pneumatic_feed,0.008402076464270028,2.25,0.0,0.0,light,2.5979999999999355
aluminum,partial,0.12347825521882011,0.7610633768185732,0.7610633768185732,0.0218,0.01941078172039852,0.04121078172039852,2700.0,,2394.291497175356,0.09867062426509979,1.281226113821615,1.2444814656976642,5.7151748712195745e-08,0.50-1.00,0.25-1.00,1.6666666666666667e-05,pneumatic_feed,0.011694031491799668,0.0,0.0,0.0,heavy,1.1520000000000008
copper,partial,0.15966512669758104,0.7045401536606152,0.7045401536606152,0.012,0.023311108497846827,0.03531110849784683,8900.0,,3684.707561808223,0.13011110849784682,1.4767673357380635,1.4290640150049976,6.458413933935443e-08,0.50-1.00,0.25-1.00,1.6666666666666667e-05,pneumatic_feed,-0.018801832681352767,0.0,0.0,0.0,heavy,0.7300000000000005
copper,partial,0.11222914047351928,0.7401458894469184,0.7401458894469184,0.012,0.016385454509133816,0.028385454509133816,8900.0,,4339.7386668406325,0.12318545450913382,1.4525830045031378,1.3905102998451198,6.748295526863126e-08,0.50-1.00,0.25-1.00,1.6666666666666667e-05,pneumatic_feed,-0.010572429189572059,0.0,0.0,0.0,heavy,0.7680000000000006
separator,film,,0.7839154111470155,0.7839154111470155,,,0.0139,,,900.0,0.01251,0.47178050650456993,0.44312183426231666,7.687687381640766e-09,0.50-1.00,0.25-1.00,1.6666666666666667e-05,pneumatic_feed,0.0026866509539337437,2.25,0.0,0.0,light,4.387999999999739
aluminum,bare_like,0.021712196664811556,0.5673332315667214,0.5673332315667214,0.0218,0.003413157315708376,0.025213157315708376,2700.0,,2612.1373258425456,0.0658602293267019,1.056063925823762,1.0167311146571216,2.1198234145542956e-08,0.50-1.00,0.25-1.00,1.6666666666666667e-05,pneumatic_feed,-0.023275857968133036,0.0,0.0,0.0,heavy,3.047999999999886
other_light,unresolved_nonmetal,,0.8845988255547168,0.1377565910371058,,,,,,1100.0,,0.4001693934620994,,3.9868544668037713e-07,0.50-1.00,0.25-1.00,1.6666666666666667e-05,pneumatic_feed,-0.023689695552389173,2.25,0.0,0.0,light,3.773999999999806
separator,film,,0.9808661021481331,0.9808661021481331,,,0.0139,,,900.0,0.01251,0.47341110037173667,0.44312183426231666,1.2035849862394329e-08,0.50-1.00,0.25-1.00,1.6666666666666667e-05,pneumatic_feed,-0.020668003840416248,2.25,0.0,0.0,light,4.401999999999737
aluminum,partial,0.26225675457781633,0.8900435099366315,0.8900435099366315,0.0218,0.04122676181963274,0.06302676181963274,2700.0,,2275.4492869846354,0.14341420024343376,1.5219083413794088,1.5003430564444042,1.1360949538244449e-07,0.50-1.00,0.25-1.00,1.6666666666666667e-05,pneumatic_feed,-0.014732843302765036,0.0,0.0,0.0,heavy,0.7140000000000005
separator,film,,0.6328286878921204,0.6328286878921204,,,0.0139,,,900.0,0.01251,0.4698634375518924,0.44312183426231666,5.009906574222977e-09,0.50-1.00,0.25-1.00,1.6666666666666667e-05,pneumatic_feed,0.03510264247030039,2.25,0.0,0.0,light,4.37999999999974
aluminum,partial,0.08875490300751765,0.675008521999837,0.675008521999837,0.0218,0.013952270752781777,0.03575227075278178,2700.0,,2446.7108364535857,0.08747546827865377,1.2076511495050768,1.1717572061232437,3.985701661981513e-08,0.50-1.00,0.25-1.00,1.6666666666666667e-05,pneumatic_feed,0.029198552631700722,0.0,0.0,0.0,heavy,1.428000000000001
separator,film,,0.9027003800408602,0.9027003800408602,,,0.0139,,,900.0,0.01251,0.4728472004543746,0.44312183426231666,1.0193998381335177e-08,0.50-1.00,0.25-1.00,1.6666666666666667e-05,pneumatic_feed,0.006829192809869937,2.25,0.0,0.0,light,4.397999999999738
other_light,unresolved_nonmetal,,0.8535486069927831,0.14359195670830213,,,,,,1100.0,,0.4258028380673474,,3.581591751431107e-07,0.50-1.00,0.25-1.00,1.6666666666666667e-05,pneumatic_feed,0.025772326360000573,2.25,0.0,0.0,light,3.9299999999997888
aluminum,partial,0.0682694146692977,0.9832997555729774,0.9832997555729774,0.0218,0.0107319519860136,0.0325319519860136,2700.0,,2485.8865529586687,0.08087074198352827,1.1826243705145194,1.1266530815532614,7.819217436874331e-08,0.50-1.00,0.25-1.00,1.6666666666666667e-05,pneumatic_feed,-0.0008067798004118883,0.0,0.0,0.0,heavy,1.5040000000000011
aluminum,partial,0.14365212927255133,0.6152914600496985,0.6152914600496985,0.0218,0.02258211472164507,0.04438211472164507,2700.0,,2369.75826092103,0.10517488299876326,1.3018229507395433,1.2848443343645128,3.981748381695402e-08,0.50-1.00,0.25-1.00,1.6666666666666667e-05,pneumatic_feed,0.03128441173432202,0.0,0.0,0.0,heavy,1.0480000000000007
aluminum,partial,0.14166389810239766,0.8897759364928952,0.8897759364928952,0.0218,0.022269564781696914,0.044069564781696914,2700.0,,2372.01928144771,0.10453385738719403,1.324272378251944,1.2809228804067003,8.275958212806045e-08,0.50-1.00,0.25-1.00,1.6666666666666667e-05,pneumatic_feed,-0.017360343801794218,0.0,0.0,0.0,heavy,0.9900000000000008
copper,partial,0.4455861212049009,0.993957782506965,0.993957782506965,0.012,0.06505557369591553,0.07705557369591552,8900.0,,2230.280892776288,0.17185557369591553,1.65628040029266,1.64239005255484,1.697850703592854e-07,0.50-1.00,0.25-1.00,1.6666666666666667e-05,pneumatic_feed,0.015839804100911455,0.0,0.0,0.0,heavy,0.6000000000000004
copper,partial,0.14129178621699912,0.7411147880185098,0.7411147880185098,0.012,0.02062860078768187,0.03262860078768187,8900.0,,3905.4264575080833,0.12742860078768187,1.4696396038762078,1.4142557470144694,6.999030285203753e-08,0.50-1.00,0.25-1.00,1.6666666666666667e-05,pneumatic_feed,-0.0046416314673063935,0.0,0.0,0.0,heavy,0.7560000000000006
aluminum,bare_like,0.010605829760576533,0.6354706201835453,0.6354706201835453,0.0218,0.00166723643836263,0.02346723643836263,2700.0,,2653.8883577828256,0.062279425573107484,1.0341170354620057,0.9887051450232749,2.51498588130343e-08,0.50-1.00,0.25-1.00,1.6666666666666667e-05,pneumatic_feed,-0.022568697607000063,0.0,0.0,0.0,heavy,3.745999999999809
copper,heavily_coated,0.55394816264269,0.2609444080937116,0.2609444080937116,0.012,0.08087643174583273,0.09287643174583272,8900.0,,2020.7110481960735,0.18767643174583273,1.4217135942415857,1.7163243494988327,1.277926060926797e-08,0.25-0.50,0.25-1.00,1.6666666666666667e-05,pneumatic_feed,-0.014095917307568743,0.0,0.0,0.0,heavy,0.8020000000000006
aluminum,partial,0.11376844657456092,0.7773788467818371,0.7773788467818371,0.0218,0.017884399801520977,0.03968439980152098,2700.0,,2407.497287043319,0.09554008486010418,1.2642804099016578,1.224580406492034,5.773658071831302e-08,0.50-1.00,0.25-1.00,1.6666666666666667e-05,pneumatic_feed,0.03030427156858669,0.0,0.0,0.0,heavy,1.1800000000000008
aluminum,partial,0.1703931376415428,0.8064351778241534,0.8064351778241534,0.0218,0.026785801237250523,0.04858580123725052,2700.0,,2342.17505133501,0.11379645150700982,1.3684124567323446,1.3364688933357283,7.400612208971715e-08,0.50-1.00,0.25-1.00,1.6666666666666667e-05,pneumatic_feed,-0.007072234034203003,0.0,0.0,0.0,heavy,0.9360000000000007
other_light,unresolved_nonmetal,,0.968831887396065,0.18157666505594144,,,,,,1100.0,,0.5976714131594133,,5.237651288867935e-07,0.50-1.00,0.25-1.00,1.6666666666666667e-05,pneumatic_feed,0.03413173695816761,2.25,0.0,0.0,light,6.609999999999494
copper,partial,0.1937267072766169,0.48991929549887914,0.48991929549887914,0.012,0.02828409926238606,0.04028409926238606,8900.0,,3353.28583078228,0.13508409926238607,1.4626238942293568,1.4561181346382621,3.242300925578736e-08,0.25-0.50,0.25-1.00,1.6666666666666667e-05,pneumatic_feed,-0.03529277627649825,0.0,0.0,0.0,heavy,0.7720000000000006
aluminum,partial,0.12826556639641673,0.5150610935653297,0.5150610935653297,0.0218,0.02016334703751671,0.04196334703751671,2700.0,,2388.134129822242,0.10021410126186872,1.2605051478924423,1.2541772336501296,2.6585591491065292e-08,0.50-1.00,0.25-1.00,1.6666666666666667e-05,pneumatic_feed,-0.002782554343301962,0.0,0.0,0.0,heavy,1.1860000000000008
separator,film,,0.6382700294032749,0.6382700294032749,,,0.0139,,,900.0,0.01251,0.4699477414052023,0.44312183426231666,5.096431766735063e-09,0.50-1.00,0.25-1.00,1.6666666666666667e-05,pneumatic_feed,0.012145691385287179,2.25,0.0,0.0,light,4.37799999999974
black_mass,free,,0.4476650781457435,0.0887833409720863,,,,,,3060.0,,0.4702858672461519,,1.4374068144277366e-07,0.25-0.50,0.25-1.00,1.6666666666666667e-05,pneumatic_feed,-0.03128475821996175,2.25,0.0,0.0,light,4.381999999999739
aluminum,partial,0.06719664217802362,0.9003582720687955,0.9003582720687955,0.0218,0.010563312150385314,0.032363312150385314,2700.0,,2488.1529131021857,0.08052486940461659,1.176939542447825,1.1242412330878377,6.527708421461305e-08,0.50-1.00,0.25-1.00,1.6666666666666667e-05,pneumatic_feed,-0.006408788696823019,0.0,0.0,0.0,heavy,1.5420000000000011
black_mass,free,,0.26095804918860793,0.08497845350258434,,,,,,3060.0,,0.4395281330127542,,2.847292866903751e-08,0.25-0.50,0.25-1.00,1.6666666666666667e-05,pneumatic_feed,0.003788014047698223,2.25,0.0,0.0,light,4.091999999999771
copper,partial,0.44312590444450517,0.46415510512102587,0.46415510512102587,0.012,0.06469638204889776,0.07669638204889775,8900.0,,2236.0426589556764,0.17149638204889775,1.5416156118429998,1.6406727926797284,3.694717396485309e-08,0.25-0.50,0.25-1.00,1.6666666666666667e-05,pneumatic_feed,0.011728108554590989,0.0,0.0,0.0,heavy,0.6600000000000005
aluminum,partial,0.18051475577192128,0.6170900471676538,0.6170900471676538,0.0218,0.02837691960734602,0.05017691960734602,2700.0,,2332.940390212541,0.11705976240842514,1.362515168941822,1.3554962304494398,4.457637231134222e-08,0.50-1.00,0.25-1.00,1.6666666666666667e-05,pneumatic_feed,0.022391253667010422,0.0,0.0,0.0,heavy,0.9460000000000007
copper,partial,0.2487494209687019,0.9264421467111887,0.9264421467111887,0.012,0.03631741546143048,0.04831741546143048,8900.0,,2962.025474555326,0.14311741546143047,1.5459031288752358,1.4987898295233435,1.22836969431486e-07,0.50-1.00,0.25-1.00,1.6666666666666667e-05,pneumatic_feed,0.00024078123353835039,0.0,0.0,0.0,heavy,0.6680000000000005
other_light,unresolved_nonmetal,,0.5737273915450096,0.15981251765350402,,,,,,1100.0,,0.4982846053815073,,1.0876973297073947e-07,0.50-1.00,0.25-1.00,1.6666666666666667e-05,pneumatic_feed,-0.032661647917636906,2.25,0.0,0.0,light,4.677999999999707
aluminum,heavily_coated,0.3622015729859246,0.5730756429875058,0.5730756429875058,0.0218,0.05693808727338735,0.07873808727338735,2700.0,,2230.65374367756,0.17563740914639195,1.5938265513055505,1.6603628440680573,5.768208136874274e-08,0.50-1.00,0.25-1.00,1.6666666666666667e-05,pneumatic_feed,-0.03338588904940102,0.0,0.0,0.0,heavy,0.6720000000000005
aluminum,partial,0.09067220207528703,0.7655278911296113,0.7655278911296113,0.0218,0.014253670166235119,0.03605367016623512,2700.0,,2443.4024127062244,0.0880936246710933,1.2183935058974822,1.1758901023639414,5.162576692695675e-08,0.50-1.00,0.25-1.00,1.6666666666666667e-05,pneumatic_feed,-0.019825395483864965,0.0,0.0,0.0,heavy,1.408000000000001
aluminum,partial,0.14913548243184088,0.8085842074589138,0.8085842074589138,0.0218,0.023444097838285383,0.04524409783828538,2700.0,,2363.6844583152515,0.10694277089084982,1.3316794376143841,1.2955978279940032,6.992008412559661e-08,0.50-1.00,0.25-1.00,1.6666666666666667e-05,pneumatic_feed,0.023108469858600756,0.0,0.0,0.0,heavy,0.9840000000000008
aluminum,partial,0.25785838465414535,0.9098248306340808,0.9098248306340808,0.0218,0.04053533806763165,0.06233533806763165,2700.0,,2277.9393871624184,0.141996121796343,1.5174253952406571,1.492906938732418,1.1754172328207933e-07,0.50-1.00,0.25-1.00,1.6666666666666667e-05,pneumatic_feed,0.027442103267770593,0.0,0.0,0.0,heavy,0.7060000000000005
aluminum,partial,0.21922814861023115,0.6807062034569245,0.6807062034569245,0.0218,0.03446266496152834,0.05626266496152834,2700.0,,2302.438881663413,0.12954134739342463,1.4316597461187102,1.4259316213224227,6.002439990439843e-08,0.50-1.00,0.25-1.00,1.6666666666666667e-05,pneumatic_feed,-0.02780325364238085,0.0,0.0,0.0,heavy,0.7900000000000006
aluminum,partial,0.1949970053691676,0.824394821270734,0.824394821270734,0.0218,0.030653529244033147,0.05245352924403315,2700.0,,2320.7015096113973,0.1217289845010733,1.411051462853283,1.382265582559606,8.27302828011678e-08,0.50-1.00,0.25-1.00,1.6666666666666667e-05,pneumatic_feed,0.009342809441332605,0.0,0.0,0.0,heavy,0.8060000000000006
separator,film,,0.7474784486544868,0.7474784486544868,,,0.0139,,,900.0,0.01251,0.47138718189690404,0.44312183426231666,6.989637630348508e-09,0.50-1.00,0.25-1.00,1.6666666666666667e-05,pneumatic_feed,-0.02127822472534242,2.25,0.0,0.0,light,4.3899999999997386
separator,film,,0.620753202446364,0.620753202446364,,,0.0139,,,900.0,0.01251,0.4696712398824975,0.44312183426231666,4.820535074726181e-09,0.50-1.00,0.25-1.00,1.6666666666666667e-05,pneumatic_feed,-0.023533077095499736,2.25,0.0,0.0,light,4.37599999999974
copper,partial,0.29597883915247325,0.7480473908376919,0.7480473908376919,0.012,0.0432129105162611,0.05521291051626109,8900.0,,2716.9897242073457,0.1500129105162611,1.5525249017573086,1.5344714541050395,8.394345924169385e-08,0.50-1.00,0.25-1.00,1.6666666666666667e-05,pneumatic_feed,-0.015922117573276346,0.0,0.0,0.0,heavy,0.6740000000000005
aluminum,partial,0.053380691749224496,0.9615543978573183,0.9615543978573183,0.0218,0.008391444742978094,0.030191444742978094,2700.0,,2519.6034662951956,0.07607046882686747,1.1488104698865744,1.092704021547698,7.033375591430901e-08,0.50-1.00,0.25-1.00,1.6666666666666667e-05,pneumatic_feed,0.027185159723013073,0.0,0.0,0.0,heavy,1.7740000000000014
separator,film,,0.731197566408768,0.731197566408768,,,0.0139,,,900.0,0.01251,0.4711991125184597,0.44312183426231666,6.68847001283753e-09,0.50-1.00,0.25-1.00,1.6666666666666667e-05,pneumatic_feed,0.02774865609989329,2.25,0.0,0.0,light,4.383999999999739
other_light,unresolved_nonmetal,,0.6559449069925583,0.19784921452948634,,,,,,1100.0,,0.6730387234015954,,1.6255240547077143e-07,0.50-1.00,0.25-1.00,1.6666666666666667e-05,pneumatic_feed,0.030892051997052934,0.6097283028401833,2.2044373837585034e-64,-0.2372793804596597,active,
aluminum,partial,0.06718708211557617,0.703561286667046,0.703561286667046,0.0218,0.010561809308568572,0.03236180930856857,2700.0,,2488.1732160618976,0.08052178714488291,1.16603272782197,1.1242197165261256,3.985816257346527e-08,0.50-1.00,0.25-1.00,1.6666666666666667e-05,pneumatic_feed,-0.02234348496678696,0.0,0.0,0.0,heavy,1.6560000000000012
copper,partial,0.40801599971429003,0.8958320330585016,0.8958320330585016,0.012,0.05957033595828634,0.07157033595828634,8900.0,,2324.5711191750265,0.16637033595828635,1.6263199644452992,1.6159668292391596,1.335146953945315e-07,0.50-1.00,0.25-1.00,1.6666666666666667e-05,pneumatic_feed,0.011058612945105899,0.0,0.0,0.0,heavy,0.6060000000000004
aluminum,partial,0.17571335149331468,0.6517794081311613,0.6517794081311613,0.0218,0.027622138854749068,0.04942213885474907,2700.0,,2337.246916699556,0.11551174165495959,1.3599084855071686,1.346503730784377,4.907128188532286e-08,0.50-1.00,0.25-1.00,1.6666666666666667e-05,pneumatic_feed,0.03692418600484403,0.0,0.0,0.0,heavy,0.9200000000000007
aluminum,partial,0.21453368597554234,0.5411807566607124,0.5411807566607124,0.0218,0.03372469543535526,0.05552469543535526,2700.0,,2305.7813229147964,0.1280278056953746,1.3995189846034028,1.417576960236939,3.7496349894460614e-08,0.50-1.00,0.25-1.00,1.6666666666666667e-05,pneumatic_feed,-0.020276036405423806,0.0,0.0,0.0,heavy,0.8480000000000006
aluminum,partial,0.18495849663811686,0.8615729766525688,0.8615729766525688,0.0218,0.029075475671511974,0.050875475671511974,2700.0,,2329.0685214653595,0.11849246890109526,1.397855481435696,1.3637660326726104,8.795790690568786e-08,0.50-1.00,0.25-1.00,1.6666666666666667e-05,pneumatic_feed,0.021192334837955233,0.0,0.0,0.0,heavy,0.8180000000000006
aluminum,partial,0.07900292119098812,0.856337317809162,0.856337317809162,0.0218,0.012419259211223332,0.03421925921122333,2700.0,,2464.440603481189,0.08433133182118648,1.1999465080706295,1.1505062295639006,6.18413126885068e-08,0.50-1.00,0.25-1.00,1.6666666666666667e-05,pneumatic_feed,-0.02511157242618915,0.0,0.0,0.0,heavy,1.470000000000001
copper,partial,0.15260349248862504,0.8728142732247177,0.8728142732247177,0.012,0.022280109903339253,0.034280109903339254,8900.0,,3765.4520439785824,0.12908010990333924,1.4856251648041987,1.4233908124766061,9.833384157060824e-08,0.50-1.00,0.25-1.00,1.6666666666666667e-05,pneumatic_feed,-0.001365956275110768,0.0,0.0,0.0,heavy,0.7360000000000005
other_light,unresolved_nonmetal,,0.5184779101823143,0.08046390636552542,,,,,,1100.0,,0.1691890307516522,,8.027532662627607e-08,0.50-1.00,0.25-1.00,1.6666666666666667e-05,pneumatic_feed,-0.012288756978061205,2.25,0.0,0.0,light,2.573999999999938
aluminum,partial,0.16571088749927643,0.5596806307337382,0.5596806307337382,0.0218,0.026049751514886255,0.047849751514886255,2700.0,,2346.6547617015067,0.11228684723864171,1.3296759908288283,1.3275746134427702,3.5173002462754005e-08,0.50-1.00,0.25-1.00,1.6666666666666667e-05,pneumatic_feed,-0.04119234622562342,0.0,0.0,0.0,heavy,0.9920000000000008
copper,heavily_coated,0.5001845146298505,0.9230065508696454,0.9230065508696454,0.012,0.07302693913595816,0.08502693913595816,8900.0,,2114.9407583450075,0.17982693913595815,1.6732211648335393,1.6800487006863818,1.532019590690319e-07,0.50-1.00,0.25-1.00,1.6666666666666667e-05,pneumatic_feed,0.013668884247547813,0.0,0.0,0.0,heavy,0.5720000000000004
other_light,unresolved_nonmetal,,0.9704843566388079,0.14437506318203164,,,,,,1100.0,,0.4292624106861819,,5.264497520382736e-07,0.50-1.00,0.25-1.00,1.6666666666666667e-05,pneumatic_feed,-0.015107157771588208,2.25,0.0,0.0,light,3.9759999999997837
aluminum,partial,0.22084244632154512,0.787101954642496,0.787101954642496,0.0218,0.0347164325617469,0.0565164325617469,2700.0,,2301.309676197814,0.13006181311852935,1.4480791515290081,1.42879327360834,8.05771283598774e-08,0.50-1.00,0.25-1.00,1.6666666666666667e-05,pneumatic_feed,-0.015315931638826608,0.0,0.0,0.0,heavy,0.7880000000000006
separator,film,,0.8391528470696138,0.8391528470696138,,,0.0139,,,900.0,0.01251,0.4723132013673624,0.44312183426231666,8.809260534320433e-09,0.50-1.00,0.25-1.00,1.6666666666666667e-05,pneumatic_feed,-0.01684401698266772,2.25,0.0,0.0,light,4.395999999999738
aluminum,heavily_coated,0.42150606426688947,0.5111823879826973,0.5111823879826973,0.0218,0.06626075330275502,0.08806075330275502,2700.0,,2211.629617915098,0.1947577701802878,1.6342256052542272,1.7484044042354154,5.0891653135245236e-08,0.50-1.00,0.25-1.00,1.6666666666666667e-05,pneumatic_feed,-0.030088104387458868,0.0,0.0,0.0,heavy,0.5840000000000004
aluminum,partial,0.1623664862244602,0.9117489464816182,0.9117489464816182,0.0218,0.025524011634485144,0.047324011634485144,2700.0,,2349.9398082006683,0.11120857882362821,1.3629507307466975,1.321185018540427,9.244615038202162e-08,0.50-1.00,0.25-1.00,1.6666666666666667e-05,pneumatic_feed,-0.014675756602528168,0.0,0.0,0.0,heavy,0.9580000000000007
other_light,unresolved_nonmetal,,0.5761147795072934,0.1969237840553536,,,,,,1100.0,,0.6687354528475997,,1.1013322517686953e-07,0.50-1.00,0.25-1.00,1.6666666666666667e-05,pneumatic_feed,0.02939077803619778,0.6119876331539003,2.075997292435335e-65,-0.23643868215810407,active,
aluminum,partial,0.09176329786941784,0.5425908453186091,0.5425908453186091,0.0218,0.014425190425072482,0.03622519042507248,2700.0,,2441.5442356063763,0.088445404866079,1.1994550225003349,1.1782355769446007,2.6038753979114318e-08,0.50-1.00,0.25-1.00,1.6666666666666667e-05,pneumatic_feed,0.012279293397336065,0.0,0.0,0.0,heavy,1.476000000000001
aluminum,partial,0.08789090691258905,0.8893409343633374,0.8893409343633374,0.0218,0.013816450566658998,0.035616450566659,2700.0,,2448.220019411871,0.08719690729768784,1.2200617464380654,1.1698900191661217,6.896641424230511e-08,0.50-1.00,0.25-1.00,1.6666666666666667e-05,pneumatic_feed,-0.02277459140448059,0.0,0.0,0.0,heavy,1.310000000000001
copper,partial,0.0884108964109398,0.2806685794926931,0.2806685794926931,0.012,0.01290799087599721,0.02490799087599721,8900.0,,4806.007496628514,0.1197079908759972,1.3692974392993165,1.3707430921911123,9.429979206349356e-09,0.25-0.50,0.25-1.00,1.6666666666666667e-05,pneumatic_feed,0.023025436557623208,0.0,0.0,0.0,heavy,0.8880000000000007
other_light,unresolved_nonmetal,,0.8737085621222901,0.1176772050917681,,,,,,1100.0,,0.3142881068993236,,3.841413714897812e-07,0.50-1.00,0.25-1.00,1.6666666666666667e-05,pneumatic_feed,0.006211560459446114,2.25,0.0,0.0,light,3.173999999999872
aluminum,partial,0.2272992708991255,0.9216255815728027,0.9216255815728027,0.0218,0.03573144538534253,0.05753144538534253,2700.0,,2296.8927174608007,0.13214355793058705,1.4717416805975558,1.4401823791723376,1.1224190726807756e-07,0.50-1.00,0.25-1.00,1.6666666666666667e-05,pneumatic_feed,0.008541835192457155,0.0,0.0,0.0,heavy,0.7680000000000006
separator,film,,0.9526548888165149,0.9526548888165149,,,0.0139,,,900.0,0.01251,0.47321802528891077,0.44312183426231666,1.135346722819694e-08,0.50-1.00,0.25-1.00,1.6666666666666667e-05,pneumatic_feed,0.008606582417763525,2.25,0.0,0.0,light,4.401999999999737
aluminum,partial,0.15919385987460816,0.7549357709234891,0.7549357709234891,0.0218,0.0250252747722884,0.0468252747722884,2700.0,,2353.1243094249016,0.1101856923621724,1.3443977544725243,1.3150949119043303,6.279791328415419e-08,0.50-1.00,0.25-1.00,1.6666666666666667e-05,pneumatic_feed,0.02717164965277659,0.0,0.0,0.0,heavy,0.9580000000000007
aluminum,partial,0.15940017961603709,0.8811362446365707,0.8811362446365707,0.0218,0.025057708235641032,0.04685770823564103,2700.0,,2352.915156574947,0.11025221191000652,1.3555142822177249,1.3154918160670794,8.55999365770708e-08,0.50-1.00,0.25-1.00,1.6666666666666667e-05,pneumatic_feed,0.0346889477380372,0.0,0.0,0.0,heavy,0.9560000000000007
aluminum,bare_like,0.010717599687275967,0.9402999454616582,0.9402999454616582,0.0218,0.0016848066708397835,0.023484806670839783,2700.0,,2653.4372706823024,0.062315461315174646,1.0461260279337057,0.9889911429345469,5.5097086755288606e-08,0.50-1.00,0.25-1.00,1.6666666666666667e-05,pneumatic_feed,-0.02396180662915404,0.0,0.0,0.0,heavy,3.2859999999998597
other_light,unresolved_nonmetal,,0.6279166975281018,0.10932334634967604,,,,,,1100.0,,0.27985989282143725,,1.4259273638994856e-07,0.50-1.00,0.25-1.00,1.6666666666666667e-05,pneumatic_feed,0.033485061149742985,2.25,0.0,0.0,light,3.0439999999998864
aluminum,heavily_coated,0.3651099113089551,0.7427842445775144,0.7427842445775144,0.0218,0.05739527805776774,0.07919527805776774,2700.0,,2229.616346271558,0.17657508650512022,1.6381118999723283,1.6647890430274843,9.742149595957586e-08,0.50-1.00,0.25-1.00,1.6666666666666667e-05,pneumatic_feed,-0.0283903625478161,0.0,0.0,0.0,heavy,0.5940000000000004
aluminum,heavily_coated,0.35304035363103925,0.9745912456487082,0.9745912456487082,0.0218,0.055497943590799376,0.07729794359079938,2700.0,,2234.0017391450706,0.17268374041418336,1.6577012917063014,1.646342610011969,1.6401986838418437e-07,0.50-1.00,0.25-1.00,1.6666666666666667e-05,pneumatic_feed,-0.04042620846163026,0.0,0.0,0.0,heavy,0.5820000000000004
aluminum,heavily_coated,0.3950493977538164,0.931654496818656,0.931654496818656,0.0218,0.06210176532689994,0.08390176532689994,2700.0,,2219.594255308249,0.18622787632980795,1.7057365677136085,1.7096879092023392,1.616420909881537e-07,0.50-1.00,0.25-1.00,1.6666666666666667e-05,pneumatic_feed,-0.006696486920124838,0.0,0.0,0.0,heavy,0.5720000000000004
separator,film,,0.5845105987045383,0.5845105987045383,,,0.0139,,,900.0,0.01251,0.4690483295946271,0.44312183426231666,4.2740745263742e-09,0.50-1.00,0.25-1.00,1.6666666666666667e-05,pneumatic_feed,-0.015821215320583115,2.25,0.0,0.0,light,4.37399999999974
aluminum,partial,0.22727068249294347,0.78399723534433,0.78399723534433,0.0218,0.03572695128789071,0.05752695128789071,2700.0,,2296.911930571295,0.1321343407425499,1.4575665261171404,1.440132150983049,8.12165925447263e-08,0.50-1.00,0.25-1.00,1.6666666666666667e-05,pneumatic_feed,-0.0011947096021045522,0.0,0.0,0.0,heavy,0.7780000000000006
aluminum,partial,0.14943743569668294,0.8811196979294711,0.8811196979294711,0.0218,0.02349156489151856,0.04529156489151856,2700.0,,2363.356706692469,0.10704012364296756,1.3377738162001902,1.2961874018443549,8.310294653229905e-08,0.50-1.00,0.25-1.00,1.6666666666666667e-05,pneumatic_feed,-0.018316864016304682,0.0,0.0,0.0,heavy,0.9940000000000008
copper,heavily_coated,0.5007006645308917,0.5288645399067304,0.5288645399067304,0.012,0.07310229702151018,0.08510229702151018,8900.0,,2113.953480903561,0.17990229702151017,1.584076404902603,1.680400682590204,5.031825898421616e-08,0.50-1.00,0.25-1.00,1.6666666666666667e-05,pneumatic_feed,0.02648341940342189,0.0,0.0,0.0,heavy,0.6280000000000004
other_light,unresolved_nonmetal,,0.7231230888953009,0.12195142186023647,,,,,,1100.0,,0.3322265482004429,,2.1778501441012233e-07,0.50-1.00,0.25-1.00,1.6666666666666667e-05,pneumatic_feed,0.014312476498024935,2.25,0.0,0.0,light,3.319999999999856
aluminum,partial,0.07395740568949571,0.889784498861937,0.889784498861937,0.0218,0.011626104174388724,0.033426104174388724,2700.0,,2474.252061708079,0.08270460716835032,1.1909605553911196,1.1393557451974456,6.547859835111075e-08,0.50-1.00,0.25-1.00,1.6666666666666667e-05,pneumatic_feed,0.030421054034023537,0.0,0.0,0.0,heavy,1.498000000000001
aluminum,heavily_coated,0.3232638416418182,0.8078019151648026,0.8078019151648026,0.0218,0.050817075906093814,0.07261707590609381,2700.0,,2245.800910444717,0.1630834951837386,1.5964512129016615,1.5999245420968957,1.0641914554113829e-07,0.50-1.00,0.25-1.00,1.6666666666666667e-05,pneumatic_feed,-0.02260099763629025,0.0,0.0,0.0,heavy,0.6260000000000004
copper,partial,0.11133637119874185,0.46916615931328565,0.46916615931328565,0.012,0.01625511019501631,0.02825511019501631,8900.0,,4355.145293920001,0.1230551101950163,1.4231910907826506,1.389774445592153,2.7086507544969055e-08,0.25-0.50,0.25-1.00,1.6666666666666667e-05,pneumatic_feed,0.024355195052553964,0.0,0.0,0.0,heavy,0.7980000000000006
copper,partial,0.17783342762958265,0.5699324769088515,0.5699324769088515,0.012,0.025963680433919067,0.03796368043391907,8900.0,,3497.1235379828954,0.13276368043391906,1.4698626455030848,1.4435576635835485,4.3124700718230286e-08,0.50-1.00,0.25-1.00,1.6666666666666667e-05,pneumatic_feed,0.016416113706856895,0.0,0.0,0.0,heavy,0.7460000000000006
aluminum,partial,0.14759078779413726,0.858436221481282,0.858436221481282,0.0218,0.02320127184123838,0.04500127184123838,2700.0,,2365.37194478054,0.10644474589270779,1.332816149961958,1.292577553391649,7.844049003043607e-08,0.50-1.00,0.25-1.00,1.6666666666666667e-05,pneumatic_feed,-0.01192092674070689,0.0,0.0,0.0,heavy,0.9680000000000007
other_light,unresolved_nonmetal,,0.9977232826670622,0.08581394258892863,,,,,,1100.0,,0.18854574531723894,,5.720337175595031e-07,0.50-1.00,0.25-1.00,1.6666666666666667e-05,pneumatic_feed,-0.01990445759359897,2.25,0.0,0.0,light,2.621999999999933
copper,partial,0.46589795356263397,0.44161641098126303,0.44161641098126303,0.012,0.06802110122014456,0.08002110122014455,8900.0,,2184.6875205978167,0.17482110122014455,1.538133655890347,1.6564999259738555,3.409449478411309e-08,0.25-0.50,0.25-1.00,1.6666666666666667e-05,pneumatic_feed,0.022032363388695984,0.0,0.0,0.0,heavy,0.7120000000000005
aluminum,partial,0.13710951384828435,0.8598144404681527,0.8598144404681527,0.0218,0.021553615576950305,0.043353615576950305,2700.0,,2377.3214064900712,0.10306547835982535,1.313871876597706,1.2718945507925643,7.619433671882022e-08,0.50-1.00,0.25-1.00,1.6666666666666667e-05,pneumatic_feed,-0.028430061004805794,0.0,0.0,0.0,heavy,1.0040000000000007
black_mass,free,,0.29410734215626366,0.08598104806869786,,,,,,3060.0,,0.44759070233916415,,4.07603259386185e-08,0.25-0.50,0.25-1.00,1.6666666666666667e-05,pneumatic_feed,-0.02014829514399384,2.25,0.0,0.0,light,4.139999999999766
separator,film,,0.6061659838172526,0.6061659838172526,,,0.0139,,,900.0,0.01251,0.46942918811449685,0.44312183426231666,4.596639371213593e-09,0.50-1.00,0.25-1.00,1.6666666666666667e-05,pneumatic_feed,-0.032949463750982254,2.25,0.0,0.0,light,4.37599999999974
aluminum,partial,0.07853963031460481,0.5652151598975448,0.5652151598975448,0.0218,0.012346429885455881,0.03414642988545588,2700.0,,2465.322509325863,0.08418196220973173,1.1768025772879012,1.1494868763252364,2.6893458001574477e-08,0.50-1.00,0.25-1.00,1.6666666666666667e-05,pneumatic_feed,8.419963825814226e-05,0.0,0.0,0.0,heavy,1.5500000000000012
aluminum,partial,0.24536594093139177,0.6504546372623484,0.6504546372623484,0.0218,0.03857152591441479,0.06037152591441479,2700.0,,2285.3229386860266,0.13796843301569,1.4647732576713592,1.4715816404855935,5.837323473439963e-08,0.50-1.00,0.25-1.00,1.6666666666666667e-05,pneumatic_feed,-0.0013003719920256739,0.0,0.0,0.0,heavy,0.7820000000000006
aluminum,partial,0.22638161320563488,0.5531719503551329,0.5531719503551329,0.0218,0.03558718959592581,0.05738718959592581,2700.0,,2297.510940019778,0.13184769591362874,1.4188976194507434,1.438569231931615,4.034529034947998e-08,0.50-1.00,0.25-1.00,1.6666666666666667e-05,pneumatic_feed,-0.0005494799763541463,0.0,0.0,0.0,heavy,0.8060000000000006
aluminum,bare_like,0.04750206385736855,0.8161150536416344,0.8161150536416344,0.0218,0.007467324438378338,0.029267324438378338,2700.0,,2534.4011395516595,0.0741751404082542,1.1296761102678996,1.079005562473131,4.9403890957437155e-08,0.50-1.00,0.25-1.00,1.6666666666666667e-05,pneumatic_feed,0.02400737480113261,0.0,0.0,0.0,heavy,1.9780000000000015
aluminum,partial,0.14620687118927622,0.997838620821957,0.997838620821957,0.0218,0.02298372015095422,0.04478372015095422,2700.0,,2366.8993326780605,0.10599855734013455,1.339192755343774,1.2898656348669624,1.055408463692748e-07,0.50-1.00,0.25-1.00,1.6666666666666667e-05,pneumatic_feed,0.031319251295685704,0.0,0.0,0.0,heavy,0.9800000000000008
black_mass,free,,0.3255538657426938,0.04599586175076323,,,,,,3060.0,,0.15947632841129775,,5.528262019544468e-08,0.25-0.50,0.25-1.00,1.6666666666666667e-05,pneumatic_feed,0.020733064939146905,2.25,0.0,0.0,light,2.545999999999941
aluminum,partial,0.0956668447781317,0.6496164706748557,0.6496164706748557,0.0218,0.015038827999122303,0.0368388279991223,2700.0,,2435.0380372322015,0.08970394742491744,1.218817688739045,1.1865888752139488,3.7855205659262485e-08,0.50-1.00,0.25-1.00,1.6666666666666667e-05,pneumatic_feed,-0.005361407723186661,0.0,0.0,0.0,heavy,1.336000000000001
aluminum,partial,0.10497193240773317,0.5081521899448572,0.5081521899448572,0.0218,0.01650158777449566,0.03830158777449566,2700.0,,2420.369653430065,0.09270400072757726,1.2187659354494833,1.2062677958977652,2.3937901745578018e-08,0.50-1.00,0.25-1.00,1.6666666666666667e-05,pneumatic_feed,-0.02132396645224275,0.0,0.0,0.0,heavy,1.284000000000001
copper,partial,0.3009682278591722,0.7689570432724167,0.7689570432724167,0.012,0.04394136126743914,0.055941361267439135,8900.0,,2694.631625905369,0.15074136126743914,1.557726021310536,1.5381925778177858,8.913260332173444e-08,0.50-1.00,0.25-1.00,1.6666666666666667e-05,pneumatic_feed,-0.026946493694183598,0.0,0.0,0.0,heavy,0.6880000000000005
separator,film,,0.7509322986182847,0.7509322986182847,,,0.0139,,,900.0,0.01251,0.4714260587644575,0.44312183426231666,7.05438045702284e-09,0.50-1.00,0.25-1.00,1.6666666666666667e-05,pneumatic_feed,-0.0195835192173726,2.25,0.0,0.0,light,4.387999999999739
other_light,unresolved_nonmetal,,0.7238629055492605,0.1770185116991962,,,,,,1100.0,,0.5766987770914741,,2.184541364995171e-07,0.50-1.00,0.25-1.00,1.6666666666666667e-05,pneumatic_feed,0.028679927748045928,2.25,0.0,0.0,light,6.075999999999553
copper,partial,0.28208322182309886,0.5857982536569002,0.5857982536569002,0.012,0.04118415038617243,0.05318415038617243,8900.0,,2782.485934468316,0.14798415038617244,1.5196783374379625,1.5240601118267492,5.078218096310022e-08,0.50-1.00,0.25-1.00,1.6666666666666667e-05,pneumatic_feed,-0.0007202270873395767,0.0,0.0,0.0,heavy,0.6880000000000005
aluminum,partial,0.10052109727049147,0.7550232014090907,0.7550232014090907,0.0218,0.01580191649092126,0.03760191649092126,2700.0,,2427.2434888529006,0.09126900697097914,1.2371004291367802,1.19689528924484,5.2028813277810725e-08,0.50-1.00,0.25-1.00,1.6666666666666667e-05,pneumatic_feed,0.023312524389919764,0.0,0.0,0.0,heavy,1.2500000000000009
separator,film,,0.7166812821082257,0.7166812821082257,,,0.0139,,,900.0,0.01251,0.4710244230512779,0.44312183426231666,6.425537072154871e-09,0.50-1.00,0.25-1.00,1.6666666666666667e-05,pneumatic_feed,0.007020705558442263,2.25,0.0,0.0,light,4.383999999999739
aluminum,partial,0.21570383664599257,0.7497482169701807,0.7497482169701807,0.0218,0.03390864312075004,0.05570864312075004,2700.0,,2304.939894061194,0.12840507397303447,1.4356922785240605,1.4196640592339969,7.217936692217862e-08,0.50-1.00,0.25-1.00,1.6666666666666667e-05,pneumatic_feed,-0.02655055467402596,0.0,0.0,0.0,heavy,0.7780000000000006
aluminum,bare_like,0.023304280084156134,0.7955336265449466,0.7955336265449466,0.0218,0.003663432829229346,0.025463432829229346,2700.0,,2606.6215575514602,0.06637353294193278,1.0724878717058752,1.0206855407306292,4.200606675767733e-08,0.50-1.00,0.25-1.00,1.6666666666666667e-05,pneumatic_feed,0.0020406930441529995,0.0,0.0,0.0,heavy,2.765999999999917
aluminum,partial,0.11343421398159487,0.8829974368134579,0.8829974368134579,0.0218,0.017831858437906717,0.03963185843790672,2700.0,,2407.969968890678,0.095432324929806,1.2706961551115956,1.2238896078071073,7.440710201005972e-08,0.50-1.00,0.25-1.00,1.6666666666666667e-05,pneumatic_feed,0.008683233697571395,0.0,0.0,0.0,heavy,1.1580000000000008
copper,partial,0.14707372080455638,0.8690466486547601,0.8690466486547601,0.012,0.02147276323746523,0.03347276323746523,8900.0,,3832.1533937148247,0.12827276323746523,1.4820189168673132,1.4189324479252896,9.68769881990122e-08,0.50-1.00,0.25-1.00,1.6666666666666667e-05,pneumatic_feed,-0.035225102251022204,0.0,0.0,0.0,heavy,0.7400000000000005
copper,partial,0.2149575377510543,0.38806984449407167,0.38806984449407167,0.012,0.03138380051165393,0.04338380051165393,8900.0,,3185.1474255819157,0.1381838005116539,1.4431060850449822,1.472729755532535,2.0810232207367268e-08,0.25-0.50,0.25-1.00,1.6666666666666667e-05,pneumatic_feed,-0.03497855973695269,0.0,0.0,0.0,heavy,0.7600000000000006
other_light,unresolved_nonmetal,,0.7066703396867418,0.1899637400963353,,,,,,1100.0,,0.636431352966371,,2.032553089586336e-07,0.50-1.00,0.25-1.00,1.6666666666666667e-05,pneumatic_feed,-0.02752235247235487,2.25,0.0,0.0,light,8.56799999999953
copper,partial,0.25308372551803393,0.5102119683872147,0.5102119683872147,0.012,0.03695022392563295,0.048950223925632946,8900.0,,2936.6612120921814,0.14375022392563294,1.491309984220604,1.5020997019960876,3.742051961503035e-08,0.50-1.00,0.25-1.00,1.6666666666666667e-05,pneumatic_feed,0.03612209498486069,0.0,0.0,0.0,heavy,0.7280000000000005
copper,partial,0.1388740909305256,0.8920349464020421,0.8920349464020421,0.012,0.020275617275856733,0.03227561727585673,8900.0,,3937.2017640980534,0.12707561727585673,1.4783011142536895,1.4122956095527053,1.0111741655009862e-07,0.50-1.00,0.25-1.00,1.6666666666666667e-05,pneumatic_feed,0.026350352183137315,0.0,0.0,0.0,heavy,0.7560000000000006
aluminum,bare_like,0.019550996563960314,0.46533669073491885,0.46533669073491885,0.0218,0.0030734166598545623,0.024873416659854562,2700.0,,2619.80240564858,0.06516343680218645,1.041876668294484,1.0113383726760883,1.4110375640169274e-08,0.25-0.50,0.25-1.00,1.6666666666666667e-05,pneumatic_feed,-0.001235988933821763,0.0,0.0,0.0,heavy,3.499999999999836
aluminum,partial,0.13303547309929092,0.641754519143745,0.641754519143745,0.0218,0.020913176371208535,0.042713176371208535,2700.0,,2382.214939896857,0.10175196688194238,1.286750055719432,1.263763772300412,4.190643185220574e-08,0.50-1.00,0.25-1.00,1.6666666666666667e-05,pneumatic_feed,0.021744468535093497,0.0,0.0,0.0,heavy,1.0520000000000007
separator,film,,0.794343947687902,0.794343947687902,,,0.0139,,,900.0,0.01251,0.4718866057417824,0.44312183426231666,7.893588663427289e-09,0.50-1.00,0.25-1.00,1.6666666666666667e-05,pneumatic_feed,0.014782064715225952,2.25,0.0,0.0,light,4.387999999999739
separator,film,,0.9604388700673372,0.9604388700673372,,,0.0139,,,900.0,0.01251,0.47327240731379383,0.44312183426231666,1.1539759717434155e-08,0.50-1.00,0.25-1.00,1.6666666666666667e-05,pneumatic_feed,0.02968805974976443,2.25,0.0,0.0,light,4.401999999999737
aluminum,heavily_coated,0.29258294804038265,0.6117424913305884,0.6117424913305884,0.0218,0.045994039431948144,0.06779403943194814,2700.0,,2259.6627898456177,0.15319166827769976,1.5205444209241608,1.550643874423388,5.732874578607214e-08,0.50-1.00,0.25-1.00,1.6666666666666667e-05,pneumatic_feed,-0.029666468194641613,0.0,0.0,0.0,heavy,0.7480000000000006
aluminum,partial,0.08353594800597153,0.6556736303321695,0.6556736303321695,0.0218,0.013131851026538723,0.03493185102653872,2700.0,,2456.005693240419,0.08579282499660529,1.1956451456041512,1.1604327559780088,3.688301404550236e-08,0.50-1.00,0.25-1.00,1.6666666666666667e-05,pneumatic_feed,0.024943581752721378,0.0,0.0,0.0,heavy,1.494000000000001
aluminum,partial,0.26538490113976854,0.8614487198641417,0.8614487198641417,0.0218,0.04171850645917162,0.06351850645917162,2700.0,,2273.7113012772857,0.14442274597647278,1.5233567317197352,1.5056093187964523,1.0717523837070484e-07,0.50-1.00,0.25-1.00,1.6666666666666667e-05,pneumatic_feed,-0.014987206949405842,0.0,0.0,0.0,heavy,0.7060000000000005
other_light,unresolved_nonmetal,,0.6055847294503653,0.18316245243124477,,,,,,1100.0,,0.6049839847682917,,1.2791340316166619e-07,0.50-1.00,0.25-1.00,1.6666666666666667e-05,pneumatic_feed,-0.004205288341728974,2.25,0.0,0.0,light,6.853999999999467
copper,partial,0.15812961194291386,0.879882192891448,0.879882192891448,0.012,0.02308692334366542,0.03508692334366542,8900.0,,3701.8612909277817,0.12988692334366542,1.4894264155071437,1.4278323251706317,1.005575044189071e-07,0.50-1.00,0.25-1.00,1.6666666666666667e-05,pneumatic_feed,-0.01804640453891649,0.0,0.0,0.0,heavy,0.7520000000000006
aluminum,partial,0.16693567768691348,0.6982488414478438,0.6982488414478438,0.0218,0.0262422885323828,0.0480422885323828,2700.0,,2345.4696952474465,0.11268173184303777,1.3514135709598134,1.3299069377247121,5.493814113821617e-08,0.50-1.00,0.25-1.00,1.6666666666666667e-05,pneumatic_feed,-0.010350089111264065,0.0,0.0,0.0,heavy,0.9580000000000007
aluminum,partial,0.17796775053891867,0.9734830799413098,0.9734830799413098,0.0218,0.02797653038471802,0.04977653038471802,2700.0,,2335.208612429511,0.11623858245125276,1.3944068765327493,1.350733426755577,1.10155736870339e-07,0.50-1.00,0.25-1.00,1.6666666666666667e-05,pneumatic_feed,0.010440402356216896,0.0,0.0,0.0,heavy,0.8960000000000007
other_light,unresolved_nonmetal,,0.7151942014301691,0.12885389349873244,,,,,,1100.0,,0.3616073937228734,,2.106993818641087e-07,0.50-1.00,0.25-1.00,1.6666666666666667e-05,pneumatic_feed,-0.006461939470961176,2.25,0.0,0.0,light,3.4699999999998394
aluminum,heavily_coated,0.3568913976761207,0.8495863075157466,0.8495863075157466,0.0218,0.05610332771468618,0.07790332771468618,2700.0,,2232.5792828997473,0.17392535552475807,1.646150228453021,1.6522507014120476,1.2553878139139613e-07,0.50-1.00,0.25-1.00,1.6666666666666667e-05,pneumatic_feed,0.026204337066510687,0.0,0.0,0.0,heavy,0.5880000000000004
copper,partial,0.27320298807045784,0.26271810718852684,0.26271810718852684,0.012,0.03988763625828684,0.05188763625828684,8900.0,,2827.024833586628,0.14668763625828685,1.3924689257187208,1.5173691504410094,1.0124498568629187e-08,0.25-0.50,0.25-1.00,1.6666666666666667e-05,pneumatic_feed,-0.0308394638825473,0.0,0.0,0.0,heavy,0.8620000000000007
other_light,unresolved_nonmetal,,0.9987742831530841,0.17952956911833848,,,,,,1100.0,,0.5882436754789084,,5.738433613539701e-07,0.50-1.00,0.25-1.00,1.6666666666666667e-05,pneumatic_feed,-0.019674485551377557,2.25,0.0,0.0,light,6.355999999999522
other_light,unresolved_nonmetal,,0.7568063374133771,0.14473352203955422,,,,,,1100.0,,0.43084747220945135,,2.49658057959359e-07,0.50-1.00,0.25-1.00,1.6666666666666667e-05,pneumatic_feed,-0.016323549433618988,2.25,0.0,0.0,light,4.021999999999779
other_light,unresolved_nonmetal,,0.6344931735429828,0.14757316098436052,,,,,,1100.0,,0.4434360021742019,,1.4712015345543684e-07,0.50-1.00,0.25-1.00,1.6666666666666667e-05,pneumatic_feed,0.03256249508809951,2.25,0.0,0.0,light,4.115999999999769
aluminum,partial,0.050037844062353176,0.7323360574005524,0.7323360574005524,0.0218,0.007865949086601917,0.029665949086601917,2700.0,,2527.9050093837172,0.07499270130414329,1.1309907353525703,1.084935684577585,4.0219793164569855e-08,0.50-1.00,0.25-1.00,1.6666666666666667e-05,pneumatic_feed,-0.04533373597197013,0.0,0.0,0.0,heavy,1.9660000000000015
aluminum,partial,0.11093330701520926,0.5886119195193904,0.5886119195193904,0.0218,0.017438715862790895,0.039238715862790895,2700.0,,2411.5469997963196,0.09462600751477362,1.2407625044678647,1.2187082562910152,3.278450429169378e-08,0.50-1.00,0.25-1.00,1.6666666666666667e-05,pneumatic_feed,0.016963244485479083,0.0,0.0,0.0,heavy,1.256000000000001
copper,bare_like,0.025800378816047947,0.6494406605196009,0.6494406605196009,0.012,0.0037668553071430015,0.015766855307143002,8900.0,,7012.6130514467195,0.110566855307143,1.3945974570771755,1.3173675876158928,4.6634133229670706e-08,0.50-1.00,0.25-1.00,1.6666666666666667e-05,pneumatic_feed,0.0036537019226071145,0.0,0.0,0.0,heavy,0.8740000000000007
copper,partial,0.1399720118101645,0.34531744424972743,0.34531744424972743,0.012,0.020435913724284018,0.03243591372428402,8900.0,,3922.686279345521,0.127235913724284,1.4054798649133764,1.413186081808182,1.5172136766032003e-08,0.25-0.50,0.25-1.00,1.6666666666666667e-05,pneumatic_feed,-0.008255737650349594,0.0,0.0,0.0,heavy,0.8220000000000006
aluminum,partial,0.11456668134639697,0.6910476077513217,0.6910476077513217,0.0218,0.018009882307653602,0.0398098823076536,2700.0,,2406.3734474913135,0.09579744373289184,1.2585141558340078,1.2262286397044682,4.5747762336763714e-08,0.50-1.00,0.25-1.00,1.6666666666666667e-05,pneumatic_feed,0.033602298545380764,0.0,0.0,0.0,heavy,1.2060000000000008
copper,partial,0.20897565648987604,0.3997386809756784,0.3997386809756784,0.012,0.0305104458475219,0.0425104458475219,8900.0,,3230.0401256677537,0.1373104458475219,1.4449906720562544,1.4680683764807088,2.194097524681833e-08,0.25-0.50,0.25-1.00,1.6666666666666667e-05,pneumatic_feed,0.012930086322277042,0.0,0.0,0.0,heavy,0.7840000000000006
other_light,unresolved_nonmetal,,0.704615365736295,0.19212492339401901,,,,,,1100.0,,0.6464500836948492,,2.0148728118023278e-07,0.50-1.00,0.25-1.00,1.6666666666666667e-05,pneumatic_feed,-0.03272154097292085,2.127808688909272,1.0209497581887425e-66,-0.03334832598925998,active,
aluminum,partial,0.19653238832495723,0.8314722906254982,0.8314722906254982,0.0218,0.030894891444683277,0.05269489144468328,2700.0,,2319.465966604271,0.12222400731984945,1.414232765008819,1.3850732900797549,8.449909935216494e-08,0.50-1.00,0.25-1.00,1.6666666666666667e-05,pneumatic_feed,-0.007251585176127032,0.0,0.0,0.0,heavy,0.8180000000000006
aluminum,partial,0.2552702737666225,0.9857787138065195,0.9857787138065195,0.0218,0.040128487036113054,0.061928487036113054,2700.0,,2279.430609741516,0.14116168896509676,1.520591387480701,1.4885139804503547,1.3717523665154353e-07,0.50-1.00,0.25-1.00,1.6666666666666667e-05,pneumatic_feed,-0.0032061555941598186,0.0,0.0,0.0,heavy,0.7020000000000005
aluminum,partial,0.18249220604312727,0.8025775835400126,0.8025775835400126,0.0218,0.02868777478997961,0.05048777478997961,2700.0,,2331.2041903206286,0.11769731215036466,1.3883759406114105,1.3591824791072478,7.581246119695329e-08,0.50-1.00,0.25-1.00,1.6666666666666667e-05,pneumatic_feed,-0.029128105188413172,0.0,0.0,0.0,heavy,0.8620000000000007
copper,partial,0.07023255142151331,0.6349454911594752,0.6349454911594752,0.012,0.010253952507540944,0.022253952507540944,8900.0,,5259.917422214153,0.11705395250754094,1.4203685146097178,1.3554625920911143,4.7190977144103364e-08,0.50-1.00,0.25-1.00,1.6666666666666667e-05,pneumatic_feed,-0.010180088321184798,0.0,0.0,0.0,heavy,0.8020000000000006
other_light,unresolved_nonmetal,,0.5926020527569595,0.19828244822165886,,,,,,1100.0,,0.6750538563833506,,1.198617908157436e-07,0.50-1.00,0.25-1.00,1.6666666666666667e-05,pneumatic_feed,0.014235068303853737,0.6086778700529051,1.4348008376385872e-64,-0.23766968818558998,active,
aluminum,heavily_coated,0.27934013814922537,0.7471595933954192,0.7471595933954192,0.0218,0.043912269717058236,0.06571226971705824,2700.0,,2266.2746939333474,0.14892205394069175,1.5280882860779073,1.5288821271285429,8.313535805294823e-08,0.50-1.00,0.25-1.00,1.6666666666666667e-05,pneumatic_feed,-0.023098500629488823,0.0,0.0,0.0,heavy,0.6780000000000005
black_mass,free,,0.42399616433073184,0.043060944853546036,,,,,,3540.0,,0.16242120258323528,,1.412822711438257e-07,0.25-0.50,0.25-1.00,1.6666666666666667e-05,pneumatic_feed,-0.02105656205641897,2.25,0.0,0.0,light,2.5539999999999403
copper,partial,0.3833138039555122,0.3677798564906537,0.3677798564906537,0.012,0.05596381537750478,0.06796381537750477,8900.0,,2394.8598893901667,0.16276381537750478,1.4802798301388933,1.5983556694820198,2.201576291316412e-08,0.25-0.50,0.25-1.00,1.6666666666666667e-05,pneumatic_feed,-0.0035462853291158137,0.0,0.0,0.0,heavy,0.7560000000000006
other_light,unresolved_nonmetal,,0.6581863964615537,0.11471157951013058,,,,,,1100.0,,0.30196623563564096,,1.642245246028281e-07,0.50-1.00,0.25-1.00,1.6666666666666667e-05,pneumatic_feed,0.0011191549295940183,2.25,0.0,0.0,light,3.1259999999998773
separator,film,,0.36026281348044553,0.36026281348044553,,,0.0139,,,900.0,0.01251,0.4625577811070456,0.44312183426231666,1.623664077658347e-09,0.25-0.50,0.25-1.00,1.6666666666666667e-05,pneumatic_feed,-0.028168365842071937,2.25,0.0,0.0,light,4.331999999999745
aluminum,partial,0.08963201873121612,0.8458126989038861,0.8458126989038861,0.0218,0.014090153344547177,0.03589015334454718,2700.0,,2445.1904208000437,0.0877582591591314,1.2212889449320723,1.1736497074347723,6.278218151796388e-08,0.50-1.00,0.25-1.00,1.6666666666666667e-05,pneumatic_feed,-0.03715333399519034,0.0,0.0,0.0,heavy,1.302000000000001
aluminum,partial,0.16279565041560323,0.751453252116274,0.751453252116274,0.0218,0.025591476245332825,0.047391476245332825,2700.0,,2349.5141842402563,0.11134694565049463,1.3502132137591638,1.3220066788523286,6.287561486327327e-08,0.50-1.00,0.25-1.00,1.6666666666666667e-05,pneumatic_feed,0.010197811084403957,0.0,0.0,0.0,heavy,0.9840000000000008
aluminum,heavily_coated,0.33278272865537323,0.8339200972347112,0.8339200972347112,0.0218,0.05231344494462467,0.07411344494462467,2700.0,,2241.8669064691703,0.16615247954577889,1.6127983099611483,1.614908455284864,1.155462106847207e-07,0.50-1.00,0.25-1.00,1.6666666666666667e-05,pneumatic_feed,-0.012030670827235116,0.0,0.0,0.0,heavy,0.6200000000000004
separator,film,,0.7683351941198094,0.7683351941198094,,,0.0139,,,900.0,0.01251,0.4716167691986219,0.44312183426231666,7.385140521244297e-09,0.50-1.00,0.25-1.00,1.6666666666666667e-05,pneumatic_feed,0.027287907407130527,2.25,0.0,0.0,light,4.387999999999739
aluminum,partial,0.1305585207702984,0.6137202217291632,0.6137202217291632,0.0218,0.020523799465090906,0.042323799465090906,2700.0,,2385.2625226811047,0.10095337268155191,1.2789783942566542,1.258794716230426,3.8024341269934494e-08,0.50-1.00,0.25-1.00,1.6666666666666667e-05,pneumatic_feed,-0.011928948478901594,0.0,0.0,0.0,heavy,1.1020000000000008
aluminum,bare_like,0.04604297142903924,0.9033646877699979,0.9033646877699979,0.0218,0.007237955108644969,0.02903795510864497,2700.0,,2538.219862337817,0.07370471441843654,1.1300151185416591,1.075578540838269,6.014804113128023e-08,0.50-1.00,0.25-1.00,1.6666666666666667e-05,pneumatic_feed,-0.04050715293082703,0.0,0.0,0.0,heavy,1.9980000000000016
aluminum,partial,0.07623106031151627,0.6390378010610646,0.6390378010610646,0.0218,0.01198352268097036,0.03378352268097036,2700.0,,2469.773710189046,0.08343765615503596,1.1795584167010997,1.1443939230044191,3.407337817091963e-08,0.50-1.00,0.25-1.00,1.6666666666666667e-05,pneumatic_feed,0.036358082910626796,0.0,0.0,0.0,heavy,1.5280000000000011
aluminum,partial,0.10734688131534165,0.849964449593746,0.849964449593746,0.0218,0.01687492974277171,0.03867492974277171,2700.0,,2416.803563097582,0.0934697080048793,1.2568500281809363,1.2112392566477466,6.752621524529881e-08,0.50-1.00,0.25-1.00,1.6666666666666667e-05,pneumatic_feed,-0.021763130155818523,0.0,0.0,0.0,heavy,1.2160000000000009
copper,partial,0.40374295388843623,0.48904064903868505,0.48904064903868505,0.012,0.058946471267711686,0.07094647126771168,8900.0,,2336.2186773501203,0.1657464712677117,1.5390764140180497,1.6129341626421094,3.964005144103531e-08,0.25-0.50,0.25-1.00,1.6666666666666667e-05,pneumatic_feed,0.0033173211958114,0.0,0.0,0.0,heavy,0.6880000000000005
other_light,unresolved_nonmetal,,0.8817603176346838,0.11333561095012759,,,,,,1100.0,,0.2962856707372347,,3.9485983331148086e-07,0.50-1.00,0.25-1.00,1.6666666666666667e-05,pneumatic_feed,0.023194783066519845,2.25,0.0,0.0,light,3.1059999999998795
aluminum,partial,0.09650278952356545,0.9787388782922843,0.9787388782922843,0.0218,0.015170238513104492,0.03697023851310449,2700.0,,2433.672813292798,0.08997346437029274,1.241950981492952,1.1883701009181085,8.618826199903264e-08,0.50-1.00,0.25-1.00,1.6666666666666667e-05,pneumatic_feed,-0.016675539043007746,0.0,0.0,0.0,heavy,1.2420000000000009
aluminum,bare_like,0.01486956403849953,0.9125786012126491,0.9125786012126491,0.0218,0.002337495466852125,0.024137495466852125,2700.0,,2637.145855876738,0.06365409614165264,1.0558199610867351,0.999557248505247,5.30111123864055e-08,0.50-1.00,0.25-1.00,1.6666666666666667e-05,pneumatic_feed,-0.01453966421950991,0.0,0.0,0.0,heavy,3.0439999999998864
copper,partial,0.2580114722990975,0.8251244613047384,0.8251244613047384,0.012,0.03766967495566824,0.049669674955668236,8900.0,,2908.6092285607265,0.14446967495566823,1.5419934798594026,1.505853916588249,9.835934321362217e-08,0.50-1.00,0.25-1.00,1.6666666666666667e-05,pneumatic_feed,0.03798193155734147,0.0,0.0,0.0,heavy,0.6880000000000005
aluminum,heavily_coated,0.2959637360205557,0.5733008396935448,0.5733008396935448,0.0218,0.046525499302431356,0.06832549930243136,2700.0,,2258.039380692784,0.15428166813038735,1.5156101812973841,1.5561507198772746,5.0708350279795337e-08,0.50-1.00,0.25-1.00,1.6666666666666667e-05,pneumatic_feed,0.0479455130221148,0.0,0.0,0.0,heavy,0.7140000000000005
separator,film,,0.8650494830427593,0.8650494830427593,,,0.0139,,,900.0,0.01251,0.47254006486541017,0.44312183426231666,9.361365707487941e-09,0.50-1.00,0.25-1.00,1.6666666666666667e-05,pneumatic_feed,0.019732876971860328,2.25,0.0,0.0,light,4.393999999999738
copper,partial,0.07374900780447356,0.7897097094748562,0.7897097094748562,0.012,0.01076735513945314,0.02276735513945314,8900.0,,5163.85651382592,0.11756735513945313,1.4318219206916165,1.358431892392422,7.331987292073198e-08,0.50-1.00,0.25-1.00,1.6666666666666667e-05,pneumatic_feed,-0.018893950108422725,0.0,0.0,0.0,heavy,0.7880000000000006
separator,film,,0.6131107917740213,0.6131107917740213,,,0.0139,,,900.0,0.01251,0.4695458159025254,0.44312183426231666,4.702569585801988e-09,0.50-1.00,0.25-1.00,1.6666666666666667e-05,pneumatic_feed,0.02430199103713321,2.25,0.0,0.0,light,4.37599999999974
aluminum,heavily_coated,0.36936590459904134,0.6637932523584178,0.6637932523584178,0.0218,0.0580643202029693,0.0798643202029693,2700.0,,2228.1196515482384,0.1779472613017769,1.6262093243716211,1.6712451087116726,7.840738597066547e-08,0.50-1.00,0.25-1.00,1.6666666666666667e-05,pneumatic_feed,0.011948524155898518,0.0,0.0,0.0,heavy,0.6180000000000004
copper,partial,0.4434453760844581,0.7440202678893642,0.7440202678893642,0.012,0.06474302490833088,0.07674302490833088,8900.0,,2235.2914172100736,0.1715430249083309,1.6192447036935997,1.6408958891292165,9.496041340692003e-08,0.50-1.00,0.25-1.00,1.6666666666666667e-05,pneumatic_feed,-0.01721760987520691,0.0,0.0,0.0,heavy,0.5980000000000004
aluminum,partial,0.10865683117995023,0.6681172838399025,0.6681172838399025,0.0218,0.01708085386148818,0.03888085386148818,2700.0,,2414.8659202602707,0.09389204894072775,1.2452816928946957,1.2139726521522891,4.1911598996827504e-08,0.50-1.00,0.25-1.00,1.6666666666666667e-05,pneumatic_feed,-0.010477887967673403,0.0,0.0,0.0,heavy,1.254000000000001
copper,heavily_coated,0.6899535448429648,0.436487237472695,0.436487237472695,0.012,0.10073321754707285,0.11273321754707284,8900.0,,1840.9233947431278,0.20753321754707288,1.5883384262698323,1.804838325894831,3.953945865277226e-08,0.25-0.50,0.25-1.00,1.6666666666666667e-05,pneumatic_feed,-0.024546863413050946,0.0,0.0,0.0,heavy,0.6340000000000005
separator,film,,0.9802625401895002,0.9802625401895002,,,0.0139,,,900.0,0.01251,0.4734070835761031,0.44312183426231666,1.2021042242711635e-08,0.50-1.00,0.25-1.00,1.6666666666666667e-05,pneumatic_feed,-0.03261954302148309,2.25,0.0,0.0,light,4.405999999999737
other_light,unresolved_nonmetal,,0.9619038208882916,0.1714419798954716,,,,,,1100.0,,0.5511438242894592,,5.126090355128591e-07,0.50-1.00,0.25-1.00,1.6666666666666667e-05,pneumatic_feed,0.006029083953181552,2.25,0.0,0.0,light,5.55599999999961
copper,partial,0.15333272052876834,0.7999138397525795,0.7999138397525795,0.012,0.022386577197200174,0.034386577197200174,8900.0,,3756.8896856567276,0.12918657719720017,1.4811476737296836,1.423977708985381,8.266160116930852e-08,0.50-1.00,0.25-1.00,1.6666666666666667e-05,pneumatic_feed,0.028998104899053866,0.0,0.0,0.0,heavy,0.7380000000000005
separator,film,,0.5758701714716362,0.5758701714716362,,,0.0139,,,900.0,0.01251,0.4688886499954191,0.44312183426231666,4.1486469444285535e-09,0.50-1.00,0.25-1.00,1.6666666666666667e-05,pneumatic_feed,-0.011622625327530837,2.25,0.0,0.0,light,4.3719999999997405
aluminum,heavily_coated,0.2801523573076848,0.5981263552420287,0.5981263552420287,0.0218,0.04403995056876804,0.06583995056876804,2700.0,,2265.857131283112,0.14918392151957063,1.5014386591279607,1.530225745493514,5.337131425683284e-08,0.50-1.00,0.25-1.00,1.6666666666666667e-05,pneumatic_feed,-0.030333080488216282,0.0,0.0,0.0,heavy,0.7280000000000005
aluminum,partial,0.17056967187572636,0.7331648085916079,0.7331648085916079,0.0218,0.026813552418864184,0.048613552418864184,2700.0,,2342.008807101142,0.11385336790945294,1.36141286577541,1.3368030755151536,6.119967332654581e-08,0.50-1.00,0.25-1.00,1.6666666666666667e-05,pneumatic_feed,-0.0007497592111163294,0.0,0.0,0.0,heavy,0.9420000000000007
aluminum,partial,0.056667830888032344,0.8953432849308637,0.8953432849308637,0.0218,0.008908183015598686,0.030708183015598686,2700.0,,2511.7173268581546,0.07713027535661052,1.1536418743405965,1.100289417379518,6.183068292053654e-08,0.50-1.00,0.25-1.00,1.6666666666666667e-05,pneumatic_feed,0.012167117016570842,0.0,0.0,0.0,heavy,1.7340000000000013
aluminum,heavily_coated,0.2965910147718941,0.6710035703235044,0.6710035703235044,0.0218,0.04662410752214176,0.06842410752214176,2700.0,,2257.7409434623023,0.15448390907260637,1.5381251980588362,1.5571703300550104,6.955572989693604e-08,0.50-1.00,0.25-1.00,1.6666666666666667e-05,pneumatic_feed,0.0031395667513207035,0.0,0.0,0.0,heavy,0.6900000000000005
aluminum,partial,0.09775664066817241,0.8767699369178596,0.8767699369178596,0.0218,0.015367343913036707,0.03716734391303671,2700.0,,2431.643184653958,0.09037771851782547,1.239427540096222,1.1910368045764954,6.94756588703566e-08,0.50-1.00,0.25-1.00,1.6666666666666667e-05,pneumatic_feed,0.00649526126222463,0.0,0.0,0.0,heavy,1.266000000000001
aluminum,bare_like,0.04677792959147076,0.5254179145711,0.5254179145711,0.0218,0.007353490531779201,0.0291534905317792,2700.0,,2536.2888261693693,0.07394167227958609,1.1077944352736107,1.077306125528108,2.041263270353539e-08,0.50-1.00,0.25-1.00,1.6666666666666667e-05,pneumatic_feed,-0.0050026567217990895,0.0,0.0,0.0,heavy,2.227999999999976
separator,film,,0.7492942240300625,0.7492942240300625,,,0.0139,,,900.0,0.01251,0.4714076639222726,0.44312183426231666,7.023637345401816e-09,0.50-1.00,0.25-1.00,1.6666666666666667e-05,pneumatic_feed,0.0005036810736785939,2.25,0.0,0.0,light,4.383999999999739
aluminum,heavily_coated,0.35780614293676777,0.7032051537738531,0.7032051537738531,0.0218,0.05624712566965989,0.07804712566965989,2700.0,,2232.2446476971263,0.1742202785442433,1.6213257726904258,1.6536509583435202,8.615149015002824e-08,0.50-1.00,0.25-1.00,1.6666666666666667e-05,pneumatic_feed,-0.0015491165148313283,0.0,0.0,0.0,heavy,0.6100000000000004
other_light,unresolved_nonmetal,,0.8171886627189251,0.12457001424431416,,,,,,1100.0,,0.3433153017305393,,3.1431007763317457e-07,0.50-1.00,0.25-1.00,1.6666666666666667e-05,pneumatic_feed,-0.027591004103564572,2.25,0.0,0.0,light,3.3619999999998513
other_light,unresolved_nonmetal,,0.9183885986763095,0.19645300192066123,,,,,,1100.0,,0.6665469765519056,,4.461395841163515e-07,0.50-1.00,0.25-1.00,1.6666666666666667e-05,pneumatic_feed,0.02134649796079418,0.6131451737942636,-1.8827201112051033e-65,-0.23600735491969319,active,
aluminum,partial,0.2083670050942555,0.7576571243196256,0.7576571243196256,0.0218,0.032755293200816965,0.054555293200816965,2700.0,,2310.309389200597,0.12603960611243892,1.4252617801172713,1.406526806548969,7.235231973587275e-08,0.50-1.00,0.25-1.00,1.6666666666666667e-05,pneumatic_feed,-0.03999088772340999,0.0,0.0,0.0,heavy,0.8100000000000006
copper,partial,0.08920940720280457,0.5284322367490059,0.5284322367490059,0.012,0.013024573451609466,0.025024573451609466,8900.0,,4788.276358968384,0.11982457345160946,1.4208152742792817,1.3714104071708302,3.3459889240579854e-08,0.50-1.00,0.25-1.00,1.6666666666666667e-05,pneumatic_feed,0.00466895797729981,0.0,0.0,0.0,heavy,0.7980000000000006
aluminum,partial,0.1521788910491097,0.6727534989810123,0.6727534989810123,0.0218,0.02392252167292004,0.04572252167292004,2700.0,,2360.4121626358883,0.10792399626314346,1.3235563003064765,1.3015279656412688,4.884610611840825e-08,0.50-1.00,0.25-1.00,1.6666666666666667e-05,pneumatic_feed,0.042880440529823406,0.0,0.0,0.0,heavy,1.0160000000000007
other_light,unresolved_nonmetal,,0.5786651449584037,0.16563159834137808,,,,,,1100.0,,0.5246543808771548,,1.1160233459819248e-07,0.50-1.00,0.25-1.00,1.6666666666666667e-05,pneumatic_feed,-0.015143505393980421,2.25,0.0,0.0,light,5.091999999999661
aluminum,bare_like,0.0477342175716689,0.524764519993907,0.524764519993907,0.0218,0.007503819002266352,0.029303819002266352,2700.0,,2533.7990615332183,0.07424998908728177,1.109746269261971,1.0795498268787664,2.044679875212899e-08,0.50-1.00,0.25-1.00,1.6666666666666667e-05,pneumatic_feed,-5.9378103036357176e-05,0.0,0.0,0.0,heavy,2.2079999999999784
aluminum,partial,0.16259419637063055,0.7083209400171606,0.7083209400171606,0.0218,0.025559807669463128,0.04735980766946313,2700.0,,2349.7138254555857,0.111281994851855,1.3452926770229556,1.3216210467432472,5.583224155074111e-08,0.50-1.00,0.25-1.00,1.6666666666666667e-05,pneumatic_feed,0.015488525062724813,0.0,0.0,0.0,heavy,0.9540000000000007
aluminum,heavily_coated,0.2993312786736804,0.6060552300955873,0.6060552300955873,0.0218,0.04705487700750256,0.06885487700750256,2700.0,,2256.447245418101,0.1553673975571813,1.5278179482357652,1.5616166853800961,5.706690220217254e-08,0.50-1.00,0.25-1.00,1.6666666666666667e-05,pneumatic_feed,-0.022996676331457237,0.0,0.0,0.0,heavy,0.7060000000000005
copper,partial,0.10319979020789682,0.4194291159187184,0.4194291159187184,0.012,0.015067169370352938,0.027067169370352938,8900.0,,4502.398004862518,0.12186716937035293,1.4108953588404447,1.38304992333504,2.1438967891792504e-08,0.25-0.50,0.25-1.00,1.6666666666666667e-05,pneumatic_feed,0.0026751082860764813,0.0,0.0,0.0,heavy,0.8580000000000007
aluminum,heavily_coated,0.33797257918432977,0.9459766962236569,0.9459766962236569,0.0218,0.05312928944777663,0.07492928944777663,2700.0,,2239.788212215585,0.16782573925481975,1.6343664078411224,1.62301965587101,1.5018253980025945e-07,0.50-1.00,0.25-1.00,1.6666666666666667e-05,pneumatic_feed,0.007243947513543416,0.0,0.0,0.0,heavy,0.6000000000000004
black_mass,free,,0.27526766522307566,0.056994626379519894,,,,,,3540.0,,0.26223794374292514,,3.866050139036244e-08,0.25-0.50,0.25-1.00,1.6666666666666667e-05,pneumatic_feed,0.006757504125016209,2.25,0.0,0.0,light,2.9159999999999004
other_light,unresolved_nonmetal,,0.7937950070203872,0.1614638802661713,,,,,,1100.0,,0.5057505453155408,,2.8808218082943477e-07,0.50-1.00,0.25-1.00,1.6666666666666667e-05,pneumatic_feed,-0.03077797933230662,2.25,0.0,0.0,light,4.83399999999969
aluminum,heavily_coated,0.2983171496658923,0.7613304880676947,0.7613304880676947,0.0218,0.04689545592747828,0.06869545592747828,2700.0,,2256.9241317425185,0.15504043222378033,1.5561447917528295,1.5599726357165553,8.986517286132342e-08,0.50-1.00,0.25-1.00,1.6666666666666667e-05,pneumatic_feed,0.020768449564100986,0.0,0.0,0.0,heavy,0.6920000000000005
aluminum,partial,0.08350288181308269,0.9397742603244078,0.9397742603244078,0.0218,0.0131266530210166,0.0349266530210166,2700.0,,2456.065975567079,0.085782164125356,1.2133679481761437,1.160360654327605,7.576071944923214e-08,0.50-1.00,0.25-1.00,1.6666666666666667e-05,pneumatic_feed,-0.013835782929951636,0.0,0.0,0.0,heavy,1.424000000000001
aluminum,partial,0.23999801632693257,0.7756782005901147,0.7756782005901147,0.0218,0.037727688166593804,0.0595276881665938,2700.0,,2288.645244590924,0.13623776044396632,1.4756988154902415,1.4623227714593299,8.197108215080808e-08,0.50-1.00,0.25-1.00,1.6666666666666667e-05,pneumatic_feed,0.03286482643867325,0.0,0.0,0.0,heavy,0.7540000000000006
copper,heavily_coated,0.5865873193277505,0.8332501161868081,0.8332501161868081,0.012,0.08564174862185157,0.09764174862185157,8900.0,,1970.8961723651928,0.1924417486218516,1.6953708891026793,1.7379774700405592,1.336134137869752e-07,0.50-1.00,0.25-1.00,1.6666666666666667e-05,pneumatic_feed,-0.022793166922647875,0.0,0.0,0.0,heavy,0.5360000000000004
aluminum,partial,0.0656964989351439,0.5545780071793712,0.5545780071793712,0.0218,0.010327489632604624,0.032127489632604624,2700.0,,2491.3620434398904,0.08004120822167975,1.1500474695762017,1.1208598504039144,2.4617215151157794e-08,0.50-1.00,0.25-1.00,1.6666666666666667e-05,pneumatic_feed,-0.01911053883796721,0.0,0.0,0.0,heavy,1.7440000000000013
aluminum,bare_like,0.04751677916405106,0.7646381531702304,0.7646381531702304,0.0218,0.007469637684588828,0.029269637684588828,2700.0,,2534.36293163749,0.0741798847702817,1.1271727192513072,1.0790400693923936,4.337086489040317e-08,0.50-1.00,0.25-1.00,1.6666666666666667e-05,pneumatic_feed,0.01299166668020035,0.0,0.0,0.0,heavy,1.9980000000000016
aluminum,partial,0.18595188549899,0.6959534218043052,0.6959534218043052,0.0218,0.029231636400441227,0.05103163640044123,2700.0,,2328.2174702652114,0.11881274740372937,1.3822054977928993,1.3656078804872709,5.754709266000032e-08,0.50-1.00,0.25-1.00,1.6666666666666667e-05,pneumatic_feed,-0.002224249760683209,0.0,0.0,0.0,heavy,0.8500000000000006
aluminum,heavily_coated,0.2907747643025169,0.5869443373540033,0.5869443373540033,0.0218,0.04570979294835566,0.06750979294835566,2700.0,,2260.5415465504193,0.15260869175877448,1.512460284757687,1.5476905458927261,5.257425211885203e-08,0.50-1.00,0.25-1.00,1.6666666666666667e-05,pneumatic_feed,-0.008994372446118759,0.0,0.0,0.0,heavy,0.7000000000000005
separator,film,,0.671884820956441,0.671884820956441,,,0.0139,,,900.0,0.01251,0.47043917050691236,0.44312183426231666,5.647379450022175e-09,0.50-1.00,0.25-1.00,1.6666666666666667e-05,pneumatic_feed,0.022252291087830858,2.25,0.0,0.0,light,4.381999999999739
aluminum,partial,0.10830155135798875,0.6224105733585326,0.6224105733585326,0.0218,0.01702500387347583,0.03882500387347583,2700.0,,2415.3894093335907,0.09377750317332915,1.2398839960279928,1.2132319192176633,3.6328928511103496e-08,0.50-1.00,0.25-1.00,1.6666666666666667e-05,pneumatic_feed,0.006367443861110996,0.0,0.0,0.0,heavy,1.2480000000000009
aluminum,partial,0.16775364525629666,0.7101805813062199,0.7101805813062199,0.0218,0.026370873034289838,0.04817087303428984,2700.0,,2344.683532861939,0.1129454527670826,1.3541549499801484,1.331462288850919,5.6964768512090325e-08,0.50-1.00,0.25-1.00,1.6666666666666667e-05,pneumatic_feed,0.028739368071756047,0.0,0.0,0.0,heavy,0.9780000000000008
aluminum,partial,0.09139486889346621,0.9666887351116895,0.9666887351116895,0.0218,0.014367273390052893,0.03616727339005289,2700.0,,2442.169713137263,0.08832661967994244,1.2309452439600295,1.1774441058905414,8.254008761305362e-08,0.50-1.00,0.25-1.00,1.6666666666666667e-05,pneumatic_feed,-0.022042424111426293,0.0,0.0,0.0,heavy,1.276000000000001
separator,film,,0.674454681335859,0.674454681335859,,,0.0139,,,900.0,0.01251,0.4704747846003064,0.44312183426231666,5.690662855869947e-09,0.50-1.00,0.25-1.00,1.6666666666666667e-05,pneumatic_feed,0.032779110860890505,2.25,0.0,0.0,light,4.37999999999974
aluminum,partial,0.25006934269219405,0.5496875687401936,0.5496875687401936,0.0218,0.03931090067121291,0.06111090067121291,2700.0,,2282.487334425697,0.13948485677739028,1.4505105315031923,1.4796466848467298,4.214624541825706e-08,0.50-1.00,0.25-1.00,1.6666666666666667e-05,pneumatic_feed,-0.0013012066453979903,0.0,0.0,0.0,heavy,0.7620000000000006
aluminum,partial,0.104803079107609,0.9693241639630648,0.9693241639630648,0.0218,0.016475044035716133,0.03827504403571613,2700.0,,2420.6258430069684,0.09264956073508421,1.2582813316905124,1.2059135563123429,8.705253914454559e-08,0.50-1.00,0.25-1.00,1.6666666666666667e-05,pneumatic_feed,0.002559283814432916,0.0,0.0,0.0,heavy,1.2020000000000008
copper,partial,0.2636541440865722,0.9848320158843193,0.9848320158843193,0.012,0.038493505036639536,0.05049350503663953,8900.0,,2877.469189972263,0.14529350503663954,1.5588484621774417,1.510141336118939,1.4091931323227538e-07,0.50-1.00,0.25-1.00,1.6666666666666667e-05,pneumatic_feed,-0.02361290873455106,0.0,0.0,0.0,heavy,0.6620000000000005
separator,film,,0.5973683663643776,0.5973683663643776,,,0.0139,,,900.0,0.01251,0.4692776815338656,0.44312183426231666,4.4641805538118955e-09,0.50-1.00,0.25-1.00,1.6666666666666667e-05,pneumatic_feed,0.027087738880728334,2.25,0.0,0.0,light,4.37599999999974
aluminum,heavily_coated,0.34371151650592213,0.7924469779541554,0.7924469779541554,0.0218,0.054031450394730965,0.07583145039473096,2700.0,,2237.5416684429397,0.16967603003667434,1.6204533310200309,1.6319420845899038,1.0655183205290192e-07,0.50-1.00,0.25-1.00,1.6666666666666667e-05,pneumatic_feed,0.028509778500923153,0.0,0.0,0.0,heavy,0.5900000000000004
aluminum,partial,0.08098221281137291,0.7105447456217415,0.7105447456217415,0.0218,0.012730403853947823,0.03453040385394782,2700.0,,2460.714783177964,0.08496947523251475,1.1949583537980564,1.1548510221017911,4.28988648636676e-08,0.50-1.00,0.25-1.00,1.6666666666666667e-05,pneumatic_feed,-0.026866993223277767,0.0,0.0,0.0,heavy,1.490000000000001
aluminum,partial,0.10876654049700674,0.6406088739623387,0.6406088739623387,0.0218,0.017098100166129462,0.03889810016612946,2700.0,,2414.7045722152593,0.09392742032163995,1.242707727952588,1.2142012968896305,3.854590933476849e-08,0.50-1.00,0.25-1.00,1.6666666666666667e-05,pneumatic_feed,0.020252324937533397,0.0,0.0,0.0,heavy,1.2380000000000009
other_light,unresolved_nonmetal,,0.8314847746421199,0.16883841056175813,,,,,,1100.0,,0.539255798542049,,3.3109621129905426e-07,0.50-1.00,0.25-1.00,1.6666666666666667e-05,pneumatic_feed,-0.02794220757445578,2.25,0.0,0.0,light,5.329999999999635
aluminum,partial,0.1757229192159544,0.9680311032699445,0.9680311032699445,0.0218,0.027623642900748036,0.049423642900748035,2700.0,,2337.2382043223993,0.11551482638441585,1.39015585533851,1.3465217097877744,1.0824712062255173e-07,0.50-1.00,0.25-1.00,1.6666666666666667e-05,pneumatic_feed,0.015746380708894534,0.0,0.0,0.0,heavy,0.8700000000000007
aluminum,partial,0.18417922411983834,0.5122473794871091,0.5122473794871091,0.0218,0.028952974031638587,0.05075297403163859,2700.0,,2329.739801548721,0.11824122364847708,1.3489146518700315,1.3623194362507263,3.102618703220809e-08,0.50-1.00,0.25-1.00,1.6666666666666667e-05,pneumatic_feed,-0.02347403376017847,0.0,0.0,0.0,heavy,0.9580000000000007
aluminum,heavily_coated,0.34907682538282386,0.9024204210109013,0.9024204210109013,0.0218,0.05487487695017991,0.07667487695017991,2700.0,,2235.489199194262,0.17140585927167623,1.6435576116930894,1.6402397285544057,1.395865239983458e-07,0.50-1.00,0.25-1.00,1.6666666666666667e-05,pneumatic_feed,-0.02248988990871507,0.0,0.0,0.0,heavy,0.6020000000000004
copper,heavily_coated,0.6019539802228324,0.34342410230306614,0.34342410230306614,0.012,0.08788528111253353,0.09988528111253353,8900.0,,1949.0887840941818,0.19468528111253353,1.506396645883918,1.7480789948804736,2.2961204256840856e-08,0.25-0.50,0.25-1.00,1.6666666666666667e-05,pneumatic_feed,-0.03819034536041026,0.0,0.0,0.0,heavy,0.7180000000000005
separator,film,,0.5078233131159244,0.5078233131159244,,,0.0139,,,900.0,0.01251,0.4674486053500979,0.44312183426231666,3.226135311973869e-09,0.50-1.00,0.25-1.00,1.6666666666666667e-05,pneumatic_feed,0.022744502114772903,2.25,0.0,0.0,light,4.363999999999741
aluminum,partial,0.23014259494688535,0.9981636316083236,0.9981636316083236,0.0218,0.03617841592565038,0.05797841592565038,2700.0,,2294.996714078174,0.1330602740368253,1.4825671532623703,1.445169215449184,1.32572027386326e-07,0.50-1.00,0.25-1.00,1.6666666666666667e-05,pneumatic_feed,0.032211205872310536,0.0,0.0,0.0,heavy,0.7480000000000006
aluminum,partial,0.12114043217148718,0.8701586717843528,0.8701586717843528,0.0218,0.019043275937357787,0.04084327593735779,2700.0,,2397.380829260278,0.09791688673640918,1.284709975854415,1.2397191029481955,7.414032780203354e-08,0.50-1.00,0.25-1.00,1.6666666666666667e-05,pneumatic_feed,0.013165746323878664,0.0,0.0,0.0,heavy,1.1020000000000008
aluminum,partial,0.2529640950983858,0.8715114449960211,0.8715114449960211,0.0218,0.03976595574946625,0.06156595574946625,2700.0,,2280.775993669,0.14041815390067056,1.5061531860163213,1.4845886109036823,1.0665210917786336e-07,0.50-1.00,0.25-1.00,1.6666666666666667e-05,pneumatic_feed,-0.014356949753187867,0.0,0.0,0.0,heavy,0.7420000000000005
copper,partial,0.1122405612916646,0.9696976987325674,0.9696976987325674,0.012,0.01638712194858303,0.02838712194858303,8900.0,,4339.542492955403,0.12318712194858303,1.4649957375464806,1.3905197107933995,1.1583452943019995e-07,0.50-1.00,0.25-1.00,1.6666666666666667e-05,pneumatic_feed,-0.008174758529063672,0.0,0.0,0.0,heavy,0.7520000000000006
aluminum,bare_like,0.027775680064986076,0.8145491047628238,0.8145491047628238,0.0218,0.004366336906215809,0.02616633690621581,2700.0,,2591.6947126688824,0.06781515700975216,1.0839531297006548,1.031710572023506,4.499469507604026e-08,0.50-1.00,0.25-1.00,1.6666666666666667e-05,pneumatic_feed,-0.005425494483051744,0.0,0.0,0.0,heavy,2.55799999999994
other_light,unresolved_nonmetal,,0.6029898944056885,0.1786348674779162,,,,,,1100.0,,0.5841276389460672,,1.2627617225148774e-07,0.50-1.00,0.25-1.00,1.6666666666666667e-05,pneumatic_feed,0.03750178086804021,2.25,0.0,0.0,light,6.1879999999995405
aluminum,heavily_coated,0.2928310672209186,0.9451994197901386,0.9451994197901386,0.0218,0.0460330437671284,0.0678330437671284,2700.0,,2259.542781374808,0.15327166438269638,1.5720284962352105,1.5510486917407857,1.3693320279264847e-07,0.50-1.00,0.25-1.00,1.6666666666666667e-05,pneumatic_feed,-0.04171584475177162,0.0,0.0,0.0,heavy,0.6740000000000005
aluminum,bare_like,0.03273714850968201,0.9335928527205681,0.9335928527205681,0.0218,0.005146279745722012,0.026946279745722012,2700.0,,2576.0433242005092,0.06941478405100658,1.1000367891167298,1.0438076692880731,6.050162137079854e-08,0.50-1.00,0.25-1.00,1.6666666666666667e-05,pneumatic_feed,-0.030146290849140465,0.0,0.0,0.0,heavy,2.2779999999999707
aluminum,partial,0.14907913986329813,0.7412905765009481,0.7412905765009481,0.0218,0.023435240786510464,0.045235240786510464,2700.0,,2363.7456908422555,0.10692460548332594,1.3255388560881876,1.2954877875403858,5.8756323742128215e-08,0.50-1.00,0.25-1.00,1.6666666666666667e-05,pneumatic_feed,0.02565853729315421,0.0,0.0,0.0,heavy,1.0140000000000007
aluminum,bare_like,0.04714616622511092,0.9028753681200838,0.9028753681200838,0.0218,0.007411377330587436,0.029211377330587436,2700.0,,2535.3270615928423,0.07406039545263801,1.1325152128791922,1.0781706576533263,6.03728442489475e-08,0.50-1.00,0.25-1.00,1.6666666666666667e-05,pneumatic_feed,0.021419687431498014,0.0,0.0,0.0,heavy,1.9440000000000015
aluminum,heavily_coated,0.28170794302724417,0.6825325595020503,0.6825325595020503,0.0218,0.04428448864388278,0.06608448864388278,2700.0,,2265.061907614075,0.1496854579114138,1.5205688506890023,1.5327957944154045,6.973107456655741e-08,0.50-1.00,0.25-1.00,1.6666666666666667e-05,pneumatic_feed,0.033694409020959756,0.0,0.0,0.0,heavy,0.7100000000000005
copper,partial,0.17195661416223285,0.30231198207451193,0.30231198207451193,0.012,0.025105665667685993,0.03710566566768599,8900.0,,3554.8659023939294,0.131905665667686,1.3975238635209668,1.4388854465592456,1.2055193101047151e-08,0.25-0.50,0.25-1.00,1.6666666666666667e-05,pneumatic_feed,-0.017307371683349622,0.0,0.0,0.0,heavy,0.9020000000000007
aluminum,partial,0.0669671953850427,0.7894769546478744,0.7894769546478744,0.0218,0.010527243114528712,0.03232724311452871,2700.0,,2488.640716409711,0.08045089346409162,1.1709464935723441,1.1237247099767729,5.014293906428547e-08,0.50-1.00,0.25-1.00,1.6666666666666667e-05,pneumatic_feed,0.00572847062921775,0.0,0.0,0.0,heavy,1.6420000000000012
aluminum,partial,0.13621694856506128,0.5695143672338339,0.5695143672338339,0.0218,0.02141330431442763,0.04321330431442763,2700.0,,2378.381103167503,0.1027777063868614,1.282710914046654,1.2701176636234048,3.333560111118937e-08,0.50-1.00,0.25-1.00,1.6666666666666667e-05,pneumatic_feed,-0.006832790300483677,0.0,0.0,0.0,heavy,1.0940000000000007
aluminum,partial,0.11192671068540283,0.5713072536581023,0.5713072536581023,0.0218,0.01759487891974533,0.03939487891974533,2700.0,,2410.117593850305,0.09494629079208072,1.2403538578108755,1.2207690118415109,3.0989707663210496e-08,0.50-1.00,0.25-1.00,1.6666666666666667e-05,pneumatic_feed,-0.00904745508363135,0.0,0.0,0.0,heavy,1.264000000000001
black_mass,free,,0.4114102909798732,0.09656765856344013,,,,,,3060.0,,0.5344577361364159,,1.1156950377573732e-07,0.25-0.50,0.25-1.00,1.6666666666666667e-05,pneumatic_feed,0.029594694221947285,2.25,0.0,0.0,light,5.205999999999649
separator,film,,0.8923407707954389,0.8923407707954389,,,0.0139,,,900.0,0.01251,0.4727652184093115,0.44312183426231666,9.961363360809714e-09,0.50-1.00,0.25-1.00,1.6666666666666667e-05,pneumatic_feed,-0.0012288636266241063,2.25,0.0,0.0,light,4.395999999999738
copper,partial,0.1129126069339853,0.7285306917688639,0.7285306917688639,0.012,0.016485240612361854,0.028485240612361854,8900.0,,4328.039291999495,0.12328524061236185,1.4521616268634219,1.391073375725246,6.543450061126386e-08,0.50-1.00,0.25-1.00,1.6666666666666667e-05,pneumatic_feed,-0.044288999950450804,0.0,0.0,0.0,heavy,0.7760000000000006
aluminum,partial,0.13239091279251053,0.809735485741286,0.809735485741286,0.0218,0.020811851490982657,0.042611851490982657,2700.0,,2383.00263049874,0.10154415419343332,1.3015384862003163,1.2624725914728325,6.657961367092135e-08,0.50-1.00,0.25-1.00,1.6666666666666667e-05,pneumatic_feed,0.011456766560354362,0.0,0.0,0.0,heavy,1.0340000000000007
other_light,unresolved_nonmetal,,0.9576406157946995,0.16014744380029922,,,,,,1100.0,,0.49979767607128295,,5.058234730651706e-07,0.50-1.00,0.25-1.00,1.6666666666666667e-05,pneumatic_feed,0.0017982398118380212,2.25,0.0,0.0,light,4.723999999999702
aluminum,partial,0.11652356559748234,0.9073260847216441,0.9073260847216441,0.0218,0.018317504511924224,0.040117504511924224,2700.0,,2403.648082238581,0.09642836278428428,1.2780935191250216,1.2302599653171382,7.938374555140514e-08,0.50-1.00,0.25-1.00,1.6666666666666667e-05,pneumatic_feed,-0.007927444611391735,0.0,0.0,0.0,heavy,1.0960000000000008
copper,heavily_coated,0.6844325318487465,0.5968531227661968,0.5968531227661968,0.012,0.09992714964991699,0.11192714964991698,8900.0,,1846.9794888596123,0.206727149649917,1.6648152109980991,1.8013298812003031,7.364316710608617e-08,0.50-1.00,0.25-1.00,1.6666666666666667e-05,pneumatic_feed,-0.026343759960028933,0.0,0.0,0.0,heavy,0.5820000000000004
copper,partial,0.1339208313387682,0.9075651789338397,0.9075651789338397,0.012,0.019552441375460156,0.03155244137546016,8900.0,,4004.521864787632,0.12635244137546014,1.476042755911761,1.4082712522199772,1.040732907984127e-07,0.50-1.00,0.25-1.00,1.6666666666666667e-05,pneumatic_feed,-0.028429246170664738,0.0,0.0,0.0,heavy,0.7380000000000005
aluminum,partial,0.10121937661323893,0.6514485856360953,0.6514485856360953,0.0218,0.015911686003601162,0.03771168600360116,2700.0,,2426.1482025793653,0.09149413921387436,1.2296153793714082,1.198370564183288,3.8828764033802975e-08,0.50-1.00,0.25-1.00,1.6666666666666667e-05,pneumatic_feed,-0.022289641085389885,0.0,0.0,0.0,heavy,1.298000000000001
copper,partial,0.18462864845631488,0.8819579532371837,0.8819579532371837,0.012,0.02695578267462197,0.03895578267462197,8900.0,,3433.528310592977,0.13375578267462196,1.505453295844092,1.4489412565252142,1.0404191298595462e-07,0.50-1.00,0.25-1.00,1.6666666666666667e-05,pneumatic_feed,0.00020191233928868054,0.0,0.0,0.0,heavy,0.7300000000000005
copper,partial,0.25315676581227053,0.8648545866396019,0.8648545866396019,0.012,0.0369608878085915,0.048960887808591494,8900.0,,2936.239399306089,0.1437608878085915,1.5431547221411217,1.5021554164079203,1.0752932809635707e-07,0.50-1.00,0.25-1.00,1.6666666666666667e-05,pneumatic_feed,0.020276504437785926,0.0,0.0,0.0,heavy,0.6660000000000005
aluminum,partial,0.11767334773620547,0.9966610046824864,0.9966610046824864,0.0218,0.018498250264131502,0.0402982502641315,2700.0,,2402.0661792799606,0.09679906404363,1.2850203346105837,1.2326224520220361,9.615372000255827e-08,0.50-1.00,0.25-1.00,1.6666666666666667e-05,pneumatic_feed,0.011994052516496089,0.0,0.0,0.0,heavy,1.0780000000000007
aluminum,partial,0.26605791844481963,0.5553769081272559,0.5553769081272559,0.0218,0.041824304779525645,0.06362430477952565,2700.0,,2273.340887370128,0.1446397334857943,1.472993200507234,1.5067399433190278,4.461318709353736e-08,0.50-1.00,0.25-1.00,1.6666666666666667e-05,pneumatic_feed,-0.011549496034698577,0.0,0.0,0.0,heavy,0.7640000000000006
aluminum,partial,0.13306433902735437,0.7168800694309574,0.7168800694309574,0.0218,0.020917714095100112,0.04271771409510011,2700.0,,2382.179751455421,0.10176127354580933,1.2947963678258505,1.2638215655601954,5.229685187136567e-08,0.50-1.00,0.25-1.00,1.6666666666666667e-05,pneumatic_feed,-0.0019097991160159837,0.0,0.0,0.0,heavy,1.0840000000000007
aluminum,partial,0.17355592226706068,0.577497614974763,0.577497614974763,0.0218,0.027282990980381935,0.049082990980381935,2700.0,,2339.2251084293966,0.11481616489812303,1.3451443195660364,1.342443490148073,3.8291592310641973e-08,0.50-1.00,0.25-1.00,1.6666666666666667e-05,pneumatic_feed,-0.019370999432712702,0.0,0.0,0.0,heavy,0.9440000000000007
aluminum,partial,0.17354828121742322,0.8091365498749847,0.8091365498749847,0.0218,0.02728178980737893,0.04908178980737893,2700.0,,2339.2321632502567,0.11481370134730942,1.3740097333492902,1.3424290880144727,7.516875488713257e-08,0.50-1.00,0.25-1.00,1.6666666666666667e-05,pneumatic_feed,-0.024010951247834054,0.0,0.0,0.0,heavy,0.9060000000000007
separator,film,,0.6816529700773758,0.6816529700773758,,,0.0139,,,900.0,0.01251,0.4705731536851989,0.44312183426231666,5.8127811529075e-09,0.50-1.00,0.25-1.00,1.6666666666666667e-05,pneumatic_feed,-0.005064837969351419,2.25,0.0,0.0,light,4.381999999999739
aluminum,heavily_coated,0.3156728483369574,0.5212075710101614,0.5212075710101614,0.0218,0.049623771758569704,0.0714237717585697,2700.0,,2249.0562886444695,0.16063608303231844,1.5246771481362895,1.5878740375972116,4.363796975206989e-08,0.50-1.00,0.25-1.00,1.6666666666666667e-05,pneumatic_feed,0.0038524732135578315,0.0,0.0,0.0,heavy,0.6960000000000005
aluminum,partial,0.135766235982959,0.8274085403497375,0.8274085403497375,0.0218,0.021342452296521153,0.04314245229652115,2700.0,,2378.918830062465,0.1026323921432658,1.3090654578891205,1.2692194558391785,7.02626378050049e-08,0.50-1.00,0.25-1.00,1.6666666666666667e-05,pneumatic_feed,-0.007809491814691741,0.0,0.0,0.0,heavy,1.0320000000000007
aluminum,partial,0.13211895448038574,0.9933273608515463,0.9933273608515463,0.0218,0.02076909964431664,0.04256909964431664,2700.0,,2383.3361043981236,0.10145647211402117,1.3126306274273212,1.2619274092837813,1.0010702451808699e-07,0.50-1.00,0.25-1.00,1.6666666666666667e-05,pneumatic_feed,-0.027720427203387212,0.0,0.0,0.0,heavy,1.0400000000000007
aluminum,heavily_coated,0.3650910645860403,0.751954365066526,0.751954365066526,0.0218,0.057392315352925535,0.07919231535292554,2700.0,,2229.6230302939666,0.17656901013318524,1.6398474160579268,1.6647603980905108,9.983836307066346e-08,0.50-1.00,0.25-1.00,1.6666666666666667e-05,pneumatic_feed,0.0037742688986597633,0.0,0.0,0.0,heavy,0.5940000000000004
aluminum,heavily_coated,0.2854908197503182,0.7783746562414533,0.7783746562414533,0.0218,0.044879156864750025,0.06667915686475002,2700.0,,2263.152419605296,0.15090509519570008,1.5412256677606173,1.5390277366544467,9.142843322825185e-08,0.50-1.00,0.25-1.00,1.6666666666666667e-05,pneumatic_feed,-0.03314354274046329,0.0,0.0,0.0,heavy,0.6980000000000005
separator,film,,0.7450869651774829,0.7450869651774829,,,0.0139,,,900.0,0.01251,0.47136005764366623,0.44312183426231666,6.944983866824168e-09,0.50-1.00,0.25-1.00,1.6666666666666667e-05,pneumatic_feed,-0.030086247510741505,2.25,0.0,0.0,light,4.387999999999739
aluminum,bare_like,0.03540038191907206,0.8940906908852876,0.8940906908852876,0.0218,0.005564940037678129,0.02736494003767813,2700.0,,2568.0099074863756,0.07027343713452802,1.1049988533764217,1.0502437189831473,5.617645659012315e-08,0.50-1.00,0.25-1.00,1.6666666666666667e-05,pneumatic_feed,0.0022386088820436022,0.0,0.0,0.0,heavy,2.257999999999973
aluminum,heavily_coated,0.2836622581828895,0.6977382438961146,0.6977382438961146,0.0218,0.04459170698635022,0.06639170698635022,2700.0,,2264.0711541224487,0.1503155486607454,1.525901678727848,1.5360185063270104,7.317941983549903e-08,0.50-1.00,0.25-1.00,1.6666666666666667e-05,pneumatic_feed,-0.01981231885358431,0.0,0.0,0.0,heavy,0.7120000000000005
copper,partial,0.3001578335300201,0.9868296804373952,0.9868296804373952,0.012,0.04382304369538294,0.055823043695382935,8900.0,,2698.223416790167,0.15062304369538293,1.5795885428573018,1.5375887921816842,1.466816631265573e-07,0.50-1.00,0.25-1.00,1.6666666666666667e-05,pneumatic_feed,0.0008899832644681814,0.0,0.0,0.0,heavy,0.6820000000000005
aluminum,bare_like,0.04719640492580218,0.5213259217967673,0.5213259217967673,0.0218,0.007419274854336105,0.029219274854336105,2700.0,,2535.196143005411,0.07407659291212788,1.1082443631796608,1.0782885524518746,2.0132589515111546e-08,0.50-1.00,0.25-1.00,1.6666666666666667e-05,pneumatic_feed,0.02362670749082991,0.0,0.0,0.0,heavy,2.2179999999999773
other_light,unresolved_nonmetal,,0.8596288694853316,0.18659952165959304,,,,,,1100.0,,0.6208597457625337,,3.658678802998354e-07,0.50-1.00,0.25-1.00,1.6666666666666667e-05,pneumatic_feed,0.004230657969895981,2.25,0.0,0.0,light,7.453999999999401
copper,partial,0.181123694724176,0.6545380756242227,0.6545380756242227,0.012,0.0264440594297297,0.0384440594297297,8900.0,,3465.920649542252,0.1332440594297297,1.482859505927416,1.4461669187230903,5.708443225821357e-08,0.50-1.00,0.25-1.00,1.6666666666666667e-05,pneumatic_feed,-0.014998663434541133,0.0,0.0,0.0,heavy,0.7200000000000005
aluminum,partial,0.13048507307622237,0.6002784994108636,0.6002784994108636,0.0218,0.020512253487582156,0.042312253487582156,2700.0,,2385.353747233666,0.10092969241050485,1.2771179878670267,1.2586470720878369,3.6368427727932636e-08,0.50-1.00,0.25-1.00,1.6666666666666667e-05,pneumatic_feed,-0.013367592576856472,0.0,0.0,0.0,heavy,1.1640000000000008
copper,heavily_coated,0.5054440956512786,0.7078768773982903,0.7078768773982903,0.012,0.07379483796508667,0.08579483796508666,8900.0,,2104.961583336493,0.18059483796508669,1.637068858362675,1.6836319599900689,9.049420840167123e-08,0.50-1.00,0.25-1.00,1.6666666666666667e-05,pneumatic_feed,-0.025052959591188986,0.0,0.0,0.0,heavy,0.6100000000000004
aluminum,partial,0.0594857589870158,0.8145317265758776,0.8145317265758776,0.0218,0.009351161312758885,0.031151161312758885,2700.0,,2505.1651452570613,0.07803880355500377,1.1561535962770215,1.1067506768009403,5.177577550233035e-08,0.50-1.00,0.25-1.00,1.6666666666666667e-05,pneumatic_feed,0.032535732410171506,0.0,0.0,0.0,heavy,1.7340000000000013
copper,partial,0.28547650289054627,0.9111262314100952,0.9111262314100952,0.012,0.04167956942201975,0.05367956942201975,8900.0,,2766.035030100528,0.14847956942201976,1.5650204185700944,1.5266090926127822,1.2326046445525273e-07,0.50-1.00,0.25-1.00,1.6666666666666667e-05,pneumatic_feed,-0.02012410244646656,0.0,0.0,0.0,heavy,0.6820000000000005
other_light,unresolved_nonmetal,,0.547881503997363,0.1166097918655457,,,,,,1100.0,,0.30984098903665774,,9.472207981637889e-08,0.50-1.00,0.25-1.00,1.6666666666666667e-05,pneumatic_feed,-0.003369623286622616,2.25,0.0,0.0,light,3.1539999999998742
aluminum,partial,0.1686254374253644,0.5349040552290935,0.5349040552290935,0.0218,0.026507918763267288,0.04830791876326729,2700.0,,2343.8502460678915,0.11322652728031174,1.3297691969929581,1.333117988848614,3.239663987535671e-08,0.50-1.00,0.25-1.00,1.6666666666666667e-05,pneumatic_feed,0.025903382425397137,0.0,0.0,0.0,heavy,0.9780000000000008
separator,film,,0.7788506452971455,0.7788506452971455,,,0.0139,,,900.0,0.01251,0.47172797937675387,0.44312183426231666,7.588670179274049e-09,0.50-1.00,0.25-1.00,1.6666666666666667e-05,pneumatic_feed,0.023635732069157388,2.25,0.0,0.0,light,4.387999999999739
aluminum,partial,0.05928082870594398,0.5100263000428029,0.5100263000428029,0.0218,0.009318946272574395,0.031118946272574395,2700.0,,2505.6353547485623,0.0779727319830834,1.1319684656367728,1.1062820622275664,2.0282799342645512e-08,0.50-1.00,0.25-1.00,1.6666666666666667e-05,pneumatic_feed,0.015004497918201746,0.0,0.0,0.0,heavy,1.9660000000000015
aluminum,bare_like,0.02847099122794361,0.6421633445082188,0.6421633445082188,0.0218,0.004475639821032735,0.026275639821032735,2700.0,,2589.4453092380336,0.0680393322818013,1.0768814322479396,1.0334144180797717,2.805763535101502e-08,0.50-1.00,0.25-1.00,1.6666666666666667e-05,pneumatic_feed,-0.01804162577977341,0.0,0.0,0.0,heavy,2.7339999999999205
aluminum,partial,0.15139564606743472,0.8283602204127769,0.8283602204127769,0.0218,0.02379939556180074,0.04559939556180074,2700.0,,2361.2477516872955,0.10767147024860163,1.3372995745840717,1.3000043834626296,7.388207995440545e-08,0.50-1.00,0.25-1.00,1.6666666666666667e-05,pneumatic_feed,-0.016447464523421274,0.0,0.0,0.0,heavy,0.9820000000000008
separator,film,,0.690267127295545,0.690267127295545,,,0.0139,,,900.0,0.01251,0.47068825313684637,0.44312183426231666,5.960623524880798e-09,0.50-1.00,0.25-1.00,1.6666666666666667e-05,pneumatic_feed,0.006395305420227185,2.25,0.0,0.0,light,4.37999999999974
separator,film,,0.8221018885213874,0.8221018885213874,,,0.0139,,,900.0,0.01251,0.47215621714840145,0.44312183426231666,8.454902454031501e-09,0.50-1.00,0.25-1.00,1.6666666666666667e-05,pneumatic_feed,0.01775632292505057,2.25,0.0,0.0,light,4.393999999999738
aluminum,bare_like,0.02761527020909108,0.5839303096397495,0.5839303096397495,0.0218,0.0043411204768691175,0.026141120476869117,2700.0,,2592.216325542484,0.06776343926811305,1.0708917014918826,1.031317091273243,2.310561204061393e-08,0.50-1.00,0.25-1.00,1.6666666666666667e-05,pneumatic_feed,0.010206612632656315,0.0,0.0,0.0,heavy,2.763999999999917
copper,partial,0.10680560458953714,0.9540905910413886,0.9540905910413886,0.012,0.015593618270072423,0.027593618270072423,8900.0,,4435.57699001796,0.12239361827007242,1.460761108447121,1.3860339939435313,1.1141354674620311e-07,0.50-1.00,0.25-1.00,1.6666666666666667e-05,pneumatic_feed,-0.009845951779019245,0.0,0.0,0.0,heavy,0.7700000000000006
aluminum,heavily_coated,0.31334713383334156,0.6668057028461125,0.6668057028461125,0.0218,0.0492581694386013,0.0710581694386013,2700.0,,2250.0755463080054,0.15988624941920765,1.5588523130900673,1.5841636818472653,7.109019835254974e-08,0.50-1.00,0.25-1.00,1.6666666666666667e-05,pneumatic_feed,-0.03932570434178191,0.0,0.0,0.0,heavy,0.6520000000000005
other_light,unresolved_nonmetal,,0.5531628279814118,0.11909969332951564,,,,,,1100.0,,0.3202352141993241,,9.748780053382888e-08,0.50-1.00,0.25-1.00,1.6666666666666667e-05,pneumatic_feed,0.022629193466631503,2.25,0.0,0.0,light,3.2219999999998667
copper,partial,0.0894157013918192,0.6602317455847573,0.6602317455847573,0.012,0.013054692403205604,0.025054692403205604,8900.0,,4783.722365231308,0.11985469240320559,1.4333653520564846,1.3715827543246215,5.224537449817988e-08,0.50-1.00,0.25-1.00,1.6666666666666667e-05,pneumatic_feed,0.0023278994345766486,0.0,0.0,0.0,heavy,0.8040000000000006
aluminum,heavily_coated,0.36657217145578913,0.8499709160047253,0.8499709160047253,0.0218,0.05762514535285006,0.07942514535285006,2700.0,,2229.0992734419706,0.17704653379906096,1.6584051877607564,1.6670100163196564,1.2790736714464235e-07,0.50-1.00,0.25-1.00,1.6666666666666667e-05,pneumatic_feed,0.019222942683374544,0.0,0.0,0.0,heavy,0.5720000000000004
aluminum,bare_like,0.006968268619740361,0.7545421322622368,0.7545421322622368,0.0218,0.0010954118270231836,0.022895411827023184,2700.0,,2668.9469465479124,0.06110663948569049,1.0306754664720428,0.9793517311810901,3.479007705763843e-08,0.50-1.00,0.25-1.00,1.6666666666666667e-05,pneumatic_feed,-0.0343147561074837,0.0,0.0,0.0,heavy,3.9939999999997817
aluminum,partial,0.12413156028140332,0.9433282501066935,0.9433282501066935,0.0218,0.019513481276236602,0.0413134812762366,2700.0,,2393.4380085079747,0.09888125635032724,1.294745071559446,1.2458090542594145,8.799128436118087e-08,0.50-1.00,0.25-1.00,1.6666666666666667e-05,pneumatic_feed,0.03952571782017271,0.0,0.0,0.0,heavy,1.0460000000000007
copper,partial,0.057287948745077054,0.5974466507451267,0.5974466507451267,0.012,0.00836404051678125,0.02036404051678125,8900.0,,5655.2647507197225,0.11516404051678124,1.4101369606390877,1.3444756524204513,4.110694058819648e-08,0.50-1.00,0.25-1.00,1.6666666666666667e-05,pneumatic_feed,0.02609053010360901,0.0,0.0,0.0,heavy,0.8200000000000006
other_light,unresolved_nonmetal,,0.9877842018117691,0.09712124501443091,,,,,,1100.0,,0.23131239377049742,,5.551080627647419e-07,0.50-1.00,0.25-1.00,1.6666666666666667e-05,pneumatic_feed,0.032700873808299016,2.25,0.0,0.0,light,2.8179999999999112
aluminum,partial,0.120560922627653,0.6756183205935145,0.6756183205935145,0.0218,0.01895217703706705,0.04075217703706705,2700.0,,2398.155243963753,0.0977300470643816,1.2680661540446723,1.238535755932195,4.460986853384709e-08,0.50-1.00,0.25-1.00,1.6666666666666667e-05,pneumatic_feed,0.02859118783443017,0.0,0.0,0.0,heavy,1.1740000000000008
copper,partial,0.1138804863642644,0.5522350382509004,0.5522350382509004,0.012,0.016626551009182602,0.028626551009182603,8900.0,,4311.610957589364,0.1234265510091826,1.4361252613722313,1.391870376378537,3.764059761372529e-08,0.50-1.00,0.25-1.00,1.6666666666666667e-05,pneumatic_feed,-0.01871476226791474,0.0,0.0,0.0,heavy,0.7960000000000006
separator,film,,0.7843992185011928,0.7843992185011928,,,0.0139,,,900.0,0.01251,0.47178548953104915,0.44312183426231666,7.697179496155879e-09,0.50-1.00,0.25-1.00,1.6666666666666667e-05,pneumatic_feed,-0.020405437595888882,2.25,0.0,0.0,light,4.387999999999739
aluminum,partial,0.07204451829117581,0.8446283846390088,0.8446283846390088,0.0218,0.011325398275372836,0.033125398275372836,2700.0,,2478.094677077028,0.08208787314225799,1.184692783271441,1.1350996682410235,5.856125131287776e-08,0.50-1.00,0.25-1.00,1.6666666666666667e-05,pneumatic_feed,-0.01576860520399815,0.0,0.0,0.0,heavy,1.5140000000000011
aluminum,heavily_coated,0.4281489386927608,0.8637149464220515,0.8637149464220515,0.0218,0.06730501316250201,0.08910501316250201,2700.0,,2209.7465937729535,0.196899499323933,1.7347634933220586,1.7579916215353395,1.4688771735158095e-07,0.50-1.00,0.25-1.00,1.6666666666666667e-05,pneumatic_feed,0.009857921276779652,0.0,0.0,0.0,heavy,0.5260000000000004
other_light,unresolved_nonmetal,,0.7478199766706655,0.138770075157854,,,,,,1100.0,,0.40460230391310625,,2.4086987906413527e-07,0.50-1.00,0.25-1.00,1.6666666666666667e-05,pneumatic_feed,-0.02548350270579108,2.25,0.0,0.0,light,3.807999999999802
separator,film,,0.5098737357144747,0.5098737357144747,,,0.0139,,,900.0,0.01251,0.4674973961487053,0.44312183426231666,3.252240041906639e-09,0.50-1.00,0.25-1.00,1.6666666666666667e-05,pneumatic_feed,-0.03427102111347831,2.25,0.0,0.0,light,4.363999999999741
copper,heavily_coated,0.690010128618334,0.7512304927270883,0.7512304927270883,0.012,0.10074147877827676,0.11274147877827675,8900.0,,1840.8617753403662,0.20754147877827678,1.7154684083110079,1.8048742479474387,1.1712546347420586e-07,0.50-1.00,0.25-1.00,1.6666666666666667e-05,pneumatic_feed,0.0022953710078432825,0.0,0.0,0.0,heavy,0.5660000000000004
aluminum,partial,0.2260647807676665,0.5131996388313433,0.5131996388313433,0.0218,0.035537383536677174,0.057337383536677174,2700.0,,2297.7251112797867,0.13174554596730337,1.4090625056470978,1.4380118530466965,3.4698334204004575e-08,0.50-1.00,0.25-1.00,1.6666666666666667e-05,pneumatic_feed,-0.010595460546824488,0.0,0.0,0.0,heavy,0.8000000000000006
aluminum,partial,0.08025892856764916,0.5313099193140376,0.5313099193140376,0.0218,0.012616703570834449,0.03441670357083445,2700.0,,2462.068483261231,0.08473628115949576,1.1761000745762225,1.1532652206146883,2.3920224328489975e-08,0.50-1.00,0.25-1.00,1.6666666666666667e-05,pneumatic_feed,0.020970817642668695,0.0,0.0,0.0,heavy,1.5380000000000011
black_mass,free,,0.3878050807117478,0.07242478642297395,,,,,,3540.0,,0.38742540255098906,,1.0810415041046765e-07,0.25-0.50,0.25-1.00,1.6666666666666667e-05,pneumatic_feed,0.033673297927280015,2.25,0.0,0.0,light,3.6419999999998205
aluminum,partial,0.156189697905516,0.9253268895338524,0.9253268895338524,0.0218,0.02455302051074712,0.04635302051074712,2700.0,,2356.202881674022,0.10921712050171742,1.3529145632736632,1.3093020749219626,9.351495897704801e-08,0.50-1.00,0.25-1.00,1.6666666666666667e-05,pneumatic_feed,0.03505922688008614,0.0,0.0,0.0,heavy,0.9380000000000007
other_light,unresolved_nonmetal,,0.9575949535780861,0.12265839851629222,,,,,,1100.0,,0.33521314914051276,,5.057511204957838e-07,0.50-1.00,0.25-1.00,1.6666666666666667e-05,pneumatic_feed,0.01867342574588433,2.25,0.0,0.0,light,3.3319999999998546
aluminum,partial,0.21248743529630398,0.7985484206199724,0.7985484206199724,0.0218,0.03340302482857899,0.055203024828578987,2700.0,,2307.266212483741,0.12736807401388137,1.4363683640921974,1.4139198314338342,8.122001995208912e-08,0.50-1.00,0.25-1.00,1.6666666666666667e-05,pneumatic_feed,-0.02404980138401024,0.0,0.0,0.0,heavy,0.7740000000000006
aluminum,partial,0.13989707401032425,0.802933966775607,0.802933966775607,0.0218,0.021991820034422974,0.043791820034422974,2700.0,,2374.055601021985,0.10396421563166863,1.3146791274964242,1.277428013061664,6.702603703220309e-08,0.50-1.00,0.25-1.00,1.6666666666666667e-05,pneumatic_feed,-0.01674932527645709,0.0,0.0,0.0,heavy,1.0240000000000007
copper,partial,0.20833394375195835,0.6258668576382977,0.6258668576382977,0.012,0.03041675578778592,0.04241675578778592,8900.0,,3234.965834593556,0.13721675578778592,1.4927592392032727,1.4675674426904843,5.374908258113127e-08,0.50-1.00,0.25-1.00,1.6666666666666667e-05,pneumatic_feed,-0.013029070344734085,0.0,0.0,0.0,heavy,0.7360000000000005
separator,film,,0.8972991353911528,0.8972991353911528,,,0.0139,,,900.0,0.01251,0.47280468791034563,0.44312183426231666,1.0072373187055117e-08,0.50-1.00,0.25-1.00,1.6666666666666667e-05,pneumatic_feed,-0.01759701498067688,2.25,0.0,0.0,light,4.395999999999738
other_light,unresolved_nonmetal,,0.659111940758724,0.11696220590336798,,,,,,1100.0,,0.3113077484900313,,1.6491829879242089e-07,0.50-1.00,0.25-1.00,1.6666666666666667e-05,pneumatic_feed,-0.011505134883657248,2.25,0.0,0.0,light,3.1599999999998736
copper,partial,0.38167034746809375,0.30532288991173023,0.30532288991173023,0.012,0.055723870730341685,0.06772387073034168,8900.0,,2399.8018568293032,0.1625238707303417,1.4407621320430941,1.5971770956858364,1.515081118323395e-08,0.25-0.50,0.25-1.00,1.6666666666666667e-05,pneumatic_feed,-0.005233885059994125,0.0,0.0,0.0,heavy,0.8060000000000006
aluminum,bare_like,0.04278920740312126,0.6318032866151821,0.6318032866151821,0.0218,0.006726463403770665,0.028526463403770665,2700.0,,2546.956744355369,0.07265566835884033,1.1084804765229144,1.0678967040684963,2.900235496920087e-08,0.50-1.00,0.25-1.00,1.6666666666666667e-05,pneumatic_feed,-0.005983069902685917,0.0,0.0,0.0,heavy,2.229999999999976
copper,bare_like,0.04482883516433827,0.5846118602998547,0.5846118602998547,0.012,0.006545009933993387,0.018545009933993387,8900.0,,6111.887259021071,0.11334500993399338,1.402072475047947,1.3338153080258002,3.873804047350426e-08,0.50-1.00,0.25-1.00,1.6666666666666667e-05,pneumatic_feed,0.007742560736279193,0.0,0.0,0.0,heavy,0.8300000000000006
aluminum,partial,0.24355476539079485,0.9132982042621713,0.9132982042621713,0.0218,0.038286809119432955,0.060086809119432955,2700.0,,2286.4334772141196,0.13738449190964616,1.4961694494625835,1.4684641585731013,1.14594274492201e-07,0.50-1.00,0.25-1.00,1.6666666666666667e-05,pneumatic_feed,0.024523976928089376,0.0,0.0,0.0,heavy,0.7280000000000005
aluminum,bare_like,0.020212024877899932,0.9686096684506268,0.9686096684506268,0.0218,0.0031773303108058697,0.02497733031080587,2700.0,,2617.435815892624,0.06537655894088372,1.0706822668274771,1.0129908534316145,6.133659420237142e-08,0.50-1.00,0.25-1.00,1.6666666666666667e-05,pneumatic_feed,0.02008582888593724,0.0,0.0,0.0,heavy,2.781999999999915
aluminum,partial,0.05698250378498415,0.7280689270353253,0.7280689270353253,0.0218,0.00895764959499951,0.03075764959499951,2700.0,,2510.976295726864,0.07723172904531675,1.1459088420976407,1.101012815136723,4.093933185686927e-08,0.50-1.00,0.25-1.00,1.6666666666666667e-05,pneumatic_feed,0.007317126119873511,0.0,0.0,0.0,heavy,1.7760000000000014
aluminum,partial,0.19230842876494625,0.6846042315567404,0.6846042315567404,0.0218,0.030230885001849547,0.05203088500184955,2700.0,,2322.892653350217,0.12086216051810632,1.3908335141862176,1.3773352792592648,5.664603440217961e-08,0.50-1.00,0.25-1.00,1.6666666666666667e-05,pneumatic_feed,0.023903373632271175,0.0,0.0,0.0,heavy,0.8360000000000006
aluminum,partial,0.2567803610255761,0.9171974614310088,0.9171974614310088,0.0218,0.040365872753220566,0.062165872753220566,2700.0,,2278.5581529685473,0.14164855619825598,1.5165485597746546,1.4910787162614272,1.1916201550821415e-07,0.50-1.00,0.25-1.00,1.6666666666666667e-05,pneumatic_feed,0.011080065506770985,0.0,0.0,0.0,heavy,0.7280000000000005
aluminum,partial,0.057903944358295545,0.6274908840655669,0.6274908840655669,0.0218,0.00910250005312406,0.03090250005312406,2700.0,,2508.820016739078,0.07752881070055806,1.1407684843378727,1.103128375464959,3.0526566806672714e-08,0.50-1.00,0.25-1.00,1.6666666666666667e-05,pneumatic_feed,-0.030611064064151067,0.0,0.0,0.0,heavy,1.8060000000000014
copper,partial,0.1484010214695981,0.6140859907301519,0.6140859907301519,0.012,0.021666549134561324,0.033666549134561324,8900.0,,3815.851414443913,0.12846654913456132,1.4611784926910878,1.4200038574652094,4.844494174040515e-08,0.50-1.00,0.25-1.00,1.6666666666666667e-05,pneumatic_feed,0.009335623697447861,0.0,0.0,0.0,heavy,0.7640000000000006
separator,film,,0.5048683896068847,0.5048683896068847,,,0.0139,,,900.0,0.01251,0.46737762169993746,0.44312183426231666,3.188700056211357e-09,0.50-1.00,0.25-1.00,1.6666666666666667e-05,pneumatic_feed,0.029841969107432895,2.25,0.0,0.0,light,4.359999999999742
aluminum,heavily_coated,0.32247242774203255,0.5877841157481047,0.5877841157481047,0.0218,0.05069266564104752,0.07249266564104752,2700.0,,2246.1353019430207,0.1628283354283087,1.5518263790605382,1.598672434516444,5.625558875480783e-08,0.50-1.00,0.25-1.00,1.6666666666666667e-05,pneumatic_feed,-0.024465731790584012,0.0,0.0,0.0,heavy,0.6740000000000005
aluminum,heavily_coated,0.3903152459793091,0.9896580555844592,0.9896580555844592,0.0218,0.061357556667947385,0.08315755666794739,2700.0,,2221.103479431367,0.18470153845618903,1.7074796690267253,1.7026671276583523,1.8090094727127843e-07,0.50-1.00,0.25-1.00,1.6666666666666667e-05,pneumatic_feed,-0.013577958076321325,0.0,0.0,0.0,heavy,0.5520000000000004
copper,partial,0.2014787005350991,0.8456491380752591,0.8456491380752591,0.012,0.029415890278124465,0.041415890278124465,8900.0,,3288.976510305094,0.13621589027812447,1.5125589709933227,1.4622053938504815,9.741104319073335e-08,0.50-1.00,0.25-1.00,1.6666666666666667e-05,pneumatic_feed,0.011066215527960043,0.0,0.0,0.0,heavy,0.7220000000000005
aluminum,heavily_coated,0.3899200066873134,0.6134747420294452,0.6134747420294452,0.0218,0.061295425051245675,0.08309542505124567,2700.0,,2221.2307024391325,0.1845741093560567,1.6363685959779908,1.7020796751188432,6.946469845490703e-08,0.50-1.00,0.25-1.00,1.6666666666666667e-05,pneumatic_feed,0.02838750141398761,0.0,0.0,0.0,heavy,0.5820000000000004
aluminum,heavily_coated,0.3066287171836778,0.7841568104621386,0.7841568104621386,0.0218,0.04820203434127415,0.07000203434127415,2700.0,,2253.079731058553,0.15772016470718955,1.570813160874011,1.5733962327538626,9.69824294820904e-08,0.50-1.00,0.25-1.00,1.6666666666666667e-05,pneumatic_feed,-0.007683839819536517,0.0,0.0,0.0,heavy,0.6520000000000005
aluminum,heavily_coated,0.2934924978329715,0.6654809232910586,0.6654809232910586,0.0218,0.04613702065934312,0.06793702065934312,2700.0,,2259.2235387528754,0.15348491622632834,1.5329985954937901,1.5521273288904007,6.797307582376882e-08,0.50-1.00,0.25-1.00,1.6666666666666667e-05,pneumatic_feed,-0.025450514266165052,0.0,0.0,0.0,heavy,0.6920000000000005
other_light,unresolved_nonmetal,,0.7592661528247677,0.1421477913191259,,,,,,1100.0,,0.419434677843721,,2.5210033768841014e-07,0.50-1.00,0.25-1.00,1.6666666666666667e-05,pneumatic_feed,0.008496099843335924,2.25,0.0,0.0,light,3.8879999999997934
aluminum,heavily_coated,0.3044306588847375,0.8437955985176953,0.8437955985176953,0.0218,0.04785649957668074,0.06965649957668074,2700.0,,2254.0823854948885,0.15701148873102821,1.5762928269276226,1.5698574225458244,1.1179076876945248e-07,0.50-1.00,0.25-1.00,1.6666666666666667e-05,pneumatic_feed,0.025039050537705325,0.0,0.0,0.0,heavy,0.6460000000000005
other_light,unresolved_nonmetal,,0.5485884978075306,0.12405740981514064,,,,,,1100.0,,0.3411389266690137,,9.508924521871255e-08,0.50-1.00,0.25-1.00,1.6666666666666667e-05,pneumatic_feed,0.02924503254532325,2.25,0.0,0.0,light,3.353999999999852
aluminum,partial,0.08226148412547918,0.5695700415291712,0.5695700415291712,0.0218,0.012931505304525331,0.03473150530452533,2700.0,,2458.342198193492,0.08538192509689574,1.1845620762201376,1.1576505069842433,2.7698753070625868e-08,0.50-1.00,0.25-1.00,1.6666666666666667e-05,pneumatic_feed,-0.024086655082633635,0.0,0.0,0.0,heavy,1.5200000000000011
aluminum,partial,0.26922812886495123,0.9808201034546775,0.9808201034546775,0.0218,0.042322661857570346,0.06412266185757035,2700.0,,2271.612512763333,0.14566184102734892,1.541143899491403,1.5120543167377516,1.4012786733732395e-07,0.50-1.00,0.25-1.00,1.6666666666666667e-05,pneumatic_feed,0.026502816215375775,0.0,0.0,0.0,heavy,0.7100000000000005
copper,partial,0.2528736174405376,0.49196945115765034,0.49196945115765034,0.012,0.036919548146318495,0.04891954814631849,8900.0,,2937.875626251758,0.1437195481463185,1.4867973225399134,1.5019394221154911,3.478500861824831e-08,0.25-0.50,0.25-1.00,1.6666666666666667e-05,pneumatic_feed,-0.012742102232533947,0.0,0.0,0.0,heavy,0.7440000000000005
copper,partial,0.16295658840168847,0.7782356198743988,0.7782356198743988,0.012,0.023791661906646517,0.03579166190664652,8900.0,,3648.661586244913,0.1305916619066465,1.4850727426259225,1.4317006409465365,7.909292884148265e-08,0.50-1.00,0.25-1.00,1.6666666666666667e-05,pneumatic_feed,0.04005911347045179,0.0,0.0,0.0,heavy,0.7240000000000005
separator,film,,0.28324186436564447,0.28324186436564447,,,0.0139,,,900.0,0.01251,0.4581171875384679,0.44312183426231666,1.00362668115387e-09,0.25-0.50,0.25-1.00,1.6666666666666667e-05,pneumatic_feed,0.01995040714939922,2.25,0.0,0.0,light,4.28999999999975
other_light,unresolved_nonmetal,,0.8178623296242639,0.13195697759076813,,,,,,1100.0,,0.37496814148797386,,3.150880432642943e-07,0.50-1.00,0.25-1.00,1.6666666666666667e-05,pneumatic_feed,-0.016216143296806176,2.25,0.0,0.0,light,3.583999999999827
aluminum,heavily_coated,0.2938207465426952,0.5847854482750084,0.5847854482750084,0.0218,0.04618862135651168,0.06798862135651168,2700.0,,2259.0654704917033,0.15359074689283034,1.515787127176869,1.5526623468191225,5.252404522872046e-08,0.50-1.00,0.25-1.00,1.6666666666666667e-05,pneumatic_feed,0.025294446852591752,0.0,0.0,0.0,heavy,0.7000000000000005
aluminum,bare_like,0.03211021894662736,0.6868480882356032,0.6868480882356032,0.0218,0.005047726418409823,0.026847726418409823,2700.0,,2577.9708349203884,0.06921265569058213,1.0879669102855067,1.0422868337071984,3.2651782957191955e-08,0.50-1.00,0.25-1.00,1.6666666666666667e-05,pneumatic_feed,-0.015129187885738523,0.0,0.0,0.0,heavy,2.485999999999948
copper,partial,0.35245481612512064,0.29822106375509816,0.29822106375509816,0.012,0.05145840315426761,0.06345840315426761,8900.0,,2493.891987315547,0.15825840315426762,1.4307116471059476,1.576078645217105,1.4074838145009339e-08,0.25-0.50,0.25-1.00,1.6666666666666667e-05,pneumatic_feed,0.0021760891453606428,0.0,0.0,0.0,heavy,0.7920000000000006
copper,partial,0.11196850374566769,0.5773977823899823,0.5773977823899823,0.012,0.016347401546867483,0.028347401546867483,8900.0,,4344.221862567006,0.12314740154686749,1.4380797640794856,1.3902955134357704,4.105589042664695e-08,0.50-1.00,0.25-1.00,1.6666666666666667e-05,pneumatic_feed,0.048281848007806244,0.0,0.0,0.0,heavy,0.8100000000000006
black_mass,free,,0.35719087740680444,0.0756077193833353,,,,,,2100.0,,0.2635079117721629,,5.010937577958e-08,0.25-0.50,0.25-1.00,1.6666666666666667e-05,pneumatic_feed,0.03237342814336745,2.25,0.0,0.0,light,2.9239999999998996
aluminum,partial,0.07743586079869325,0.6374092507464166,0.6374092507464166,0.0218,0.012172917317554578,0.03397291731755458,2700.0,,2467.4388453767506,0.08382609588010669,1.1818387821047447,1.147054663446409,3.4057750845687594e-08,0.50-1.00,0.25-1.00,1.6666666666666667e-05,pneumatic_feed,-0.035753650530798875,0.0,0.0,0.0,heavy,1.5120000000000011
other_light,unresolved_nonmetal,,0.9825829939685569,0.12389040915591884,,,,,,1100.0,,0.3404304797623319,,5.463853388805672e-07,0.50-1.00,0.25-1.00,1.6666666666666667e-05,pneumatic_feed,-0.01791138118306972,2.25,0.0,0.0,light,3.353999999999852
aluminum,partial,0.13443436215476473,0.5863207320434942,0.5863207320434942,0.0218,0.021133081730729017,0.04293308173072902,2700.0,,2380.5182060612883,0.1022029827023177,1.2820762537074837,1.2665614933731322,3.513452385375835e-08,0.50-1.00,0.25-1.00,1.6666666666666667e-05,pneumatic_feed,-0.0046272546335323385,0.0,0.0,0.0,heavy,1.1160000000000008
aluminum,bare_like,0.04436352066848552,0.9162290088178744,0.9162290088178744,0.0218,0.0069739454490859235,0.028773945449085923,2700.0,,2542.6906723023144,0.07316324269872641,1.1266401718634556,1.071620388663453,6.141875681365891e-08,0.50-1.00,0.25-1.00,1.6666666666666667e-05,pneumatic_feed,0.029546232097352916,0.0,0.0,0.0,heavy,2.0000000000000013
aluminum,bare_like,0.03136137648627678,0.7889330910568679,0.7889330910568679,0.0218,0.004930008383642711,0.02673000838364271,2700.0,,2580.291798005835,0.0689712213929405,1.091351415086184,1.040467342583896,4.29287518804913e-08,0.50-1.00,0.25-1.00,1.6666666666666667e-05,pneumatic_feed,0.03246596565638219,0.0,0.0,0.0,heavy,2.501999999999946
other_light,unresolved_nonmetal,,0.8164946398261337,0.10906546799408535,,,,,,1100.0,,0.27881145742577057,,3.1350994472303163e-07,0.50-1.00,0.25-1.00,1.6666666666666667e-05,pneumatic_feed,0.025577272321641177,2.25,0.0,0.0,light,3.039999999999887
aluminum,partial,0.051141251460702475,0.5560928153932883,0.5560928153932883,0.0218,0.008039404729622432,0.029839404729622432,2700.0,,2525.1325073735306,0.07534845088344508,1.1201256158182458,1.0875059931175342,2.330069612907465e-08,0.50-1.00,0.25-1.00,1.6666666666666667e-05,pneumatic_feed,-0.024565608813571685,0.0,0.0,0.0,heavy,2.037999999999997
copper,partial,0.17192956196895848,0.464680933676937,0.464680933676937,0.012,0.02510171604746794,0.03710171604746794,8900.0,,3555.137877685034,0.13190171604746792,1.4482736402652374,1.438863904294307,2.8481322562539345e-08,0.25-0.50,0.25-1.00,1.6666666666666667e-05,pneumatic_feed,0.016741658367668593,0.0,0.0,0.0,heavy,0.7800000000000006
copper,bare_like,0.013243382594810116,0.3896846979390123,0.3896846979390123,0.012,0.0019335338588422762,0.013933533858842276,8900.0,,7803.729833393237,0.10873353385884227,1.3681039016393897,1.3064002248347895,1.6511639862003695e-08,0.25-0.50,0.25-1.00,1.6666666666666667e-05,pneumatic_feed,0.028870514582410654,0.0,0.0,0.0,heavy,0.9180000000000007
separator,film,,0.8592817082738309,0.8592817082738309,,,0.0139,,,900.0,0.01251,0.4724906929651238,0.44312183426231666,9.236946827716653e-09,0.50-1.00,0.25-1.00,1.6666666666666667e-05,pneumatic_feed,0.018617867252621847,2.25,0.0,0.0,light,4.393999999999738
aluminum,partial,0.14653061562114,0.6118064416700404,0.6118064416700404,0.0218,0.023034612775643212,0.04483461277564321,2700.0,,2366.5406973259974,0.10610293578241176,1.3062407708764259,1.290500554064482,3.971508453578185e-08,0.50-1.00,0.25-1.00,1.6666666666666667e-05,pneumatic_feed,-0.00824166029865338,0.0,0.0,0.0,heavy,1.0300000000000007
black_mass,free,,0.30766110152603793,0.09774974466503428,,,,,,3540.0,,0.6144664445421443,,5.3978356365502846e-08,0.25-0.50,0.25-1.00,1.6666666666666667e-05,pneumatic_feed,0.0007881760520773495,2.25,0.0,0.0,light,7.169999999999432
separator,film,,0.7193834156782495,0.7193834156782495,,,0.0139,,,900.0,0.01251,0.4710574597409416,0.44312183426231666,6.474081359398842e-09,0.50-1.00,0.25-1.00,1.6666666666666667e-05,pneumatic_feed,-0.00980432181594284,2.25,0.0,0.0,light,4.387999999999739
copper,partial,0.30843994491723953,0.6653037394355321,0.6653037394355321,0.012,0.045032231957916974,0.05703223195791697,8900.0,,2662.2179554528243,0.15183223195791695,1.5459367517991662,1.5437482673063847,6.720535897572647e-08,0.50-1.00,0.25-1.00,1.6666666666666667e-05,pneumatic_feed,-0.015566282223507467,0.0,0.0,0.0,heavy,0.6680000000000005
separator,film,,0.9415604544332388,0.9415604544332388,,,0.0139,,,900.0,0.01251,0.47313899444621343,0.44312183426231666,1.1090566477800114e-08,0.50-1.00,0.25-1.00,1.6666666666666667e-05,pneumatic_feed,0.02539932370057906,2.25,0.0,0.0,light,4.3999999999997375
aluminum,partial,0.14350536640737654,0.9562612694191717,0.9562612694191717,0.0218,0.02255904359923959,0.04435904359923959,2700.0,,2369.9240707976937,0.10512756518340227,1.3318389316348151,1.28455527834293,9.613238976305933e-08,0.50-1.00,0.25-1.00,1.6666666666666667e-05,pneumatic_feed,-0.026345538126891898,0.0,0.0,0.0,heavy,0.9920000000000008
aluminum,partial,0.17298303750112742,0.6424157699471303,0.6424157699471303,0.0218,0.027192933495177235,0.048992933495177235,2700.0,,2339.755000219013,0.11463146112073849,1.354203330798157,1.341363266886011,4.7308177203519415e-08,0.50-1.00,0.25-1.00,1.6666666666666667e-05,pneumatic_feed,0.004331262293739349,0.0,0.0,0.0,heavy,0.9720000000000008
aluminum,heavily_coated,0.28305886200834435,0.8726569095126457,0.8726569095126457,0.0218,0.04449685310771173,0.06629685310771173,2700.0,,2264.376070101102,0.1501210077001103,1.5500980067267558,1.5350242137702361,1.1432166326177805e-07,0.50-1.00,0.25-1.00,1.6666666666666667e-05,pneumatic_feed,0.0048145984876525995,0.0,0.0,0.0,heavy,0.6880000000000005
aluminum,partial,0.09568988584976063,0.785354319217778,0.785354319217778,0.0218,0.015042450055582371,0.03684245005558237,2700.0,,2435.0002771661016,0.08971137609682132,1.2297363383992954,1.1866380068140863,5.5332308747247934e-08,0.50-1.00,0.25-1.00,1.6666666666666667e-05,pneumatic_feed,0.010564634731972089,0.0,0.0,0.0,heavy,1.300000000000001
separator,film,,0.5058955414333091,0.5058955414333091,,,0.0139,,,900.0,0.01251,0.4674023864584258,0.44312183426231666,3.201688038514682e-09,0.50-1.00,0.25-1.00,1.6666666666666667e-05,pneumatic_feed,-0.03654635266223505,2.25,0.0,0.0,light,4.359999999999742
aluminum,heavily_coated,0.4024332463167869,0.6555169296756329,0.6555169296756329,0.0218,0.0632625063209989,0.0850625063209989,2700.0,,2217.293036643508,0.18860850294499526,1.6616061619262479,1.720581024603214,8.104553488048706e-08,0.50-1.00,0.25-1.00,1.6666666666666667e-05,pneumatic_feed,-0.04955671083627556,0.0,0.0,0.0,heavy,0.5620000000000004
aluminum,heavily_coated,0.3668460043730206,0.6395686785243319,0.6395686785243319,0.0218,0.05766819188743884,0.07946819188743884,2700.0,,2229.002775359539,0.17713482026990557,1.617367545379822,1.6674256022253102,7.245666070974825e-08,0.50-1.00,0.25-1.00,1.6666666666666667e-05,pneumatic_feed,-0.02120297655581078,0.0,0.0,0.0,heavy,0.6100000000000004
separator,film,,0.6832004439621562,0.6832004439621562,,,0.0139,,,900.0,0.01251,0.4705940381060103,0.44312183426231666,5.839203211342393e-09,0.50-1.00,0.25-1.00,1.6666666666666667e-05,pneumatic_feed,0.00020787062939478624,2.25,0.0,0.0,light,4.383999999999739
aluminum,partial,0.07420641294594132,0.5135195216094433,0.5135195216094433,0.0218,0.011665248115101973,0.03346524811510197,2700.0,,2473.756934751138,0.08278488959790095,1.1620778132075695,1.1399086047261215,2.1830565715553045e-08,0.50-1.00,0.25-1.00,1.6666666666666667e-05,pneumatic_feed,0.016192153317762706,0.0,0.0,0.0,heavy,1.7080000000000013
copper,partial,0.23697635493790414,0.5695801861459702,0.5695801861459702,0.012,0.03459854782093401,0.046598547820934005,8900.0,,3034.398161167844,0.141398547820934,1.4969222650364358,1.4897622651273525,4.587274148860172e-08,0.50-1.00,0.25-1.00,1.6666666666666667e-05,pneumatic_feed,0.009094448013264218,0.0,0.0,0.0,heavy,0.7240000000000005
aluminum,bare_like,0.04010840087892354,0.8137871284431517,0.8137871284431517,0.0218,0.0063050406181667795,0.02810504061816678,2700.0,,2554.394085485457,0.07179134952737375,1.1127548167815047,1.0615257991126068,4.7543784641049466e-08,0.50-1.00,0.25-1.00,1.6666666666666667e-05,pneumatic_feed,-0.02568160429813069,0.0,0.0,0.0,heavy,2.19199999999998
aluminum,bare_like,0.036379381218422414,0.5342643776449489,0.5342643776449489,0.0218,0.005718838727536004,0.027518838727536004,2700.0,,2565.118281244857,0.07058907629863156,1.086288682478724,1.0525997062432237,2.0148834776440147e-08,0.50-1.00,0.25-1.00,1.6666666666666667e-05,pneumatic_feed,-0.003193815978912144,0.0,0.0,0.0,heavy,2.5059999999999456
separator,film,,0.5584322349563104,0.5584322349563104,,,0.0139,,,900.0,0.01251,0.4685518738465704,0.44312183426231666,3.901200478589132e-09,0.50-1.00,0.25-1.00,1.6666666666666667e-05,pneumatic_feed,3.2797356259379986e-05,2.25,0.0,0.0,light,4.369999999999741
aluminum,partial,0.11655216581597305,0.9451618681425651,0.9451618681425651,0.0218,0.018322000466270964,0.040122000466270964,2700.0,,2403.608560390683,0.09643758378072786,1.2802325912004688,1.2303187859340785,8.615067900871265e-08,0.50-1.00,0.25-1.00,1.6666666666666667e-05,pneumatic_feed,0.013059679746518985,0.0,0.0,0.0,heavy,1.0840000000000007
aluminum,partial,0.2543056052259366,0.9060997424972248,0.9060997424972248,0.0218,0.039976841141517235,0.061776841141517234,2700.0,,2279.9914592304276,0.1408506701808942,1.5117380689964874,1.486873269367405,1.1564075853108091e-07,0.50-1.00,0.25-1.00,1.6666666666666667e-05,pneumatic_feed,0.008555441918461755,0.0,0.0,0.0,heavy,0.7260000000000005
separator,film,,0.704126461078445,0.704126461078445,,,0.0139,,,900.0,0.01251,0.4708676947227884,0.44312183426231666,6.202383855617595e-09,0.50-1.00,0.25-1.00,1.6666666666666667e-05,pneumatic_feed,0.02084739085998464,2.25,0.0,0.0,light,4.383999999999739
copper,heavily_coated,0.711256310524361,0.6727546177376247,0.6727546177376247,0.012,0.1038434213365567,0.1158434213365567,8900.0,,1818.3459958816322,0.21064342133655672,1.6995641207054264,1.8183121682754573,9.533695460350912e-08,0.50-1.00,0.25-1.00,1.6666666666666667e-05,pneumatic_feed,-0.007865905048666688,0.0,0.0,0.0,heavy,0.5440000000000004
separator,film,,0.5773373877478671,0.5773373877478671,,,0.0139,,,900.0,0.01251,0.46891609020214936,0.44312183426231666,4.1698139257370544e-09,0.50-1.00,0.25-1.00,1.6666666666666667e-05,pneumatic_feed,-0.013852844863849243,2.25,0.0,0.0,light,4.369999999999741
aluminum,partial,0.058024619835927604,0.837022932969351,0.837022932969351,0.0218,0.009121470238207821,0.03092147023820782,2700.0,,2508.539118086811,0.07756771768130141,1.1540558135817478,1.103405137166629,5.434451625751252e-08,0.50-1.00,0.25-1.00,1.6666666666666667e-05,pneumatic_feed,0.023586155332324377,0.0,0.0,0.0,heavy,1.7420000000000013
aluminum,bare_like,0.027660776896251328,0.540642824990643,0.540642824990643,0.0218,0.004348274128090711,0.02614827412809071,2700.0,,2592.0682469175795,0.06777811107912039,1.0674885900788138,1.0314287331162895,1.9811180218921405e-08,0.50-1.00,0.25-1.00,1.6666666666666667e-05,pneumatic_feed,0.01787945691939314,0.0,0.0,0.0,heavy,2.7979999999999134
aluminum,heavily_coated,0.35928087957161586,0.8335295345462894,0.8335295345462894,0.0218,0.056478954268658024,0.07827895426865802,2700.0,,2231.7077433497448,0.17469574838268467,1.6467096374914492,1.6559059353159584,1.2137362452020298e-07,0.50-1.00,0.25-1.00,1.6666666666666667e-05,pneumatic_feed,-0.031117827311196868,0.0,0.0,0.0,heavy,0.5680000000000004
black_mass,free,,0.3000144083689139,0.07858959576520003,,,,,,3060.0,,0.38891885255753433,,4.3265964160905734e-08,0.25-0.50,0.25-1.00,1.6666666666666667e-05,pneumatic_feed,0.008826045791585913,2.25,0.0,0.0,light,3.64599999999982
separator,film,,0.2668288010955797,0.2668288010955797,,,0.0139,,,900.0,0.01251,0.4568630555312239,0.44312183426231666,8.906820897672467e-10,0.25-0.50,0.25-1.00,1.6666666666666667e-05,pneumatic_feed,-0.030078063771404682,2.25,0.0,0.0,light,4.261999999999753
copper,partial,0.20374628017650143,0.9497333494721872,0.9497333494721872,0.012,0.02974695690576921,0.04174695690576921,8900.0,,3270.8241995693616,0.1365469569057692,1.5213645856078521,1.4639812278827053,1.2316445871183997e-07,0.50-1.00,0.25-1.00,1.6666666666666667e-05,pneumatic_feed,-0.003790619475304134,0.0,0.0,0.0,heavy,0.7040000000000005
aluminum,partial,0.10041392422295792,0.7437496493150103,0.7437496493150103,0.0218,0.015785068887848988,0.03758506888784899,2700.0,,2427.412161487866,0.09123445330872386,1.236043430651855,1.1966687006576757,5.046757324033342e-08,0.50-1.00,0.25-1.00,1.6666666666666667e-05,pneumatic_feed,-0.016287136520392292,0.0,0.0,0.0,heavy,1.258000000000001
other_light,unresolved_nonmetal,,0.5014154756842188,0.1851966287027186,,,,,,1100.0,,0.614375594234847,,7.260800584112271e-08,0.50-1.00,0.25-1.00,1.6666666666666667e-05,pneumatic_feed,0.0004441248100947927,2.25,0.0,0.0,light,7.163999999999433
aluminum,partial,0.15734612283165733,0.571524757697037,0.571524757697037,0.0218,0.024734810509136534,0.046534810509136534,2700.0,,2355.010416140794,0.10958996346215463,1.3182047116997704,1.3115350039179203,3.579652579297954e-08,0.50-1.00,0.25-1.00,1.6666666666666667e-05,pneumatic_feed,-0.004923990268045205,0.0,0.0,0.0,heavy,1.0000000000000007
aluminum,heavily_coated,0.4028857812362028,0.6983464010626954,0.6983464010626954,0.0218,0.06333364481033107,0.08513364481033107,2700.0,,2217.154042316517,0.18875440472836413,1.6727153101936865,1.7212463904439723,9.205320072865196e-08,0.50-1.00,0.25-1.00,1.6666666666666667e-05,pneumatic_feed,-0.01743160047065621,0.0,0.0,0.0,heavy,0.5780000000000004
aluminum,partial,0.16991210674094848,0.9535369730678229,0.9535369730678229,0.0218,0.026710183179677105,0.048510183179677105,2700.0,,2342.6290087059124,0.1136413623343492,1.3790651795629207,1.335557869655952,1.033264494126138e-07,0.50-1.00,0.25-1.00,1.6666666666666667e-05,pneumatic_feed,0.019917801979711342,0.0,0.0,0.0,heavy,0.8860000000000007
other_light,unresolved_nonmetal,,0.6154327841902081,0.08316770074783195,,,,,,1100.0,,0.1788952010972647,,1.3425584113126826e-07,0.50-1.00,0.25-1.00,1.6666666666666667e-05,pneumatic_feed,0.024038078848194876,2.25,0.0,0.0,light,2.5979999999999355
copper,partial,0.3761630588131263,0.7492380012576033,0.7492380012576033,0.012,0.05491980658671644,0.06691980658671644,8900.0,,2416.6209502885467,0.16171980658671642,1.5905714215945335,1.5932212916557138,9.078263967249385e-08,0.50-1.00,0.25-1.00,1.6666666666666667e-05,pneumatic_feed,-0.023849150537798205,0.0,0.0,0.0,heavy,0.6300000000000004
black_mass,free,,0.4115983874058962,0.04886075396322019,,,,,,3060.0,,0.1771088508217811,,1.1172260219016764e-07,0.25-0.50,0.25-1.00,1.6666666666666667e-05,pneumatic_feed,0.02910091673742844,2.25,0.0,0.0,light,2.593999999999936
copper,heavily_coated,0.512761561523334,0.6174570576323399,0.6174570576323399,0.012,0.07486318798240675,0.08686318798240675,8900.0,,2091.3714106279494,0.18166318798240677,1.6167487225596235,1.6886045714055902,6.925967501406237e-08,0.50-1.00,0.25-1.00,1.6666666666666667e-05,pneumatic_feed,-0.020985028461341808,0.0,0.0,0.0,heavy,0.6360000000000005
aluminum,partial,0.14763112787749183,0.9577618915600317,0.9577618915600317,0.0218,0.023207613302341716,0.045007613302341716,2700.0,,2365.327644099786,0.10645775193898213,1.339496945826489,1.2926565183505878,9.765453058083965e-08,0.50-1.00,0.25-1.00,1.6666666666666667e-05,pneumatic_feed,0.029183630634798705,0.0,0.0,0.0,heavy,0.9860000000000008
aluminum,partial,0.22824397285841358,0.9301932144271637,0.9301932144271637,0.0218,0.03587995253334261,0.05767995253334261,2700.0,,2296.259505635304,0.13244813928928112,1.4739810413716217,1.4418411820601313,1.1460199967376137e-07,0.50-1.00,0.25-1.00,1.6666666666666667e-05,pneumatic_feed,-0.0359844400870647,0.0,0.0,0.0,heavy,0.7580000000000006
aluminum,heavily_coated,0.2805948723935264,0.689055580668966,0.689055580668966,0.0218,0.04410951394026234,0.06590951394026234,2700.0,,2265.6303146726323,0.14932659280839683,1.5202366151431075,1.530957282461074,7.089990687380575e-08,0.50-1.00,0.25-1.00,1.6666666666666667e-05,pneumatic_feed,-0.013028594209483765,0.0,0.0,0.0,heavy,0.7140000000000005
other_light,unresolved_nonmetal,,0.7763020995084924,0.10693823558550085,,,,,,1100.0,,0.2701978015647561,,2.6945335139297554e-07,0.50-1.00,0.25-1.00,1.6666666666666667e-05,pneumatic_feed,0.029263049318281366,2.25,0.0,0.0,light,2.9679999999998947
aluminum,heavily_coated,0.360360438181833,0.8406471413499947,0.8406471413499947,0.0218,0.05664866088218415,0.07844866088218415,2700.0,,2231.3167223732376,0.17504380887420476,1.6491730730233845,1.6575547122461805,1.2370129203436847e-07,0.50-1.00,0.25-1.00,1.6666666666666667e-05,pneumatic_feed,-0.031631302083959985,0.0,0.0,0.0,heavy,0.6040000000000004
aluminum,partial,0.17131734106601032,0.5336939407812749,0.5336939407812749,0.0218,0.026931086015576824,0.048731086015576824,2700.0,,2341.3068179236197,0.11409442393309238,1.3337289429200292,1.3382175002793149,3.2497426052078914e-08,0.50-1.00,0.25-1.00,1.6666666666666667e-05,pneumatic_feed,0.0009391358918260459,0.0,0.0,0.0,heavy,0.9800000000000008
aluminum,heavily_coated,0.28318519502419737,0.5029437517840343,0.5029437517840343,0.0218,0.044516712657803825,0.06631671265780383,2700.0,,2264.312157669672,0.15016173872775146,1.4801612588459339,1.535232442033058,3.7983774820971456e-08,0.50-1.00,0.25-1.00,1.6666666666666667e-05,pneumatic_feed,0.014587144994016431,0.0,0.0,0.0,heavy,0.7560000000000006
copper,partial,0.1245611909862524,0.7881017537466655,0.7881017537466655,0.012,0.01818593388399285,0.03018593388399285,8900.0,,4140.535600598761,0.12498593388399284,1.4632169166244078,1.4006352909459163,7.762931025614035e-08,0.50-1.00,0.25-1.00,1.6666666666666667e-05,pneumatic_feed,0.026985848914886323,0.0,0.0,0.0,heavy,0.7640000000000006
copper,bare_like,0.028165434710274124,0.6938704359654712,0.6938704359654712,0.012,0.004112153467700021,0.01611215346770002,8900.0,,6883.75726373543,0.11091215346770002,1.398181180990949,1.3194230408890923,5.3399341935632435e-08,0.50-1.00,0.25-1.00,1.6666666666666667e-05,pneumatic_feed,-0.029670858889570113,0.0,0.0,0.0,heavy,0.8180000000000006
aluminum,partial,0.12234503597161506,0.9781235163449423,0.9781235163449423,0.0218,0.019232639654737885,0.041032639654737885,2700.0,,2395.782086523831,0.09830526304760841,1.2931645673708885,1.2421752729769102,9.405116307266416e-08,0.50-1.00,0.25-1.00,1.6666666666666667e-05,pneumatic_feed,-0.013378292849216288,0.0,0.0,0.0,heavy,1.0460000000000007
aluminum,partial,0.06261502217793707,0.9176927004030448,0.9176927004030448,0.0218,0.00984308148637171,0.03164308148637171,2700.0,,2498.104027398014,0.0790477093003887,1.1676914405547387,1.1138818811610596,6.657081035675011e-08,0.50-1.00,0.25-1.00,1.6666666666666667e-05,pneumatic_feed,-0.011915075959802386,0.0,0.0,0.0,heavy,1.7100000000000013
aluminum,partial,0.07133044037318004,0.707064639068465,0.707064639068465,0.0218,0.011213145226663904,0.033013145226663904,2700.0,,2479.547062804624,0.08185764728071698,1.1749185326821467,1.1335067850340084,4.092394523736015e-08,0.50-1.00,0.25-1.00,1.6666666666666667e-05,pneumatic_feed,-0.02326896591049317,0.0,0.0,0.0,heavy,1.5660000000000012
aluminum,bare_like,0.03879337323251734,0.9603426633989732,0.9603426633989732,0.0218,0.006098318272151727,0.027898318272151727,2700.0,,2558.124499394477,0.07136737146389592,1.1152017269802954,1.0583866318587507,6.581913149423181e-08,0.50-1.00,0.25-1.00,1.6666666666666667e-05,pneumatic_feed,0.0006274058326596112,0.0,0.0,0.0,heavy,2.1959999999999797
aluminum,bare_like,0.04110783112697391,0.843501786066593,0.843501786066593,0.0218,0.006462151053160298,0.0282621510531603,2700.0,,2551.595442894778,0.07211357583364766,1.1163253920823113,1.0639053934842768,5.1308467610665e-08,0.50-1.00,0.25-1.00,1.6666666666666667e-05,pneumatic_feed,-0.025521177132511962,0.0,0.0,0.0,heavy,2.031999999999998
aluminum,heavily_coated,0.3182196328817005,0.7340541516375176,0.7340541516375176,0.0218,0.05002412628900332,0.07182412628900332,2700.0,,2247.952048699116,0.16145719183738905,1.5778731619843778,1.591927160104902,8.699886629450945e-08,0.50-1.00,0.25-1.00,1.6666666666666667e-05,pneumatic_feed,-0.02545481283475239,0.0,0.0,0.0,heavy,0.6600000000000005
separator,film,,0.8640974331023211,0.8640974331023211,,,0.0139,,,900.0,0.01251,0.47253195971596956,0.44312183426231666,9.340771317414194e-09,0.50-1.00,0.25-1.00,1.6666666666666667e-05,pneumatic_feed,0.016796495527518128,2.25,0.0,0.0,light,4.395999999999738
copper,bare_like,0.047723864310914355,0.4614267047239846,0.4614267047239846,0.012,0.006967684189393496,0.018967684189393496,8900.0,,5997.974399690345,0.1137676841893935,1.3924473160688158,1.336299955487809,2.4222801408118325e-08,0.25-0.50,0.25-1.00,1.6666666666666667e-05,pneumatic_feed,-0.027717581145320244,0.0,0.0,0.0,heavy,0.8860000000000007
copper,partial,0.3516845065492418,0.5833066104485766,0.5833066104485766,0.012,0.0513459379561893,0.0633459379561893,8900.0,,2496.5442624839598,0.1581459379561893,1.5477946154292697,1.5755185312018223,5.380861797696121e-08,0.50-1.00,0.25-1.00,1.6666666666666667e-05,pneumatic_feed,0.004700550098990549,0.0,0.0,0.0,heavy,0.6880000000000005
aluminum,partial,0.18538163354441145,0.5264943275439237,0.5264943275439237,0.0218,0.029141992793181484,0.050941992793181484,2700.0,,2328.7053757922877,0.1186288924710537,1.3537501372470535,1.3645508771114616,3.288348733000867e-08,0.50-1.00,0.25-1.00,1.6666666666666667e-05,pneumatic_feed,-0.013063437664009879,0.0,0.0,0.0,heavy,0.9280000000000007
copper,partial,0.4623339508538342,0.8113952364743637,0.8113952364743637,0.012,0.0675007568246598,0.07950075682465979,8900.0,,2192.4414783758966,0.17430075682465979,1.6392350691550663,1.6540328530956876,1.1475303491425478e-07,0.50-1.00,0.25-1.00,1.6666666666666667e-05,pneumatic_feed,-0.011529351193457505,0.0,0.0,0.0,heavy,0.5780000000000004
black_mass,free,,0.4742954697046346,0.08630950012808258,,,,,,2100.0,,0.3261539355603199,,1.1731805287621679e-07,0.25-0.50,0.25-1.00,1.6666666666666667e-05,pneumatic_feed,-0.02177076215422262,2.25,0.0,0.0,light,3.2879999999998595
copper,partial,0.19723151536114603,0.5585339729909651,0.5585339729909651,0.012,0.028795801242727317,0.04079580124272732,8900.0,,3323.7685524536682,0.13559580124272733,1.4770866606022612,1.458873433957123,4.2300493137221505e-08,0.50-1.00,0.25-1.00,1.6666666666666667e-05,pneumatic_feed,0.015498878504931113,0.0,0.0,0.0,heavy,0.7480000000000006
aluminum,partial,0.2480503204993193,0.8628636660750892,0.8628636660750892,0.0218,0.038993510382493,0.060793510382493,2700.0,,2283.6961208307885,0.13883390383218552,1.4978788316233018,1.4761900130233858,1.0336652097090956e-07,0.50-1.00,0.25-1.00,1.6666666666666667e-05,pneumatic_feed,-0.03884537125279373,0.0,0.0,0.0,heavy,0.7400000000000005
aluminum,partial,0.2537604751593482,0.5930923395890231,0.5930923395890231,0.0218,0.039891146695049534,0.061691146695049534,2700.0,,2280.3096121961703,0.14067491479612546,1.4652904393892998,1.485945309437728,4.9483600291109706e-08,0.50-1.00,0.25-1.00,1.6666666666666667e-05,pneumatic_feed,0.0030413406302508468,0.0,0.0,0.0,heavy,0.7660000000000006
aluminum,bare_like,0.023421334995963047,0.9172616110287216,0.9172616110287216,0.0218,0.003681833861365391,0.02548183386136539,2700.0,,2606.2202970696994,0.06641127261604844,1.0770807990256495,1.0209756779578525,5.587637693579765e-08,0.50-1.00,0.25-1.00,1.6666666666666667e-05,pneumatic_feed,-0.025503446875165692,0.0,0.0,0.0,heavy,2.721999999999922
separator,film,,0.7585730458239337,0.7585730458239337,,,0.0139,,,900.0,0.01251,0.47151083922350273,0.44312183426231666,7.1986676537910056e-09,0.50-1.00,0.25-1.00,1.6666666666666667e-05,pneumatic_feed,-0.01009827767445948,2.25,0.0,0.0,light,4.387999999999739
separator,film,,0.5826352879541274,0.5826352879541274,,,0.0139,,,900.0,0.01251,0.46901406153766007,0.44312183426231666,4.246693123405056e-09,0.50-1.00,0.25-1.00,1.6666666666666667e-05,pneumatic_feed,-0.012397405909843874,2.25,0.0,0.0,light,4.369999999999741
other_light,unresolved_nonmetal,,0.609941222454363,0.13682131466716774,,,,,,1100.0,,0.3960859805371084,,1.3069388410311204e-07,0.50-1.00,0.25-1.00,1.6666666666666667e-05,pneumatic_feed,0.005248630341974327,2.25,0.0,0.0,light,3.6959999999998145
aluminum,partial,0.061340497935128024,0.6547373350950416,0.6547373350950416,0.0218,0.009642726275402122,0.03144272627540212,2700.0,,2500.9532968132844,0.07863678993926462,1.15017278931936,1.110982922860067,3.3710096015377565e-08,0.50-1.00,0.25-1.00,1.6666666666666667e-05,pneumatic_feed,0.020130622420354065,0.0,0.0,0.0,heavy,1.7740000000000014
separator,film,,0.6952482812730627,0.6952482812730627,,,0.0139,,,900.0,0.01251,0.47075354566972877,0.44312183426231666,6.046960859390478e-09,0.50-1.00,0.25-1.00,1.6666666666666667e-05,pneumatic_feed,0.02262082866268407,2.25,0.0,0.0,light,4.385999999999739
aluminum,partial,0.052073355592189674,0.9105319254029685,0.9105319254029685,0.0218,0.00818593149909222,0.02998593149909222,2700.0,,2522.8154269200554,0.07564897057647788,1.1439739810971754,1.089672538962232,6.271817002751928e-08,0.50-1.00,0.25-1.00,1.6666666666666667e-05,pneumatic_feed,-0.0031530824185572507,0.0,0.0,0.0,heavy,1.7920000000000014
aluminum,partial,0.18834795230674334,0.7306947768570473,0.7306947768570473,0.0218,0.029608298102620056,0.051408298102620056,2700.0,,2326.185999476267,0.11958526330321712,1.3902982253242098,1.3700402522580482,6.384834874701556e-08,0.50-1.00,0.25-1.00,1.6666666666666667e-05,pneumatic_feed,0.002518848707149746,0.0,0.0,0.0,heavy,0.8480000000000006
aluminum,partial,0.15142924111474776,0.647777042950255,0.647777042950255,0.0218,0.023804676703238353,0.04560467670323835,2700.0,,2361.2118188782024,0.10768230162780582,1.3192444848639253,1.3000697698008519,4.5185119482941035e-08,0.50-1.00,0.25-1.00,1.6666666666666667e-05,pneumatic_feed,0.03792540267470559,0.0,0.0,0.0,heavy,1.0120000000000007
other_light,unresolved_nonmetal,,0.88893760213059,0.1816985620443834,,,,,,1100.0,,0.5982332346670439,,4.045806793511028e-07,0.50-1.00,0.25-1.00,1.6666666666666667e-05,pneumatic_feed,-0.027883599519437276,2.25,0.0,0.0,light,6.6239999999994925
separator,film,,0.8392393473808695,0.8392393473808695,,,0.0139,,,900.0,0.01251,0.47231398188427304,0.44312183426231666,8.81107675422527e-09,0.50-1.00,0.25-1.00,1.6666666666666667e-05,pneumatic_feed,-0.027987396070708517,2.25,0.0,0.0,light,4.3899999999997386
aluminum,partial,0.1497272548464474,0.5554436105311675,0.5554436105311675,0.0218,0.023537124461861528,0.04533712446186153,2700.0,,2363.042771386305,0.10713356423504311,1.3031234062676595,1.2967530313183142,3.305259059718891e-08,0.50-1.00,0.25-1.00,1.6666666666666667e-05,pneumatic_feed,-0.006137496257969059,0.0,0.0,0.0,heavy,1.0480000000000007
aluminum,partial,0.1603885677616642,0.5930523952892826,0.5930523952892826,0.0218,0.02521308285213361,0.04701308285213361,2700.0,,2351.917198874357,0.11057087813203816,1.326544560030957,1.3173915527133424,3.88890099920707e-08,0.50-1.00,0.25-1.00,1.6666666666666667e-05,pneumatic_feed,0.0025643268842526863,0.0,0.0,0.0,heavy,1.0140000000000007
aluminum,bare_like,0.040344533066965824,0.9430610265026995,0.9430610265026995,0.0218,0.0063421605981270265,0.028142160598127026,2700.0,,2553.7300398642287,0.07186748090612045,1.1182662854772942,1.0620884992798232,6.391635745437707e-08,0.50-1.00,0.25-1.00,1.6666666666666667e-05,pneumatic_feed,0.006340478041391045,0.0,0.0,0.0,heavy,2.0339999999999976
other_light,unresolved_nonmetal,,0.550225255314395,0.09872414684240315,,,,,,1100.0,,0.2375583336872189,,9.594290615141212e-08,0.50-1.00,0.25-1.00,1.6666666666666667e-05,pneumatic_feed,0.02603253958907203,2.25,0.0,0.0,light,2.837999999999909
aluminum,partial,0.12848250811471812,0.6104956025454673,0.6104956025454673,0.0218,0.020197450275633688,0.04199745027563369,2700.0,,2387.860329212643,0.10028404544126626,1.2749226628717465,1.2546148322278496,3.7376353195043603e-08,0.50-1.00,0.25-1.00,1.6666666666666667e-05,pneumatic_feed,0.031752997337668884,0.0,0.0,0.0,heavy,1.0920000000000007
aluminum,partial,0.23080696880606505,0.558302311894381,0.558302311894381,0.0218,0.03628285549631343,0.05808285549631343,2700.0,,2294.5578979191623,0.13327447481276342,1.4262080085367155,1.4463319662723129,4.15418499080781e-08,0.50-1.00,0.25-1.00,1.6666666666666667e-05,pneumatic_feed,0.014141121313060263,0.0,0.0,0.0,heavy,0.8200000000000006
black_mass,free,,0.29431451079586773,0.06491079274427818,,,,,,3540.0,,0.32486570239738616,,4.725381853750653e-08,0.25-0.50,0.25-1.00,1.6666666666666667e-05,pneumatic_feed,0.03224607132376372,2.25,0.0,0.0,light,3.28199999999986
separator,film,,0.40859885049990974,0.40859885049990974,,,0.0139,,,900.0,0.01251,0.464530311851385,0.44312183426231666,2.0885822880793932e-09,0.25-0.50,0.25-1.00,1.6666666666666667e-05,pneumatic_feed,-0.028159009696455534,2.25,0.0,0.0,light,4.341999999999744
aluminum,partial,0.15476031070677732,0.6172250788643876,0.6172250788643876,0.0218,0.02432832084310539,0.04612832084310539,2700.0,,2357.6898050306427,0.10875627177497207,1.320799010159878,1.3065368122559584,4.143252861826126e-08,0.50-1.00,0.25-1.00,1.6666666666666667e-05,pneumatic_feed,0.01568556790739242,0.0,0.0,0.0,heavy,1.0080000000000007
aluminum,partial,0.26257255921601064,0.603281809237337,0.603281809237337,0.0218,0.04127640630875688,0.06307640630875688,2700.0,,2275.272597400808,0.14351601881683398,1.4793519261326598,1.5008755549175377,5.223250311611132e-08,0.50-1.00,0.25-1.00,1.6666666666666667e-05,pneumatic_feed,-0.005069890843913544,0.0,0.0,0.0,heavy,0.7360000000000005
copper,partial,0.20551893882312022,0.3878811019429613,0.3878811019429613,0.012,0.03000576506817555,0.04200576506817555,8900.0,,3256.833076272725,0.13680576506817554,1.4400213868667504,1.4653679703439964,2.0582666661237202e-08,0.25-0.50,0.25-1.00,1.6666666666666667e-05,pneumatic_feed,0.037819304272470544,0.0,0.0,0.0,heavy,0.7860000000000006
aluminum,partial,0.26982917430361464,0.8358223269347689,0.8358223269347689,0.0218,0.04241714620052822,0.06421714620052822,2700.0,,2271.2878524961397,0.14585562408722838,1.5267799267215136,1.513059772670312,1.0189458761875784e-07,0.50-1.00,0.25-1.00,1.6666666666666667e-05,pneumatic_feed,-0.028798190158954018,0.0,0.0,0.0,heavy,0.7060000000000005
separator,film,,0.8266116823492494,0.8266116823492494,,,0.0139,,,900.0,0.01251,0.4721983523425467,0.44312183426231666,8.54791878618717e-09,0.50-1.00,0.25-1.00,1.6666666666666667e-05,pneumatic_feed,0.00029461501575352806,2.25,0.0,0.0,light,4.391999999999738
aluminum,partial,0.18441744199553695,0.7978387734298564,0.7978387734298564,0.0218,0.02899042188169841,0.05079042188169841,2700.0,,2329.534252528334,0.11831802747378106,1.3911018021441932,1.3627618130944483,7.531495093140312e-08,0.50-1.00,0.25-1.00,1.6666666666666667e-05,pneumatic_feed,0.026465004410480303,0.0,0.0,0.0,heavy,0.8340000000000006
separator,film,,0.7459928548039743,0.7459928548039743,,,0.0139,,,900.0,0.01251,0.47137035217172485,0.44312183426231666,6.961881796126479e-09,0.50-1.00,0.25-1.00,1.6666666666666667e-05,pneumatic_feed,0.009900311184951667,2.25,0.0,0.0,light,4.385999999999739
aluminum,heavily_coated,0.36731033724047496,0.5712628269166246,0.5712628269166246,0.0218,0.05774118501420267,0.07954118501420267,2700.0,,2228.8393842516434,0.17728452582970153,1.5989736138821815,1.6681300660988625,5.78552479884202e-08,0.50-1.00,0.25-1.00,1.6666666666666667e-05,pneumatic_feed,0.006625073429582026,0.0,0.0,0.0,heavy,0.6140000000000004
copper,partial,0.1769747598064605,0.28373627824413294,0.28373627824413294,0.012,0.02583831493174323,0.03783831493174323,8900.0,,3505.3969811026286,0.13263831493174322,1.3896000510396034,1.4428759444833232,1.067821673593113e-08,0.25-0.50,0.25-1.00,1.6666666666666667e-05,pneumatic_feed,0.02085835933432832,0.0,0.0,0.0,heavy,0.8480000000000006
copper,partial,0.10801071856634803,0.7661289548472612,0.7661289548472612,0.012,0.01576956491068681,0.02776956491068681,8900.0,,4413.809337845162,0.12256956491068681,1.4517911038943854,1.3870298810184805,7.194264436633506e-08,0.50-1.00,0.25-1.00,1.6666666666666667e-05,pneumatic_feed,0.00789203880221059,0.0,0.0,0.0,heavy,0.7680000000000006
aluminum,heavily_coated,0.34826311558513,0.8915570365357323,0.8915570365357323,0.0218,0.054746961769982436,0.07654696176998244,2700.0,,2235.797569733394,0.17114351109580175,1.6410489463078815,1.6389839993604893,1.3603751857828262e-07,0.50-1.00,0.25-1.00,1.6666666666666667e-05,pneumatic_feed,0.0225642285420933,0.0,0.0,0.0,heavy,0.6020000000000004
aluminum,partial,0.11564722079145273,0.623756793710113,0.623756793710113,0.0218,0.01817974310841637,0.03997974310841637,2700.0,,2404.8633878073133,0.09614582045537227,1.2535297023493344,1.2284562661599001,3.740769835377415e-08,0.50-1.00,0.25-1.00,1.6666666666666667e-05,pneumatic_feed,-0.008018714344478206,0.0,0.0,0.0,heavy,1.2240000000000009
aluminum,partial,0.11973177170771471,0.5384402660107597,0.5384402660107597,0.0218,0.018821834512452756,0.040621834512452756,2700.0,,2399.269301498601,0.0974627205162843,1.2495776145214157,1.2368406773807201,2.825618921563959e-08,0.50-1.00,0.25-1.00,1.6666666666666667e-05,pneumatic_feed,0.009295127993965592,0.0,0.0,0.0,heavy,1.2260000000000009
other_light,unresolved_nonmetal,,0.8093332487851439,0.10056145008672115,,,,,,1100.0,,0.24476903231982494,,3.0533279582189584e-07,0.50-1.00,0.25-1.00,1.6666666666666667e-05,pneumatic_feed,-0.027346620615621497,2.25,0.0,0.0,light,2.8599999999999066
aluminum,bare_like,0.03962644403611276,0.6542988268571859,0.6542988268571859,0.0218,0.006229277002476927,0.028029277002476927,2700.0,,2555.754892120575,0.07163596182168312,1.1030169106589414,1.0603763750447943,3.066785347156177e-08,0.50-1.00,0.25-1.00,1.6666666666666667e-05,pneumatic_feed,-0.00035693996069660616,0.0,0.0,0.0,heavy,2.2539999999999734
separator,film,,0.8179071453427216,0.8179071453427216,,,0.0139,,,900.0,0.01251,0.4721166186738886,0.44312183426231666,8.368840951017525e-09,0.50-1.00,0.25-1.00,1.6666666666666667e-05,pneumatic_feed,-0.026987097787097382,2.25,0.0,0.0,light,4.3899999999997386
separator,film,,0.7306760203807747,0.7306760203807747,,,0.0139,,,900.0,0.01251,0.47119295312209153,0.44312183426231666,6.678931958961175e-09,0.50-1.00,0.25-1.00,1.6666666666666667e-05,pneumatic_feed,0.01885832385773195,2.25,0.0,0.0,light,4.385999999999739
copper,heavily_coated,0.5914467901092637,0.9111558690386491,0.9111558690386491,0.012,0.08635123135595249,0.09835123135595249,8900.0,,1963.8923549101298,0.19315123135595252,1.7113511038096225,1.7411782583535298,1.6035512144347302e-07,0.50-1.00,0.25-1.00,1.6666666666666667e-05,pneumatic_feed,-0.0254315253256196,0.0,0.0,0.0,heavy,0.5660000000000004
copper,partial,0.1867611159449004,0.6710056054666635,0.6710056054666635,0.012,0.027267122927955464,0.039267122927955464,8900.0,,3414.233407778113,0.13406712292795545,1.4877144709420662,1.4506266099438507,6.036352402321199e-08,0.50-1.00,0.25-1.00,1.6666666666666667e-05,pneumatic_feed,0.007942240717219915,0.0,0.0,0.0,heavy,0.7360000000000005
copper,partial,0.33161481911027535,0.5986498313966426,0.5986498313966426,0.012,0.048415763590100205,0.0604157635901002,8900.0,,2569.126902759763,0.1552157635901002,1.5431640782928124,1.5608544535959183,5.5626476902933764e-08,0.50-1.00,0.25-1.00,1.6666666666666667e-05,pneumatic_feed,-0.02040199528086206,0.0,0.0,0.0,heavy,0.7080000000000005
black_mass,free,,0.463622409766328,0.043881538112463855,,,,,,3060.0,,0.14686818526023943,,1.5966631739855794e-07,0.25-0.50,0.25-1.00,1.6666666666666667e-05,pneumatic_feed,0.0034371576840082504,2.25,0.0,0.0,light,2.493999999999947
aluminum,partial,0.10612397575992438,0.9511836274110829,0.9511836274110829,0.0218,0.016682688989460112,0.03848268898946011,2700.0,,2418.631168166271,0.09307543102475721,1.260035784980004,1.20868191240069,8.421002349586077e-08,0.50-1.00,0.25-1.00,1.6666666666666667e-05,pneumatic_feed,-0.01407862642741357,0.0,0.0,0.0,heavy,1.1960000000000008
copper,partial,0.20080432243144586,0.7000099048339964,0.7000099048339964,0.012,0.029317431074991098,0.0413174310749911,8900.0,,3294.431128303647,0.13611743107499108,1.498361373393535,1.461676844638739,6.669942874888186e-08,0.50-1.00,0.25-1.00,1.6666666666666667e-05,pneumatic_feed,-0.03467125854855362,0.0,0.0,0.0,heavy,0.7240000000000005
aluminum,partial,0.06179842858572154,0.7245329274219661,0.7245329274219661,0.0218,0.009714712973675425,0.031514712973675425,2700.0,,2499.925397579599,0.07878443136032248,1.1560363946528942,1.1120253749944835,4.135772675230502e-08,0.50-1.00,0.25-1.00,1.6666666666666667e-05,pneumatic_feed,-0.022195261937291176,0.0,0.0,0.0,heavy,1.7360000000000013
other_light,unresolved_nonmetal,,0.6856915893028714,0.16088505708893033,,,,,,1100.0,,0.5031320199442255,,1.8568540737258415e-07,0.50-1.00,0.25-1.00,1.6666666666666667e-05,pneumatic_feed,-0.03021595684026342,2.25,0.0,0.0,light,4.805999999999693
copper,partial,0.1950954645903351,0.697888256828804,0.697888256828804,0.012,0.02848393783018893,0.04048393783018893,8900.0,,3341.6694393129787,0.1352839378301889,1.4951284679992898,1.457194801041592,6.5889773925357e-08,0.50-1.00,0.25-1.00,1.6666666666666667e-05,pneumatic_feed,0.02451046545341994,0.0,0.0,0.0,heavy,0.7480000000000006
aluminum,partial,0.25191766088169454,0.8150497559249044,0.8150497559249044,0.0218,0.03960145629060238,0.06140145629060238,2700.0,,2281.391704813796,0.14008077304486713,1.4981962595845602,1.4828040375289766,9.305651267544951e-08,0.50-1.00,0.25-1.00,1.6666666666666667e-05,pneumatic_feed,-0.02343380079083327,0.0,0.0,0.0,heavy,0.7160000000000005
aluminum,heavily_coated,0.31487315595554083,0.6711055280683034,0.6711055280683034,0.0218,0.04949806011621102,0.07129806011621102,2700.0,,2249.405579201176,0.1603782542116259,1.5616676451219125,1.5865992178573898,7.223157989518026e-08,0.50-1.00,0.25-1.00,1.6666666666666667e-05,pneumatic_feed,-0.04433074321169128,0.0,0.0,0.0,heavy,0.6700000000000005
aluminum,partial,0.2398892959896043,0.765952039657533,0.765952039657533,0.0218,0.0377105973295658,0.0595105973295658,2700.0,,2288.71350703685,0.13620270792000833,1.4742924803378281,1.4621346393244539,7.99077488743174e-08,0.50-1.00,0.25-1.00,1.6666666666666667e-05,pneumatic_feed,-0.0111704486468066,0.0,0.0,0.0,heavy,0.7380000000000005
aluminum,partial,0.2091844755141421,0.7987765962600033,0.7987765962600033,0.0218,0.03288379955082314,0.05468379955082314,2700.0,,2309.699907248185,0.12630316675051456,1.431193902404313,1.407996628304229,8.058698413386805e-08,0.50-1.00,0.25-1.00,1.6666666666666667e-05,pneumatic_feed,-0.029855077872624574,0.0,0.0,0.0,heavy,0.7860000000000006
other_light,unresolved_nonmetal,,0.6030627487387565,0.10931595556194945,,,,,,1100.0,,0.2798298321410744,,1.2632194853053166e-07,0.50-1.00,0.25-1.00,1.6666666666666667e-05,pneumatic_feed,-0.0034860452617296424,2.25,0.0,0.0,light,3.0439999999998864
separator,film,,0.6328434257839801,0.6328434257839801,,,0.0139,,,900.0,0.01251,0.46986366778534955,0.44312183426231666,5.0101399274906295e-09,0.50-1.00,0.25-1.00,1.6666666666666667e-05,pneumatic_feed,0.02332200667913073,2.25,0.0,0.0,light,4.37999999999974
separator,film,,0.6653662163641073,0.6653662163641073,,,0.0139,,,900.0,0.01251,0.47034763639985677,0.44312183426231666,5.538329645502388e-09,0.50-1.00,0.25-1.00,1.6666666666666667e-05,pneumatic_feed,0.004347810400574326,2.25,0.0,0.0,light,4.37399999999974
aluminum,partial,0.08039665953833708,0.9321266667035228,0.9321266667035228,0.0218,0.012638354879426592,0.03443835487942659,2700.0,,2461.8100167265275,0.08478068700175526,1.2065109163489598,1.1535673639539004,7.366255811770259e-08,0.50-1.00,0.25-1.00,1.6666666666666667e-05,pneumatic_feed,0.001704151247126952,0.0,0.0,0.0,heavy,1.424000000000001
aluminum,partial,0.2140623165992143,0.8624308395800953,0.8624308395800953,0.0218,0.03365059616939649,0.05545059616939649,2700.0,,2306.121851316147,0.12787583149475268,1.4453791574930765,1.4167353497183721,9.511237507734623e-08,0.50-1.00,0.25-1.00,1.6666666666666667e-05,pneumatic_feed,0.00632930914710679,0.0,0.0,0.0,heavy,0.7700000000000006
other_light,unresolved_nonmetal,,0.6021349814008579,0.10928833018287784,,,,,,1100.0,,0.27971747749997217,,1.257398341263605e-07,0.50-1.00,0.25-1.00,1.6666666666666667e-05,pneumatic_feed,-0.02099803108700337,2.25,0.0,0.0,light,3.0419999999998866
aluminum,partial,0.06088039083436542,0.8585371439216711,0.8585371439216711,0.0218,0.009570397439162243,0.03137039743916224,2700.0,,2501.9908326352343,0.07848844680890776,1.1613199255577324,1.109934530101941,5.785273746248761e-08,0.50-1.00,0.25-1.00,1.6666666666666667e-05,pneumatic_feed,-0.015917770328826866,0.0,0.0,0.0,heavy,1.7300000000000013
aluminum,heavily_coated,0.37313354609328336,0.7732167587487198,0.7732167587487198,0.0218,0.058656593445864144,0.08045659344586414,2700.0,,2226.8154656148354,0.1791619865959355,1.6535670069733779,1.6769396356487623,1.0711452990523167e-07,0.50-1.00,0.25-1.00,1.6666666666666667e-05,pneumatic_feed,0.01652288866800675,0.0,0.0,0.0,heavy,0.5860000000000004
other_light,unresolved_nonmetal,,0.6432329564508336,0.1900787249257981,,,,,,1100.0,,0.636964100547038,,1.5328376899990439e-07,0.50-1.00,0.25-1.00,1.6666666666666667e-05,pneumatic_feed,0.0030488435795521197,2.25,0.0,0.0,light,8.609999999999545
aluminum,partial,0.13526711447348067,0.8367413992988336,0.8367413992988336,0.0218,0.021263990395231164,0.043063990395231164,2700.0,,2379.5163763723676,0.1024714703773949,1.3088395633534249,1.268224033459227,7.174398273262611e-08,0.50-1.00,0.25-1.00,1.6666666666666667e-05,pneumatic_feed,0.010418639026999887,0.0,0.0,0.0,heavy,1.0140000000000007
aluminum,partial,0.10899061217343053,0.6463494965513871,0.6463494965513871,0.0218,0.01713332423366328,0.03893332423366328,2700.0,,2414.3754770767796,0.09399966327083574,1.2437232770902813,1.2146681500307144,3.9270020464510823e-08,0.50-1.00,0.25-1.00,1.6666666666666667e-05,pneumatic_feed,-0.0233504310448361,0.0,0.0,0.0,heavy,1.2480000000000009
aluminum,partial,0.1788636688262908,0.7131163978137263,0.7131163978137263,0.0218,0.028117368739492915,0.049917368739492915,2700.0,,2334.406608537679,0.11652743546628441,1.372838280888913,1.3524106724951561,5.925827902555108e-08,0.50-1.00,0.25-1.00,1.6666666666666667e-05,pneumatic_feed,-0.001470330298517345,0.0,0.0,0.0,heavy,0.9020000000000007
black_mass,free,,0.37410088263923474,0.09153095814444107,,,,,,3060.0,,0.49275541459121286,,8.38853744260855e-08,0.25-0.50,0.25-1.00,1.6666666666666667e-05,pneumatic_feed,0.006037455864982441,2.25,0.0,0.0,light,4.631999999999712
aluminum,partial,0.20982478440592475,0.9101709137257648,0.9101709137257648,0.0218,0.03298445610861137,0.05478445610861137,2700.0,,2309.224508672791,0.1265096087403142,1.442894626538497,1.4091468407472558,1.0480196314939604e-07,0.50-1.00,0.25-1.00,1.6666666666666667e-05,pneumatic_feed,0.00012188817098880184,0.0,0.0,0.0,heavy,0.7940000000000006
copper,partial,0.18301700337143045,0.9154321652633917,0.9154321652633917,0.012,0.02672048249222884,0.03872048249222884,8900.0,,3448.316598818887,0.13352048249222884,1.5067237760093062,1.447666222994107,1.1189230722525803e-07,0.50-1.00,0.25-1.00,1.6666666666666667e-05,pneumatic_feed,-0.012942273665081567,0.0,0.0,0.0,heavy,0.7260000000000005
copper,partial,0.07660927703301085,0.49273454945743034,0.49273454945743034,0.012,0.011184954446819582,0.023184954446819582,8900.0,,5088.858583589077,0.11798495444681958,1.4102668570715866,1.3608423292201344,2.864525280524523e-08,0.25-0.50,0.25-1.00,1.6666666666666667e-05,pneumatic_feed,0.014908887785866307,0.0,0.0,0.0,heavy,0.8300000000000006
aluminum,partial,0.20757263883529337,0.777927980002374,0.777927980002374,0.0218,0.032630418824908115,0.054430418824908115,2700.0,,2310.9044023987312,0.12578349448688694,1.4263548276407063,1.4050970533974434,7.612064163905271e-08,0.50-1.00,0.25-1.00,1.6666666666666667e-05,pneumatic_feed,0.023558452630937574,0.0,0.0,0.0,heavy,0.7960000000000006
aluminum,partial,0.0843887612296369,0.5393470634037341,0.5393470634037341,0.0218,0.013265913265298919,0.03506591326529892,2700.0,,2454.457120705296,0.08606778050804723,1.1850533536382946,1.1622907910046907,2.503670894115094e-08,0.50-1.00,0.25-1.00,1.6666666666666667e-05,pneumatic_feed,-0.009378987272178037,0.0,0.0,0.0,heavy,1.5120000000000011
aluminum,partial,0.26699384794742315,0.6105076392309743,0.6105076392309743,0.0218,0.04197143289733492,0.06377143289733492,2700.0,,2272.8278153961,0.1449414865167287,1.486801963384793,1.5083108341341893,5.402252962534332e-08,0.50-1.00,0.25-1.00,1.6666666666666667e-05,pneumatic_feed,0.009322792941151506,0.0,0.0,0.0,heavy,0.7620000000000006
separator,film,,0.6084122629824923,0.6084122629824923,,,0.0139,,,900.0,0.01251,0.46946719282614296,0.44312183426231666,4.630770176660941e-09,0.50-1.00,0.25-1.00,1.6666666666666667e-05,pneumatic_feed,-0.025483688816620553,2.25,0.0,0.0,light,4.37599999999974
aluminum,partial,0.10592988540780945,0.9467744861912321,0.9467744861912321,0.0218,0.016652177986107644,0.038452177986107644,2700.0,,2418.922912193332,0.09301285435433185,1.2594302097527255,1.20827553229617,8.33750416872638e-08,0.50-1.00,0.25-1.00,1.6666666666666667e-05,pneumatic_feed,0.0048131929359311165,0.0,0.0,0.0,heavy,1.2200000000000009
other_light,unresolved_nonmetal,,0.6971250793896556,0.1983394616394016,,,,,,1100.0,,0.6753190746834454,,1.9512972313573947e-07,0.50-1.00,0.25-1.00,1.6666666666666667e-05,pneumatic_feed,0.03451190994518905,0.6085399754881055,1.8724036598418556e-64,-0.23772089814979938,active,
other_light,unresolved_nonmetal,,0.853377857355333,0.10710072562827112,,,,,,1100.0,,0.2708535388012451,,3.579442723866061e-07,0.50-1.00,0.25-1.00,1.6666666666666667e-05,pneumatic_feed,0.02485400232037013,2.25,0.0,0.0,light,2.973999999999894
separator,film,,0.7584081804704279,0.7584081804704279,,,0.0139,,,900.0,0.01251,0.47150902745899187,0.44312183426231666,7.195538932237859e-09,0.50-1.00,0.25-1.00,1.6666666666666667e-05,pneumatic_feed,-0.02796574664529774,2.25,0.0,0.0,light,4.385999999999739
aluminum,partial,0.16104285779809485,0.8447151510572787,0.8447151510572787,0.0218,0.02531593724586051,0.04711593724586051,2700.0,,2351.2601947107987,0.11078182778268375,1.3555856378152313,1.3186476287761657,7.904767378503553e-08,0.50-1.00,0.25-1.00,1.6666666666666667e-05,pneumatic_feed,-0.03043890128134759,0.0,0.0,0.0,heavy,0.9440000000000007
aluminum,heavily_coated,0.2972351427925892,0.7926163553276203,0.7926163553276203,0.0218,0.04672536444699503,0.06852536444699503,2700.0,,2257.4353837609133,0.15469158238775868,1.5593894930346535,1.5582166335777128,9.718354595107528e-08,0.50-1.00,0.25-1.00,1.6666666666666667e-05,pneumatic_feed,-0.018620906129803994,0.0,0.0,0.0,heavy,0.6760000000000005
separator,film,,0.47810566866375337,0.47810566866375337,,,0.0139,,,900.0,0.01251,0.4666964103644641,0.44312183426231666,2.8595987304092686e-09,0.25-0.50,0.25-1.00,1.6666666666666667e-05,pneumatic_feed,0.029068247745261608,2.25,0.0,0.0,light,4.357999999999742
aluminum,heavily_coated,0.38150397974078115,0.9636991083092096,0.9636991083092096,0.0218,0.059972425615250805,0.0817724256152508,2700.0,,2223.9856129974905,0.18186069810822525,1.693101246509439,1.6895222749365288,1.6889693489505445e-07,0.50-1.00,0.25-1.00,1.6666666666666667e-05,pneumatic_feed,0.000679168249354802,0.0,0.0,0.0,heavy,0.5500000000000004
aluminum,heavily_coated,0.4347479601184819,0.8201357540519232,0.8201357540519232,0.0218,0.06834237933062536,0.09014237933062536,2700.0,,2207.9191973822394,0.19902708982179973,1.7344370879447601,1.7674640595618822,1.3387012958765342e-07,0.50-1.00,0.25-1.00,1.6666666666666667e-05,pneumatic_feed,0.03297101079453486,0.0,0.0,0.0,heavy,0.5540000000000004
aluminum,heavily_coated,0.3099584408126499,0.6905092659667912,0.6905092659667912,0.0218,0.04872546689574857,0.07052546689574857,2700.0,,2251.579576738384,0.15879370090240644,1.5592211498131987,1.5787418818046768,7.57133203371742e-08,0.50-1.00,0.25-1.00,1.6666666666666667e-05,pneumatic_feed,0.0008105276023938922,0.0,0.0,0.0,heavy,0.6800000000000005
copper,heavily_coated,0.5142483590459539,0.7287266164679612,0.7287266164679612,0.012,0.07508026042070927,0.08708026042070927,8900.0,,2088.650855452137,0.18188026042070926,1.6451385445209494,1.6896131413916775,9.658614483856325e-08,0.50-1.00,0.25-1.00,1.6666666666666667e-05,pneumatic_feed,0.019289560353953163,0.0,0.0,0.0,heavy,0.5920000000000004
