material,liberation_state,residual_coating_fraction,size_mm,aerodynamic_size_mm,metal_thickness_mm,coating_thickness_mm,total_thickness_mm,metal_density_kg_m3,coating_density_kg_m3,effective_density_kg_m3,areal_density_kg_m2,suspension_velocity_m_s,eq9_velocity_m_s,physical_particle_mass_kg,source_subfraction,pneumatic_fraction,statistical_mass,mill_fraction,x_m,z_m,vx_m_s,vz_m_s,dynamic_stream,exit_time_s
copper,partial,0.4285703473151971,1.2242388108434183,1.2242388108434183,0.012,0.06257127070801878,0.07457127070801878,8900.0,,2271.2670590150747,0.16937127070801877,1.6684436844039534,1.6304758400642014,2.5384699848343424e-07,1.00-1.50,1.00-1.50,1.6666666666666667e-05,pneumatic_feed,0.02982113651323456,0.0,0.0,0.0,heavy,0.5800000000000004
aluminum,partial,0.05459323625942891,1.3485382402523012,1.3485382402523012,0.0218,0.008582056739982226,0.030382056739982226,2700.0,,2516.663238331086,0.07646140530240247,1.1614916528203192,1.0955082006203831,1.390493003896774e-07,1.00-1.50,1.00-1.50,1.6666666666666667e-05,pneumatic_feed,-0.018253998018161004,0.0,0.0,0.0,heavy,1.7160000000000013
aluminum,partial,0.2375176509099732,1.1732760705031915,1.1732760705031915,0.0218,0.03733777472304779,0.05913777472304779,2700.0,,2290.2124143859633,0.13543806582988446,1.5061552065744146,1.4580246504314893,1.8644089080904346e-07,1.00-1.50,1.00-1.50,1.6666666666666667e-05,pneumatic_feed,0.01086246055476765,0.0,0.0,0.0,heavy,0.7360000000000005
separator,film,,1.12263955215219,1.12263955215219,,,0.0139,,,900.0,0.01251,0.4742371305061027,0.44312183426231666,1.5766597746346437e-08,1.00-1.50,1.00-1.50,1.6666666666666667e-05,pneumatic_feed,-0.02163652103899469,2.25,0.0,0.0,light,4.405999999999737
copper,partial,0.45247020807483074,1.3499400227213891,1.3499400227213891,0.012,0.06606065037892528,0.07806065037892528,8900.0,,2214.4403042995145,0.17286065037892528,1.6901887453608662,1.647185711553986,3.150105431166692e-07,1.00-1.50,1.00-1.50,1.6666666666666667e-05,pneumatic_feed,-0.03231806992250728,0.0,0.0,0.0,heavy,0.5680000000000004
copper,partial,0.07411091997618494,1.1483702996185607,1.1483702996185607,0.012,0.010820194316523,0.022820194316523,8900.0,,5154.215283406237,0.117620194316523,1.4444296867798998,1.3587371232111622,1.5511214232007224e-07,1.00-1.50,1.00-1.50,1.6666666666666667e-05,pneumatic_feed,-0.016472165299221443,0.0,0.0,0.0,heavy,0.7700000000000006
copper,heavily_coated,0.7713023963683,1.4119796276575654,1.4119796276575654,0.012,0.11261014986977179,0.12461014986977179,8900.0,,1760.7726986852524,0.2194101498697718,1.8541822011732734,1.8557644549769614,4.3743504693907267e-07,1.00-1.50,1.00-1.50,1.6666666666666667e-05,pneumatic_feed,-0.012465404651350532,0.0,0.0,0.0,heavy,0.5100000000000003
aluminum,partial,0.08957337331320975,1.3159431236831334,1.3159431236831334,0.0218,0.014080934284836574,0.035880934284836574,2700.0,,2445.291713794391,0.08773935128991195,1.2385957082279544,1.1735232668534774,1.519387878050758e-07,1.00-1.50,1.00-1.50,1.6666666666666667e-05,pneumatic_feed,-0.012954922318568981,0.0,0.0,0.0,heavy,1.270000000000001
aluminum,partial,0.18290062747067215,1.4168197027744052,1.4168197027744052,0.0218,0.028751978638389658,0.05055197863838966,2700.0,,2330.8482571113236,0.1178289913028194,1.4240181784850436,1.3599425897768822,2.365273331715023e-07,1.00-1.50,1.00-1.50,1.6666666666666667e-05,pneumatic_feed,0.04165671246717804,0.0,0.0,0.0,heavy,0.8060000000000006
other_light,unresolved_nonmetal,,1.3529461678834722,0.10908169852937769,,,,,,1100.0,,0.27887741799855553,,1.4263721745919467e-06,1.00-1.50,1.00-1.50,1.6666666666666667e-05,pneumatic_feed,-0.0010254442268241872,2.25,0.0,0.0,light,3.037999999999887
separator,film,,1.4379812803942653,1.4379812803942653,,,0.0139,,,900.0,0.01251,0.4754986821187248,0.44312183426231666,2.586805493618178e-08,1.00-1.50,1.00-1.50,1.6666666666666667e-05,pneumatic_feed,0.001277670405206495,2.25,0.0,0.0,light,4.419999999999735
aluminum,partial,0.1281286072056299,1.0126721990848417,1.0126721990848417,0.0218,0.020141817052725025,0.041941817052725025,2700.0,,2388.307214330833,0.10016994424916714,1.3060133304399846,1.2539008911931309,1.0272477695425194e-07,1.00-1.50,1.00-1.50,1.6666666666666667e-05,pneumatic_feed,-0.02309512143208797,0.0,0.0,0.0,heavy,1.0420000000000007
aluminum,partial,0.09681603786605475,1.3545051716124177,1.3545051716124177,0.0218,0.015219481152543804,0.037019481152543804,2700.0,,2433.1637279634106,0.0900744587683947,1.2548914988436561,1.1890368811894454,1.652581917236178e-07,1.00-1.50,1.00-1.50,1.6666666666666667e-05,pneumatic_feed,-0.009684886907621114,0.0,0.0,0.0,heavy,1.2160000000000009
aluminum,bare_like,0.044613929159261996,1.317035339017012,1.317035339017012,0.0218,0.007013309663835985,0.028813309663835985,2700.0,,2542.01887095835,0.07324397690023766,1.13750460322479,1.072211481670538,1.2704769010815057e-07,1.00-1.50,1.00-1.50,1.6666666666666667e-05,pneumatic_feed,-0.0029662605660632346,0.0,0.0,0.0,heavy,1.9440000000000015
copper,partial,0.22570867698765285,1.1850124482001623,1.1850124482001623,0.012,0.032953466840197315,0.04495346684019731,8900.0,,3108.847362918626,0.13975346684019732,1.5476993399083878,1.481070699029502,1.9624943503486675e-07,1.00-1.50,1.00-1.50,1.6666666666666667e-05,pneumatic_feed,-0.011768189498285312,0.0,0.0,0.0,heavy,0.7020000000000005
copper,bare_like,0.029349678458881236,1.4115015610478638,1.4115015610478638,0.012,0.0042850530549966605,0.01628505305499666,8900.0,,6821.2889868917555,0.11108505305499665,1.415158587902132,1.3204510565527325,2.2131882322854788e-07,1.00-1.50,1.00-1.50,1.6666666666666667e-05,pneumatic_feed,0.006513445347012152,0.0,0.0,0.0,heavy,0.8160000000000006
aluminum,partial,0.24281068057043229,1.0133078699995677,1.0133078699995677,0.0218,0.03816983898567196,0.05996983898567196,2700.0,,2286.892775474681,0.13714459152271308,1.5036703085888419,1.4671814845275635,1.408190845383795e-07,1.00-1.50,1.00-1.50,1.6666666666666667e-05,pneumatic_feed,-0.025421196216815628,0.0,0.0,0.0,heavy,0.7040000000000005
aluminum,partial,0.05360512311722726,1.2383021568816952,1.2383021568816952,0.0218,0.008426725354028126,0.030226725354028126,2700.0,,2519.0564592230357,0.07614282774422525,1.1569900043889176,1.0932235929915526,1.167568205655489e-07,1.00-1.50,1.00-1.50,1.6666666666666667e-05,pneumatic_feed,0.021708487785369216,0.0,0.0,0.0,heavy,1.7260000000000013
aluminum,partial,0.25945737977105376,1.3422436186227502,1.3422436186227502,0.0218,0.04078670010000966,0.06258670010000966,2700.0,,2277.0277644333487,0.14251165381198544,1.550310042713797,1.4956145620556534,2.56751550988669e-07,1.00-1.50,1.00-1.50,1.6666666666666667e-05,pneumatic_feed,-0.01281008310087007,0.0,0.0,0.0,heavy,0.6820000000000005
aluminum,heavily_coated,0.3366592676938456,1.2026672029783958,1.2026672029783958,0.0218,0.05292283688147252,0.07472283688147252,2700.0,,2240.309943835658,0.16740231449717274,1.6569125140544492,1.6209709214997114,2.4213211405562254e-07,1.00-1.50,1.00-1.50,1.6666666666666667e-05,pneumatic_feed,0.01529307491622802,0.0,0.0,0.0,heavy,0.5980000000000004
aluminum,partial,0.0794615798902093,1.4035827847361488,1.4035827847361488,0.0218,0.012491360358740905,0.034291360358740905,2700.0,,2463.5712053595607,0.08447920797240238,1.2186494175185654,1.1515145020080415,1.6642781031745864e-07,1.00-1.50,1.00-1.50,1.6666666666666667e-05,pneumatic_feed,0.025400382041363523,0.0,0.0,0.0,heavy,1.312000000000001
copper,partial,0.22810717640483413,1.262177005374158,1.262177005374158,0.012,0.03330364775510579,0.045303647755105786,8900.0,,3092.5467307280105,0.14010364775510578,1.5525848367951982,1.4829251009960485,2.2319783128970208e-07,1.00-1.50,1.00-1.50,1.6666666666666667e-05,pneumatic_feed,-0.032606798767473334,0.0,0.0,0.0,heavy,0.6720000000000005
separator,film,,1.3960040407614505,1.3960040407614505,,,0.0139,,,900.0,0.01251,0.475363151806687,0.44312183426231666,2.4379829295596938e-08,1.00-1.50,1.00-1.50,1.6666666666666667e-05,pneumatic_feed,-0.0015480253149439658,2.25,0.0,0.0,light,4.421999999999735
aluminum,partial,0.1641503367799534,1.3859646018673089,1.3859646018673089,0.0218,0.025804432941808675,0.047604432941808675,2700.0,,2348.178587020843,0.11178371008122477,1.3887380028266711,1.324596962639921,2.1472509144854333e-07,1.00-1.50,1.00-1.50,1.6666666666666667e-05,pneumatic_feed,-0.014257962085864497,0.0,0.0,0.0,heavy,0.8500000000000006
aluminum,partial,0.14909789435797027,1.2865583719341398,1.2865583719341398,0.0218,0.023438188993072928,0.04523818899307293,2700.0,,2363.725305987092,0.1069306521199532,1.357225751158694,1.2955244172437606,1.7699508468913583e-07,1.00-1.50,1.00-1.50,1.6666666666666667e-05,pneumatic_feed,-0.038396492744613285,0.0,0.0,0.0,heavy,0.9420000000000007
aluminum,partial,0.1796273165530542,1.2783198312384347,1.2783198312384347,0.0218,0.028237414162140123,0.05003741416214012,2700.0,,2333.726574108716,0.11677364312987021,1.4130666620224595,1.3538386545546863,1.9081999601808415e-07,1.00-1.50,1.00-1.50,1.6666666666666667e-05,pneumatic_feed,0.049236595837345014,0.0,0.0,0.0,heavy,0.8160000000000006
separator,film,,1.3593031566491365,1.3593031566491365,,,0.0139,,,900.0,0.01251,0.47523790155027124,0.44312183426231666,2.31147904466706e-08,1.00-1.50,1.00-1.50,1.6666666666666667e-05,pneumatic_feed,-0.007713979233985686,2.25,0.0,0.0,light,4.419999999999735
aluminum,partial,0.17258395600838794,1.406459384313453,1.406459384313453,0.0218,0.027130197884518585,0.048930197884518585,2700.0,,2340.125284735315,0.11450279325666435,1.4049443590518538,1.3406102502057053,2.2650118138754483e-07,1.00-1.50,1.00-1.50,1.6666666666666667e-05,pneumatic_feed,0.0009602551706827307,0.0,0.0,0.0,heavy,0.8240000000000006
other_light,unresolved_nonmetal,,1.1207605247736134,0.14046545302213614,,,,,,1100.0,,0.4120360639238366,,8.108299558433856e-07,1.00-1.50,1.00-1.50,1.6666666666666667e-05,pneumatic_feed,0.020104733860364855,2.25,0.0,0.0,light,3.8499999999997976
copper,partial,0.2677901487362925,1.0912168198722654,1.0912168198722654,0.012,0.0390973617154987,0.051097361715498696,8900.0,,2855.2816978659303,0.1458973617154987,1.568418167948929,1.51327624361399,1.737278886409218e-07,1.00-1.50,1.00-1.50,1.6666666666666667e-05,pneumatic_feed,0.019200631979225058,0.0,0.0,0.0,heavy,0.6540000000000005
aluminum,partial,0.23453564054382559,1.0996256610050614,1.0996256610050614,0.0218,0.03686900269348938,0.05866900269348938,2700.0,,2292.1241148463896,0.1344766358677348,1.4967948278934178,1.452840416762958,1.626060005769579e-07,1.00-1.50,1.00-1.50,1.6666666666666667e-05,pneumatic_feed,0.0025903164436772708,0.0,0.0,0.0,heavy,0.7380000000000005
copper,partial,0.39340206053593685,1.1697875818310204,1.1697875818310204,0.012,0.057436700838246785,0.06943670083824678,8900.0,,2365.272238680193,0.16423670083824676,1.6452571635989313,1.6055713177424171,2.2474199193738392e-07,1.00-1.50,1.00-1.50,1.6666666666666667e-05,pneumatic_feed,0.0021158822733798777,0.0,0.0,0.0,heavy,0.5860000000000004
aluminum,heavily_coated,0.2865953388572815,1.3423119833097088,1.3423119833097088,0.0218,0.04505278726836466,0.06685278726836466,2700.0,,2262.6012972918224,0.15126120320097614,1.5925698403201372,1.5408425764634497,2.725426568500791e-07,1.00-1.50,1.00-1.50,1.6666666666666667e-05,pneumatic_feed,0.013680908298318339,0.0,0.0,0.0,heavy,0.6560000000000005
aluminum,bare_like,0.03653155767703802,1.4358777635754303,1.4358777635754303,0.0218,0.005742760866830378,0.027542760866830378,2700.0,,2564.6717063765027,0.07063813951065383,1.1199850942716065,1.0529654494612928,1.4563782754984437e-07,1.00-1.50,1.00-1.50,1.6666666666666667e-05,pneumatic_feed,0.008477798727658444,0.0,0.0,0.0,heavy,2.0259999999999985
other_light,unresolved_nonmetal,,1.4294639879780044,0.10197831565706006,,,,,,1100.0,,0.25036611575765194,,1.6823291258273977e-06,1.00-1.50,1.00-1.50,1.6666666666666667e-05,pneumatic_feed,-0.0038533091516184752,2.25,0.0,0.0,light,2.875999999999905
copper,partial,0.4360515788813368,1.380591094814895,1.380591094814895,0.012,0.06366353051667517,0.07566353051667517,8900.0,,2252.915365601496,0.17046353051667518,1.6829985212896454,1.6357247858334036,3.2490890497562135e-07,1.00-1.50,1.00-1.50,1.6666666666666667e-05,pneumatic_feed,-0.01844735692715631,0.0,0.0,0.0,heavy,0.5680000000000004
copper,partial,0.13137091654226896,1.1772983630487197,1.1772983630487197,0.012,0.019180153815171266,0.031180153815171266,8900.0,,4040.395520880122,0.12598015381517125,1.4854152551499549,1.4061950413377684,1.7461245345423648e-07,1.00-1.50,1.00-1.50,1.6666666666666667e-05,pneumatic_feed,0.027422256326880144,0.0,0.0,0.0,heavy,0.7300000000000005
copper,partial,0.25376606456154893,1.040209426611937,1.040209426611937,0.012,0.03704984542598615,0.049049845425986144,8900.0,,2932.727803251666,0.14384984542598614,1.5569158523645863,1.5026201029555937,1.5565066117230062e-07,1.00-1.50,1.00-1.50,1.6666666666666667e-05,pneumatic_feed,0.0008255552499539552,0.0,0.0,0.0,heavy,0.6600000000000005
other_light,unresolved_nonmetal,,1.2653566784861339,0.08323941546430279,,,,,,1100.0,,0.17915479907016618,,1.1668907368785873e-06,1.00-1.50,1.00-1.50,1.6666666666666667e-05,pneumatic_feed,0.016158110328209473,2.25,0.0,0.0,light,2.5979999999999355
separator,film,,1.1364715077614411,1.1364715077614411,,,0.0139,,,900.0,0.01251,0.47430688422941236,0.44312183426231666,1.6157509274299077e-08,1.00-1.50,1.00-1.50,1.6666666666666667e-05,pneumatic_feed,-0.0026693719011148726,2.25,0.0,0.0,light,4.409999999999736
copper,partial,0.13515213280465876,1.4706106920559368,1.4706106920559368,0.012,0.01973221138948018,0.03173221138948018,8900.0,,3987.5005821821787,0.12653221138948018,1.4956495385833453,1.4092727166766839,2.7365068309702435e-07,1.00-1.50,1.00-1.50,1.6666666666666667e-05,pneumatic_feed,-0.0006907856765212852,0.0,0.0,0.0,heavy,0.7180000000000005
aluminum,partial,0.10473278051086288,1.306256448823672,1.306256448823672,0.0218,0.016463993096307646,0.038263993096307646,2700.0,,2420.7326070588674,0.0926268957645073,1.2701845598882866,1.2057660452673673,1.5804981967658696e-07,1.00-1.50,1.00-1.50,1.6666666666666667e-05,pneumatic_feed,-0.00586476536475244,0.0,0.0,0.0,heavy,1.1680000000000008
aluminum,partial,0.19213181667642937,1.042189215005015,1.042189215005015,0.0218,0.030203121581534695,0.052003121581534695,2700.0,,2323.037835819902,0.12080521901464758,1.4231266179891362,1.3770107906817246,1.3121359854902028e-07,1.00-1.50,1.00-1.50,1.6666666666666667e-05,pneumatic_feed,0.039710902749688685,0.0,0.0,0.0,heavy,0.8020000000000006
copper,partial,0.10788156009812644,1.0387135162349177,1.0387135162349177,0.012,0.01575070777432646,0.02775070777432646,8900.0,,4416.129086541862,0.12255070777432646,1.464753672996425,1.3869231807226485,1.3222311660351537e-07,1.00-1.50,1.00-1.50,1.6666666666666667e-05,pneumatic_feed,0.042089848836724904,0.0,0.0,0.0,heavy,0.7660000000000006
copper,partial,0.14979012536484893,1.4937186234916733,1.4937186234916733,0.012,0.02186935830326794,0.03386935830326794,8900.0,,3798.990141801803,0.12866935830326795,1.5066327178916057,1.4211242901055818,2.870864708670117e-07,1.00-1.50,1.00-1.50,1.6666666666666667e-05,pneumatic_feed,-0.03717534803022881,0.0,0.0,0.0,heavy,0.7240000000000005
other_light,unresolved_nonmetal,,1.0415433760130024,0.09550087813037966,,,,,,1100.0,,0.22504211698469123,,6.507638071068777e-07,1.00-1.50,1.00-1.50,1.6666666666666667e-05,pneumatic_feed,-0.029385552525455074,2.25,0.0,0.0,light,2.7979999999999134
copper,partial,0.05438893197480215,1.0386183155552322,1.0386183155552322,0.012,0.007940784068321115,0.019940784068321116,8900.0,,5754.075851541054,0.11474078406832111,1.4275808834550414,1.3420027372313248,1.2377409713683096e-07,1.00-1.50,1.00-1.50,1.6666666666666667e-05,pneumatic_feed,-0.010176950669188424,0.0,0.0,0.0,heavy,0.8220000000000006
aluminum,partial,0.12985190485366427,1.4894139992519735,1.4894139992519735,0.0218,0.020412719442996025,0.042212719442996025,2700.0,,2386.1422332643006,0.1007255526438699,1.3257360277105723,1.2573735619529234,2.2344493877089558e-07,1.00-1.50,1.00-1.50,1.6666666666666667e-05,pneumatic_feed,-0.00554779171176049,0.0,0.0,0.0,heavy,1.0020000000000007
aluminum,bare_like,0.02175135099693525,1.130283848873872,1.130283848873872,0.0218,0.00341931237671822,0.02521931237671822,2700.0,,2612.000362695611,0.0658728530749219,1.0783066595008872,1.0168285508697983,8.415530873222636e-08,1.00-1.50,1.00-1.50,1.6666666666666667e-05,pneumatic_feed,-0.016705306930094376,0.0,0.0,0.0,heavy,2.5319999999999427
aluminum,partial,0.11818175183401619,1.3756971164317924,1.3756971164317924,0.0218,0.01857817138830735,0.04037817138830735,2700.0,,2401.3712180359794,0.09696297860880515,1.2995006542545242,1.233665640375789,1.8350656338907414e-07,1.00-1.50,1.00-1.50,1.6666666666666667e-05,pneumatic_feed,-0.041059299019229785,0.0,0.0,0.0,heavy,1.0300000000000007
aluminum,partial,0.16274809661181877,1.1867602370730155,1.1867602370730155,0.0218,0.02558400078737791,0.04738400078737791,2700.0,,2349.561286059088,0.11133161382861649,1.3787472970850345,1.3219156594329173,1.5679942936292982e-07,1.00-1.50,1.00-1.50,1.6666666666666667e-05,pneumatic_feed,0.011385062735241605,0.0,0.0,0.0,heavy,0.8780000000000007
aluminum,heavily_coated,0.32958286155592886,1.2487620652067712,1.2487620652067712,0.0218,0.051810425836592025,0.07361042583659202,2700.0,,2243.1715143286788,0.16512081039424703,1.6502640572563887,1.6098870270761552,2.5749049729508903e-07,1.00-1.50,1.00-1.50,1.6666666666666667e-05,pneumatic_feed,0.009216445856094014,0.0,0.0,0.0,heavy,0.5880000000000004
aluminum,partial,0.1660184735735215,1.3580011836936958,1.3580011836936958,0.0218,0.026098104045757582,0.04789810404575758,2700.0,,2346.356255718921,0.11238601606483907,1.3912722930001242,1.3281607237656572,2.0725860624151576e-07,1.00-1.50,1.00-1.50,1.6666666666666667e-05,pneumatic_feed,-0.02201666528088856,0.0,0.0,0.0,heavy,0.8180000000000006
copper,heavily_coated,0.5152852200523665,1.1682139121578667,1.1682139121578667,0.012,0.0752316421276455,0.0872316421276455,8900.0,,2086.76161181604,0.1820316421276455,1.708806240638303,1.6903161405002096,2.484229042726984e-07,1.00-1.50,1.00-1.50,1.6666666666666667e-05,pneumatic_feed,-0.0049721084876528645,0.0,0.0,0.0,heavy,0.5620000000000004
separator,film,,1.3150238855891438,1.3150238855891438,,,0.0139,,,900.0,0.01251,0.47507762713957935,0.44312183426231666,2.1633390624071324e-08,1.00-1.50,1.00-1.50,1.6666666666666667e-05,pneumatic_feed,-0.023248103262187937,2.25,0.0,0.0,light,4.415999999999736
copper,partial,0.11635937108543881,1.0821824246725578,1.0821824246725578,0.012,0.016988468178474065,0.028988468178474065,8900.0,,4270.265935279585,0.12378846817847405,1.4720265460594328,1.3939095367093695,1.4497100234045744e-07,1.00-1.50,1.00-1.50,1.6666666666666667e-05,pneumatic_feed,0.02163161485027263,0.0,0.0,0.0,heavy,0.7480000000000006
copper,partial,0.20113921250234057,1.1131256379978396,1.1131256379978396,0.012,0.029366325025341724,0.041366325025341724,8900.0,,3291.7191687181266,0.1361663250253417,1.5288221764564813,1.461939341285323,1.6871670609575451e-07,1.00-1.50,1.00-1.50,1.6666666666666667e-05,pneumatic_feed,-0.024607662151825378,0.0,0.0,0.0,heavy,0.7060000000000005
aluminum,partial,0.258734447422691,1.2102112400919596,1.2102112400919596,0.0218,0.04067305513484703,0.06247305513484703,2700.0,,2277.439015691548,0.1422785731935498,1.5420150386660096,1.4943910080183023,2.0838279831358674e-07,1.00-1.50,1.00-1.50,1.6666666666666667e-05,pneumatic_feed,0.008916402787309577,0.0,0.0,0.0,heavy,0.7020000000000005
copper,partial,0.23133855763093214,1.2506647680707483,1.2506647680707483,0.012,0.0337754294141161,0.045775429414116095,8900.0,,3070.9800260391626,0.1405754294141161,1.5541688215281377,1.48541978581274,2.1988279572468611e-07,1.00-1.50,1.00-1.50,1.6666666666666667e-05,pneumatic_feed,-0.02528976531562485,0.0,0.0,0.0,heavy,0.7020000000000005
aluminum,partial,0.21644178748542645,1.217217163051957,1.217217163051957,0.0218,0.03402464899270904,0.05582464899270904,2700.0,,2304.412101542774,0.12864299670317633,1.473982322225593,1.4209787036592265,1.9059973086594867e-07,1.00-1.50,1.00-1.50,1.6666666666666667e-05,pneumatic_feed,0.0004326905225619444,0.0,0.0,0.0,heavy,0.7500000000000006
aluminum,heavily_coated,0.33344385391485126,1.0989456309369627,1.0989456309369627,0.0218,0.05241737383541463,0.07421737383541463,2700.0,,2241.5995654820886,0.16636563294068718,1.6438913645916162,1.6159439887066092,2.0091669709757193e-07,1.00-1.50,1.00-1.50,1.6666666666666667e-05,pneumatic_feed,-0.01857828423169172,0.0,0.0,0.0,heavy,0.5780000000000004
copper,partial,0.2825870441977464,1.2528519219549674,1.2528519219549674,0.012,0.04125770845287097,0.053257708452870964,8900.0,,2780.0240144370996,0.14805770845287097,1.5862521529945381,1.5244388449118786,2.3239699625223537e-07,1.00-1.50,1.00-1.50,1.6666666666666667e-05,pneumatic_feed,0.01132663833646371,0.0,0.0,0.0,heavy,0.6240000000000004
copper,partial,0.2780440923222679,1.41012202487772,1.41012202487772,0.012,0.040594437479051115,0.05259443747905111,8900.0,,2802.471982664703,0.14739443747905112,1.5903548279292803,1.52102041099756,2.9308560326956725e-07,1.00-1.50,1.00-1.50,1.6666666666666667e-05,pneumatic_feed,0.013682382013305747,0.0,0.0,0.0,heavy,0.6420000000000005
copper,bare_like,0.02432687636907031,1.0748338456869768,1.0748338456869768,0.012,0.0035517239498842647,0.015551723949884265,8900.0,,7095.787213398004,0.11035172394988425,1.4064602072760852,1.3160853540395407,1.2748579289409306e-07,1.00-1.50,1.00-1.50,1.6666666666666667e-05,pneumatic_feed,-0.008942758276559446,0.0,0.0,0.0,heavy,0.8280000000000006
aluminum,partial,0.23538312785662685,1.0703649039235144,1.0703649039235144,0.0218,0.037002227699061745,0.058802227699061745,2700.0,,2291.577709298336,0.13474987425225507,1.4961760434384261,1.4543156556481802,1.5438037439571782e-07,1.00-1.50,1.00-1.50,1.6666666666666667e-05,pneumatic_feed,-0.005915373775423373,0.0,0.0,0.0,heavy,0.7360000000000005
aluminum,partial,0.05731660469193112,1.1938474063572921,1.1938474063572921,0.0218,0.009010170257571573,0.030810170257571573,2700.0,,2510.1921174784616,0.07733944651872551,1.1644941273691467,1.1017803558595134,1.1022971897721294e-07,1.00-1.50,1.00-1.50,1.6666666666666667e-05,pneumatic_feed,-0.016831371105812527,0.0,0.0,0.0,heavy,1.6960000000000013
other_light,unresolved_nonmetal,,1.3785100969340616,0.09572323205596196,,,,,,1100.0,,0.22589990465723608,,1.5087634748601521e-06,1.00-1.50,1.00-1.50,1.6666666666666667e-05,pneumatic_feed,0.004276046985127091,2.25,0.0,0.0,light,2.7999999999999132
copper,partial,0.2030994207652651,1.1493595569489252,1.1493595569489252,0.012,0.029652515431728702,0.0416525154317287,8900.0,,3275.972987883136,0.1364525154317287,1.5317425211846853,1.463474865590938,1.8025751047660847e-07,1.00-1.50,1.00-1.50,1.6666666666666667e-05,pneumatic_feed,0.006571192537005983,0.0,0.0,0.0,heavy,0.7060000000000005
separator,film,,1.1813130968018835,1.1813130968018835,,,0.0139,,,900.0,0.01251,0.47452197970794174,0.44312183426231666,1.7457712914772456e-08,1.00-1.50,1.00-1.50,1.6666666666666667e-05,pneumatic_feed,-0.024614851777658018,2.25,0.0,0.0,light,4.405999999999737
other_light,unresolved_nonmetal,,1.2373814418131979,0.08079209352947013,,,,,,1100.0,,0.17035861070688454,,1.0911943335723047e-06,1.00-1.50,1.00-1.50,1.6666666666666667e-05,pneumatic_feed,0.03183150965505157,2.25,0.0,0.0,light,2.575999999999938
aluminum,partial,0.07469766092989633,1.4036996022482335,1.4036996022482335,0.0218,0.011742472298179707,0.03354247229817971,2700.0,,2472.783524215926,0.08294327286040787,1.2081384596295612,1.1409985148180353,1.6342914998818642e-07,1.00-1.50,1.00-1.50,1.6666666666666667e-05,pneumatic_feed,-0.018628513480494758,0.0,0.0,0.0,heavy,1.346000000000001
aluminum,bare_like,0.041581953120127906,1.4377181876702294,1.4377181876702294,0.0218,0.006536683030484106,0.028336683030484106,2700.0,,2550.2786415656865,0.07226643750546044,1.1322433664155966,1.0650323953221832,1.493771535480246e-07,1.00-1.50,1.00-1.50,1.6666666666666667e-05,pneumatic_feed,0.023633342840125075,0.0,0.0,0.0,heavy,1.9740000000000015
aluminum,partial,0.05090541051815334,1.0275286879317007,1.0275286879317007,0.0218,0.008002330533453707,0.029802330533453707,2700.0,,2525.7223867329117,0.07527241340515782,1.1453527756474808,1.0869571292407798,7.947375855427959e-08,1.00-1.50,1.00-1.50,1.6666666666666667e-05,pneumatic_feed,-0.033854402817575985,0.0,0.0,0.0,heavy,1.7680000000000013
aluminum,partial,0.2516038196920698,1.249437638550573,1.249437638550573,0.0218,0.03955212045559337,0.06135212045559337,2700.0,,2281.577009359234,0.13997958750692022,1.5330094727310366,1.4822683986068852,2.1852135193886188e-07,1.00-1.50,1.00-1.50,1.6666666666666667e-05,pneumatic_feed,0.005985175141505504,0.0,0.0,0.0,heavy,0.6980000000000005
other_light,unresolved_nonmetal,,1.0138313627785691,0.16341978728061368,,,,,,1100.0,,0.5146114497713573,,6.00189610463058e-07,1.00-1.50,1.00-1.50,1.6666666666666667e-05,pneumatic_feed,-0.0021351605501462897,2.25,0.0,0.0,light,4.905999999999682
aluminum,partial,0.12331867060066021,1.4246054937545172,1.4246054937545172,0.0218,0.019385695018423785,0.041185695018423785,2700.0,,2394.5006280516354,0.09861917258835887,1.3110969208995633,1.2441569567168287,2.0014769092924386e-07,1.00-1.50,1.00-1.50,1.6666666666666667e-05,pneumatic_feed,0.011053778724732703,0.0,0.0,0.0,heavy,1.0340000000000007
aluminum,partial,0.18638359711532704,1.1582517494811024,1.1582517494811024,0.0218,0.02929950146652941,0.05109950146652941,2700.0,,2327.8492379004338,0.1189519355459526,1.4196499723546718,1.3664075454743625,1.5957962597627834e-07,1.00-1.50,1.00-1.50,1.6666666666666667e-05,pneumatic_feed,0.014381430963470361,0.0,0.0,0.0,heavy,0.7980000000000006
aluminum,partial,0.263813094511129,1.4829718715768347,1.4829718715768347,0.0218,0.04147141845714948,0.06327141845714948,2700.0,,2274.581213929953,0.14391597980133308,1.5636078421148774,1.5029654749733024,3.16500824662827e-07,1.00-1.50,1.00-1.50,1.6666666666666667e-05,pneumatic_feed,0.009974558688424156,0.0,0.0,0.0,heavy,0.6740000000000005
aluminum,partial,0.07846707813712805,1.196438968318951,1.196438968318951,0.0218,0.012335024683156531,0.03413502468315653,2700.0,,2465.4609581612044,0.08415857066219146,1.211608732702128,1.1493271619142034,1.204701497566353e-07,1.00-1.50,1.00-1.50,1.6666666666666667e-05,pneumatic_feed,0.006714357303556371,0.0,0.0,0.0,heavy,1.330000000000001
aluminum,bare_like,0.03125544346746182,1.2702594018856916,1.2702594018856916,0.0218,0.0049133557130849985,0.026713355713085,2700.0,,2580.6217784378523,0.06893706752834437,1.1044551686133062,1.0402096961309741,1.1123402216468597e-07,1.00-1.50,1.00-1.50,1.6666666666666667e-05,pneumatic_feed,-0.022279072962146144,0.0,0.0,0.0,heavy,2.2519999999999736
aluminum,partial,0.08789163139800399,1.3012111998975293,1.3012111998975293,0.0218,0.013816564455766227,0.03561656445576623,2700.0,,2448.2187490970505,0.08719714087903047,1.234639466094697,1.1698915861041408,1.4763789024127346e-07,1.00-1.50,1.00-1.50,1.6666666666666667e-05,pneumatic_feed,0.009295845407682067,0.0,0.0,0.0,heavy,1.268000000000001
aluminum,heavily_coated,0.29960870038083076,1.1119063501081916,1.1119063501081916,0.0218,0.04709848769986659,0.06889848769986659,2700.0,,2256.3171744346523,0.15545684108978364,1.5969413984536318,1.562066124639173,1.9219684733156886e-07,1.00-1.50,1.00-1.50,1.6666666666666667e-05,pneumatic_feed,-0.03019515733237534,0.0,0.0,0.0,heavy,0.6420000000000005
other_light,unresolved_nonmetal,,1.3208591833680883,0.1909280847935052,,,,,,1100.0,,0.6409003919665436,,1.3272748569549096e-06,1.00-1.50,1.00-1.50,1.6666666666666667e-05,pneumatic_feed,-0.030421643989589395,2.25,0.0,0.0,light,9.101999999999709
aluminum,partial,0.12615184413240044,1.3166837026789167,1.3166837026789167,0.0218,0.01983106989761335,0.04163106989761335,2700.0,,2390.8253213649277,0.09953261606672723,1.3137954761984283,1.249905573146768,1.7255531434247024e-07,1.00-1.50,1.00-1.50,1.6666666666666667e-05,pneumatic_feed,0.017791371808860274,0.0,0.0,0.0,heavy,1.0320000000000007
aluminum,partial,0.06215856692968996,1.2168359594814921,1.2168359594814921,0.0218,0.009771326721347263,0.03157132672134726,2700.0,,2499.1203017911807,0.07890054356380134,1.1760325434944476,1.112844522733264,1.1682722630481389e-07,1.00-1.50,1.00-1.50,1.6666666666666667e-05,pneumatic_feed,-0.009800030437232654,0.0,0.0,0.0,heavy,1.5340000000000011
aluminum,partial,0.17489224079704713,1.4107708634966962,1.4107708634966962,0.0218,0.027493060253295815,0.049293060253295815,2700.0,,2337.996601614329,0.11524700735537596,1.4093035725608434,1.34495986090663,2.2937317179174121e-07,1.00-1.50,1.00-1.50,1.6666666666666667e-05,pneumatic_feed,0.030376367715109622,0.0,0.0,0.0,heavy,0.8600000000000007
aluminum,partial,0.12475117038964373,1.1241097392790231,1.1241097392790231,0.0218,0.019610883985251994,0.041410883985251994,2700.0,,2392.6324509424044,0.09908102484532504,1.304422588101421,1.2470668650766974,1.2520103272255152e-07,1.00-1.50,1.00-1.50,1.6666666666666667e-05,pneumatic_feed,0.00672001773349953,0.0,0.0,0.0,heavy,1.0480000000000007
other_light,unresolved_nonmetal,,1.1852095352764098,0.14474860707052226,,,,,,1100.0,,0.4309141965899007,,9.589075055023177e-07,1.00-1.50,1.00-1.50,1.6666666666666667e-05,pneumatic_feed,0.020638464466500393,2.25,0.0,0.0,light,4.0179999999997795
aluminum,partial,0.20645954021752283,1.3591571083341882,1.3591571083341882,0.0218,0.03245543972219459,0.05425543972219459,2700.0,,2311.742767245942,0.12542462036153154,1.4634184109413009,1.4030911735146079,2.316979102519045e-07,1.00-1.50,1.00-1.50,1.6666666666666667e-05,pneumatic_feed,0.026018286190318683,0.0,0.0,0.0,heavy,0.7480000000000006
copper,heavily_coated,0.5062669358663341,1.214826964226266,1.214826964226266,0.012,0.07391497263648478,0.08591497263648477,8900.0,,2103.4165185748093,0.18071497263648478,1.708499121179534,1.6841918567972787,2.666999794142196e-07,1.00-1.50,1.00-1.50,1.6666666666666667e-05,pneumatic_feed,-0.004667703962720704,0.0,0.0,0.0,heavy,0.5640000000000004
aluminum,heavily_coated,0.3724122890085538,1.1061873747304638,1.1061873747304638,0.0218,0.058543211832144657,0.08034321183214466,2700.0,,2227.063643821862,0.17892944609924782,1.697229123081931,1.6758510035124823,2.1894710761784285e-07,1.00-1.50,1.00-1.50,1.6666666666666667e-05,pneumatic_feed,0.02400612574292381,0.0,0.0,0.0,heavy,0.5720000000000004
other_light,unresolved_nonmetal,,1.1329051920475326,0.0914693365821765,,,,,,1100.0,,0.2096403396710896,,8.374753035621133e-07,1.00-1.50,1.00-1.50,1.6666666666666667e-05,pneumatic_feed,-0.023722842262574848,2.25,0.0,0.0,light,2.6999999999999242
other_light,unresolved_nonmetal,,1.0656178618616259,0.19545008810502335,,,,,,1100.0,,0.6618863818852163,,6.969406274759467e-07,1.00-1.50,1.00-1.50,1.6666666666666667e-05,pneumatic_feed,-0.019486389253981686,0.6156393325303109,-1.1636311049830309e-65,-0.23507172938242055,active,
aluminum,partial,0.08375098686932642,1.1327273610084025,1.1327273610084025,0.0218,0.013165655135858115,0.034965655135858115,2700.0,,2455.6140974028494,0.08586215567653953,1.2211112227414338,1.1609015442745196,1.1016726550465906e-07,1.00-1.50,1.00-1.50,1.6666666666666667e-05,pneumatic_feed,0.015379901668841848,0.0,0.0,0.0,heavy,1.308000000000001
copper,partial,0.12564093029931478,1.2249680211438392,1.2249680211438392,0.012,0.018343575823699956,0.030343575823699957,8900.0,,4124.219787107494,0.12514357582369995,1.4828947386611613,1.401518307454025,1.877837738248112e-07,1.00-1.50,1.00-1.50,1.6666666666666667e-05,pneumatic_feed,0.011940908442613809,0.0,0.0,0.0,heavy,0.7220000000000005
aluminum,partial,0.09968031682228667,1.1690867659596897,1.1690867659596897,0.0218,0.015669745804463467,0.03746974580446347,2700.0,,2428.570810742826,0.09099793094667344,1.255700300210862,1.195116531614799,1.2437268392980558e-07,1.00-1.50,1.00-1.50,1.6666666666666667e-05,pneumatic_feed,0.025369377486538995,0.0,0.0,0.0,heavy,1.2260000000000009
separator,film,,1.0999971071265355,1.0999971071265355,,,0.0139,,,900.0,0.01251,0.47411922981528115,0.44312183426231666,1.5137020382441207e-08,1.00-1.50,1.00-1.50,1.6666666666666667e-05,pneumatic_feed,0.02818770592306178,2.25,0.0,0.0,light,4.405999999999737
separator,film,,1.499611184788235,1.499611184788235,,,0.0139,,,900.0,0.01251,0.4756841043248443,0.44312183426231666,2.8132909656330092e-08,1.00-1.50,1.00-1.50,1.6666666666666667e-05,pneumatic_feed,0.028829067316393318,2.25,0.0,0.0,light,4.421999999999735
aluminum,heavily_coated,0.35893787829004664,1.1224798997879366,1.1224798997879366,0.0218,0.05642503446719534,0.07822503446719534,2700.0,,2231.8323351165595,0.17458516133949392,1.6808219638412976,1.6553817361517242,2.1997051636432663e-07,1.00-1.50,1.00-1.50,1.6666666666666667e-05,pneumatic_feed,0.04176768945821628,0.0,0.0,0.0,heavy,0.5740000000000004
copper,partial,0.12668550152526736,1.2835675236228954,1.2835675236228954,0.012,0.018496083222689034,0.030496083222689034,8900.0,,4108.595923868314,0.12529608322268904,1.485230100714838,1.402372034184698,2.0643100906955968e-07,1.00-1.50,1.00-1.50,1.6666666666666667e-05,pneumatic_feed,0.02563414166425083,0.0,0.0,0.0,heavy,0.7480000000000006
other_light,unresolved_nonmetal,,1.4659052189223951,0.13767160379526683,,,,,,1100.0,,0.39979804334582647,,1.8142994985381184e-06,1.00-1.50,1.00-1.50,1.6666666666666667e-05,pneumatic_feed,0.014200460542690458,2.25,0.0,0.0,light,3.771999999999806
aluminum,bare_like,0.033106012721457724,1.4773384231303412,1.4773384231303412,0.0218,0.005204265199813155,0.027004265199813155,2700.0,,2574.915815965483,0.06953370956152519,1.1121635536184804,1.0447014431299018,1.5175932483319723e-07,1.00-1.50,1.00-1.50,1.6666666666666667e-05,pneumatic_feed,-0.018584260259634562,0.0,0.0,0.0,heavy,2.203999999999979
copper,heavily_coated,0.5309055898136161,1.1179135854124624,1.1179135854124624,0.012,0.07751221611278795,0.08951221611278795,8900.0,,2059.07332112691,0.18431221611278797,1.7114486718831343,1.7008717012480161,2.3034065042630584e-07,1.00-1.50,1.00-1.50,1.6666666666666667e-05,pneumatic_feed,0.03067583611137287,0.0,0.0,0.0,heavy,0.5660000000000004
aluminum,partial,0.2635104706571736,1.1208090288222294,1.1208090288222294,0.0218,0.04142384598730768,0.06322384598730768,2700.0,,2274.749480970379,0.14381841084457933,1.5436522986833205,1.5024559150326233,1.806665399531354e-07,1.00-1.50,1.00-1.50,1.6666666666666667e-05,pneumatic_feed,-0.024827693747666725,0.0,0.0,0.0,heavy,0.6840000000000005
copper,partial,0.05185645182060298,1.4052783048979465,1.4052783048979465,0.012,0.007571041965808035,0.019571041965808035,8900.0,,5843.891304592885,0.11437104196580802,1.4325737301133976,1.3398387495125386,2.2586074733447112e-07,1.00-1.50,1.00-1.50,1.6666666666666667e-05,pneumatic_feed,0.032139780195959464,0.0,0.0,0.0,heavy,0.7980000000000006
aluminum,partial,0.1098820922539232,1.3080351199117046,1.3080351199117046,0.0218,0.017273464902316724,0.039073464902316724,2700.0,,2413.072032370412,0.09428708536358738,1.2808156374668604,1.2165237736546162,1.6132104263214226e-07,1.00-1.50,1.00-1.50,1.6666666666666667e-05,pneumatic_feed,0.04322886940582141,0.0,0.0,0.0,heavy,1.0960000000000008
copper,partial,0.24763386393846665,1.2666642307354299,1.2666642307354299,0.012,0.036154544135016134,0.04815454413501613,8900.0,,2968.661560458322,0.14295454413501613,1.5651908256992682,1.497936755922363,2.29361741970183e-07,1.00-1.50,1.00-1.50,1.6666666666666667e-05,pneumatic_feed,0.008321283922802862,0.0,0.0,0.0,heavy,0.6700000000000005
copper,partial,0.35034454445335955,1.3546537716499019,1.3546537716499019,0.012,0.051150303490190493,0.06315030349019049,8900.0,,2501.180433989931,0.15795030349019049,1.6321809883137035,1.574543731873469,2.898525234739608e-07,1.00-1.50,1.00-1.50,1.6666666666666667e-05,pneumatic_feed,-0.006473961410721356,0.0,0.0,0.0,heavy,0.5980000000000004
copper,partial,0.14166312414392457,1.4460173002041374,1.4460173002041374,0.012,0.02068281612501299,0.03268281612501299,8900.0,,3900.6068399181527,0.12748281612501297,1.4997801318466064,1.414556567231655,2.6656223824352747e-07,1.00-1.50,1.00-1.50,1.6666666666666667e-05,pneumatic_feed,-0.007914966233140926,0.0,0.0,0.0,heavy,0.7220000000000005
separator,film,,1.268032845772919,1.268032845772919,,,0.0139,,,900.0,0.01251,0.4748954914446955,0.44312183426231666,2.0114920297466684e-08,1.00-1.50,1.00-1.50,1.6666666666666667e-05,pneumatic_feed,0.02569623408804585,2.25,0.0,0.0,light,4.409999999999736
aluminum,bare_like,0.018824643545500706,1.2734866059086105,1.2734866059086105,0.0218,0.0029592339653527096,0.02475923396535271,2700.0,,2622.4257752224817,0.06492925332550488,1.0735103664466985,1.0095194699445498,1.0530019410047739e-07,1.00-1.50,1.00-1.50,1.6666666666666667e-05,pneumatic_feed,-0.025455471125167606,0.0,0.0,0.0,heavy,2.7499999999999187
separator,film,,1.3531972173389208,1.3531972173389208,,,0.0139,,,900.0,0.01251,0.47521641438905604,0.44312183426231666,2.290759528976262e-08,1.00-1.50,1.00-1.50,1.6666666666666667e-05,pneumatic_feed,-0.025457005352748446,2.25,0.0,0.0,light,4.4179999999997355
aluminum,partial,0.13852994594282964,1.1960045914847308,1.1960045914847308,0.0218,0.021776907502212818,0.04357690750221282,2700.0,,2375.649072072653,0.1035234398714277,1.3338434947421425,1.2747171891136988,1.480827217498045e-07,1.00-1.50,1.00-1.50,1.6666666666666667e-05,pneumatic_feed,0.04158357430738765,0.0,0.0,0.0,heavy,0.9840000000000008
aluminum,partial,0.14756836331341028,1.0017855358096497,1.0017855358096497,0.0218,0.023197746712868096,0.044997746712868096,2700.0,,2365.396576300974,0.10643751601587662,1.3419172505637,1.2925336558036697,1.0681795134605266e-07,1.00-1.50,1.00-1.50,1.6666666666666667e-05,pneumatic_feed,-0.014758797524476829,0.0,0.0,0.0,heavy,0.9700000000000008
aluminum,partial,0.07832268360594213,1.0853245281588724,1.0853245281588724,0.0218,0.012312325862854107,0.034112325862854107,2700.0,,2465.7367767755704,0.08411201642139181,1.2079641291040348,1.1490092296192254,9.907801126791392e-08,1.00-1.50,1.00-1.50,1.6666666666666667e-05,pneumatic_feed,0.016804100831931405,0.0,0.0,0.0,heavy,1.446000000000001
aluminum,partial,0.2310151944371025,1.2899396959133473,1.2899396959133473,0.0218,0.036315588565512515,0.058115588565512515,2700.0,,2294.42069038246,0.1333416088384662,1.5017714487971514,1.4466961990440723,2.218730258596502e-07,1.00-1.50,1.00-1.50,1.6666666666666667e-05,pneumatic_feed,-0.024157770645318207,0.0,0.0,0.0,heavy,0.7220000000000005
separator,film,,1.4971903021621844,1.4971903021621844,,,0.0139,,,900.0,0.01251,0.4756771048635649,0.44312183426231666,2.8042150799115048e-08,1.00-1.50,1.00-1.50,1.6666666666666667e-05,pneumatic_feed,-0.030721709813337498,2.25,0.0,0.0,light,4.421999999999735
aluminum,partial,0.1242930575271759,1.0027269407609067,1.0027269407609067,0.0218,0.019538868643272048,0.04133886864327205,2700.0,,2393.227679525243,0.09893332467733679,1.298155892918192,1.2461370165978853,9.947363099726008e-08,1.00-1.50,1.00-1.50,1.6666666666666667e-05,pneumatic_feed,-0.018773698500055905,0.0,0.0,0.0,heavy,1.0880000000000007
separator,film,,1.251707730686086,1.251707730686086,,,0.0139,,,900.0,0.01251,0.47482906728720187,0.44312183426231666,1.9600320760671982e-08,1.00-1.50,1.00-1.50,1.6666666666666667e-05,pneumatic_feed,0.023154115246747684,2.25,0.0,0.0,light,4.413999999999736
copper,partial,0.4446226096772752,1.4781644349956107,1.4781644349956107,0.012,0.06491490101288218,0.07691490101288218,8900.0,,2232.5310018161804,0.17171490101288217,1.6933948649032204,1.6417177243053078,3.7519192390286867e-07,1.00-1.50,1.00-1.50,1.6666666666666667e-05,pneumatic_feed,-0.006287712309649546,0.0,0.0,0.0,heavy,0.5500000000000004
copper,partial,0.1338245042598296,1.0264209885885038,1.0264209885885038,0.012,0.01953837762193512,0.03153837762193512,8900.0,,4005.861656436825,0.12633837762193512,1.4815669722739395,1.4081928756934874,1.3310254014800648e-07,1.00-1.50,1.00-1.50,1.6666666666666667e-05,pneumatic_feed,-0.03059715857594288,0.0,0.0,0.0,heavy,0.7500000000000006
separator,film,,1.4001333812714152,1.4001333812714152,,,0.0139,,,900.0,0.01251,0.475376839180769,0.44312183426231666,2.4524272301735088e-08,1.00-1.50,1.00-1.50,1.6666666666666667e-05,pneumatic_feed,0.011029838833338468,2.25,0.0,0.0,light,4.421999999999735
aluminum,heavily_coated,0.2811603587849695,1.13068868958299,1.13068868958299,0.0218,0.0441984084009972,0.0659984084009972,2700.0,,2265.3411634939216,0.149508911275862,1.5711271923599666,1.5318915990976418,1.9114070113848664e-07,1.00-1.50,1.00-1.50,1.6666666666666667e-05,pneumatic_feed,-0.023893000217407617,0.0,0.0,0.0,heavy,0.6720000000000005
separator,film,,1.2726989298738391,1.2726989298738391,,,0.0139,,,900.0,0.01251,0.4749141688423964,0.44312183426231666,2.0263229701936214e-08,1.00-1.50,1.00-1.50,1.6666666666666667e-05,pneumatic_feed,-0.00396337028079019,2.25,0.0,0.0,light,4.4179999999997355
aluminum,partial,0.15690818352255415,1.312412944412994,1.312412944412994,0.0218,0.024665966449745516,0.046465966449745516,2700.0,,2355.4609063792777,0.10944876744950668,1.3728008209050806,1.3106898389350004,1.8851759279858523e-07,1.00-1.50,1.00-1.50,1.6666666666666667e-05,pneumatic_feed,0.009308527234332425,0.0,0.0,0.0,heavy,0.8980000000000007
aluminum,bare_like,0.037488433677038434,1.0857592360006028,1.0857592360006028,0.0218,0.005893181774030441,0.02769318177403044,2700.0,,2561.881349738761,0.07094664590181396,1.1156537143032366,1.0552623152917344,8.363709370568692e-08,1.00-1.50,1.00-1.50,1.6666666666666667e-05,pneumatic_feed,-0.01625212189843908,0.0,0.0,0.0,heavy,2.037999999999997
copper,partial,0.20897569739805533,1.3875092632356278,1.3875092632356278,0.012,0.030510451820116077,0.04251045182011608,8900.0,,3230.039812353638,0.1373104518201161,1.5446354850870732,1.4680684084090028,2.6434760415452014e-07,1.00-1.50,1.00-1.50,1.6666666666666667e-05,pneumatic_feed,0.019613945576829703,0.0,0.0,0.0,heavy,0.6840000000000005
copper,partial,0.17244106279486815,1.190876532015408,1.190876532015408,0.012,0.025176395168050748,0.03717639516805075,8900.0,,3550.005173214609,0.13197639516805074,1.513535241004768,1.439271169223411,1.8716719665087644e-07,1.00-1.50,1.00-1.50,1.6666666666666667e-05,pneumatic_feed,-0.0131209361424999,0.0,0.0,0.0,heavy,0.7100000000000005
separator,film,,1.3486320096419973,1.3486320096419973,,,0.0139,,,900.0,0.01251,0.47520022396169403,0.44312183426231666,2.2753291800861964e-08,1.00-1.50,1.00-1.50,1.6666666666666667e-05,pneumatic_feed,-0.009021511784653671,2.25,0.0,0.0,light,4.421999999999735
copper,bare_like,0.005703473438046008,1.457120565574906,1.457120565574906,0.012,0.0008327071219547174,0.012832707121954718,8900.0,,8387.3734590118,0.1076327071219547,1.3967503469343427,1.2997703531725138,2.285258006385959e-07,1.00-1.50,1.00-1.50,1.6666666666666667e-05,pneumatic_feed,-0.018337330002761484,0.0,0.0,0.0,heavy,0.8480000000000006
other_light,unresolved_nonmetal,,1.1002288429042137,0.10241363194981544,,,,,,1100.0,,0.25209199472974336,,7.670795156011154e-07,1.00-1.50,1.00-1.50,1.6666666666666667e-05,pneumatic_feed,-0.0111961069941788,2.25,0.0,0.0,light,2.8799999999999044
aluminum,partial,0.13191996831216252,1.3380864210029733,1.3380864210029733,0.0218,0.020737819018671944,0.042537819018671943,2700.0,,2383.580524874071,0.10139231698352431,1.3257970078601646,1.261528361699965,1.8154043613435689e-07,1.00-1.50,1.00-1.50,1.6666666666666667e-05,pneumatic_feed,-0.014008917030450482,0.0,0.0,0.0,heavy,1.0080000000000007
copper,partial,0.28998453557488235,1.3184611396488637,1.3184611396488637,0.012,0.042337742193932826,0.05433774219393282,8900.0,,2744.643707529406,0.14913774219393283,1.593928063319594,1.52998888933089,2.5925206947251504e-07,1.00-1.50,1.00-1.50,1.6666666666666667e-05,pneumatic_feed,-0.004242386992736986,0.0,0.0,0.0,heavy,0.6560000000000005
aluminum,partial,0.14072481360260408,1.34020398602779,1.34020398602779,0.0218,0.02212194069832936,0.04392194069832936,2700.0,,2373.098399032722,0.10423108715361558,1.342987055752451,1.279066512720566,1.8721432574709993e-07,1.00-1.50,1.00-1.50,1.6666666666666667e-05,pneumatic_feed,-0.02382416390119688,0.0,0.0,0.0,heavy,0.9700000000000008
copper,partial,0.29021417030716556,1.253935540586062,1.253935540586062,0.012,0.04237126886484617,0.05437126886484617,8900.0,,2743.5679170123817,0.14917126886484616,1.5909538049456207,1.5301608530159911,2.345500919947223e-07,1.00-1.50,1.00-1.50,1.6666666666666667e-05,pneumatic_feed,-0.026017212481482487,0.0,0.0,0.0,heavy,0.6240000000000004
aluminum,partial,0.2321166184400758,1.3502739558613415,1.3502739558613415,0.0218,0.036488732418779916,0.058288732418779916,2700.0,,2293.697484973775,0.13369671895126484,1.5063766127770064,1.4486213103012993,2.437611732223182e-07,1.00-1.50,1.00-1.50,1.6666666666666667e-05,pneumatic_feed,-0.031035524417465214,0.0,0.0,0.0,heavy,0.7180000000000005
separator,film,,1.2709276941399819,1.2709276941399819,,,0.0139,,,900.0,0.01251,0.47490709483114363,0.44312183426231666,2.020686761868696e-08,1.00-1.50,1.00-1.50,1.6666666666666667e-05,pneumatic_feed,-0.0054613853150585765,2.25,0.0,0.0,light,4.415999999999736
separator,film,,1.43038478263461,1.43038478263461,,,0.0139,,,900.0,0.01251,0.4754747366869128,0.44312183426231666,2.559546783617219e-08,1.00-1.50,1.00-1.50,1.6666666666666667e-05,pneumatic_feed,-0.03060885254111984,2.25,0.0,0.0,light,4.419999999999735
aluminum,partial,0.08882647468424099,1.2513040312659482,1.2513040312659482,0.0218,0.013963521820362687,0.03576352182036269,2700.0,,2446.5863329244903,0.08749854370294613,1.2353558430917049,1.171911746660747,1.3700187541869585e-07,1.00-1.50,1.00-1.50,1.6666666666666667e-05,pneumatic_feed,-0.02195902457053902,0.0,0.0,0.0,heavy,1.270000000000001
copper,partial,0.0951808151156529,1.3057825035452275,1.3057825035452275,0.012,0.013896399006885326,0.025896399006885326,8900.0,,4660.740629413171,0.12069639900688532,1.4632341678028085,1.3763904528919373,2.057955612124408e-07,1.00-1.50,1.00-1.50,1.6666666666666667e-05,pneumatic_feed,0.038738459366805374,0.0,0.0,0.0,heavy,0.7600000000000006
copper,heavily_coated,0.5429482904702343,1.1567692738151767,1.1567692738151767,0.012,0.0792704504086542,0.0912704504086542,8900.0,,2038.6713287328225,0.18607045040865422,1.721323638854107,1.70896512241012,2.48983689188122e-07,1.00-1.50,1.00-1.50,1.6666666666666667e-05,pneumatic_feed,-0.03385750437434635,0.0,0.0,0.0,heavy,0.5660000000000004
aluminum,partial,0.20497764490406467,1.1639262559606238,1.1639262559606238,0.0218,0.032222485778918966,0.054022485778918966,2700.0,,2312.867330926803,0.12494684249351948,1.451920990781968,1.4004162380443472,1.692685273969996e-07,1.00-1.50,1.00-1.50,1.6666666666666667e-05,pneumatic_feed,-0.028741730911249305,0.0,0.0,0.0,heavy,0.7700000000000006
copper,bare_like,0.016863784354724787,1.0364101430317818,1.0364101430317818,0.012,0.0024621125157898195,0.01446211251578982,8900.0,,7555.058944293013,0.10926211251578981,1.4002073987694008,1.3095717307760721,1.1736345942547182e-07,1.00-1.50,1.00-1.50,1.6666666666666667e-05,pneumatic_feed,-0.022863924609908978,0.0,0.0,0.0,heavy,0.8340000000000006
copper,partial,0.19011452030990217,1.1693293408804621,1.1693293408804621,0.012,0.027756719965245712,0.03975671996524571,8900.0,,3384.50254655997,0.1345567199652457,1.524260851288776,1.4532729532247193,1.8398358892410297e-07,1.00-1.50,1.00-1.50,1.6666666666666667e-05,pneumatic_feed,-0.010623659039282161,0.0,0.0,0.0,heavy,0.6880000000000005
aluminum,partial,0.1632313843917731,1.478501729010242,1.478501729010242,0.0218,0.02565997362638673,0.04745997362638673,2700.0,,2349.083282670999,0.11148743064175157,1.3898223880763672,1.3228403952680508,2.437078847326187e-07,1.00-1.50,1.00-1.50,1.6666666666666667e-05,pneumatic_feed,-0.018452260223951144,0.0,0.0,0.0,heavy,0.8800000000000007
separator,film,,1.1284431894311506,1.1284431894311506,,,0.0139,,,900.0,0.01251,0.4742666023694558,0.44312183426231666,1.5930034237487086e-08,1.00-1.50,1.00-1.50,1.6666666666666667e-05,pneumatic_feed,-0.01382242193105591,2.25,0.0,0.0,light,4.409999999999736
aluminum,partial,0.06181982758047433,1.1580818405344173,1.1580818405344173,0.0218,0.009718076895650567,0.03151807689565057,2700.0,,2499.8774789173062,0.07879133061022073,1.173801717234961,1.112074064645887,1.0567127270792258e-07,1.00-1.50,1.00-1.50,1.6666666666666667e-05,pneumatic_feed,-0.0172120757290781,0.0,0.0,0.0,heavy,1.5640000000000012
separator,film,,1.1400769004589635,1.1400769004589635,,,0.0139,,,900.0,0.01251,0.4743247928849714,0.44312183426231666,1.626018949039107e-08,1.00-1.50,1.00-1.50,1.6666666666666667e-05,pneumatic_feed,-0.0022712654581581128,2.25,0.0,0.0,light,4.407999999999737
aluminum,partial,0.1737894133230688,1.2289850700895317,1.2289850700895317,0.0218,0.02731969577438642,0.04911969577438642,2700.0,,2339.0096973972104,0.11489144474949062,1.4005624439301863,1.3428835082716613,1.7353253247041303e-07,1.00-1.50,1.00-1.50,1.6666666666666667e-05,pneumatic_feed,0.024014863825366113,0.0,0.0,0.0,heavy,0.8220000000000006
copper,partial,0.28096330110953927,1.1697813360420064,1.1697813360420064,0.012,0.04102064196199273,0.05302064196199273,8900.0,,2787.9828778375854,0.14782064196199274,1.5808849400389597,1.5232179083228499,2.0227604792050892e-07,1.00-1.50,1.00-1.50,1.6666666666666667e-05,pneumatic_feed,0.002681836498121445,0.0,0.0,0.0,heavy,0.6120000000000004
aluminum,partial,0.08506372753708324,1.077024230381274,1.077024230381274,0.0218,0.013372017968829489,0.03517201796882949,2700.0,,2453.23985879058,0.086285396395231,1.2220604607070424,1.1637592456429922,1.0008943703420927e-07,1.00-1.50,1.00-1.50,1.6666666666666667e-05,pneumatic_feed,0.01620241904921384,0.0,0.0,0.0,heavy,1.336000000000001
other_light,unresolved_nonmetal,,1.4481196032381174,0.09553499596925666,,,,,,1100.0,,0.22517368015566425,,1.7490595873646375e-06,1.00-1.50,1.00-1.50,1.6666666666666667e-05,pneumatic_feed,-0.0072367861427229735,2.25,0.0,0.0,light,2.7979999999999134
aluminum,heavily_coated,0.35661564496581627,1.2252653250637686,1.2252653250637686,0.0218,0.05605997938862632,0.07785997938862632,2700.0,,2232.6804021582184,0.17383645009342882,1.6863323016693632,1.6518283569022718,2.609763369187394e-07,1.00-1.50,1.00-1.50,1.6666666666666667e-05,pneumatic_feed,0.026818854803785843,0.0,0.0,0.0,heavy,0.5520000000000004
aluminum,partial,0.2413871761221726,1.4015462080260983,1.4015462080260983,0.0218,0.03794606408640553,0.05974606408640553,2700.0,,2287.776467682844,0.13668563945354967,1.5238776050281033,1.4647244781401436,2.6849594452318685e-07,1.00-1.50,1.00-1.50,1.6666666666666667e-05,pneumatic_feed,-0.04842833004368727,0.0,0.0,0.0,heavy,0.7080000000000005
aluminum,partial,0.25610639735898527,1.363122743484773,1.363122743484773,0.0218,0.04025992566483249,0.06205992566483249,2700.0,,2278.94671251041,0.14143126357251043,1.5459799389079654,1.489934600254026,2.627939419491534e-07,1.00-1.50,1.00-1.50,1.6666666666666667e-05,pneumatic_feed,0.01519589913357789,0.0,0.0,0.0,heavy,0.6920000000000005
aluminum,partial,0.06099082286780172,1.0114995361588075,1.0114995361588075,0.0218,0.009587757354818427,0.03138775735481843,2700.0,,2501.741373655467,0.07852405120080795,1.1675923441377682,1.1101862490807035,8.034041550111378e-08,1.00-1.50,1.00-1.50,1.6666666666666667e-05,pneumatic_feed,0.031016057646527644,0.0,0.0,0.0,heavy,1.6980000000000013
aluminum,partial,0.12973888861086258,1.0908226587146186,1.0908226587146186,0.0218,0.020394953289627593,0.04219495328962759,2700.0,,2386.283363934419,0.10068911507702821,1.312713211324018,1.2571461133253505,1.1980938122213197e-07,1.00-1.50,1.00-1.50,1.6666666666666667e-05,pneumatic_feed,0.0009250961869258021,0.0,0.0,0.0,heavy,1.0300000000000007
copper,partial,0.32976056701071316,1.0925257028475839,1.0925257028475839,0.012,0.048145042783564115,0.06014504278356411,8900.0,,2576.189750851854,0.15494504278356414,1.6042611481326698,1.5594926712013824,1.8494432614867123e-07,1.00-1.50,1.00-1.50,1.6666666666666667e-05,pneumatic_feed,-0.020414292185232392,0.0,0.0,0.0,heavy,0.6220000000000004
separator,film,,1.0448299466506583,1.0448299466506583,,,0.0139,,,900.0,0.01251,0.47381099425845946,0.44312183426231666,1.3656786913899401e-08,1.00-1.50,1.00-1.50,1.6666666666666667e-05,pneumatic_feed,-0.014661709403909479,2.25,0.0,0.0,light,4.403999999999737
other_light,unresolved_nonmetal,,1.2508138933502209,0.1261587242668359,,,,,,1100.0,,0.35007767767002385,,1.1271180297918596e-06,1.00-1.50,1.00-1.50,1.6666666666666667e-05,pneumatic_feed,-0.026683726136443185,2.25,0.0,0.0,light,3.3899999999998482
aluminum,partial,0.05259944061633176,1.1528470918295635,1.1528470918295635,0.0218,0.008268632064887354,0.030068632064887354,2700.0,,2521.517622933325,0.07581858564911152,1.1526878207337363,1.0908934505021353,1.0076717779542144e-07,1.00-1.50,1.00-1.50,1.6666666666666667e-05,pneumatic_feed,-0.0260692717047506,0.0,0.0,0.0,heavy,1.7580000000000013
other_light,unresolved_nonmetal,,1.4492178470401023,0.1799275977320407,,,,,,1100.0,,0.5900756692708139,,1.7530420298526611e-06,1.00-1.50,1.00-1.50,1.6666666666666667e-05,pneumatic_feed,-0.03358825679613193,2.25,0.0,0.0,light,6.37399999999952
aluminum,partial,0.08812636328539336,1.2883045111443967,1.2883045111443967,0.0218,0.013853464308463834,0.035653464308463834,2700.0,,2447.8075968097673,0.08727282078684367,1.234820561203359,1.1703991605731348,1.4484918910782745e-07,1.00-1.50,1.00-1.50,1.6666666666666667e-05,pneumatic_feed,-0.023121847118840157,0.0,0.0,0.0,heavy,1.276000000000001
copper,partial,0.279439475081129,1.2779937173580342,1.2779937173580342,0.012,0.04079816336184483,0.05279816336184483,8900.0,,2795.517002178683,0.14759816336184484,1.585538894262509,1.5220712112537693,2.4106734845891603e-07,1.00-1.50,1.00-1.50,1.6666666666666667e-05,pneumatic_feed,0.03068632840682992,0.0,0.0,0.0,heavy,0.6320000000000005
aluminum,partial,0.10540344545359914,1.2237135426208834,1.2237135426208834,0.0218,0.016569421625305787,0.03836942162530579,2700.0,,2419.7165585488538,0.09284312484869489,1.2691962385793443,1.207172600594097,1.3903024300739786e-07,1.00-1.50,1.00-1.50,1.6666666666666667e-05,pneumatic_feed,0.014759126893862686,0.0,0.0,0.0,heavy,1.1920000000000008
aluminum,partial,0.20418206369347525,1.3589172892570416,1.3589172892570416,0.0218,0.03209742041261431,0.05389742041261431,2700.0,,2313.4750828674255,0.12469033915541336,1.4594753199662305,1.3989780424950808,2.3026018776195684e-07,1.00-1.50,1.00-1.50,1.6666666666666667e-05,pneumatic_feed,0.0077708151037138625,0.0,0.0,0.0,heavy,0.7840000000000006
aluminum,partial,0.1981047338102343,1.2022019236224146,1.2022019236224146,0.0218,0.031142064154968833,0.05294206415496883,2700.0,,2318.2123550851165,0.12273094722775763,1.4421289926660656,1.3879427033155525,1.77381745077562e-07,1.00-1.50,1.00-1.50,1.6666666666666667e-05,pneumatic_feed,-0.01703310327150285,0.0,0.0,0.0,heavy,0.7900000000000006
aluminum,partial,0.17235816305023133,1.2533215034660776,1.2533215034660776,0.0218,0.02709470323149636,0.04889470323149636,2700.0,,2340.3352057838656,0.11442999534902508,1.3989856668115253,1.340184019826493,1.79748329234085e-07,1.00-1.50,1.00-1.50,1.6666666666666667e-05,pneumatic_feed,0.016370116735621495,0.0,0.0,0.0,heavy,0.8620000000000007
copper,partial,0.3171243752746399,1.3619230361571635,1.3619230361571635,0.012,0.046300158790097426,0.05830015879009742,8900.0,,2626.067612291002,0.15310015879009742,1.6125743584694079,1.5501806644289464,2.8397543449654833e-07,1.00-1.50,1.00-1.50,1.6666666666666667e-05,pneumatic_feed,0.006843777398179146,0.0,0.0,0.0,heavy,0.6060000000000004
aluminum,partial,0.26758726118046683,1.1742289594117425,1.1742289594117425,0.0218,0.04206471745756939,0.06386471745756939,2700.0,,2272.5037337496724,0.14513280887719432,1.5535129729876764,1.5093059889023306,2.0011109781517164e-07,1.00-1.50,1.00-1.50,1.6666666666666667e-05,pneumatic_feed,-0.002587151369851072,0.0,0.0,0.0,heavy,0.6700000000000005
copper,partial,0.35745211790052134,1.1343712076576045,1.1343712076576045,0.012,0.05218800921347612,0.06418800921347612,8900.0,,2476.9113602622365,0.1589880092134761,1.6228011774178688,1.579707502234107,2.0458545812469082e-07,1.00-1.50,1.00-1.50,1.6666666666666667e-05,pneumatic_feed,0.03152129576367533,0.0,0.0,0.0,heavy,0.5980000000000004
other_light,unresolved_nonmetal,,1.4083717610225797,0.19158463709990764,,,,,,1100.0,,0.6439443649483503,,1.608952537647843e-06,1.00-1.50,1.00-1.50,1.6666666666666667e-05,pneumatic_feed,-0.007407789713487194,2.25,0.0,0.0,light,9.649999999999892
aluminum,bare_like,0.027760072513880563,1.046881443141796,1.046881443141796,0.0218,0.004363883399182027,0.026163883399182027,2700.0,,2591.745420380532,0.06781012497920023,1.0912500223811084,1.0316722937413445,7.431723583629598e-08,1.00-1.50,1.00-1.50,1.6666666666666667e-05,pneumatic_feed,-0.02445872582343437,0.0,0.0,0.0,heavy,2.46799999999995
copper,partial,0.18689478316979125,1.2980190669154021,1.2980190669154021,0.012,0.027286638342789517,0.03928663834278952,8900.0,,3413.034151021963,0.13408663834278953,1.5269447329061148,1.4507321859765931,2.2591634165709122e-07,1.00-1.50,1.00-1.50,1.6666666666666667e-05,pneumatic_feed,0.036640122358632995,0.0,0.0,0.0,heavy,0.7060000000000005
other_light,unresolved_nonmetal,,1.4371073716209126,0.1453757523800701,,,,,,1100.0,,0.43368963221100476,,1.709460061618978e-06,1.00-1.50,1.00-1.50,1.6666666666666667e-05,pneumatic_feed,-0.02978285720398451,2.25,0.0,0.0,light,4.051999999999776
separator,film,,1.1074303001115873,1.1074303001115873,,,0.0139,,,900.0,0.01251,0.4741584567430714,0.44312183426231666,1.5342287388761555e-08,1.00-1.50,1.00-1.50,1.6666666666666667e-05,pneumatic_feed,0.005650512702902052,2.25,0.0,0.0,light,4.405999999999737
copper,partial,0.26629243549453907,1.1363628024259675,1.1363628024259675,0.012,0.03887869558220271,0.050878695582202704,8900.0,,2863.255315711374,0.1456786955822027,1.5701932811799795,1.5121417942303736,1.8811787418032803e-07,1.00-1.50,1.00-1.50,1.6666666666666667e-05,pneumatic_feed,-0.014419564340432924,0.0,0.0,0.0,heavy,0.6420000000000005
aluminum,partial,0.19238117337328964,1.3694393445465425,1.3694393445465425,0.0218,0.03024232045428113,0.05204232045428113,2700.0,,2322.8328993031664,0.12088561410728231,1.4392520076644995,1.3774689103670918,2.2670454312658672e-07,1.00-1.50,1.00-1.50,1.6666666666666667e-05,pneumatic_feed,-0.00280014449276007,0.0,0.0,0.0,heavy,0.7840000000000006
aluminum,partial,0.12921520758030314,1.284674796782,1.284674796782,0.0218,0.020312630631623654,0.042112630631623654,2700.0,,2386.9388724550918,0.10052027507596553,1.3188558414942029,1.2560916517485319,1.6589758978453987e-07,1.00-1.50,1.00-1.50,1.6666666666666667e-05,pneumatic_feed,-0.01399384615840014,0.0,0.0,0.0,heavy,1.0040000000000007
copper,partial,0.13253846126763635,1.0692568169874523,1.0692568169874523,0.012,0.01935061534507491,0.03135061534507491,8900.0,,4023.8640918699793,0.1261506153450749,1.48243231227699,1.4071460686283765,1.4422927777630666e-07,1.00-1.50,1.00-1.50,1.6666666666666667e-05,pneumatic_feed,-0.012300112671504111,0.0,0.0,0.0,heavy,0.7640000000000006
copper,partial,0.18640085953280916,1.4314182685642343,1.4314182685642343,0.012,0.027214525491790136,0.039214525491790136,8900.0,,3417.4715570598223,0.13401452549179013,1.530683861713621,1.4503420259094535,2.745901689100215e-07,1.00-1.50,1.00-1.50,1.6666666666666667e-05,pneumatic_feed,-0.016599300809573347,0.0,0.0,0.0,heavy,0.6800000000000005
copper,partial,0.12294057034346784,1.3029451460949741,1.3029451460949741,0.012,0.017949323270146304,0.029949323270146305,8900.0,,4165.346981128529,0.1247493232701463,1.4830837300750825,1.3993088930069075,2.1178269134182346e-07,1.00-1.50,1.00-1.50,1.6666666666666667e-05,pneumatic_feed,-0.03956902368929792,0.0,0.0,0.0,heavy,0.7380000000000005
aluminum,bare_like,0.03050625987304263,1.2212705961293895,1.2212705961293895,0.0218,0.0047955840520423,0.0265955840520423,2700.0,,2582.967274237863,0.06869552324566768,1.1017291538201093,1.0383857341392937,1.0245950131080153e-07,1.00-1.50,1.00-1.50,1.6666666666666667e-05,pneumatic_feed,0.017548637752479886,0.0,0.0,0.0,heavy,2.28599999999997
aluminum,heavily_coated,0.2914298301891097,1.466584888066501,1.466584888066501,0.0218,0.04581276930572804,0.06761276930572804,2700.0,,2260.2223384795484,0.15281989155127085,1.6061703565312067,1.5487611235399563,3.28695908706115e-07,1.00-1.50,1.00-1.50,1.6666666666666667e-05,pneumatic_feed,0.04576074851062107,0.0,0.0,0.0,heavy,0.6400000000000005
separator,film,,1.49855269567527,1.49855269567527,,,0.0139,,,900.0,0.01251,0.4756810466756181,0.44312183426231666,2.809320887326239e-08,1.00-1.50,1.00-1.50,1.6666666666666667e-05,pneumatic_feed,-3.151793564763348e-05,2.25,0.0,0.0,light,4.421999999999735
copper,partial,0.054116259892028486,1.0861530730174191,1.0861530730174191,0.012,0.007900973944236157,0.019900973944236157,8900.0,,5763.585956427854,0.11470097394423615,1.4285403257499913,1.341769908378009,1.3531600771325938e-07,1.00-1.50,1.00-1.50,1.6666666666666667e-05,pneumatic_feed,0.032050068996041264,0.0,0.0,0.0,heavy,0.8080000000000006
other_light,unresolved_nonmetal,,1.1261738092499285,0.09629119118279636,,,,,,1100.0,,0.22809479490181395,,8.226357449955292e-07,1.00-1.50,1.00-1.50,1.6666666666666667e-05,pneumatic_feed,-0.035213326392371,2.25,0.0,0.0,light,2.8079999999999123
copper,heavily_coated,0.6983699402204273,1.2357613511482928,1.2357613511482928,0.012,0.10196201127218238,0.11396201127218238,8900.0,,1831.856150498989,0.2087620112721824,1.8025848914010625,1.8101736184488424,3.1880174440927213e-07,1.00-1.50,1.00-1.50,1.6666666666666667e-05,pneumatic_feed,-0.0031867615980721714,0.0,0.0,0.0,heavy,0.5300000000000004
separator,film,,1.480801545043446,1.480801545043446,,,0.0139,,,900.0,0.01251,0.4756291267225023,0.44312183426231666,2.7431592929696245e-08,1.00-1.50,1.00-1.50,1.6666666666666667e-05,pneumatic_feed,0.009451732954173385,2.25,0.0,0.0,light,4.423999999999735
aluminum,heavily_coated,0.3507093328019918,1.2064851562510055,1.2064851562510055,0.0218,0.05513150711647312,0.07693150711647312,2700.0,,2234.873622433881,0.17193219598869017,1.6767443960526476,1.642756143874824,2.502656103926951e-07,1.00-1.50,1.00-1.50,1.6666666666666667e-05,pneumatic_feed,-0.0015856597618077075,0.0,0.0,0.0,heavy,0.5740000000000004
other_light,unresolved_nonmetal,,1.3293883824324686,0.08679471252340241,,,,,,1100.0,,0.19215907494299808,,1.3531531251465989e-06,1.00-1.50,1.00-1.50,1.6666666666666667e-05,pneumatic_feed,0.0022620914080787187,2.25,0.0,0.0,light,2.6319999999999317
aluminum,heavily_coated,0.3319764386455384,1.2754904484736826,1.2754904484736826,0.0218,0.052186696155078635,0.07398669615507864,2700.0,,2242.1939646553706,0.165892523583708,1.6555087479369632,1.613644648046738,2.698865459787209e-07,1.00-1.50,1.00-1.50,1.6666666666666667e-05,pneumatic_feed,0.035456502304835436,0.0,0.0,0.0,heavy,0.5880000000000004
separator,film,,1.4708997426843131,1.4708997426843131,,,0.0139,,,900.0,0.01251,0.47559962825378854,0.44312183426231666,2.7065961123390016e-08,1.00-1.50,1.00-1.50,1.6666666666666667e-05,pneumatic_feed,-0.0005163246507025541,2.25,0.0,0.0,light,4.421999999999735
aluminum,bare_like,0.03433242610882035,1.0223660597044668,1.0223660597044668,0.0218,0.005397057384306559,0.02719705738430656,2700.0,,2571.2016014679502,0.06992911750174477,1.1064718226697394,1.0476676134668792,7.309217652155808e-08,1.00-1.50,1.00-1.50,1.6666666666666667e-05,pneumatic_feed,-0.003656871121899248,0.0,0.0,0.0,heavy,2.2419999999999747
copper,heavily_coated,0.5223012912438862,1.3509213983047499,1.3509213983047499,0.012,0.07625598852160739,0.08825598852160739,8900.0,,2074.1480729864634,0.1830559885216074,1.7277030826500575,1.6950654252373711,3.340750966798022e-07,1.00-1.50,1.00-1.50,1.6666666666666667e-05,pneumatic_feed,-0.005837572886118428,0.0,0.0,0.0,heavy,0.5540000000000004
copper,partial,0.22907496887069412,1.3527187447564875,1.3527187447564875,0.012,0.03344494545512135,0.045444945455121344,8900.0,,3086.0405717423228,0.14024494545512134,1.5567082010544353,1.483672694317579,2.5662693328993396e-07,1.00-1.50,1.00-1.50,1.6666666666666667e-05,pneumatic_feed,-0.028142068745216613,0.0,0.0,0.0,heavy,0.6860000000000005
copper,heavily_coated,0.663531921001612,1.261484608669703,1.261484608669703,0.012,0.09687566046623534,0.10887566046623534,8900.0,,1870.718024524862,0.20367566046623536,1.7894573044334687,1.7879857848087133,3.241179216715284e-07,1.00-1.50,1.00-1.50,1.6666666666666667e-05,pneumatic_feed,-0.013754701452311655,0.0,0.0,0.0,heavy,0.5100000000000003
copper,partial,0.1879011678383119,1.3499399943824058,1.3499399943824058,0.012,0.027433570504393535,0.039433570504393535,8900.0,,3404.0430219078876,0.13423357050439352,1.5293028623330693,1.4515268246356872,2.446189348531785e-07,1.00-1.50,1.00-1.50,1.6666666666666667e-05,pneumatic_feed,0.014888459152631152,0.0,0.0,0.0,heavy,0.7180000000000005
aluminum,partial,0.2428164984268816,1.4202815906706028,1.4202815906706028,0.0218,0.03817075355270579,0.05997075355270579,2700.0,,2286.889177360071,0.1371464672578109,1.5270128549771658,1.4671915178594102,2.766518258839947e-07,1.00-1.50,1.00-1.50,1.6666666666666667e-05,pneumatic_feed,0.035061936332957226,0.0,0.0,0.0,heavy,0.7060000000000005
aluminum,partial,0.08757996984363309,1.2757789944693942,1.2757789944693942,0.0218,0.013767571259419124,0.035567571259419124,2700.0,,2448.7659683600273,0.08709665807728574,1.233334961144789,1.1692173216220656,1.4175956956806978e-07,1.00-1.50,1.00-1.50,1.6666666666666667e-05,pneumatic_feed,-0.012361664026143655,0.0,0.0,0.0,heavy,1.276000000000001
copper,heavily_coated,0.5208205605206341,1.356184012162902,1.356184012162902,0.012,0.07603980183601257,0.08803980183601257,8900.0,,2076.785703999872,0.18283980183601256,1.727314154352024,1.6940642046917977,3.3628537661473507e-07,1.00-1.50,1.00-1.50,1.6666666666666667e-05,pneumatic_feed,0.028205449003582666,0.0,0.0,0.0,heavy,0.5380000000000004
other_light,unresolved_nonmetal,,1.4729628722131376,0.14171388754525488,,,,,,1100.0,,0.41752438712461726,,1.8406308962353302e-06,1.00-1.50,1.00-1.50,1.6666666666666667e-05,pneumatic_feed,-0.0065793619395033975,2.25,0.0,0.0,light,3.8779999999997945
copper,heavily_coated,0.6723777169731395,1.0347983970669297,1.0347983970669297,0.012,0.09816714667807837,0.11016714667807836,8900.0,,1860.5106227995263,0.20496714667807836,1.7650374850620751,1.7936455430934837,2.19480403536493e-07,1.00-1.50,1.00-1.50,1.6666666666666667e-05,pneumatic_feed,-0.03391302891329785,0.0,0.0,0.0,heavy,0.5260000000000004
other_light,unresolved_nonmetal,,1.4413529604470978,0.1347037683322787,,,,,,1100.0,,0.38686778303858993,,1.7246554328675003e-06,1.00-1.50,1.00-1.50,1.6666666666666667e-05,pneumatic_feed,-0.007553754794668155,2.25,0.0,0.0,light,3.6399999999998207
aluminum,heavily_coated,0.30841779934964625,1.1201428691515023,1.1201428691515023,0.0218,0.048483278057764395,0.0702832780577644,2700.0,,2252.2709108448007,0.15829698268831943,1.6103442884939279,1.5762707382540164,1.986183976078703e-07,1.00-1.50,1.00-1.50,1.6666666666666667e-05,pneumatic_feed,0.025843521387556464,0.0,0.0,0.0,heavy,0.5780000000000004
copper,heavily_coated,0.6331512422722323,1.4375435680684177,1.4375435680684177,0.012,0.0924400813717459,0.1044400813717459,8900.0,,1907.6974927141928,0.19924008137174593,1.7908544276024785,1.7684095445373857,4.117359062285804e-07,1.00-1.50,1.00-1.50,1.6666666666666667e-05,pneumatic_feed,-0.026494251023493932,0.0,0.0,0.0,heavy,0.5100000000000003
copper,partial,0.09868943601996061,1.1856429456169049,1.1856429456169049,0.012,0.014408657658914248,0.026408657658914248,8900.0,,4589.731868404914,0.12120865765891424,1.4629015311436961,1.3793081927598045,1.7038897286936993e-07,1.00-1.50,1.00-1.50,1.6666666666666667e-05,pneumatic_feed,-0.01517633848213673,0.0,0.0,0.0,heavy,0.7640000000000006
separator,film,,1.1890997643588124,1.1890997643588124,,,0.0139,,,900.0,0.01251,0.47455770588883983,0.44312183426231666,1.7688617702473273e-08,1.00-1.50,1.00-1.50,1.6666666666666667e-05,pneumatic_feed,0.025301518114045282,2.25,0.0,0.0,light,4.409999999999736
separator,film,,1.055833715354441,1.055833715354441,,,0.0139,,,900.0,0.01251,0.4738749977895433,0.44312183426231666,1.3945958279334325e-08,1.00-1.50,1.00-1.50,1.6666666666666667e-05,pneumatic_feed,0.02625522579762301,2.25,0.0,0.0,light,4.405999999999737
aluminum,partial,0.16709697646730154,1.277618728359182,1.277618728359182,0.0218,0.0262676447006598,0.0480676447006598,2700.0,,2345.314335346979,0.11273373618282269,1.390371683182907,1.3302137885037821,1.840163615121975e-07,1.00-1.50,1.00-1.50,1.6666666666666667e-05,pneumatic_feed,0.006066553851526537,0.0,0.0,0.0,heavy,0.8440000000000006
copper,partial,0.26853755340176233,1.2479250760538798,1.2479250760538798,0.012,0.039206482796657297,0.05120648279665729,8900.0,,2851.328090164952,0.1460064827966573,1.577381283807169,1.513842050537748,2.2737837710424832e-07,1.00-1.50,1.00-1.50,1.6666666666666667e-05,pneumatic_feed,0.019826633627934697,0.0,0.0,0.0,heavy,0.6100000000000004
other_light,unresolved_nonmetal,,1.2427680919923911,0.18277187435663894,,,,,,1100.0,,0.603182168384448,,1.1055072375794213e-06,1.00-1.50,1.00-1.50,1.6666666666666667e-05,pneumatic_feed,0.006696327337707839,2.25,0.0,0.0,light,6.811999999999472
separator,film,,1.4642317609931135,1.4642317609931135,,,0.0139,,,900.0,0.01251,0.4755795420096825,0.44312183426231666,2.6821122870261434e-08,1.00-1.50,1.00-1.50,1.6666666666666667e-05,pneumatic_feed,0.030706874265712027,2.25,0.0,0.0,light,4.419999999999735
aluminum,heavily_coated,0.36563827283424755,1.269996414934094,1.269996414934094,0.0218,0.057478336489543716,0.07927833648954372,2700.0,,2229.429165277721,0.17674543554448974,1.7020769027104459,1.6655918936841374,2.850711035361302e-07,1.00-1.50,1.00-1.50,1.6666666666666667e-05,pneumatic_feed,-0.009478862370754121,0.0,0.0,0.0,heavy,0.5580000000000004
aluminum,partial,0.10622968692254725,1.043489837327812,1.043489837327812,0.0218,0.016699306784224432,0.03849930678422443,2700.0,,2418.472464518536,0.09310951336069846,1.2644412018104176,1.2089031895522169,1.0138425270342143e-07,1.00-1.50,1.00-1.50,1.6666666666666667e-05,pneumatic_feed,0.0198556168035806,0.0,0.0,0.0,heavy,1.1780000000000008
copper,partial,0.46941425611651844,1.1482183891649171,1.1482183891649171,0.012,0.06853448139301169,0.08053448139301168,8900.0,,2177.1355369803896,0.1753344813930117,1.683750084475877,1.6589303842972771,2.3116193921078127e-07,1.00-1.50,1.00-1.50,1.6666666666666667e-05,pneumatic_feed,-0.03036799399992319,0.0,0.0,0.0,heavy,0.5720000000000004
aluminum,partial,0.2407488413011454,1.4534467334153276,1.4534467334153276,0.0218,0.03784571785254006,0.05964571785254006,2700.0,,2288.174890631988,0.13647983392390228,1.5249676160731986,1.463621355839539,2.883146600534071e-07,1.00-1.50,1.00-1.50,1.6666666666666667e-05,pneumatic_feed,-0.014565548645409463,0.0,0.0,0.0,heavy,0.7200000000000005
copper,partial,0.1858943428246873,1.3699865635069637,1.3699865635069637,0.012,0.027140574052404342,0.03914057405240434,8900.0,,3422.039080803328,0.13394057405240434,1.5285607897952664,1.4499418092897862,2.5138813230818116e-07,1.00-1.50,1.00-1.50,1.6666666666666667e-05,pneumatic_feed,0.029104692848179636,0.0,0.0,0.0,heavy,0.6900000000000005
other_light,unresolved_nonmetal,,1.3187492509984566,0.14250137715147543,,,,,,1100.0,,0.42099240986231806,,1.3209244696540634e-06,1.00-1.50,1.00-1.50,1.6666666666666667e-05,pneumatic_feed,0.017695545045060213,2.25,0.0,0.0,light,3.8959999999997925
aluminum,partial,0.1458490033344232,1.48309750123195,1.48309750123195,0.0218,0.022927463324171324,0.044727463324171324,2700.0,,2367.2967187439554,0.10588317716505138,1.3569211750943966,1.289163429818984,2.328983280442079e-07,1.00-1.50,1.00-1.50,1.6666666666666667e-05,pneumatic_feed,-0.0054365965451335764,0.0,0.0,0.0,heavy,0.9580000000000007
copper,partial,0.34054397995233787,1.4609036626752512,1.4609036626752512,0.012,0.04971942107304132,0.06171942107304132,8900.0,,2535.9832991273483,0.15651942107304134,1.631310272958047,1.5673955573378588,3.340499327896542e-07,1.00-1.50,1.00-1.50,1.6666666666666667e-05,pneumatic_feed,0.00703413823179976,0.0,0.0,0.0,heavy,0.5860000000000004
copper,partial,0.1339185418362414,1.022786040619979,1.022786040619979,0.012,0.01955210710809124,0.03155210710809124,8900.0,,4004.5536951061326,0.12635210710809125,1.4814762617899142,1.408269389416883,1.3217583807289478e-07,1.00-1.50,1.00-1.50,1.6666666666666667e-05,pneumatic_feed,-0.01905164711091131,0.0,0.0,0.0,heavy,0.7460000000000006
aluminum,partial,0.11337350475984592,1.4111699096065238,1.4111699096065238,0.0218,0.017822314948247778,0.03962231494824778,2700.0,,2408.0559602396825,0.09541275166962193,1.2906249243375416,1.2237640909122909,1.9000500269594225e-07,1.00-1.50,1.00-1.50,1.6666666666666667e-05,pneumatic_feed,0.001256643928482978,0.0,0.0,0.0,heavy,1.0960000000000008
aluminum,partial,0.1484187715336367,1.285149096066761,1.285149096066761,0.0218,0.02333143088508769,0.04513143088508769,2700.0,,2364.465164019859,0.10671169613015981,1.3558919786325063,1.2941973506614006,1.7624591227070337e-07,1.00-1.50,1.00-1.50,1.6666666666666667e-05,pneumatic_feed,-0.018726504100354646,0.0,0.0,0.0,heavy,0.9540000000000007
aluminum,partial,0.06299055726969299,1.489636894781183,1.489636894781183,0.0218,0.00990211560279574,0.03170211560279574,2700.0,,2497.271367035833,0.07916878556932172,1.1832876370371774,1.114734613392835,1.7567696641485262e-07,1.00-1.50,1.00-1.50,1.6666666666666667e-05,pneumatic_feed,0.004908824784981804,0.0,0.0,0.0,heavy,1.5100000000000011
aluminum,partial,0.11809816075173707,1.0376996111199082,1.0376996111199082,0.0218,0.01856503087017307,0.04036503087017307,2700.0,,2401.48529353898,0.09693602800796755,1.2877587888693998,1.2334941814265112,1.04382700491732e-07,1.00-1.50,1.00-1.50,1.6666666666666667e-05,pneumatic_feed,0.03428534821661832,0.0,0.0,0.0,heavy,1.0780000000000007
copper,partial,0.3917623529613491,1.3545638876353139,1.3545638876353139,0.012,0.05719730353235697,0.06919730353235697,8900.0,,2369.995580184293,0.16399730353235697,1.6563541941816635,1.6044007218409855,3.0090935781679626e-07,1.00-1.50,1.00-1.50,1.6666666666666667e-05,pneumatic_feed,-0.02876688757969001,0.0,0.0,0.0,heavy,0.5720000000000004
aluminum,bare_like,0.047925786464225295,1.2503302565814485,1.2503302565814485,0.0218,0.007533933632176217,0.029333933632176217,2700.0,,2533.3033661881186,0.07431175281393088,1.144030767149268,1.079998737113826,1.1617347674052042e-07,1.00-1.50,1.00-1.50,1.6666666666666667e-05,pneumatic_feed,0.006214715170569738,0.0,0.0,0.0,heavy,1.7800000000000014
aluminum,partial,0.13214532296971165,1.4066043285652745,1.4066043285652745,0.0218,0.020773244770838674,0.042573244770838674,2700.0,,2383.30374217013,0.10146497357866474,1.3281756093564832,1.2619802792796415,2.0075207629320864e-07,1.00-1.50,1.00-1.50,1.6666666666666667e-05,pneumatic_feed,0.007269276911003686,0.0,0.0,0.0,heavy,0.9940000000000008
aluminum,heavily_coated,0.29162841781542986,1.1365831680404141,1.1365831680404141,0.0218,0.04584398728058557,0.06764398728058557,2700.0,,2260.1257603830186,0.15288391818787272,1.5871339022998783,1.5490855302005924,1.974987016173343e-07,1.00-1.50,1.00-1.50,1.6666666666666667e-05,pneumatic_feed,0.03312413951474053,0.0,0.0,0.0,heavy,0.6500000000000005
copper,partial,0.20448127860168375,1.199817377357815,1.199817377357815,0.012,0.029854266675845825,0.041854266675845825,8900.0,,3265.0020542519565,0.13665426667584582,1.5348151700722068,1.4645563730167834,1.9672225377898753e-07,1.00-1.50,1.00-1.50,1.6666666666666667e-05,pneumatic_feed,0.021983492159069504,0.0,0.0,0.0,heavy,0.7060000000000005
aluminum,heavily_coated,0.4060260952865416,1.243516330881036,1.243516330881036,0.0218,0.06382730217904434,0.08562730217904434,2700.0,,2216.1958692162993,0.18976687338133386,1.7536551782787975,1.7258565538866248,2.9344275302969956e-07,1.00-1.50,1.00-1.50,1.6666666666666667e-05,pneumatic_feed,-0.01645365938680689,0.0,0.0,0.0,heavy,0.5560000000000004
aluminum,partial,0.23190819373953064,1.4881498945759728,1.4881498945759728,0.0218,0.036455968055854215,0.058255968055854215,2700.0,,2293.834008825358,0.13362952074356207,1.5116042249166832,1.4482572138922527,2.9593461487255245e-07,1.00-1.50,1.00-1.50,1.6666666666666667e-05,pneumatic_feed,-0.0065754648520621965,0.0,0.0,0.0,heavy,0.7220000000000005
aluminum,partial,0.22736931484270734,1.4747398468463804,1.4747398468463804,0.0218,0.03574245629327359,0.05754245629327359,2700.0,,2296.8456564459657,0.13216614079843728,1.5034834339325724,1.4403054349589437,2.874425378764852e-07,1.00-1.50,1.00-1.50,1.6666666666666667e-05,pneumatic_feed,0.023903760145681185,0.0,0.0,0.0,heavy,0.7200000000000005
copper,partial,0.22502884089940955,1.316787530763079,1.316787530763079,0.012,0.0328542107713138,0.044854210771313796,8900.0,,3113.51394595552,0.1396542107713138,1.5527479360548058,1.4805446606794883,2.421505420540097e-07,1.00-1.50,1.00-1.50,1.6666666666666667e-05,pneumatic_feed,-0.002767030189220224,0.0,0.0,0.0,heavy,0.6680000000000005
copper,heavily_coated,0.5010082937210876,1.4931474283515878,1.4931474283515878,0.012,0.07314721088327879,0.08514721088327878,8900.0,,2113.3658873448417,0.1799472108832788,1.7257014696432802,1.6806104313683004,4.011903709348663e-07,1.00-1.50,1.00-1.50,1.6666666666666667e-05,pneumatic_feed,-0.005720422314525257,0.0,0.0,0.0,heavy,0.5480000000000004
aluminum,partial,0.15361354511915892,1.0388707289784564,1.0388707289784564,0.0218,0.024148049292731788,0.04594804929273179,2700.0,,2358.8932446586577,0.10838654308186803,1.3550033432650985,1.304314065021535,1.1697643583058356e-07,1.00-1.50,1.00-1.50,1.6666666666666667e-05,pneumatic_feed,0.020398698508966792,0.0,0.0,0.0,heavy,0.9420000000000007
aluminum,partial,0.19888622215299556,1.2844290295563547,1.2844290295563547,0.0218,0.0312649141224509,0.0530649141224509,2700.0,,2317.5936288251755,0.12298290688434729,1.4472355711289384,1.389366656594549,2.0289202612882064e-07,1.00-1.50,1.00-1.50,1.6666666666666667e-05,pneumatic_feed,-0.03239438515745891,0.0,0.0,0.0,heavy,0.7880000000000006
other_light,unresolved_nonmetal,,1.3506330797163024,0.1786468451109933,,,,,,1100.0,,0.5841827232520548,,1.4190688084782122e-06,1.00-1.50,1.00-1.50,1.6666666666666667e-05,pneumatic_feed,-0.02054684969931871,2.25,0.0,0.0,light,6.201999999999539
separator,film,,1.3689425879041819,1.3689425879041819,,,0.0139,,,900.0,0.01251,0.4752714389398446,0.44312183426231666,2.3443787650312265e-08,1.00-1.50,1.00-1.50,1.6666666666666667e-05,pneumatic_feed,-0.010854354337964492,2.25,0.0,0.0,light,4.419999999999735
aluminum,heavily_coated,0.30053415067955636,1.4752439003572668,1.4752439003572668,0.0218,0.04724396848682626,0.06904396848682626,2700.0,,2255.884459340054,0.15575521552059576,1.620484033326205,1.563564473506376,3.3897701685296584e-07,1.00-1.50,1.00-1.50,1.6666666666666667e-05,pneumatic_feed,-0.013097517952495513,0.0,0.0,0.0,heavy,0.6260000000000004
aluminum,partial,0.14251597799520804,1.1028141112589023,1.1028141112589023,0.0218,0.022403511740846704,0.044203511740846704,2700.0,,2371.0463792989913,0.10480857646543502,1.3375573151145679,1.2826049337974137,1.2746808211471348e-07,1.00-1.50,1.00-1.50,1.6666666666666667e-05,pneumatic_feed,0.013198095320268348,0.0,0.0,0.0,heavy,0.9780000000000008
aluminum,partial,0.10200716295996504,1.214008230857003,1.214008230857003,0.0218,0.016035526017306505,0.037835526017306505,2700.0,,2424.920149595791,0.09174812940992233,1.2619148222858985,1.2000327658935572,1.3521985968044243e-07,1.00-1.50,1.00-1.50,1.6666666666666667e-05,pneumatic_feed,-0.0034005179374149695,0.0,0.0,0.0,heavy,1.2220000000000009
other_light,unresolved_nonmetal,,1.3301079015583896,0.14296958981248364,,,,,,1100.0,,0.42305656830457145,,1.3553514592625033e-06,1.00-1.50,1.00-1.50,1.6666666666666667e-05,pneumatic_feed,0.015534746645433003,2.25,0.0,0.0,light,3.9119999999997908
aluminum,partial,0.09293836347917228,1.3355143088750951,1.3355143088750951,0.0218,0.014609910738925883,0.03640991073892588,2700.0,,2439.5626346416116,0.08882425776931993,1.2462332666153932,1.1807563465623405,1.584268101860844e-07,1.00-1.50,1.00-1.50,1.6666666666666667e-05,pneumatic_feed,0.007264297231584723,0.0,0.0,0.0,heavy,1.2360000000000009
other_light,unresolved_nonmetal,,1.4989035621430402,0.13862211773786276,,,,,,1100.0,,0.40395463235540063,,1.9396009250842327e-06,1.00-1.50,1.00-1.50,1.6666666666666667e-05,pneumatic_feed,0.024139848125519267,2.25,0.0,0.0,light,3.8059999999998024
aluminum,partial,0.09219423533231441,1.1579967718307091,1.1579967718307091,0.0218,0.014492933794239826,0.036292933794239826,2700.0,,2440.8151712317895,0.08858434341349149,1.2397637924800788,1.179160656661408,1.1878775318651697e-07,1.00-1.50,1.00-1.50,1.6666666666666667e-05,pneumatic_feed,-0.0023000253839712092,0.0,0.0,0.0,heavy,1.270000000000001
copper,partial,0.2878286475339644,1.3309021105974614,1.3309021105974614,0.012,0.0420229825399588,0.0540229825399588,8900.0,,2754.808704422788,0.1488229825399588,1.5931618306514732,1.5283734929483674,2.6361021266819067e-07,1.00-1.50,1.00-1.50,1.6666666666666667e-05,pneumatic_feed,-0.023917901354716987,0.0,0.0,0.0,heavy,0.6180000000000004
separator,film,,1.3261331242692571,1.3261331242692571,,,0.0139,,,900.0,0.01251,0.4751188287308851,0.44312183426231666,2.2000449581684606e-08,1.00-1.50,1.00-1.50,1.6666666666666667e-05,pneumatic_feed,-0.008442942958094295,2.25,0.0,0.0,light,4.4179999999997355
copper,partial,0.24922798198805018,1.285878217179368,1.285878217179368,0.012,0.03638728537025533,0.04838728537025533,8900.0,,2959.192363750076,0.14318728537025532,1.567027195732155,1.4991556394089067,2.3675771202297036e-07,1.00-1.50,1.00-1.50,1.6666666666666667e-05,pneumatic_feed,0.009355147160047194,0.0,0.0,0.0,heavy,0.6540000000000005
aluminum,partial,0.05697606544563033,1.4075203961726157,1.4075203961726157,0.0218,0.008956637488053087,0.030756637488053087,2700.0,,2510.991433648241,0.07722965326032567,1.1680695208449823,1.1009980188783592,1.5300072146681802e-07,1.00-1.50,1.00-1.50,1.6666666666666667e-05,pneumatic_feed,-0.025678391541434527,0.0,0.0,0.0,heavy,1.5820000000000012
aluminum,partial,0.21190363386269948,1.4853680385734715,1.4853680385734715,0.0218,0.03331125124321636,0.05511125124321636,2700.0,,2307.6930340848953,0.12717985059367293,1.4774795036187116,1.4128747060225442,2.8059922031188414e-07,1.00-1.50,1.00-1.50,1.6666666666666667e-05,pneumatic_feed,0.010538933374944737,0.0,0.0,0.0,heavy,0.7440000000000005
aluminum,bare_like,0.04235884729531057,1.1651126455755674,1.1651126455755674,0.0218,0.006658810794822823,0.028458810794822823,2700.0,,2548.135847253084,0.07251691595648108,1.1290920096990718,1.0668765218397709,9.844080527288959e-08,1.00-1.50,1.00-1.50,1.6666666666666667e-05,pneumatic_feed,-0.02457185940405283,0.0,0.0,0.0,heavy,1.9820000000000015
separator,film,,1.3371870925036324,1.3371870925036324,,,0.0139,,,900.0,0.01251,0.475159156217492,0.44312183426231666,2.236874719768256e-08,1.00-1.50,1.00-1.50,1.6666666666666667e-05,pneumatic_feed,-0.02958418086906016,2.25,0.0,0.0,light,4.411999999999736
copper,partial,0.1306956407105292,1.4074728738841795,1.4074728738841795,0.012,0.01908156354373726,0.03108156354373726,8900.0,,4050.039611636642,0.12588156354373725,1.4910800097009413,1.4056446995533758,2.493688459925091e-07,1.00-1.50,1.00-1.50,1.6666666666666667e-05,pneumatic_feed,0.02701737776239783,0.0,0.0,0.0,heavy,0.7360000000000005
aluminum,heavily_coated,0.3100242864266865,1.169970538010694,1.169970538010694,0.0218,0.04873581782627512,0.07053581782627512,2700.0,,2251.5501355350875,0.158814930186828,1.61650840821396,1.5788474100471055,2.1739080920176855e-07,1.00-1.50,1.00-1.50,1.6666666666666667e-05,pneumatic_feed,-0.021170552206195844,0.0,0.0,0.0,heavy,0.6120000000000004
aluminum,bare_like,0.04613587563788962,1.2603431949741095,1.2603431949741095,0.0218,0.007252559650276248,0.029052559650276248,2700.0,,2537.9749169092884,0.073734667664412,1.1400266473952514,1.075797073643822,1.1712493659444274e-07,1.00-1.50,1.00-1.50,1.6666666666666667e-05,pneumatic_feed,0.005733870394848147,0.0,0.0,0.0,heavy,1.9180000000000015
aluminum,partial,0.112686178036496,1.0768479225565712,1.0768479225565712,0.0218,0.017714267187337172,0.03951426718733717,2700.0,,2409.032418833566,0.09519115066074668,1.2787349447568892,1.2223421373621546,1.1038379617291641e-07,1.00-1.50,1.00-1.50,1.6666666666666667e-05,pneumatic_feed,0.04170072638209984,0.0,0.0,0.0,heavy,1.1200000000000008
aluminum,bare_like,0.03792541636484371,1.086227553394696,1.086227553394696,0.0218,0.005961875452553431,0.02776187545255343,2700.0,,2560.6171172290487,0.07108753349018926,1.1167052733977771,1.056309578514751,8.387549105632455e-08,1.00-1.50,1.00-1.50,1.6666666666666667e-05,pneumatic_feed,0.0018047731029629229,0.0,0.0,0.0,heavy,2.0439999999999965
separator,film,,1.4902057198826983,1.4902057198826983,,,0.0139,,,900.0,0.01251,0.4756567847397661,0.44312183426231666,2.77811207255146e-08,1.00-1.50,1.00-1.50,1.6666666666666667e-05,pneumatic_feed,0.001825489060413312,2.25,0.0,0.0,light,4.423999999999735
aluminum,partial,0.21164130458327257,1.410489637556887,1.410489637556887,0.0218,0.03327001308049045,0.05507001308049045,2700.0,,2307.885288222652,0.1270952730106929,1.4743273706110598,1.4124048304844599,2.528536330884989e-07,1.00-1.50,1.00-1.50,1.6666666666666667e-05,pneumatic_feed,-0.008914773622806816,0.0,0.0,0.0,heavy,0.7600000000000006
aluminum,partial,0.10290181433714413,1.2763253704247366,1.2763253704247366,0.0218,0.016176165213799054,0.037976165213799054,2700.0,,2423.53522116541,0.09203657396043863,1.2655793980354042,1.2019176614406848,1.4992817272696545e-07,1.00-1.50,1.00-1.50,1.6666666666666667e-05,pneumatic_feed,0.026771905292665564,0.0,0.0,0.0,heavy,1.1820000000000008
copper,bare_like,0.025615101101951934,1.4708091382710515,1.4708091382710515,0.012,0.003739804760884983,0.015739804760884983,8900.0,,7022.9463732350505,0.11053980476088497,1.4128397003060602,1.3172064285930474,2.3912849591906007e-07,1.00-1.50,1.00-1.50,1.6666666666666667e-05,pneumatic_feed,-0.02419366988928956,0.0,0.0,0.0,heavy,0.8400000000000006
separator,film,,1.0941288749439766,1.0941288749439766,,,0.0139,,,900.0,0.01251,0.4740878921134766,0.44312183426231666,1.4975946117277013e-08,1.00-1.50,1.00-1.50,1.6666666666666667e-05,pneumatic_feed,0.015652320477006577,2.25,0.0,0.0,light,4.409999999999736
copper,partial,0.11286018356791383,1.4135206496595534,1.4135206496595534,0.012,0.01647758680091542,0.02847758680091542,8900.0,,4328.93375631648,0.12327758680091541,1.478335869846256,1.391030194649695,2.463136268284696e-07,1.00-1.50,1.00-1.50,1.6666666666666667e-05,pneumatic_feed,0.007839765357816974,0.0,0.0,0.0,heavy,0.7360000000000005
copper,partial,0.21630849795963847,1.3634415346423747,1.3634415346423747,0.012,0.031581040702107224,0.04358104070210722,8900.0,,3175.2578293848833,0.13838104070210722,1.5487065873403956,1.4737804500197018,2.5724659324545446e-07,1.00-1.50,1.00-1.50,1.6666666666666667e-05,pneumatic_feed,0.0019406994745951086,0.0,0.0,0.0,heavy,0.6900000000000005
aluminum,heavily_coated,0.35822562737100855,1.4449347256301985,1.4449347256301985,0.0218,0.05631306862272255,0.07811306862272255,2700.0,,2232.0916025307456,0.17435552452068687,1.7032431343269896,1.654292692626278,3.6402580389340613e-07,1.00-1.50,1.00-1.50,1.6666666666666667e-05,pneumatic_feed,0.02007292862389822,0.0,0.0,0.0,heavy,0.5460000000000004
copper,partial,0.1348362308749813,1.09135501075215,1.09135501075215,0.012,0.01968608970774727,0.03168608970774727,8900.0,,3991.849132359848,0.12648608970774727,1.4848019430601869,1.4090158494682739,1.5065198564226503e-07,1.00-1.50,1.00-1.50,1.6666666666666667e-05,pneumatic_feed,-0.03481405857928378,0.0,0.0,0.0,heavy,0.7400000000000005
other_light,unresolved_nonmetal,,1.37639866348872,0.16298699793195043,,,,,,1100.0,,0.5126491177062776,,1.5018412692885166e-06,1.00-1.50,1.00-1.50,1.6666666666666667e-05,pneumatic_feed,-0.031138777553390392,2.25,0.0,0.0,light,4.883999999999684
aluminum,heavily_coated,0.33294624569590237,1.1836298443005129,1.1836298443005129,0.0218,0.05233914982339585,0.07413914982339585,2700.0,,2241.8007148817755,0.16620519907481587,1.650234969176537,1.615164637019493,2.3285009470039306e-07,1.00-1.50,1.00-1.50,1.6666666666666667e-05,pneumatic_feed,0.027265852114180266,0.0,0.0,0.0,heavy,0.5940000000000004
aluminum,heavily_coated,0.37069873170760437,1.4579399898324783,1.4579399898324783,0.0218,0.0582738406244354,0.0800738406244354,2700.0,,2227.6560821714233,0.1783769780898487,1.72143301128933,1.67326179903154,3.7915614496986866e-07,1.00-1.50,1.00-1.50,1.6666666666666667e-05,pneumatic_feed,-0.0178891297234686,0.0,0.0,0.0,heavy,0.5400000000000004
copper,partial,0.20967212205501506,1.4549904465842722,1.4549904465842722,0.012,0.030612129820032193,0.042612129820032194,8900.0,,3224.718651716724,0.1374121298200322,1.547177725235579,1.4686118580670748,2.909010940271565e-07,1.00-1.50,1.00-1.50,1.6666666666666667e-05,pneumatic_feed,0.008549019276120196,0.0,0.0,0.0,heavy,0.7000000000000005
copper,partial,0.16293967032250734,1.226094899224404,1.226094899224404,0.012,0.023789191867086067,0.03578919186708607,8900.0,,3648.844387212439,0.13058919186708606,1.508449016686265,1.4316871011313133,1.963158685084148e-07,1.00-1.50,1.00-1.50,1.6666666666666667e-05,pneumatic_feed,0.023447985593484964,0.0,0.0,0.0,heavy,0.7220000000000005
copper,heavily_coated,0.6433792244984146,1.4736459671142532,1.4736459671142532,0.012,0.09393336677676851,0.10593336677676851,8900.0,,1894.9021718508236,0.20073336677676853,1.7987535087873037,1.7750242040400912,4.359190903586234e-07,1.00-1.50,1.00-1.50,1.6666666666666667e-05,pneumatic_feed,-0.028496141667277892,0.0,0.0,0.0,heavy,0.5240000000000004
separator,film,,1.3903642830345717,1.3903642830345717,,,0.0139,,,900.0,0.01251,0.4753443284902965,0.44312183426231666,2.418324162262337e-08,1.00-1.50,1.00-1.50,1.6666666666666667e-05,pneumatic_feed,-0.03105310943594528,2.25,0.0,0.0,light,4.419999999999735
other_light,unresolved_nonmetal,,1.2101705871301986,0.09807301561828369,,,,,,1100.0,,0.2350159957538817,,1.0207774968452958e-06,1.00-1.50,1.00-1.50,1.6666666666666667e-05,pneumatic_feed,-0.002476190584745152,2.25,0.0,0.0,light,2.82999999999991
aluminum,partial,0.24769903238780924,1.3882004576367941,1.3882004576367941,0.0218,0.03893828789136362,0.06073828789136362,2700.0,,2283.9077268735173,0.13872064503215356,1.5335905917208268,1.475587762359353,2.673286258698669e-07,1.00-1.50,1.00-1.50,1.6666666666666667e-05,pneumatic_feed,-0.005791090491941151,0.0,0.0,0.0,heavy,0.6740000000000005
aluminum,partial,0.16020939198555206,1.1819569943802248,1.1819569943802248,0.0218,0.02518491642012878,0.04698491642012878,2700.0,,2352.097619624944,0.11051311007006184,1.3738932577517127,1.3170473703172907,1.5438928325106934e-07,1.00-1.50,1.00-1.50,1.6666666666666667e-05,pneumatic_feed,-0.0006179897681357049,0.0,0.0,0.0,heavy,0.8800000000000007
aluminum,heavily_coated,0.42570718838960997,1.1903342586695664,1.1903342586695664,0.0218,0.0669211700148467,0.0887211700148467,2700.0,,2210.4335929730923,0.19611225460869414,1.7739045982487136,1.7544736955389395,2.778705999494906e-07,1.00-1.50,1.00-1.50,1.6666666666666667e-05,pneumatic_feed,0.00811729052954243,0.0,0.0,0.0,heavy,0.5220000000000004
aluminum,partial,0.10310173104931719,1.1673317572348312,1.1673317572348312,0.0218,0.016207592120952664,0.038007592120952664,2700.0,,2423.22714931571,0.09210102910761037,1.2626838612942515,1.202338451881604,1.2550270436375678e-07,1.00-1.50,1.00-1.50,1.6666666666666667e-05,pneumatic_feed,-0.01970115973402118,0.0,0.0,0.0,heavy,1.2180000000000009
aluminum,partial,0.0943109971709385,1.2643202331598462,1.2643202331598462,0.0218,0.01482568875527153,0.03662568875527153,2700.0,,2437.2731716897506,0.08926680859788227,1.2473176051500892,1.183694144512154,1.4269349807769672e-07,1.00-1.50,1.00-1.50,1.6666666666666667e-05,pneumatic_feed,-0.015615489678771478,0.0,0.0,0.0,heavy,1.2220000000000009
copper,partial,0.36434844683246315,1.0090858318184948,1.0090858318184948,0.012,0.05319487323753962,0.06519487323753961,8900.0,,2454.1020680352144,0.1599948732375396,1.6163199666005186,1.5847017165184185,1.6291545420880215e-07,1.00-1.50,1.00-1.50,1.6666666666666667e-05,pneumatic_feed,0.013400213985583335,0.0,0.0,0.0,heavy,0.6020000000000004
aluminum,heavily_coated,0.3854938385367343,1.074102273527936,1.074102273527936,0.0218,0.06059963141797463,0.08239963141797463,2700.0,,2222.6685402706407,0.1831470684826285,1.7110238790121648,1.6954870647997693,2.112959842767435e-07,1.00-1.50,1.00-1.50,1.6666666666666667e-05,pneumatic_feed,0.0055991067202855365,0.0,0.0,0.0,heavy,0.5360000000000004
aluminum,bare_like,0.027097626818975158,1.399690539488562,1.399690539488562,0.0218,0.004259746935942894,0.026059746935942894,2700.0,,2593.906457682184,0.06759654586270578,1.0962052427412494,1.0300463018044528,1.3243066467170962e-07,1.00-1.50,1.00-1.50,1.6666666666666667e-05,pneumatic_feed,-0.02305904838658147,0.0,0.0,0.0,heavy,2.3059999999999676
copper,partial,0.1729306488652349,1.021119888184404,1.021119888184404,0.012,0.025247874734324296,0.037247874734324296,8900.0,,3545.1116520385203,0.13204787473432428,1.506504817651281,1.439660877370068,1.3768444734494192e-07,1.00-1.50,1.00-1.50,1.6666666666666667e-05,pneumatic_feed,0.0032296517492956794,0.0,0.0,0.0,heavy,0.7340000000000005
aluminum,heavily_coated,0.37925184718762384,1.394205179199491,1.394205179199491,0.0218,0.05961839037789447,0.08141839037789447,2700.0,,2224.738013255305,0.1811345880517618,1.7292813339323905,1.6861460476662316,3.5209087613162566e-07,1.00-1.50,1.00-1.50,1.6666666666666667e-05,pneumatic_feed,-0.017654293541819646,0.0,0.0,0.0,heavy,0.5420000000000004
aluminum,bare_like,0.04416638562748245,1.2851431309334787,1.2851431309334787,0.0218,0.0069429558206402404,0.02874295582064024,2700.0,,2543.22084500662,0.07309968439015661,1.135852604022745,1.0711548189631126,1.2073091731767424e-07,1.00-1.50,1.00-1.50,1.6666666666666667e-05,pneumatic_feed,-0.04087731698275548,0.0,0.0,0.0,heavy,1.9560000000000015
separator,film,,1.4597698263916605,1.4597698263916605,,,0.0139,,,900.0,0.01251,0.47556600009214994,0.44312183426231666,2.6657908605004668e-08,1.00-1.50,1.00-1.50,1.6666666666666667e-05,pneumatic_feed,-0.033109761524581935,2.25,0.0,0.0,light,4.423999999999735
aluminum,heavily_coated,0.3542244789042855,1.2285160172691099,1.2285160172691099,0.0218,0.05568408808375368,0.07748408808375368,2700.0,,2233.561993482606,0.17306551424353067,1.6832972579709853,1.648161494382895,2.6119940508798724e-07,1.00-1.50,1.00-1.50,1.6666666666666667e-05,pneumatic_feed,-0.03153085468063201,0.0,0.0,0.0,heavy,0.5580000000000004
copper,partial,0.09893800739696579,1.1917421402903432,1.1917421402903432,0.012,0.014444949079957005,0.026444949079957005,8900.0,,4584.805541253631,0.121244949079957,1.4632373469938502,1.3795146685552153,1.721980575686351e-07,1.00-1.50,1.00-1.50,1.6666666666666667e-05,pneumatic_feed,-0.03583713794609347,0.0,0.0,0.0,heavy,0.7560000000000006
separator,film,,1.1867742226474374,1.1867742226474374,,,0.0139,,,900.0,0.01251,0.47454708427590436,0.44312183426231666,1.761949752481077e-08,1.00-1.50,1.00-1.50,1.6666666666666667e-05,pneumatic_feed,0.0215484986041816,2.25,0.0,0.0,light,4.409999999999736
aluminum,partial,0.13509100528289236,1.3923097837499385,1.3923097837499385,0.0218,0.021236306030470678,0.04303630603047068,2700.0,,2379.7277336197353,0.10241469101325733,1.3335678157328494,1.2678726237852473,1.9853359599301154e-07,1.00-1.50,1.00-1.50,1.6666666666666667e-05,pneumatic_feed,-0.012030591801408261,0.0,0.0,0.0,heavy,1.0000000000000007
copper,partial,0.2296429577130109,1.0995699921478588,1.0995699921478588,0.012,0.03352787182609959,0.04552787182609959,8900.0,,3082.240970149068,0.1403278718260996,1.5458959440513624,1.4841112748653518,1.6966399826628076e-07,1.00-1.50,1.00-1.50,1.6666666666666667e-05,pneumatic_feed,-0.035970522739398804,0.0,0.0,0.0,heavy,0.6840000000000005
aluminum,partial,0.17777291209125085,1.180232145319625,1.180232145319625,0.0218,0.02794590178074463,0.04974590178074463,2700.0,,2335.3836281707304,0.11617576458734019,1.4055318238562797,1.3503683945364287,1.618267892698994e-07,1.00-1.50,1.00-1.50,1.6666666666666667e-05,pneumatic_feed,-0.023470440095275387,0.0,0.0,0.0,heavy,0.8500000000000006
copper,partial,0.22506828828419567,1.3956670292579128,1.3956670292579128,0.012,0.03285997008949257,0.044859970089492565,8900.0,,3113.2426038376866,0.13965997008949257,1.5555801888447083,1.4805751890818228,2.720417642605631e-07,1.00-1.50,1.00-1.50,1.6666666666666667e-05,pneumatic_feed,0.002296931746757471,0.0,0.0,0.0,heavy,0.6580000000000005
copper,partial,0.4480387282292754,1.0337970808274466,1.0337970808274466,0.012,0.0654136543214742,0.07741365432147419,8900.0,,2224.5901686326015,0.1722136543214742,1.661808161653109,1.6441002153852604,1.8405100169560557e-07,1.00-1.50,1.00-1.50,1.6666666666666667e-05,pneumatic_feed,-0.03230883741896904,0.0,0.0,0.0,heavy,0.5900000000000004
separator,film,,1.199402108203598,1.199402108203598,,,0.0139,,,900.0,0.01251,0.4746042735232902,0.44312183426231666,1.7996453368712075e-08,1.00-1.50,1.00-1.50,1.6666666666666667e-05,pneumatic_feed,-0.03371911446540665,2.25,0.0,0.0,light,4.413999999999736
aluminum,partial,0.19614954414897834,1.475799938685267,1.475799938685267,0.0218,0.030834708340219397,0.0526347083402194,2700.0,,2319.772985913408,0.12210057452907211,1.4496185111723325,1.3843737276502743,2.659332758627266e-07,1.00-1.50,1.00-1.50,1.6666666666666667e-05,pneumatic_feed,-0.005325992550271866,0.0,0.0,0.0,heavy,0.7660000000000006
other_light,unresolved_nonmetal,,1.3478946301712296,0.08547043529497111,,,,,,1100.0,,0.187284818627453,,1.4104546823279341e-06,1.00-1.50,1.00-1.50,1.6666666666666667e-05,pneumatic_feed,0.026215145069249015,2.25,0.0,0.0,light,2.619999999999933
separator,film,,1.0333431833589284,1.0333431833589284,,,0.0139,,,900.0,0.01251,0.4737427557885573,0.44312183426231666,1.3358154663775495e-08,1.00-1.50,1.00-1.50,1.6666666666666667e-05,pneumatic_feed,0.00036094309396365225,2.25,0.0,0.0,light,4.401999999999737
separator,film,,1.2501365866049223,1.2501365866049223,,,0.0139,,,900.0,0.01251,0.4748225845437198,0.44312183426231666,1.9551146979454268e-08,1.00-1.50,1.00-1.50,1.6666666666666667e-05,pneumatic_feed,0.03381855849712185,2.25,0.0,0.0,light,4.4179999999997355
aluminum,bare_like,0.040898277560689374,1.0484353468462186,1.0484353468462186,0.0218,0.006429209232540371,0.02822920923254037,2700.0,,2552.1796616708975,0.07204601366834186,1.1227482862259826,1.0634068979173936,7.919417970078071e-08,1.00-1.50,1.00-1.50,1.6666666666666667e-05,pneumatic_feed,-0.027198307963219367,0.0,0.0,0.0,heavy,2.0279999999999982
aluminum,partial,0.09280829424222076,1.443486703153778,1.443486703153778,0.0218,0.014589463854877104,0.036389463854877103,2700.0,,2439.7809899234153,0.0887823221466344,1.2483723295332616,1.1804775848840052,1.8499162843430023e-07,1.00-1.50,1.00-1.50,1.6666666666666667e-05,pneumatic_feed,-0.03140955341556634,0.0,0.0,0.0,heavy,1.2360000000000009
copper,partial,0.3202154431138698,1.0539586159572032,1.0539586159572032,0.012,0.046751454694624994,0.05875145469462499,8900.0,,2613.5770678827635,0.153551454694625,1.5960408280402636,1.55246372997466,1.7056937265193002e-07,1.00-1.50,1.00-1.50,1.6666666666666667e-05,pneumatic_feed,-0.017150960134710465,0.0,0.0,0.0,heavy,0.6420000000000005
aluminum,partial,0.25357109758636587,1.1363202752547399,1.1363202752547399,0.0218,0.03986137654057672,0.06166137654057672,2700.0,,2280.4203451456883,0.14061385757282022,1.5293093323446523,1.4856228015425,1.8156395500186577e-07,1.00-1.50,1.00-1.50,1.6666666666666667e-05,pneumatic_feed,-0.030125091900092806,0.0,0.0,0.0,heavy,0.6640000000000005
aluminum,heavily_coated,0.30134286908701,1.498596649238911,1.498596649238911,0.0218,0.04737109902047798,0.06917109902047798,2700.0,,2255.5078151375715,0.1560159544223429,1.6227963909996443,1.5648726531616222,3.503793693819141e-07,1.00-1.50,1.00-1.50,1.6666666666666667e-05,pneumatic_feed,0.008177044048143546,0.0,0.0,0.0,heavy,0.6300000000000004
copper,partial,0.22911358654932268,1.2862352032326005,1.2862352032326005,0.012,0.03345058363620111,0.04545058363620111,8900.0,,3085.7817967488627,0.1402505836362011,1.5542062076916925,1.4837025176071559,2.3203070554269563e-07,1.00-1.50,1.00-1.50,1.6666666666666667e-05,pneumatic_feed,0.002584804139293438,0.0,0.0,0.0,heavy,0.6660000000000005
other_light,unresolved_nonmetal,,1.4568630847136446,0.10135763385463638,,,,,,1100.0,,0.2479103730887581,,1.7809327657750543e-06,1.00-1.50,1.00-1.50,1.6666666666666667e-05,pneumatic_feed,-0.012267476537348922,2.25,0.0,0.0,light,2.8679999999999057
copper,partial,0.3758670005605948,1.393440732432859,1.393440732432859,0.012,0.05487658208184684,0.06687658208184684,8900.0,,2417.5365583722437,0.16167658208184685,1.6492324433748449,1.5930083591609518,3.139237129608312e-07,1.00-1.50,1.00-1.50,1.6666666666666667e-05,pneumatic_feed,-0.028868302303408554,0.0,0.0,0.0,heavy,0.6160000000000004
copper,partial,0.05926044592596471,1.3927406673783564,1.3927406673783564,0.012,0.008652025105190846,0.020652025105190847,8900.0,,5590.348864924254,0.11545202510519084,1.4380603362024975,1.3461556321804236,2.239453602607887e-07,1.00-1.50,1.00-1.50,1.6666666666666667e-05,pneumatic_feed,2.8023915309819924e-05,0.0,0.0,0.0,heavy,0.7920000000000006
aluminum,partial,0.23670571654624886,1.1951509031912484,1.1951509031912484,0.0218,0.037210138641070326,0.059010138641070325,2700.0,,2290.7299183600812,0.1351762900716761,1.5061080210399505,1.4566149281690848,1.9308387720300057e-07,1.00-1.50,1.00-1.50,1.6666666666666667e-05,pneumatic_feed,-0.00011102830255001008,0.0,0.0,0.0,heavy,0.7320000000000005
aluminum,partial,0.13462213554736724,1.4099794781107853,1.4099794781107853,0.0218,0.021162599708046126,0.042962599708046126,2700.0,,2380.2917750965275,0.10226352272182668,1.3331354166045821,1.2669365622010407,2.033041913996028e-07,1.00-1.50,1.00-1.50,1.6666666666666667e-05,pneumatic_feed,0.02615810328530062,0.0,0.0,0.0,heavy,0.9880000000000008
other_light,unresolved_nonmetal,,1.120834287331941,0.10979902971520962,,,,,,1100.0,,0.2817961987321947,,8.109900600591812e-07,1.00-1.50,1.00-1.50,1.6666666666666667e-05,pneumatic_feed,0.014644736840956867,2.25,0.0,0.0,light,3.0519999999998855
aluminum,partial,0.09675661793054963,1.3283342187424612,1.3283342187424612,0.0218,0.015210140338682399,0.0370101403386824,2700.0,,2433.26019201457,0.09005530118698851,1.2541262664146386,1.1889104286829062,1.5890003908615732e-07,1.00-1.50,1.00-1.50,1.6666666666666667e-05,pneumatic_feed,0.0048886687405669,0.0,0.0,0.0,heavy,1.1980000000000008
copper,partial,0.1091037509303302,1.3322964801169896,1.3322964801169896,0.012,0.015929147635828207,0.027929147635828207,8900.0,,4394.303372093897,0.1227291476358282,1.4738903324162935,1.3879325276438907,2.1784594433043702e-07,1.00-1.50,1.00-1.50,1.6666666666666667e-05,pneumatic_feed,-0.011677297186062344,0.0,0.0,0.0,heavy,0.7420000000000005
other_light,unresolved_nonmetal,,1.0049599722700573,0.15821340441785176,,,,,,1100.0,,0.4910687087900982,,5.845714483206836e-07,1.00-1.50,1.00-1.50,1.6666666666666667e-05,pneumatic_feed,0.03292582009794879,2.25,0.0,0.0,light,4.621999999999713
aluminum,partial,0.1055835837454065,1.4629238726763856,1.4629238726763856,0.0218,0.016597739364777903,0.0383977393647779,2700.0,,2419.4446020062946,0.0929012032353565,1.2757394432398395,1.2075501173790493,1.9882216239784223e-07,1.00-1.50,1.00-1.50,1.6666666666666667e-05,pneumatic_feed,-0.002201751047307124,0.0,0.0,0.0,heavy,1.0740000000000007
aluminum,partial,0.23031258927438042,1.0603891038858104,1.0603891038858104,0.0218,0.036205139033932604,0.058005139033932604,2700.0,,2294.8842830991507,0.133115081907953,1.4873878596058394,1.4454668192757765,1.4967793284837985e-07,1.00-1.50,1.00-1.50,1.6666666666666667e-05,pneumatic_feed,0.019238960560784512,0.0,0.0,0.0,heavy,0.7320000000000005
copper,bare_like,0.045226068069101955,1.18817623331819,1.18817623331819,0.012,0.006603005938088883,0.018603005938088883,8900.0,,6095.950639133052,0.11340300593808889,1.4241093922074874,1.3341565055135935,1.6009814081673472e-07,1.00-1.50,1.00-1.50,1.6666666666666667e-05,pneumatic_feed,0.01628285537234341,0.0,0.0,0.0,heavy,0.8080000000000006
aluminum,partial,0.1557079220184358,1.0802348535089419,1.0802348535089419,0.0218,0.02447728534129811,0.04627728534129811,2700.0,,2356.7024369218248,0.10906179113796388,1.3609549239924223,1.3083706942993951,1.2726500445452676e-07,1.00-1.50,1.00-1.50,1.6666666666666667e-05,pneumatic_feed,-0.0031295043600981266,0.0,0.0,0.0,heavy,0.9340000000000007
separator,film,,1.2025971217839742,1.2025971217839742,,,0.0139,,,900.0,0.01251,0.4746185559664424,0.44312183426231666,1.8092460364911963e-08,1.00-1.50,1.00-1.50,1.6666666666666667e-05,pneumatic_feed,0.038771609160811425,2.25,0.0,0.0,light,4.413999999999736
aluminum,heavily_coated,0.328773218304867,1.4123695273727899,1.4123695273727899,0.0218,0.051683149917525095,0.0734831499175251,2700.0,,2243.5044428376436,0.16485977331367216,1.6592600071009953,1.6086140002907467,3.288602450389006e-07,1.00-1.50,1.00-1.50,1.6666666666666667e-05,pneumatic_feed,0.02111181414773828,0.0,0.0,0.0,heavy,0.5620000000000004
aluminum,heavily_coated,0.31939876976259607,1.3652903531691214,1.3652903531691214,0.0218,0.05020948660668011,0.0720094866066801,2700.0,,2247.444954622763,0.1618373573591586,1.6429174111686167,1.5938002262232722,3.016677064807954e-07,1.00-1.50,1.00-1.50,1.6666666666666667e-05,pneumatic_feed,-0.04229044138000063,0.0,0.0,0.0,heavy,0.5920000000000004
aluminum,bare_like,0.04187993145317572,1.3720483327482533,1.3720483327482533,0.0218,0.006583525224439224,0.028383525224439224,2700.0,,2549.4545912680255,0.07236250869981839,1.1319316448702426,1.0657400886484234,1.3622362582758711e-07,1.00-1.50,1.00-1.50,1.6666666666666667e-05,pneumatic_feed,0.005128422131912418,0.0,0.0,0.0,heavy,1.9720000000000015
aluminum,bare_like,0.03691548510674462,1.4484043529825787,1.4484043529825787,0.0218,0.005803114258780252,0.027603114258780252,2700.0,,2563.548478257555,0.07076192155326554,1.1210999791011687,1.0538876224247327,1.4844967818960645e-07,1.00-1.50,1.00-1.50,1.6666666666666667e-05,pneumatic_feed,-0.016308857711800406,0.0,0.0,0.0,heavy,2.021999999999999
separator,film,,1.4702042402257536,1.4702042402257536,,,0.0139,,,900.0,0.01251,0.4755975415547574,0.44312183426231666,2.7040371354802092e-08,1.00-1.50,1.00-1.50,1.6666666666666667e-05,pneumatic_feed,0.031993452817278514,2.25,0.0,0.0,light,4.421999999999735
aluminum,heavily_coated,0.3535399315980375,1.3533843383474813,1.3533843383474813,0.0218,0.0555764772472115,0.0773764772472115,2700.0,,2233.815954095432,0.17284480934652327,1.691104925643714,1.6471102353828748,3.165910511089643e-07,1.00-1.50,1.00-1.50,1.6666666666666667e-05,pneumatic_feed,0.013971714510633103,0.0,0.0,0.0,heavy,0.5620000000000004
aluminum,partial,0.06305933959574944,1.4273178055558204,1.4273178055558204,0.0218,0.009912928184451816,0.031712928184451816,2700.0,,2497.119194369798,0.07919096167906559,1.1823913985702508,1.1148907276117304,1.613306873562351e-07,1.00-1.50,1.00-1.50,1.6666666666666667e-05,pneumatic_feed,-0.03501621698481837,0.0,0.0,0.0,heavy,1.5260000000000011
aluminum,heavily_coated,0.34901788672826756,1.475880801618893,1.475880801618893,0.0218,0.05486561179368367,0.07666561179368367,2700.0,,2235.5115005314674,0.17138685686006075,1.6919126364715884,1.6401488058330298,3.7331898899195175e-07,1.00-1.50,1.00-1.50,1.6666666666666667e-05,pneumatic_feed,-0.03292810566271397,0.0,0.0,0.0,heavy,0.5660000000000004
separator,film,,1.437718769881652,1.437718769881652,,,0.0139,,,900.0,0.01251,0.4754978588026852,0.44312183426231666,2.5858611118487838e-08,1.00-1.50,1.00-1.50,1.6666666666666667e-05,pneumatic_feed,0.01674024088813168,2.25,0.0,0.0,light,4.415999999999736
aluminum,partial,0.19355868541392562,1.1885378028857372,1.1885378028857372,0.0218,0.03042742534706911,0.05222742534706911,2700.0,,2321.8693044593842,0.12126525576430376,1.4336177038524274,1.3796301875780017,1.7130198133266871e-07,1.00-1.50,1.00-1.50,1.6666666666666667e-05,pneumatic_feed,-0.0036148104469812285,0.0,0.0,0.0,heavy,0.7840000000000006
aluminum,partial,0.17112278293526245,1.4967511359861125,1.4967511359861125,0.0218,0.02690050147742326,0.04870050147742326,2700.0,,2341.4891630843094,0.11403169644615796,1.4050130000780567,1.3378495832562403,2.554611001967171e-07,1.00-1.50,1.00-1.50,1.6666666666666667e-05,pneumatic_feed,-0.010539081314970309,0.0,0.0,0.0,heavy,0.8300000000000006
copper,partial,0.4563483696304048,1.0836354498854357,1.0836354498854357,0.012,0.0666268619660391,0.0786268619660391,8900.0,,2205.6948176431924,0.1734268619660391,1.6710292200681784,1.6498812155482436,2.0364923076999918e-07,1.00-1.50,1.00-1.50,1.6666666666666667e-05,pneumatic_feed,0.026257600607816022,0.0,0.0,0.0,heavy,0.5660000000000004
separator,film,,1.3802395233975544,1.3802395233975544,,,0.0139,,,900.0,0.01251,0.4753101557346232,0.44312183426231666,2.3832314885778337e-08,1.00-1.50,1.00-1.50,1.6666666666666667e-05,pneumatic_feed,0.03430682535878296,2.25,0.0,0.0,light,4.421999999999735
separator,film,,1.2814465490894358,1.2814465490894358,,,0.0139,,,900.0,0.01251,0.47494882311881925,0.44312183426231666,2.0542736779747025e-08,1.00-1.50,1.00-1.50,1.6666666666666667e-05,pneumatic_feed,0.028129029413210424,2.25,0.0,0.0,light,4.419999999999735
copper,heavily_coated,0.7462651453346169,1.0675795017307634,1.0675795017307634,0.012,0.10895471121885406,0.12095471121885405,8900.0,,1783.7644275671908,0.21575471121885406,1.8007442833112939,1.840240730798863,2.459012523838478e-07,1.00-1.50,1.00-1.50,1.6666666666666667e-05,pneumatic_feed,-0.014698454926588594,0.0,0.0,0.0,heavy,0.5180000000000003
aluminum,partial,0.0821468722811512,1.0475570222511483,1.0475570222511483,0.0218,0.01291348832259697,0.03471348832259697,2700.0,,2458.553640563115,0.08534497309216596,1.2148349767833333,1.1573999730666304,9.365550085737964e-08,1.00-1.50,1.00-1.50,1.6666666666666667e-05,pneumatic_feed,-0.024692236360300147,0.0,0.0,0.0,heavy,1.340000000000001
aluminum,bare_like,0.04707363644618173,1.367516304749787,1.367516304749787,0.0218,0.007399975649339769,0.02919997564933977,2700.0,,2535.516194113247,0.07403701112661346,1.1442208809378216,1.0780004297973749,1.384566769770901e-07,1.00-1.50,1.00-1.50,1.6666666666666667e-05,pneumatic_feed,-0.026141448865193304,0.0,0.0,0.0,heavy,1.8080000000000014
aluminum,heavily_coated,0.40405216469108274,1.027857651131951,1.027857651131951,0.0218,0.06351700028943821,0.08531700028943821,2700.0,,2216.796860841641,0.18913045841805198,1.7293427136331512,1.7229601490834732,1.998146935275387e-07,1.00-1.50,1.00-1.50,1.6666666666666667e-05,pneumatic_feed,0.0006946671888243234,0.0,0.0,0.0,heavy,0.5340000000000004
copper,partial,0.1203501830530741,1.2827936616645634,1.2827936616645634,0.012,0.017571126725748818,0.02957112672574882,8900.0,,4205.829824450134,0.12437112672574882,1.4807421831435874,1.3971861740968359,2.0466009886079924e-07,1.00-1.50,1.00-1.50,1.6666666666666667e-05,pneumatic_feed,0.014465963097304062,0.0,0.0,0.0,heavy,0.7440000000000005
other_light,unresolved_nonmetal,,1.133011173986697,0.17241115581624766,,,,,,1100.0,,0.5555763787681848,,8.377103600188019e-07,1.00-1.50,1.00-1.50,1.6666666666666667e-05,pneumatic_feed,0.01240560310786295,2.25,0.0,0.0,light,5.613999999999604
copper,partial,0.3021702154296368,1.2738034843790544,1.2738034843790544,0.012,0.044116851452726966,0.05611685145272696,8900.0,,2689.3321265513246,0.15091685145272699,1.5992071646477595,1.5390876844423136,2.448739580588149e-07,1.00-1.50,1.00-1.50,1.6666666666666667e-05,pneumatic_feed,0.033594825709155424,0.0,0.0,0.0,heavy,0.6320000000000005
aluminum,partial,0.062009379959378885,1.0011975252213987,1.0011975252213987,0.0218,0.009747874529614363,0.03154787452961436,2700.0,,2499.453461395113,0.07885244419270335,1.1695034298392928,1.112505264728519,7.904141285374368e-08,1.00-1.50,1.00-1.50,1.6666666666666667e-05,pneumatic_feed,-0.005804591953337813,0.0,0.0,0.0,heavy,1.5600000000000012
aluminum,partial,0.24449954912455213,1.334294259208546,1.334294259208546,0.0218,0.0384353291223796,0.0602353291223796,2700.0,,2285.852864744959,0.13768909963324685,1.5259281851970288,1.4700911903155676,2.451335727589023e-07,1.00-1.50,1.00-1.50,1.6666666666666667e-05,pneumatic_feed,-0.022506400514707498,0.0,0.0,0.0,heavy,0.6860000000000005
copper,heavily_coated,0.5682606297837907,1.4676214809075447,1.4676214809075447,0.012,0.08296605194843343,0.09496605194843342,8900.0,,1998.2514599161857,0.18976605194843343,1.7600335532036757,1.7258528185748085,4.0873953042660897e-07,1.00-1.50,1.00-1.50,1.6666666666666667e-05,pneumatic_feed,-0.0008443486733918515,0.0,0.0,0.0,heavy,0.5260000000000004
aluminum,partial,0.1515605572120034,1.2475030688783535,1.2475030688783535,0.0218,0.02382531959372694,0.04562531959372694,2700.0,,2361.071444758343,0.10772463925072201,1.3604624317763028,1.3003253199408726,1.6764796794551072e-07,1.00-1.50,1.00-1.50,1.6666666666666667e-05,pneumatic_feed,0.026071595139282817,0.0,0.0,0.0,heavy,0.9260000000000007
copper,partial,0.14844488993428817,1.2691011781431147,1.2691011781431147,0.012,0.02167295393040607,0.03367295393040607,8900.0,,3815.3158227795784,0.12847295393040606,1.4999572434197561,1.4200392547009586,2.0692082646568718e-07,1.00-1.50,1.00-1.50,1.6666666666666667e-05,pneumatic_feed,-0.004122311092316091,0.0,0.0,0.0,heavy,0.7240000000000005
aluminum,partial,0.21821190620165826,1.401944336216098,1.401944336216098,0.0218,0.03430291165490068,0.05610291165490068,2700.0,,2303.15498548977,0.12921370067847662,1.485220618768616,1.4241271873850907,2.5396279947285246e-07,1.00-1.50,1.00-1.50,1.6666666666666667e-05,pneumatic_feed,-0.022802120436740826,0.0,0.0,0.0,heavy,0.7400000000000005
other_light,unresolved_nonmetal,,1.279636713322056,0.11178748160902086,,,,,,1100.0,,0.28992293816044107,,1.2068446861144527e-06,1.00-1.50,1.00-1.50,1.6666666666666667e-05,pneumatic_feed,0.021643941367106075,2.25,0.0,0.0,light,3.083999999999882
aluminum,partial,0.2639227060148072,1.4248336136357311,1.4248336136357311,0.0218,0.041488649385527696,0.0632886493855277,2700.0,,2274.5203293776012,0.14395131964623398,1.5612801062152282,1.5031499968956155,2.922428905622262e-07,1.00-1.50,1.00-1.50,1.6666666666666667e-05,pneumatic_feed,0.04289136239633997,0.0,0.0,0.0,heavy,0.6640000000000005
separator,film,,1.305852348791785,1.305852348791785,,,0.0139,,,900.0,0.01251,0.4750430920170005,0.44312183426231666,2.1332681964131226e-08,1.00-1.50,1.00-1.50,1.6666666666666667e-05,pneumatic_feed,0.03329592552810099,2.25,0.0,0.0,light,4.421999999999735
aluminum,partial,0.11698268640452375,1.2363422615797524,1.2363422615797524,0.0218,0.018389678302791132,0.04018967830279113,2700.0,,2403.014704324602,0.0965763879236825,1.2930590216366007,1.231203876232576,1.476210832836099e-07,1.00-1.50,1.00-1.50,1.6666666666666667e-05,pneumatic_feed,0.02577716489700827,0.0,0.0,0.0,heavy,1.0520000000000007
aluminum,partial,0.1386706780719521,1.3474083954623757,1.3474083954623757,0.0218,0.02179903059291087,0.04359903059291087,2700.0,,2375.484314874152,0.10356881331717807,1.3392355452886282,1.2749965073781289,1.8803015248391026e-07,1.00-1.50,1.00-1.50,1.6666666666666667e-05,pneumatic_feed,0.008702551815448463,0.0,0.0,0.0,heavy,0.9760000000000008
other_light,unresolved_nonmetal,,1.4537621494191393,0.1824756642766547,,,,,,1100.0,,0.6018160093427593,,1.769584799936374e-06,1.00-1.50,1.00-1.50,1.6666666666666667e-05,pneumatic_feed,-0.002940634380845415,2.25,0.0,0.0,light,6.711999999999483
aluminum,partial,0.1779493445457916,1.038619872356796,1.038619872356796,0.0218,0.02797363696259844,0.04977363696259844,2700.0,,2335.225136598913,0.11623264817500867,1.3984491933065153,1.3506989471214288,1.253837886076533e-07,1.00-1.50,1.00-1.50,1.6666666666666667e-05,pneumatic_feed,-0.013011915667567151,0.0,0.0,0.0,heavy,0.8200000000000006
copper,partial,0.23582325162764672,1.3516968323375025,1.3516968323375025,0.012,0.03443019473763642,0.04643019473763642,8900.0,,3041.774766091061,0.14123019473763643,1.5610593138086624,1.4888751245829657,2.580394752409147e-07,1.00-1.50,1.00-1.50,1.6666666666666667e-05,pneumatic_feed,-0.011301867351336559,0.0,0.0,0.0,heavy,0.6620000000000005
aluminum,bare_like,0.028841965671440012,1.2929060123093519,1.2929060123093519,0.0218,0.00453395700355037,0.02633395700355037,2700.0,,2588.252807693873,0.06815893815212898,1.0989030770108397,1.0343223352687578,1.1393488701510577e-07,1.00-1.50,1.00-1.50,1.6666666666666667e-05,pneumatic_feed,0.010859089846305129,0.0,0.0,0.0,heavy,2.273999999999971
separator,film,,1.4070610780945598,1.4070610780945598,,,0.0139,,,900.0,0.01251,0.47539962433744976,0.44312183426231666,2.4767559177382704e-08,1.00-1.50,1.00-1.50,1.6666666666666667e-05,pneumatic_feed,-0.018281670337074715,2.25,0.0,0.0,light,4.419999999999735
other_light,unresolved_nonmetal,,1.2201901542265798,0.13151641487309804,,,,,,1100.0,,0.37306581031277825,,1.046342477691763e-06,1.00-1.50,1.00-1.50,1.6666666666666667e-05,pneumatic_feed,-0.020275523845480276,2.25,0.0,0.0,light,3.573999999999828
copper,partial,0.33327982194993583,1.1879257559449092,1.1879257559449092,0.012,0.04865885400469064,0.060658854004690635,8900.0,,2562.838625218163,0.15545885400469062,1.612721799080162,1.56207623772261,2.1937849815907994e-07,1.00-1.50,1.00-1.50,1.6666666666666667e-05,pneumatic_feed,-0.01444717528685606,0.0,0.0,0.0,heavy,0.6140000000000004
copper,partial,0.11315733099354086,1.3414140048150078,1.3414140048150078,0.012,0.016520970325056963,0.028520970325056964,8900.0,,4323.870082944335,0.12332097032505696,1.4770130658149603,1.3912749369632496,2.2190270975963355e-07,1.00-1.50,1.00-1.50,1.6666666666666667e-05,pneumatic_feed,0.019489377669365492,0.0,0.0,0.0,heavy,0.7500000000000006
copper,partial,0.31242350561691296,1.457234193891651,1.457234193891651,0.012,0.0456138318200693,0.057613831820069294,8900.0,,2645.438204771119,0.1524138318200693,1.613828117032866,1.5467021381791026,3.236555722726525e-07,1.00-1.50,1.00-1.50,1.6666666666666667e-05,pneumatic_feed,-0.03179188349321292,0.0,0.0,0.0,heavy,0.6280000000000004
aluminum,bare_like,0.04332343342911185,1.1116778174539066,1.1116778174539066,0.0218,0.006810443735056383,0.028610443735056383,2700.0,,2545.500826421783,0.07282790817187995,1.1300991214783034,1.0691617495336372,9.000273677106162e-08,1.00-1.50,1.00-1.50,1.6666666666666667e-05,pneumatic_feed,-0.002898455194456666,0.0,0.0,0.0,heavy,1.9500000000000015
copper,partial,0.1659098048755725,1.4375498315348012,1.4375498315348012,0.012,0.024222831511833586,0.036222831511833586,8900.0,,3617.133891618327,0.13102283151183358,1.5166806575619884,1.4340621895195969,2.707651693268696e-07,1.00-1.50,1.00-1.50,1.6666666666666667e-05,pneumatic_feed,0.005475394944040506,0.0,0.0,0.0,heavy,0.7100000000000005
other_light,unresolved_nonmetal,,1.0324230219198787,0.16114580926477173,,,,,,1100.0,,0.5043114164650262,,6.33817678353455e-07,1.00-1.50,1.00-1.50,1.6666666666666667e-05,pneumatic_feed,-0.014035236897140169,2.25,0.0,0.0,light,4.817999999999691
aluminum,partial,0.24382569690418943,1.007084327752537,1.007084327752537,0.0218,0.038329399553338576,0.060129399553338576,2700.0,,2286.266684185554,0.1374718429388797,1.5047580382061585,1.4689309196720777,1.3942653351869968e-07,1.00-1.50,1.00-1.50,1.6666666666666667e-05,pneumatic_feed,0.01279843895678778,0.0,0.0,0.0,heavy,0.7460000000000006
aluminum,partial,0.23069230173763616,1.0434813219085393,1.0434813219085393,0.0218,0.0362648298331564,0.0580648298331564,2700.0,,2294.6335223245496,0.13323750500323128,1.4868076244002433,1.4461313489896823,1.450760928990881e-07,1.00-1.50,1.00-1.50,1.6666666666666667e-05,pneumatic_feed,-0.04542197066221251,0.0,0.0,0.0,heavy,0.7160000000000005
copper,partial,0.0958710315016209,1.29298490253609,1.29298490253609,0.012,0.013997170599236653,0.025997170599236653,8900.0,,4646.55067512553,0.12079717059923664,1.4634583411537032,1.3769649195697102,2.0194991272852857e-07,1.00-1.50,1.00-1.50,1.6666666666666667e-05,pneumatic_feed,0.019302932500820675,0.0,0.0,0.0,heavy,0.7600000000000006
aluminum,partial,0.10334243629498574,1.2445240892416567,1.2445240892416567,0.0218,0.016245430985571754,0.038045430985571754,2700.0,,2422.8568976081237,0.09217863488586636,1.2655813649475334,1.202844899880512,1.4276997609456214e-07,1.00-1.50,1.00-1.50,1.6666666666666667e-05,pneumatic_feed,-0.026905532863481428,0.0,0.0,0.0,heavy,1.1480000000000008
other_light,unresolved_nonmetal,,1.3644545767069705,0.12955847191157407,,,,,,1100.0,,0.3646331374082608,,1.4630816204560436e-06,1.00-1.50,1.00-1.50,1.6666666666666667e-05,pneumatic_feed,0.025140751422627637,2.25,0.0,0.0,light,3.517999999999834
copper,partial,0.12788363270400127,1.4803578573198097,1.4803578573198097,0.012,0.018671010374784185,0.030671010374784185,8900.0,,4090.8665492786863,0.12547101037478417,1.4905980113661532,1.4033506257677062,2.749646233226586e-07,1.00-1.50,1.00-1.50,1.6666666666666667e-05,pneumatic_feed,0.02540528113548473,0.0,0.0,0.0,heavy,0.7360000000000005
separator,film,,1.3101459466129,1.3101459466129,,,0.0139,,,900.0,0.01251,0.4750593186759824,0.44312183426231666,2.147319484184191e-08,1.00-1.50,1.00-1.50,1.6666666666666667e-05,pneumatic_feed,-0.0020179664334609637,2.25,0.0,0.0,light,4.415999999999736
aluminum,partial,0.10475847988111187,1.4375973632231587,1.4375973632231587,0.0218,0.016468033037310786,0.038268033037310786,2700.0,,2420.693569699579,0.09263518149846928,1.273461525178828,1.2058199736278936,1.9144784926853016e-07,1.00-1.50,1.00-1.50,1.6666666666666667e-05,pneumatic_feed,0.031061432895151144,0.0,0.0,0.0,heavy,1.1500000000000008
aluminum,partial,0.1520002757274979,1.1859377957642212,1.1859377957642212,0.0218,0.02389444334436267,0.04569444334436267,2700.0,,2360.602318413188,0.1078664088973026,1.3588815824312372,1.3011806769438523,1.5170854418553988e-07,1.00-1.50,1.00-1.50,1.6666666666666667e-05,pneumatic_feed,0.03515758279083602,0.0,0.0,0.0,heavy,0.9720000000000008
aluminum,partial,0.06479993063859357,1.3587978795876776,1.3587978795876776,0.0218,0.010186549096386908,0.03198654909638691,2700.0,,2493.302587811746,0.07975214563718895,1.1850742355542445,1.1188340707724795,1.4724891284427506e-07,1.00-1.50,1.00-1.50,1.6666666666666667e-05,pneumatic_feed,-0.002363247041398026,0.0,0.0,0.0,heavy,1.5100000000000011
aluminum,partial,0.18548483214742228,1.0108419442002123,1.0108419442002123,0.0218,0.02915821561357479,0.05095821561357479,2700.0,,2328.6169522199666,0.11866216473265043,1.4097897283876941,1.3647422238810087,1.2124917034101992e-07,1.00-1.50,1.00-1.50,1.6666666666666667e-05,pneumatic_feed,-0.028355965168381014,0.0,0.0,0.0,heavy,0.8160000000000006
other_light,unresolved_nonmetal,,1.2893065847509328,0.1337971260725364,,,,,,1100.0,,0.3829326776898306,,1.2344113593862631e-06,1.00-1.50,1.00-1.50,1.6666666666666667e-05,pneumatic_feed,0.015308225037880664,2.25,0.0,0.0,light,3.6219999999998227
aluminum,partial,0.1427159536442134,1.0646715724790374,1.0646715724790374,0.0218,0.022434947912870346,0.044234947912870345,2700.0,,2370.8189014034665,0.10487305061443083,1.3361570316604041,1.2829993774137642,1.1887628313770435e-07,1.00-1.50,1.00-1.50,1.6666666666666667e-05,pneumatic_feed,-0.00587076918196755,0.0,0.0,0.0,heavy,0.9580000000000007
aluminum,partial,0.15163671491857933,1.3462360427126503,1.3462360427126503,0.0218,0.023837291585200676,0.045637291585200676,2700.0,,2360.9900919676884,0.10774919325689916,1.3640197109859398,1.3004735050589418,1.95279410158721e-07,1.00-1.50,1.00-1.50,1.6666666666666667e-05,pneumatic_feed,-0.0036352686608173866,0.0,0.0,0.0,heavy,0.9260000000000007
copper,partial,0.17673756425441667,1.2667031301937195,1.2667031301937195,0.012,0.025803684381144828,0.03780368438114483,8900.0,,3507.6920821845333,0.13260368438114484,1.5190899743229662,1.44268757187634,2.1276749406285033e-07,1.00-1.50,1.00-1.50,1.6666666666666667e-05,pneumatic_feed,-0.004049196981777248,0.0,0.0,0.0,heavy,0.7140000000000005
other_light,unresolved_nonmetal,,1.4067478443369723,0.11246544392730198,,,,,,1100.0,,0.29270555469371196,,1.6033933662283004e-06,1.00-1.50,1.00-1.50,1.6666666666666667e-05,pneumatic_feed,-0.010135020292840375,2.25,0.0,0.0,light,3.093999999999881
copper,heavily_coated,0.6220378231648276,1.0154818540616168,1.0154818540616168,0.012,0.09081752218206482,0.10281752218206482,8900.0,,1922.021830404863,0.19761752218206483,1.7406178795531233,1.761194091566767,2.0378385996910494e-07,1.00-1.50,1.00-1.50,1.6666666666666667e-05,pneumatic_feed,-0.038468927979945694,0.0,0.0,0.0,heavy,0.5420000000000004
copper,partial,0.13933192379395687,1.303029474689982,1.303029474689982,0.012,0.020342460873917705,0.032342460873917706,8900.0,,3931.1313189668454,0.1271424608739177,1.4946087549367888,1.4126670045969831,2.158733804092553e-07,1.00-1.50,1.00-1.50,1.6666666666666667e-05,pneumatic_feed,-0.045000958028709,0.0,0.0,0.0,heavy,0.7400000000000005
aluminum,partial,0.1825364150530745,1.3769218008796544,1.3769218008796544,0.0218,0.028694724446343314,0.050494724446343314,2700.0,,2331.1656191399634,0.11771156557726176,1.4219920510091584,1.359264776745392,2.2317096343907523e-07,1.00-1.50,1.00-1.50,1.6666666666666667e-05,pneumatic_feed,-0.02333892442357526,0.0,0.0,0.0,heavy,0.7980000000000006
separator,film,,1.3140123941401842,1.3140123941401842,,,0.0139,,,900.0,0.01251,0.47507384168635197,0.44312183426231666,2.1600123435144778e-08,1.00-1.50,1.00-1.50,1.6666666666666667e-05,pneumatic_feed,-0.01237623823602984,2.25,0.0,0.0,light,4.419999999999735
aluminum,bare_like,0.04626801601129826,1.1941866105025398,1.1941866105025398,0.0218,0.007273332116976089,0.02907333211697609,2700.0,,2537.626947793978,0.07377727104220268,1.1389474892591547,1.0761078227939862,1.0521241321003994e-07,1.00-1.50,1.00-1.50,1.6666666666666667e-05,pneumatic_feed,0.007674012390505032,0.0,0.0,0.0,heavy,1.8060000000000014
aluminum,bare_like,0.01486969521142902,1.2091265449117365,1.2091265449117365,0.0218,0.002337516087236643,0.024137516087236643,2700.0,,2637.145355100381,0.06365413843311683,1.062386048322214,0.9995575805556186,9.306152298791269e-08,1.00-1.50,1.00-1.50,1.6666666666666667e-05,pneumatic_feed,0.0047774897719395385,0.0,0.0,0.0,heavy,2.981999999999893
copper,heavily_coated,0.4898475192148467,1.0662692002782208,1.0662692002782208,0.012,0.07151773780536762,0.08351773780536761,8900.0,,2135.0882158820555,0.17831773780536764,1.6859409180324125,1.6729839247862037,2.0273478697365584e-07,1.00-1.50,1.00-1.50,1.6666666666666667e-05,pneumatic_feed,0.006638649781820772,0.0,0.0,0.0,heavy,0.5640000000000004
aluminum,partial,0.15258261646914223,1.1907826705568418,1.1907826705568418,0.0218,0.023985987308949158,0.04578598730894916,2700.0,,2359.9832116036137,0.10805416137581614,1.360164504303859,1.302312603392446,1.5321684264473104e-07,1.00-1.50,1.00-1.50,1.6666666666666667e-05,pneumatic_feed,-0.003941428202325092,0.0,0.0,0.0,heavy,0.9360000000000007
aluminum,partial,0.16529931641565954,1.4184564791662564,1.4184564791662564,0.0218,0.025985052540541675,0.047785052540541675,2700.0,,2347.0551279695514,0.1121541526055728,1.3918961584524596,1.3267899529680915,2.2565626166624339e-07,1.00-1.50,1.00-1.50,1.6666666666666667e-05,pneumatic_feed,-0.011697958362881594,0.0,0.0,0.0,heavy,0.9260000000000007
aluminum,partial,0.07290397172064655,1.1654985319837274,1.1654985319837274,0.0218,0.011460504354485639,0.03326050435448564,2700.0,,2476.3596079187414,0.08236496952245366,1.1986214835256568,1.1370138792576072,1.1188348969255339e-07,1.00-1.50,1.00-1.50,1.6666666666666667e-05,pneumatic_feed,0.027692525439141306,0.0,0.0,0.0,heavy,1.470000000000001
copper,heavily_coated,0.51526249900686,1.1791998893966829,1.1791998893966829,0.012,0.07522832485500157,0.08722832485500157,8900.0,,2086.8029411041052,0.1820283248550016,1.7098301006981615,1.690300738603668,2.531126390673906e-07,1.00-1.50,1.00-1.50,1.6666666666666667e-05,pneumatic_feed,-0.006623954054418593,0.0,0.0,0.0,heavy,0.5480000000000004
aluminum,partial,0.2251716139494509,1.372848011223885,1.372848011223885,0.0218,0.03539697771285368,0.05719697771285368,2700.0,,2298.330878834188,0.13145758005344246,1.4957836000183613,1.4364394092751818,2.477596341746859e-07,1.00-1.50,1.00-1.50,1.6666666666666667e-05,pneumatic_feed,-2.0955919894092166e-05,0.0,0.0,0.0,heavy,0.7260000000000005
aluminum,partial,0.11666847099025857,1.0264149959288487,1.0264149959288487,0.0218,0.01834028363966865,0.04014028363966865,2700.0,,2403.447932705382,0.09647508173196927,1.2844449693687092,1.2305579559147102,1.0163917519652567e-07,1.00-1.50,1.00-1.50,1.6666666666666667e-05,pneumatic_feed,0.03262081161222985,0.0,0.0,0.0,heavy,1.0860000000000007
separator,film,,1.4761449013439356,1.4761449013439356,,,0.0139,,,900.0,0.01251,0.47561530272079855,0.44312183426231666,2.7259337159743857e-08,1.00-1.50,1.00-1.50,1.6666666666666667e-05,pneumatic_feed,-0.004692186242197488,2.25,0.0,0.0,light,4.415999999999736
other_light,unresolved_nonmetal,,1.1812644314457965,0.1572575721852608,,,,,,1100.0,,0.48676225896560504,,9.49363847379762e-07,1.00-1.50,1.00-1.50,1.6666666666666667e-05,pneumatic_feed,-0.011426750163890402,2.25,0.0,0.0,light,4.591999999999716
copper,partial,0.21747557226342418,1.0333441316244536,1.0333441316244536,0.012,0.03175143355045994,0.043751433550459934,8900.0,,3166.7861440623224,0.13855143355045993,1.5347639196310894,1.47468752656555,1.479452338192679e-07,1.00-1.50,1.00-1.50,1.6666666666666667e-05,pneumatic_feed,-0.017928682965945596,0.0,0.0,0.0,heavy,0.7200000000000005
aluminum,partial,0.08496831806524324,1.2555178620158833,1.2555178620158833,0.0218,0.013357019599856239,0.03515701959985624,2700.0,,2453.4114782519214,0.08625463542741507,1.2272164517196087,1.1635517855552056,1.3596534697437278e-07,1.00-1.50,1.00-1.50,1.6666666666666667e-05,pneumatic_feed,0.019794581022520193,0.0,0.0,0.0,heavy,1.278000000000001
copper,partial,0.15540227537397533,1.0437724361962992,1.0437724361962992,0.012,0.022688732204600392,0.03468873220460039,8900.0,,3732.875892980248,0.1294887322046004,1.4963781112748238,1.4256420100023033,1.41072910541428e-07,1.00-1.50,1.00-1.50,1.6666666666666667e-05,pneumatic_feed,0.023121246454284074,0.0,0.0,0.0,heavy,0.7280000000000005
aluminum,partial,0.15600291925208204,1.4295152613058066,1.4295152613058066,0.0218,0.024523658906427298,0.0463236589064273,2700.0,,2356.396359289281,0.10915690119606378,1.3748262581814683,1.3089410686403788,2.230636429436835e-07,1.00-1.50,1.00-1.50,1.6666666666666667e-05,pneumatic_feed,-0.006927950357013503,0.0,0.0,0.0,heavy,0.9140000000000007
aluminum,bare_like,0.03973182107548795,1.174099317525193,1.174099317525193,0.0218,0.006245842273066706,0.028045842273066706,2700.0,,2555.456731701545,0.07166993643294807,1.1230565958953418,1.0606277962846122,9.879766726753223e-08,1.00-1.50,1.00-1.50,1.6666666666666667e-05,pneumatic_feed,-0.02453107517649403,0.0,0.0,0.0,heavy,2.031999999999998
copper,heavily_coated,0.5227000282638721,1.4587487257878364,1.4587487257878364,0.012,0.07631420412652531,0.08831420412652531,8900.0,,2073.4400081801414,0.18311420412652532,1.7353436592141573,1.6953349368104056,3.8965747605766575e-07,1.00-1.50,1.00-1.50,1.6666666666666667e-05,pneumatic_feed,0.012276855150740514,0.0,0.0,0.0,heavy,0.5380000000000004
aluminum,partial,0.13211558773078574,1.287555520549889,1.287555520549889,0.0218,0.020768570391279523,0.04256857039127952,2700.0,,2383.340236886755,0.10145538664028264,1.3246266196872054,1.261920658641373,1.6819266068472324e-07,1.00-1.50,1.00-1.50,1.6666666666666667e-05,pneumatic_feed,0.017784078554446574,0.0,0.0,0.0,heavy,1.0120000000000007
copper,heavily_coated,0.7393184339478667,1.0815387657053677,1.0815387657053677,0.012,0.10794049135638853,0.11994049135638853,8900.0,,1790.3919596119829,0.21474049135638854,1.800034650474412,1.8359103334122489,2.511875578364952e-07,1.00-1.50,1.00-1.50,1.6666666666666667e-05,pneumatic_feed,0.01910539616188096,0.0,0.0,0.0,heavy,0.5100000000000003
aluminum,partial,0.062454017025922404,1.0953524842381135,1.0953524842381135,0.0218,0.009817771476475001,0.031617771476475,2700.0,,2498.4619706073836,0.07899579962932765,1.173489164873487,1.1135160847432455,9.477892852099849e-08,1.00-1.50,1.00-1.50,1.6666666666666667e-05,pneumatic_feed,-0.014921666473651635,0.0,0.0,0.0,heavy,1.5460000000000012
aluminum,partial,0.06547882536670674,1.4528334208407923,1.4528334208407923,0.0218,0.0102932713476463,0.0320932713476463,2700.0,,2491.831612309131,0.07997102808647992,1.1883461882260264,1.1203683576598318,1.6879684415627794e-07,1.00-1.50,1.00-1.50,1.6666666666666667e-05,pneumatic_feed,0.025630855435186162,0.0,0.0,0.0,heavy,1.486000000000001
aluminum,partial,0.21643064422789948,1.206162120414438,1.206162120414438,0.0218,0.0340228972726258,0.0558228972726258,2700.0,,2304.4200550407245,0.12863940400551707,1.4733965012764731,1.420958861216818,1.871480860224603e-07,1.00-1.50,1.00-1.50,1.6666666666666667e-05,pneumatic_feed,0.03627174667766447,0.0,0.0,0.0,heavy,0.7620000000000006
copper,partial,0.14737625382411768,1.443509273868417,1.443509273868417,0.012,0.02151693305832118,0.03351693305832118,8900.0,,3828.421080026718,0.12831693305832118,1.5037866604573564,1.4191767265860196,2.6737643448212516e-07,1.00-1.50,1.00-1.50,1.6666666666666667e-05,pneumatic_feed,0.006562737146778306,0.0,0.0,0.0,heavy,0.7160000000000005
aluminum,partial,0.2214134853994858,1.0833094529843597,1.0833094529843597,0.0218,0.03480619990479917,0.05660619990479917,2700.0,,2300.912657035749,0.13024592182764821,1.474530230114491,1.4298041785527018,1.5285132208563704e-07,1.00-1.50,1.00-1.50,1.6666666666666667e-05,pneumatic_feed,-0.01479421562689368,0.0,0.0,0.0,heavy,0.7500000000000006
other_light,unresolved_nonmetal,,1.291995856791816,0.13388314993209796,,,,,,1100.0,,0.3833057401735306,,1.2421517922664285e-06,1.00-1.50,1.00-1.50,1.6666666666666667e-05,pneumatic_feed,0.027000273333021112,2.25,0.0,0.0,light,3.6239999999998225
aluminum,partial,0.12152251373680978,1.3337190744143532,1.3337190744143532,0.0218,0.019103339159426497,0.0409033391594265,2700.0,,2396.872129968654,0.09804007365388484,1.3050745609300571,1.2404986884601599,1.7439432708554706e-07,1.00-1.50,1.00-1.50,1.6666666666666667e-05,pneumatic_feed,0.02780468232186211,0.0,0.0,0.0,heavy,1.0280000000000007
other_light,unresolved_nonmetal,,1.416057674639568,0.09395372241980571,,,,,,1100.0,,0.21909731044822944,,1.635438185464311e-06,1.00-1.50,1.00-1.50,1.6666666666666667e-05,pneumatic_feed,-0.007727599334323437,2.25,0.0,0.0,light,2.7719999999999163
aluminum,partial,0.10510411249157764,1.160516095877733,1.160516095877733,0.0218,0.016522366483676006,0.038322366483676006,2700.0,,2420.169353265707,0.09274661690840955,1.2665513696472601,1.2065450256805157,1.249109218757283e-07,1.00-1.50,1.00-1.50,1.6666666666666667e-05,pneumatic_feed,-0.010689247147360784,0.0,0.0,0.0,heavy,1.1960000000000008
aluminum,partial,0.14158321132764495,1.090020300336025,1.090020300336025,0.0218,0.022256880820705788,0.04405688082070579,2700.0,,2372.1117159758064,0.104507843164146,1.335221928975382,1.2807634857007892,1.2417039347303688e-07,1.00-1.50,1.00-1.50,1.6666666666666667e-05,pneumatic_feed,0.007886252736599174,0.0,0.0,0.0,heavy,0.9840000000000008
aluminum,bare_like,0.04225216033780587,1.1788151266316607,1.1788151266316607,0.0218,0.006642039605103081,0.02844203960510308,2700.0,,2548.4290163743094,0.072482519014512,1.129145249161271,1.066623466107783,1.0072207828459664e-07,1.00-1.50,1.00-1.50,1.6666666666666667e-05,pneumatic_feed,-0.00029716481265144087,0.0,0.0,0.0,heavy,1.9760000000000015
aluminum,partial,0.05090299951403093,1.3427852523540016,1.3427852523540016,0.0218,0.008001951523605663,0.029801951523605662,2700.0,,2525.728424653574,0.07527163607331872,1.1527907171915928,1.0869515167691752,1.3572019700699228e-07,1.00-1.50,1.00-1.50,1.6666666666666667e-05,pneumatic_feed,-0.001384437082567625,0.0,0.0,0.0,heavy,1.7440000000000013
copper,heavily_coated,0.5727050944968803,1.023251550088109,1.023251550088109,0.012,0.08361494379654452,0.09561494379654452,8900.0,,1991.476815608671,0.19041494379654453,1.7198250835061266,1.7288010174194608,1.993727739064149e-07,1.00-1.50,1.00-1.50,1.6666666666666667e-05,pneumatic_feed,0.027233757414775638,0.0,0.0,0.0,heavy,0.5340000000000004
copper,partial,0.22308137928944205,1.3320960314817163,1.3320960314817163,0.012,0.03256988137625855,0.044569881376258544,8900.0,,3126.9969107545794,0.13936988137625853,1.5520469694356678,1.479036733175263,2.473090443997036e-07,1.00-1.50,1.00-1.50,1.6666666666666667e-05,pneumatic_feed,0.03967883690102755,0.0,0.0,0.0,heavy,0.6980000000000005
aluminum,partial,0.2581406909306019,1.0479555002674663,1.0479555002674663,0.0218,0.04057971661429062,0.06237971661429062,2700.0,,2277.7779040179944,0.14208714016293536,1.5300551660863946,1.493385332724757,1.5604162199879533e-07,1.00-1.50,1.00-1.50,1.6666666666666667e-05,pneumatic_feed,0.023868571319372006,0.0,0.0,0.0,heavy,0.7100000000000005
copper,heavily_coated,0.60113571952666,1.0074267376808546,1.0074267376808546,0.012,0.08776581505089236,0.09976581505089235,8900.0,,1950.2252845991468,0.19456581505089238,1.7303305725026419,1.7475425697358011,1.9746652514724196e-07,1.00-1.50,1.00-1.50,1.6666666666666667e-05,pneumatic_feed,-0.0020676393650207476,0.0,0.0,0.0,heavy,0.5540000000000004
aluminum,partial,0.08848440577673372,1.1872585200474943,1.1872585200474943,0.0218,0.013909748588102538,0.03570974858810254,2700.0,,2447.1820923318396,0.08738825726647673,1.2328332040380547,1.1711729530921635,1.2318098379025483e-07,1.00-1.50,1.00-1.50,1.6666666666666667e-05,pneumatic_feed,-0.01121085473122359,0.0,0.0,0.0,heavy,1.288000000000001
aluminum,partial,0.17679686072754214,1.2669157110761147,1.2669157110761147,0.0218,0.02779246650636963,0.04959246650636963,2700.0,,2336.263630934463,0.11586107586716686,1.4075332934629439,1.3485382630133456,1.8596576488998125e-07,1.00-1.50,1.00-1.50,1.6666666666666667e-05,pneumatic_feed,0.021930928374427575,0.0,0.0,0.0,heavy,0.8380000000000006
aluminum,partial,0.0821163780312631,1.2593605052757189,1.2593605052757189,0.0218,0.01290869462651456,0.03470869462651456,2700.0,,2458.6099350411923,0.08533514144105954,1.2211689416383258,1.1573333055169848,1.3534058559060778e-07,1.00-1.50,1.00-1.50,1.6666666666666667e-05,pneumatic_feed,0.02595463136192475,0.0,0.0,0.0,heavy,1.308000000000001
copper,partial,0.36537514160573,1.0147824225375504,1.0147824225375504,0.012,0.053344770674436576,0.06534477067443657,8900.0,,2450.766435042163,0.16014477067443658,1.6173843368914582,1.5854438875299108,1.6491442084687654e-07,1.00-1.50,1.00-1.50,1.6666666666666667e-05,pneumatic_feed,-0.035655292508178046,0.0,0.0,0.0,heavy,0.6280000000000004
copper,partial,0.10988962458961571,1.1979307657314415,1.1979307657314415,0.012,0.016043885190083894,0.028043885190083894,8900.0,,4380.416064230663,0.12284388519008388,1.4711273890043766,1.3885811542519064,1.76285657993522e-07,1.00-1.50,1.00-1.50,1.6666666666666667e-05,pneumatic_feed,-0.0028687284331582346,0.0,0.0,0.0,heavy,0.7520000000000006
copper,partial,0.25794597532412644,1.045288997709748,1.045288997709748,0.012,0.03766011239732246,0.04966011239732246,8900.0,,2908.976750626754,0.14446011239732245,1.5597068183559426,1.5058040789519642,1.578413209669603e-07,1.00-1.50,1.00-1.50,1.6666666666666667e-05,pneumatic_feed,0.015289242170355512,0.0,0.0,0.0,heavy,0.6880000000000005
copper,bare_like,0.009748610919431812,1.420119087893819,1.420119087893819,0.012,0.0014232971942370436,0.013423297194237044,8900.0,,8062.348291051769,0.10822329719423704,1.399685741238353,1.3033314516118855,2.1825806015732544e-07,1.00-1.50,1.00-1.50,1.6666666666666667e-05,pneumatic_feed,-0.03211664916587096,0.0,0.0,0.0,heavy,0.8580000000000007
aluminum,heavily_coated,0.35925334593323116,1.147884019622624,1.147884019622624,0.0218,0.05647462598070395,0.07827462598070395,2700.0,,2231.717738330636,0.17468687126233307,1.6835280012490146,1.65586386256044,2.3017401120162343e-07,1.00-1.50,1.00-1.50,1.6666666666666667e-05,pneumatic_feed,-0.03924096332368188,0.0,0.0,0.0,heavy,0.5600000000000004
other_light,unresolved_nonmetal,,1.17597719641083,0.13172750228504454,,,,,,1100.0,,0.373977056501837,,9.366730146580797e-07,1.00-1.50,1.00-1.50,1.6666666666666667e-05,pneumatic_feed,0.015482011040115273,2.25,0.0,0.0,light,3.5799999999998273
separator,film,,1.3946984580489425,1.3946984580489425,,,0.0139,,,900.0,0.01251,0.47535880762270555,0.44312183426231666,2.4334249198940065e-08,1.00-1.50,1.00-1.50,1.6666666666666667e-05,pneumatic_feed,0.02690887494764011,2.25,0.0,0.0,light,4.413999999999736
separator,film,,1.1017146006887302,1.1017146006887302,,,0.0139,,,900.0,0.01251,0.47412833963796497,0.44312183426231666,1.5184326017747812e-08,1.00-1.50,1.00-1.50,1.6666666666666667e-05,pneumatic_feed,0.014606613226410584,2.25,0.0,0.0,light,4.403999999999737
other_light,unresolved_nonmetal,,1.3015061290637349,0.09756069032851689,,,,,,1100.0,,0.23302052760644806,,1.2697843214796257e-06,1.00-1.50,1.00-1.50,1.6666666666666667e-05,pneumatic_feed,0.02616617387520203,2.25,0.0,0.0,light,2.8239999999999106
copper,partial,0.20707024817971842,1.2262590141482874,1.2262590141482874,0.012,0.030232256234238888,0.04223225623423889,8900.0,,3244.7297031491053,0.1370322562342389,1.5375728232309582,1.4665804764323755,2.0605693431957047e-07,1.00-1.50,1.00-1.50,1.6666666666666667e-05,pneumatic_feed,-0.00425644241567525,0.0,0.0,0.0,heavy,0.6780000000000005
other_light,unresolved_nonmetal,,1.3038943622918286,0.14889877386329664,,,,,,1100.0,,0.4493315366316364,,1.2767872293109023e-06,1.00-1.50,1.00-1.50,1.6666666666666667e-05,pneumatic_feed,0.03342103968135905,2.25,0.0,0.0,light,4.151999999999765
aluminum,heavily_coated,0.27796721481930575,1.260738853150043,1.260738853150043,0.0218,0.043696446169594866,0.06549644616959487,2700.0,,2266.9842169058074,0.14847940972989238,1.574787218109375,1.5266082716664386,2.36002447231258e-07,1.00-1.50,1.00-1.50,1.6666666666666667e-05,pneumatic_feed,0.03583720813900423,0.0,0.0,0.0,heavy,0.6580000000000005
aluminum,heavily_coated,0.37792460074251205,1.1266688590394367,1.1266688590394367,0.0218,0.05940974723672289,0.08120974723672289,2700.0,,2225.1844966176436,0.1807066705253933,1.706458342033961,1.684153170161958,2.2938592457946493e-07,1.00-1.50,1.00-1.50,1.6666666666666667e-05,pneumatic_feed,-0.02886270284711935,0.0,0.0,0.0,heavy,0.5420000000000004
aluminum,partial,0.17581463271374187,1.2830465907753785,1.2830465907753785,0.0218,0.027638060262600225,0.049438060262600225,2700.0,,2337.154716821416,0.11554439573323752,1.4064076072878702,1.346694039278743,1.9021017263440832e-07,1.00-1.50,1.00-1.50,1.6666666666666667e-05,pneumatic_feed,0.033340089641599284,0.0,0.0,0.0,heavy,0.8660000000000007
copper,partial,0.11972846644697777,1.0298088420639129,1.0298088420639129,0.012,0.017480356101258754,0.029480356101258754,8900.0,,4215.700640602242,0.12428035610125875,1.472376455286496,1.396676222094927,1.3180009454587912e-07,1.00-1.50,1.00-1.50,1.6666666666666667e-05,pneumatic_feed,-0.02814505012153383,0.0,0.0,0.0,heavy,0.7440000000000005
separator,film,,1.042713926278896,1.042713926278896,,,0.0139,,,900.0,0.01251,0.4737985345593177,0.44312183426231666,1.3601526674019947e-08,1.00-1.50,1.00-1.50,1.6666666666666667e-05,pneumatic_feed,0.0228197224464963,2.25,0.0,0.0,light,4.403999999999737
aluminum,partial,0.1384483586426951,1.387602523062846,1.387602523062846,0.0218,0.021764081978631673,0.04356408197863167,2700.0,,2375.744664165241,0.10349713530999133,1.3399839358725039,1.2745552305905083,1.992776030771607e-07,1.00-1.50,1.00-1.50,1.6666666666666667e-05,pneumatic_feed,0.03570863686332095,0.0,0.0,0.0,heavy,0.9920000000000008
copper,heavily_coated,0.524513588267495,1.0897868706590117,1.0897868706590117,0.012,0.07657898388705425,0.08857898388705425,8900.0,,2070.231287828703,0.18337898388705426,1.7053350173816004,1.6965602055604168,2.177873771825058e-07,1.00-1.50,1.00-1.50,1.6666666666666667e-05,pneumatic_feed,-0.00048319096792853207,0.0,0.0,0.0,heavy,0.5580000000000004
copper,partial,0.07645584286769926,1.1642644046835409,1.1642644046835409,0.012,0.011162553058684091,0.02316255305868409,8900.0,,5092.813074613017,0.11796255305868408,1.446496600698601,1.3607131339151193,1.5989960951005964e-07,1.00-1.50,1.00-1.50,1.6666666666666667e-05,pneumatic_feed,-0.02044073648820574,0.0,0.0,0.0,heavy,0.7660000000000006
copper,partial,0.09544667710291355,1.2336516909090398,1.2336516909090398,0.012,0.013935214857025379,0.02593521485702538,8900.0,,4655.26179453726,0.12073521485702537,1.4617955466989048,1.376611758047951,1.8374650025152648e-07,1.00-1.50,1.00-1.50,1.6666666666666667e-05,pneumatic_feed,0.008369597572081404,0.0,0.0,0.0,heavy,0.7560000000000006
aluminum,partial,0.08025823773377849,1.0855652659528057,1.0855652659528057,0.0218,0.012616594971749981,0.03441659497174998,2700.0,,2462.069780502721,0.08473605842774752,1.2121247980767502,1.153263704918318,9.98573730050498e-08,1.00-1.50,1.00-1.50,1.6666666666666667e-05,pneumatic_feed,0.004601488276959559,0.0,0.0,0.0,heavy,1.404000000000001
other_light,unresolved_nonmetal,,1.4396910139821153,0.1283960647958019,,,,,,1100.0,,0.3596438385812977,,1.718696487231134e-06,1.00-1.50,1.00-1.50,1.6666666666666667e-05,pneumatic_feed,-0.011580282288465697,2.25,0.0,0.0,light,3.447999999999842
aluminum,partial,0.06054887108837265,1.3042444755343248,1.3042444755343248,0.0218,0.009518282535092182,0.03131828253509218,2700.0,,2502.74137605648,0.07838156152760223,1.174318577237198,1.1091785202289326,1.3333124148299676e-07,1.00-1.50,1.00-1.50,1.6666666666666667e-05,pneumatic_feed,-0.030596890562622565,0.0,0.0,0.0,heavy,1.5500000000000012
separator,film,,1.4082463245861307,1.4082463245861307,,,0.0139,,,900.0,0.01251,0.4754035004746662,0.44312183426231666,2.4809302960986425e-08,1.00-1.50,1.00-1.50,1.6666666666666667e-05,pneumatic_feed,0.019867341757491257,2.25,0.0,0.0,light,4.415999999999736
aluminum,partial,0.10675366881635706,1.141240463176966,1.141240463176966,0.0218,0.01678167673793133,0.03858167673793133,2700.0,,2417.6878313682923,0.09327845036308169,1.2692429866022141,1.2099994036770971,1.214886329649393e-07,1.00-1.50,1.00-1.50,1.6666666666666667e-05,pneumatic_feed,-0.012166626297277145,0.0,0.0,0.0,heavy,1.1340000000000008
separator,film,,1.421644912755923,1.421644912755923,,,0.0139,,,900.0,0.01251,0.47544687513248146,0.44312183426231666,2.52836389671396e-08,1.00-1.50,1.00-1.50,1.6666666666666667e-05,pneumatic_feed,-0.006382093111829162,2.25,0.0,0.0,light,4.419999999999735
copper,partial,0.17605693923227128,1.4206214068761356,1.4206214068761356,0.012,0.0257043131279116,0.0377043131279116,8900.0,,3514.3012068245803,0.1325043131279116,1.5232772031853639,1.4421469061283947,2.674155911764772e-07,1.00-1.50,1.00-1.50,1.6666666666666667e-05,pneumatic_feed,0.006777083209850473,0.0,0.0,0.0,heavy,0.7060000000000005
aluminum,heavily_coated,0.29792706644596806,1.323164008112495,1.323164008112495,0.0218,0.04683413484530617,0.06863413484530617,2700.0,,2257.1081553224976,0.15491466549284455,1.6086658899814086,1.559339792853273,2.712188633193706e-07,1.00-1.50,1.00-1.50,1.6666666666666667e-05,pneumatic_feed,-0.008199220228112501,0.0,0.0,0.0,heavy,0.6160000000000004
aluminum,heavily_coated,0.3592415392678035,1.0692969370273415,1.0692969370273415,0.0218,0.05647276997289871,0.07827276997289871,2700.0,,2231.7220246046622,0.1746830646753325,1.6761364469081608,1.6558458210666895,1.9973190685548918e-07,1.00-1.50,1.00-1.50,1.6666666666666667e-05,pneumatic_feed,0.010650204926584455,0.0,0.0,0.0,heavy,0.5760000000000004
aluminum,partial,0.109447360593664,1.3788935057427976,1.3788935057427976,0.0218,0.017205125085323986,0.039005125085323986,2700.0,,2413.7064891615178,0.09414692352900321,1.2817814301116697,1.2156192297389978,1.790059988720914e-07,1.00-1.50,1.00-1.50,1.6666666666666667e-05,pneumatic_feed,-0.03309779809067215,0.0,0.0,0.0,heavy,1.1740000000000008
aluminum,heavily_coated,0.3598109338785678,1.042245937227194,1.042245937227194,0.0218,0.05656227880571087,0.07836227880571087,2700.0,,2231.515543662892,0.17486664319178902,1.6741195706643142,1.6567156761310375,1.899535415122879e-07,1.00-1.50,1.00-1.50,1.6666666666666667e-05,pneumatic_feed,0.017285285987316996,0.0,0.0,0.0,heavy,0.5780000000000004
aluminum,partial,0.2636780759651083,1.3005235940842368,1.3005235940842368,0.0218,0.041450193541715016,0.06325019354171502,2700.0,,2274.6562566171947,0.14387244847191055,1.5548433903819516,1.502738151247618,2.4334033734382244e-07,1.00-1.50,1.00-1.50,1.6666666666666667e-05,pneumatic_feed,-0.008259140282610457,0.0,0.0,0.0,heavy,0.6580000000000005
copper,partial,0.2769804450316169,1.3995973478830392,1.3995973478830392,0.012,0.040439144974616065,0.05243914497461606,8900.0,,2807.8097964009394,0.14723914497461607,1.589266784370316,1.5202189380222753,2.884227467923568e-07,1.00-1.50,1.00-1.50,1.6666666666666667e-05,pneumatic_feed,-0.017901226496840554,0.0,0.0,0.0,heavy,0.6300000000000004
copper,partial,0.0959795347004544,1.1293362252701111,1.1293362252701111,0.012,0.014013012066266341,0.02601301206626634,8900.0,,4644.32998987213,0.12081301206626634,1.4594524895988863,1.3770552049181313,1.5408495300599306e-07,1.00-1.50,1.00-1.50,1.6666666666666667e-05,pneumatic_feed,0.00539584546157187,0.0,0.0,0.0,heavy,0.7660000000000006
copper,heavily_coated,0.613349088127024,1.1194441800846613,1.1194441800846613,0.012,0.08954896686654551,0.1015489668665455,8900.0,,1933.5397781504275,0.19634896686654552,1.7504303702610473,1.7555322224149856,2.460557430444606e-07,1.00-1.50,1.00-1.50,1.6666666666666667e-05,pneumatic_feed,-0.006507113230484102,0.0,0.0,0.0,heavy,0.5280000000000004
aluminum,partial,0.2566370456741158,1.2243030483918096,1.2243030483918096,0.0218,0.04034334357997101,0.06214334357997101,2700.0,,2278.6406675007192,0.14160234989579168,1.5395518655602614,1.490835498626306,2.1225030463008214e-07,1.00-1.50,1.00-1.50,1.6666666666666667e-05,pneumatic_feed,0.008879906003637614,0.0,0.0,0.0,heavy,0.6740000000000005
copper,partial,0.3410536867953637,1.042303888657758,1.042303888657758,0.012,0.049793838272123095,0.06179383827212309,8900.0,,2534.1335422882594,0.1565938382721231,1.6066510445006885,1.5677681223699007,1.7012313817719354e-07,1.00-1.50,1.00-1.50,1.6666666666666667e-05,pneumatic_feed,0.012580813797193923,0.0,0.0,0.0,heavy,0.6140000000000004
copper,partial,0.2653798126021797,1.254137344864868,1.254137344864868,0.012,0.03874545263991823,0.050745452639918226,8900.0,,2868.1476874920386,0.14554545263991822,1.5757224139145258,1.5114501065652668,2.2892269046970323e-07,1.00-1.50,1.00-1.50,1.6666666666666667e-05,pneumatic_feed,-0.044059505868638896,0.0,0.0,0.0,heavy,0.6600000000000005
separator,film,,1.157254127735683,1.157254127735683,,,0.0139,,,900.0,0.01251,0.4744086100532325,0.44312183426231666,1.6753856323177566e-08,1.00-1.50,1.00-1.50,1.6666666666666667e-05,pneumatic_feed,0.00763652689116495,2.25,0.0,0.0,light,4.409999999999736
copper,partial,0.3699332979981805,1.2993511461928353,1.2993511461928353,0.012,0.054010261507734345,0.06601026150773434,8900.0,,2436.140349010622,0.16081026150773436,1.64061210930936,1.5887346740804138,2.7149811953993524e-07,1.00-1.50,1.00-1.50,1.6666666666666667e-05,pneumatic_feed,0.03068741682580037,0.0,0.0,0.0,heavy,0.5980000000000004
aluminum,partial,0.1481651801909139,1.4519629094386992,1.4519629094386992,0.0218,0.023291566326011662,0.04509156632601166,2700.0,,2364.7423328437735,0.10662993574535255,1.3605462715493093,1.293701461489108,2.24796834982417e-07,1.00-1.50,1.00-1.50,1.6666666666666667e-05,pneumatic_feed,0.02929146852368133,0.0,0.0,0.0,heavy,0.9400000000000007
other_light,unresolved_nonmetal,,1.3352535369091763,0.1604884752619936,,,,,,1100.0,,0.5013389371191033,,1.3711422666877487e-06,1.00-1.50,1.00-1.50,1.6666666666666667e-05,pneumatic_feed,0.01647918343019375,2.25,0.0,0.0,light,4.775999999999696
aluminum,partial,0.1092764932250429,1.2974081812570013,1.2974081812570013,0.0218,0.017178264734976745,0.038978264734976745,2700.0,,2413.956465749327,0.09409183418068609,1.2792821301033863,1.215263522574445,1.5838177248313027e-07,1.00-1.50,1.00-1.50,1.6666666666666667e-05,pneumatic_feed,0.030444296881243577,0.0,0.0,0.0,heavy,1.1580000000000008
aluminum,partial,0.15838187013554972,1.4567607990313824,1.4567607990313824,0.0218,0.024897629985308416,0.046697629985308416,2700.0,,2353.9502708164387,0.1099238987504026,1.3801004579302742,1.3135316953870277,2.3327522439441726e-07,1.00-1.50,1.00-1.50,1.6666666666666667e-05,pneumatic_feed,0.020177532749876145,0.0,0.0,0.0,heavy,0.9080000000000007
aluminum,partial,0.12346094576479649,1.0020705971087678,1.0020705971087678,0.0218,0.019408060674226013,0.04120806067422601,2700.0,,2394.314168386455,0.09866504352402804,1.2965187332958805,1.2444462717020548,9.907405764552577e-08,1.00-1.50,1.00-1.50,1.6666666666666667e-05,pneumatic_feed,0.016543421930458355,0.0,0.0,0.0,heavy,1.0800000000000007
separator,film,,1.090009572201562,1.090009572201562,,,0.0139,,,900.0,0.01251,0.4740656962912502,0.44312183426231666,1.4863392052312809e-08,1.00-1.50,1.00-1.50,1.6666666666666667e-05,pneumatic_feed,0.033012161130836895,2.25,0.0,0.0,light,4.407999999999737
aluminum,heavily_coated,0.3724605526241819,1.1243450528795584,1.1243450528795584,0.0218,0.05855079887252139,0.08035079887252139,2700.0,,2227.0470148711693,0.17894500677156247,1.6990339066292905,1.6759238724615282,2.262136520417144e-07,1.00-1.50,1.00-1.50,1.6666666666666667e-05,pneumatic_feed,-0.03811487410906074,0.0,0.0,0.0,heavy,0.5600000000000004
other_light,unresolved_nonmetal,,1.1354640430394818,0.09352199018679191,,,,,,1100.0,,0.21744592486800002,,8.431628538381137e-07,1.00-1.50,1.00-1.50,1.6666666666666667e-05,pneumatic_feed,0.03374766268772673,2.25,0.0,0.0,light,2.7619999999999174
copper,partial,0.4731870402510501,1.391413772089058,1.391413772089058,0.012,0.0690853078766533,0.0810853078766533,8900.0,,2169.1390522215124,0.1758853078766533,1.7042145333435819,1.6615341683010767,3.405196345343491e-07,1.00-1.50,1.00-1.50,1.6666666666666667e-05,pneumatic_feed,-0.005950006351820766,0.0,0.0,0.0,heavy,0.5540000000000004
aluminum,partial,0.15265916415881176,1.362820619046403,1.362820619046403,0.0218,0.02399802060576521,0.04579802060576521,2700.0,,2359.9020151285135,0.1080788411164425,1.3664815541103934,1.3024613200259276,2.0073267431926242e-07,1.00-1.50,1.00-1.50,1.6666666666666667e-05,pneumatic_feed,0.013368443749256366,0.0,0.0,0.0,heavy,0.8940000000000007
aluminum,partial,0.2602072148098822,1.2765400150960484,1.2765400150960484,0.0218,0.04090457416811348,0.06270457416811348,2700.0,,2276.6027840987563,0.1427534081268541,1.5480991675324682,1.4968825919086313,2.3262444577583306e-07,1.00-1.50,1.00-1.50,1.6666666666666667e-05,pneumatic_feed,0.017258976906053502,0.0,0.0,0.0,heavy,0.6580000000000005
aluminum,partial,0.10678991610314781,1.3300327691293858,1.3300327691293858,0.0218,0.016787374811414832,0.03858737481141483,2700.0,,2417.6336769926884,0.09329013685081589,1.275061449976859,1.2100751993204415,1.6502905489284726e-07,1.00-1.50,1.00-1.50,1.6666666666666667e-05,pneumatic_feed,-0.01452045053617792,0.0,0.0,0.0,heavy,1.0780000000000007
aluminum,partial,0.11304348433326933,1.2757490258524165,1.2757490258524165,0.0218,0.017770435737189935,0.039570435737189935,2700.0,,2408.524142035578,0.09530634978388935,1.2863296574659597,1.2230815451996353,1.5511447498379697e-07,1.00-1.50,1.00-1.50,1.6666666666666667e-05,pneumatic_feed,-0.005350956259268125,0.0,0.0,0.0,heavy,1.0640000000000007
copper,partial,0.053112086024020684,1.3466919009154505,1.3466919009154505,0.012,0.00775436455950702,0.01975436455950702,8900.0,,5798.939480661573,0.11455436455950702,1.4326863727329022,1.3409121172269354,2.0775339862859782e-07,1.00-1.50,1.00-1.50,1.6666666666666667e-05,pneumatic_feed,0.018036118170896523,0.0,0.0,0.0,heavy,0.8080000000000006
aluminum,partial,0.08718833134082671,1.045047746321908,1.045047746321908,0.0218,0.013706005686777961,0.03550600568677796,2700.0,,2449.4557533398565,0.08697038990759594,1.2253851404504499,1.1683694792271946,9.498251899603679e-08,1.00-1.50,1.00-1.50,1.6666666666666667e-05,pneumatic_feed,0.02502747214896764,0.0,0.0,0.0,heavy,1.306000000000001
copper,partial,0.14436943140058345,1.0643472179333462,1.0643472179333462,0.012,0.021077936984485183,0.03307793698448518,8900.0,,3865.9586613416923,0.12787793698448519,1.4900652316689735,1.4167470130226072,1.4486460278505404e-07,1.00-1.50,1.00-1.50,1.6666666666666667e-05,pneumatic_feed,0.008250871734114696,0.0,0.0,0.0,heavy,0.7560000000000006
aluminum,bare_like,0.009429839472538082,1.1130212818328196,1.1130212818328196,0.0218,0.0014823707650829868,0.023282370765082987,2700.0,,2658.6757495149086,0.06190027454434101,1.046688609738518,0.985690980605979,7.668307364903561e-08,1.00-1.50,1.00-1.50,1.6666666666666667e-05,pneumatic_feed,0.03218999771970087,0.0,0.0,0.0,heavy,3.2959999999998586
aluminum,bare_like,0.03603534273120625,1.1428667235845715,1.1428667235845715,0.0218,0.005664755877345624,0.027464755877345624,2700.0,,2566.130759170603,0.07047815484996821,1.11352763343818,1.051772370109189,9.205464360608127e-08,1.00-1.50,1.00-1.50,1.6666666666666667e-05,pneumatic_feed,0.026361353332651657,0.0,0.0,0.0,heavy,2.0799999999999925
aluminum,partial,0.19321875297761243,1.4457150523011866,1.4457150523011866,0.0218,0.030373987968080676,0.052173987968080676,2700.0,,2322.1467797637665,0.12115565814751203,1.443428338381456,1.3790066026975176,2.532264733572646e-07,1.00-1.50,1.00-1.50,1.6666666666666667e-05,pneumatic_feed,0.021222800695495845,0.0,0.0,0.0,heavy,0.7860000000000006
separator,film,,1.0495530156724902,1.0495530156724902,,,0.0139,,,900.0,0.01251,0.47383862725094905,0.44312183426231666,1.37805347741673e-08,1.00-1.50,1.00-1.50,1.6666666666666667e-05,pneumatic_feed,0.019082025567604546,2.25,0.0,0.0,light,4.403999999999737
copper,partial,0.08767917243811085,1.250428483067636,1.250428483067636,0.012,0.012801159175964184,0.024801159175964184,8900.0,,4822.401982399054,0.11960115917596417,1.4565835536377292,1.3701313055418936,1.8700495084988782e-07,1.00-1.50,1.00-1.50,1.6666666666666667e-05,pneumatic_feed,-0.01684867086186458,0.0,0.0,0.0,heavy,0.7580000000000006
aluminum,partial,0.12458615521728028,1.155075403168944,1.155075403168944,0.0218,0.01958494360015646,0.04138494360015646,2700.0,,2392.846617368084,0.09902782230360332,1.3053008791019216,1.2467320076413206,1.3212284000843219e-07,1.00-1.50,1.00-1.50,1.6666666666666667e-05,pneumatic_feed,0.009394155356096483,0.0,0.0,0.0,heavy,1.0300000000000007
copper,partial,0.33572788517620944,1.4101096575908174,1.4101096575908174,0.012,0.04901627123572658,0.061016271235726574,8900.0,,2553.683928566454,0.15581627123572658,1.6261111483847248,1.563870900463323,3.098265144695026e-07,1.00-1.50,1.00-1.50,1.6666666666666667e-05,pneumatic_feed,-0.011290645483551449,0.0,0.0,0.0,heavy,0.6060000000000004
separator,film,,1.4636791926601187,1.4636791926601187,,,0.0139,,,900.0,0.01251,0.47557786938809077,0.44312183426231666,2.6800883305617473e-08,1.00-1.50,1.00-1.50,1.6666666666666667e-05,pneumatic_feed,0.021123953133623648,2.25,0.0,0.0,light,4.421999999999735
copper,heavily_coated,0.5722190685330986,1.3991490681261227,1.3991490681261227,0.012,0.08354398400583239,0.09554398400583239,8900.0,,1992.2131779036245,0.1903439840058324,1.75714939537054,1.7284788610091666,3.726208311402897e-07,1.00-1.50,1.00-1.50,1.6666666666666667e-05,pneumatic_feed,0.03385979898233189,0.0,0.0,0.0,heavy,0.5420000000000004
aluminum,partial,0.25457568400818753,1.2127426581102083,1.2127426581102083,0.0218,0.04001929752608708,0.06181929752608708,2700.0,,2279.83416054842,0.14093774628107975,1.535632923099369,1.4873328025791093,2.072834510962614e-07,1.00-1.50,1.00-1.50,1.6666666666666667e-05,pneumatic_feed,-0.02646418639810752,0.0,0.0,0.0,heavy,0.7000000000000005
aluminum,partial,0.07735331120593414,1.2488502214917339,1.2488502214917339,0.0218,0.012159940521572848,0.03395994052157285,2700.0,,2467.597992778348,0.08379948106590523,1.2105541131260045,1.146872553865707,1.3069592284177113e-07,1.00-1.50,1.00-1.50,1.6666666666666667e-05,pneumatic_feed,-0.03406526594252654,0.0,0.0,0.0,heavy,1.434000000000001
separator,film,,1.2631511113171456,1.2631511113171456,,,0.0139,,,900.0,0.01251,0.47487580552534975,0.44312183426231666,1.996033963257197e-08,1.00-1.50,1.00-1.50,1.6666666666666667e-05,pneumatic_feed,-0.03417663672400445,2.25,0.0,0.0,light,4.4179999999997355
copper,partial,0.17925960592433354,1.4623778490503618,1.4623778490503618,0.012,0.026171902464952695,0.038171902464952695,8900.0,,3483.502101762941,0.1329719024649527,1.5265954523919898,1.4446892333958532,2.843669255065604e-07,1.00-1.50,1.00-1.50,1.6666666666666667e-05,pneumatic_feed,-0.03513347232665756,0.0,0.0,0.0,heavy,0.7260000000000005
separator,film,,1.0320242182820971,1.0320242182820971,,,0.0139,,,900.0,0.01251,0.473734825008685,0.44312183426231666,1.332407557888088e-08,1.00-1.50,1.00-1.50,1.6666666666666667e-05,pneumatic_feed,-0.006849875163457148,2.25,0.0,0.0,light,4.405999999999737
copper,heavily_coated,0.4952830251863798,1.0735361342275644,1.0735361342275644,0.012,0.07231132167721145,0.08431132167721145,8900.0,,2124.4041501679308,0.17911132167721144,1.6893806490386678,1.6767025094051453,2.0642218582490924e-07,1.00-1.50,1.00-1.50,1.6666666666666667e-05,pneumatic_feed,0.016897948508160825,0.0,0.0,0.0,heavy,0.5560000000000004
copper,partial,0.13387280917372468,1.4596619630120706,1.4596619630120706,0.012,0.019545430139363797,0.0315454301393638,8900.0,,4005.1896449401825,0.1263454301393638,1.4944976716176215,1.4082321795312924,2.691932217907971e-07,1.00-1.50,1.00-1.50,1.6666666666666667e-05,pneumatic_feed,0.009408543602045185,0.0,0.0,0.0,heavy,0.7340000000000005
separator,film,,1.2964308675150098,1.2964308675150098,,,0.0139,,,900.0,0.01251,0.47500711495778497,0.44312183426231666,2.102596975801397e-08,1.00-1.50,1.00-1.50,1.6666666666666667e-05,pneumatic_feed,-0.022526473599398904,2.25,0.0,0.0,light,4.413999999999736
aluminum,heavily_coated,0.2927561583684591,1.2026568081872753,1.2026568081872753,0.0218,0.046021268095521775,0.06782126809552178,2700.0,,2259.578998194724,0.1532475130195749,1.5934723325533515,1.5509264857997778,2.2165465865908937e-07,1.00-1.50,1.00-1.50,1.6666666666666667e-05,pneumatic_feed,0.012895400213969994,0.0,0.0,0.0,heavy,0.6480000000000005
aluminum,partial,0.21094348636819174,1.0515014561455953,1.0515014561455953,0.0218,0.033160316057079746,0.054960316057079746,2700.0,,2308.398105065588,0.1268702894399687,1.4552777764562002,1.4111541599165376,1.4027480948933406e-07,1.00-1.50,1.00-1.50,1.6666666666666667e-05,pneumatic_feed,-0.016231648337410937,0.0,0.0,0.0,heavy,0.7540000000000006
copper,partial,0.3355187702213071,1.2199466646290753,1.2199466646290753,0.012,0.04898574045231084,0.06098574045231084,8900.0,,2554.461736414121,0.15578574045231083,1.6159882896399795,1.5637176798065153,2.3185122284016278e-07,1.00-1.50,1.00-1.50,1.6666666666666667e-05,pneumatic_feed,0.012072778578167616,0.0,0.0,0.0,heavy,0.6140000000000004
aluminum,partial,0.10210217103757407,1.162233779372043,1.162233779372043,0.0218,0.016050461287106646,0.037850461287106646,2700.0,,2424.7725877910952,0.09177876096422426,1.260463996767861,1.2002330740712257,1.2397359003543204e-07,1.00-1.50,1.00-1.50,1.6666666666666667e-05,pneumatic_feed,0.015407678505125933,0.0,0.0,0.0,heavy,1.2120000000000009
aluminum,partial,0.05984229281354153,1.4339709291227152,1.4339709291227152,0.0218,0.009407208430288728,0.03120720843028873,2700.0,,2504.3493973706527,0.07815375362601393,1.1751363778614081,1.1075654910270158,1.6070542416664133e-07,1.00-1.50,1.00-1.50,1.6666666666666667e-05,pneumatic_feed,-0.021527920062337325,0.0,0.0,0.0,heavy,1.5640000000000012
copper,partial,0.45328704406357073,1.162548686826513,1.162548686826513,0.012,0.06617990843328132,0.07817990843328132,8900.0,,2212.5877594356903,0.17297990843328132,1.6766684745890574,1.6477538174037965,2.3378571057568857e-07,1.00-1.50,1.00-1.50,1.6666666666666667e-05,pneumatic_feed,0.0075359421219365775,0.0,0.0,0.0,heavy,0.5640000000000004
aluminum,partial,0.19706982728253603,1.3175197950744304,1.3175197950744304,0.0218,0.03097937684881466,0.05277937684881466,2700.0,,2319.0361524117025,0.12239728301416244,1.4454616717638298,1.3860547442977473,2.1246435313183033e-07,1.00-1.50,1.00-1.50,1.6666666666666667e-05,pneumatic_feed,0.006043251949870477,0.0,0.0,0.0,heavy,0.7720000000000006
aluminum,partial,0.23978629517459937,1.3255779507852896,1.3255779507852896,0.0218,0.037694405601447024,0.059494405601447024,2700.0,,2288.7782145340175,0.13616949942724257,1.5178498403492187,1.4619563820476995,2.392711759794423e-07,1.00-1.50,1.00-1.50,1.6666666666666667e-05,pneumatic_feed,0.019716810413393394,0.0,0.0,0.0,heavy,0.6860000000000005
copper,partial,0.08717932875315937,1.3297910331780993,1.3297910331780993,0.012,0.012728181997961267,0.024728181997961268,8900.0,,4833.682557327338,0.11952818199796127,1.4578773774170903,1.3697132344545702,2.113669664069563e-07,1.00-1.50,1.00-1.50,1.6666666666666667e-05,pneumatic_feed,0.011196091248366541,0.0,0.0,0.0,heavy,0.7640000000000006
copper,heavily_coated,0.5808529114440012,1.0224204024889179,1.0224204024889179,0.012,0.08480452507082417,0.09680452507082417,8900.0,,1979.2930643546092,0.19160452507082418,1.723386863831476,1.7341927878732677,2.002925409112251e-07,1.00-1.50,1.00-1.50,1.6666666666666667e-05,pneumatic_feed,-0.020486593101943687,0.0,0.0,0.0,heavy,0.5420000000000004
other_light,unresolved_nonmetal,,1.0272808593799723,0.1337166451034759,,,,,,1100.0,,0.3825837119510634,,6.243942518400712e-07,1.00-1.50,1.00-1.50,1.6666666666666667e-05,pneumatic_feed,0.013273010945073585,2.25,0.0,0.0,light,3.617999999999823
other_light,unresolved_nonmetal,,1.061802816719489,0.17812649085969,,,,,,1100.0,,0.5817901128041826,,6.894819904949681e-07,1.00-1.50,1.00-1.50,1.6666666666666667e-05,pneumatic_feed,0.009103979809657178,2.25,0.0,0.0,light,6.143999999999545
separator,film,,1.4315790582148926,1.4315790582148926,,,0.0139,,,900.0,0.01251,0.47547851783843464,0.44312183426231666,2.5638226684992183e-08,1.00-1.50,1.00-1.50,1.6666666666666667e-05,pneumatic_feed,0.020460903858343222,2.25,0.0,0.0,light,4.4179999999997355
copper,partial,0.14576615221581624,1.1655522720605087,1.1655522720605087,0.012,0.021281858223509167,0.03328185822350917,8900.0,,3848.3986489984063,0.12808185822350918,1.4948074904100521,1.4178761746627242,1.7400075404692513e-07,1.00-1.50,1.00-1.50,1.6666666666666667e-05,pneumatic_feed,0.014999987658368399,0.0,0.0,0.0,heavy,0.7360000000000005
aluminum,partial,0.24056035118935656,1.0285224877929982,1.0285224877929982,0.0218,0.03781608720696685,0.05961608720696685,2700.0,,2288.2927950866633,0.13641906282696045,1.5013257436775675,1.4632954623492727,1.4431206625068512e-07,1.00-1.50,1.00-1.50,1.6666666666666667e-05,pneumatic_feed,-0.033211914458960726,0.0,0.0,0.0,heavy,0.7220000000000005
copper,heavily_coated,0.5754463930349958,1.2486214213795772,1.2486214213795772,0.012,0.08401517338310938,0.09601517338310937,8900.0,,1987.3439442924223,0.19081517338310938,1.7461440234509624,1.7306169308721342,2.9749143675514514e-07,1.00-1.50,1.00-1.50,1.6666666666666667e-05,pneumatic_feed,-0.01663099854535329,0.0,0.0,0.0,heavy,0.5380000000000004
aluminum,partial,0.19613174384624854,1.2641718459000164,1.2641718459000164,0.0218,0.030831910132630272,0.05263191013263027,2700.0,,2319.7872778281267,0.12209483553346898,1.4415757781182814,1.3843411929626774,1.9512347518222767e-07,1.00-1.50,1.00-1.50,1.6666666666666667e-05,pneumatic_feed,0.0042052058321989235,0.0,0.0,0.0,heavy,0.7800000000000006
other_light,unresolved_nonmetal,,1.1130392348010307,0.16572272090956075,,,,,,1100.0,,0.525068632496297,,7.941869163835928e-07,1.00-1.50,1.00-1.50,1.6666666666666667e-05,pneumatic_feed,-0.02323667745139305,2.25,0.0,0.0,light,5.093999999999661
aluminum,partial,0.19349714551556896,1.228826068775545,1.228826068775545,0.0218,0.030417751275047443,0.05221775127504744,2700.0,,2321.9194952888065,0.12124541468567458,1.4354130230614701,1.3795173173637032,1.8308221387384461e-07,1.00-1.50,1.00-1.50,1.6666666666666667e-05,pneumatic_feed,0.0149156099910391,0.0,0.0,0.0,heavy,0.7980000000000006
aluminum,partial,0.25084589766455806,1.0101259774200808,1.0101259774200808,0.0218,0.03943297511286853,0.06123297511286853,2700.0,,2282.0257485196703,0.13973522586603015,1.5158586750194345,1.4809740393380328,1.4257946515974177e-07,1.00-1.50,1.00-1.50,1.6666666666666667e-05,pneumatic_feed,-0.019219142905147948,0.0,0.0,0.0,heavy,0.7240000000000005
copper,partial,0.46326122730923064,1.142231352428303,1.142231352428303,0.012,0.06763613918714767,0.07963613918714767,8900.0,,2190.414313999034,0.17443613918714768,1.6800511678905201,1.6546750861366923,2.2758551597987251e-07,1.00-1.50,1.00-1.50,1.6666666666666667e-05,pneumatic_feed,-0.010223799716799894,0.0,0.0,0.0,heavy,0.5600000000000004
aluminum,partial,0.13195123769868783,1.0320857007401645,1.0320857007401645,0.0218,0.020742734566233725,0.042542734566233725,2700.0,,2383.542091977258,0.10140239854643394,1.3142613626220079,1.2615910778001038,1.0801392555217784e-07,1.00-1.50,1.00-1.50,1.6666666666666667e-05,pneumatic_feed,-0.008824795075484716,0.0,0.0,0.0,heavy,1.0260000000000007
aluminum,partial,0.12162777700230448,1.4222423453646587,1.4222423453646587,0.0218,0.019119886544762266,0.040919886544762266,2700.0,,2396.732245971157,0.098074011583313,1.3076400338703373,1.2407133777837978,1.983814909707381e-07,1.00-1.50,1.00-1.50,1.6666666666666667e-05,pneumatic_feed,-0.024969532052942667,0.0,0.0,0.0,heavy,1.0220000000000007
other_light,unresolved_nonmetal,,1.166374118881173,0.18639019450044675,,,,,,1100.0,,0.6198918804198762,,9.139131589243154e-07,1.00-1.50,1.00-1.50,1.6666666666666667e-05,pneumatic_feed,0.02180470371047878,2.25,0.0,0.0,light,7.407999999999406
aluminum,heavily_coated,0.2774895065253232,1.2114073522663285,1.2114073522663285,0.0218,0.04362135042578082,0.06542135042578082,2700.0,,2267.232193060606,0.14832539179882945,1.571050392851773,1.5258162896215348,2.176686654165809e-07,1.00-1.50,1.00-1.50,1.6666666666666667e-05,pneumatic_feed,0.016082613343170255,0.0,0.0,0.0,heavy,0.6600000000000005
copper,partial,0.18439723779642958,1.4510297610526963,1.4510297610526963,0.012,0.026921996718278714,0.038921996718278715,8900.0,,3435.640717154668,0.13372199671827872,1.5298434227129545,1.4487582477729344,2.815499748419497e-07,1.00-1.50,1.00-1.50,1.6666666666666667e-05,pneumatic_feed,0.014949597631713888,0.0,0.0,0.0,heavy,0.6980000000000005
aluminum,partial,0.16669967494347732,1.4293453307887496,1.4293453307887496,0.0218,0.02620518890111463,0.04800518890111463,2700.0,,2345.697304316033,0.11260564219852652,1.3948288736812406,1.3294578443666698,2.3005648837531212e-07,1.00-1.50,1.00-1.50,1.6666666666666667e-05,pneumatic_feed,0.035780572886519174,0.0,0.0,0.0,heavy,0.8400000000000006
aluminum,partial,0.2010677874823208,1.492694810168512,1.492694810168512,0.0218,0.03160785619222083,0.05340785619222083,2700.0,,2315.881485993641,0.12368626536217506,1.4588448227320845,1.3933339948213062,2.7559004273714973e-07,1.00-1.50,1.00-1.50,1.6666666666666667e-05,pneumatic_feed,-0.002125782315354126,0.0,0.0,0.0,heavy,0.7800000000000006
other_light,unresolved_nonmetal,,1.1432016312409876,0.13824977909149366,,,,,,1100.0,,0.40232552830224194,,8.605177121782788e-07,1.00-1.50,1.00-1.50,1.6666666666666667e-05,pneumatic_feed,-0.00036377254543526667,2.25,0.0,0.0,light,3.789999999999804
copper,heavily_coated,0.686698027425134,1.4039675841229677,1.4039675841229677,0.012,0.10025791200406955,0.11225791200406955,8900.0,,1844.4839059233825,0.20705791200406956,1.8140962138269372,1.8027703644158,4.081370220921982e-07,1.00-1.50,1.00-1.50,1.6666666666666667e-05,pneumatic_feed,0.026090555216674628,0.0,0.0,0.0,heavy,0.5040000000000003
aluminum,partial,0.184376809294241,1.349061827722332,1.349061827722332,0.0218,0.028984034421054683,0.05078403442105468,2700.0,,2329.5692914761394,0.11830492708455623,1.4242823563980476,1.3626863672610785,2.153111596518867e-07,1.00-1.50,1.00-1.50,1.6666666666666667e-05,pneumatic_feed,0.031095758353967606,0.0,0.0,0.0,heavy,0.7920000000000006
other_light,unresolved_nonmetal,,1.0021893210286485,0.09066844650876282,,,,,,1100.0,,0.20661575795166942,,5.797498163032002e-07,1.00-1.50,1.00-1.50,1.6666666666666667e-05,pneumatic_feed,-0.0173760378813393,2.25,0.0,0.0,light,2.681999999999926
aluminum,heavily_coated,0.3790999444101039,1.1885921223940308,1.1885921223940308,0.0218,0.05959451126126834,0.08139451126126834,2700.0,,2224.788997085991,0.1810856130772616,1.7136465261054383,1.6859180830813514,2.5582892322900144e-07,1.00-1.50,1.00-1.50,1.6666666666666667e-05,pneumatic_feed,-0.013460148953168542,0.0,0.0,0.0,heavy,0.5780000000000004
aluminum,heavily_coated,0.38416615875717264,1.1175392892417562,1.1175392892417562,0.0218,0.060390920156627545,0.08219092015662754,2700.0,,2223.104582558519,0.18271901124490003,1.7137375045979626,1.6935045321757929,2.2819668834079756e-07,1.00-1.50,1.00-1.50,1.6666666666666667e-05,pneumatic_feed,-0.015065767075723687,0.0,0.0,0.0,heavy,0.5560000000000004
aluminum,partial,0.2678801101222915,1.2484449558863437,1.2484449558863437,0.0218,0.04211075331122423,0.06391075331122423,2700.0,,2272.344148367638,0.145227226304528,1.5585175349563032,1.5097968552344623,2.2635330542529475e-07,1.00-1.50,1.00-1.50,1.6666666666666667e-05,pneumatic_feed,0.0038675893583034987,0.0,0.0,0.0,heavy,0.6720000000000005
aluminum,partial,0.12791054249585743,1.0587862269511932,1.0587862269511932,0.0218,0.020107537280348788,0.04190753728034879,2700.0,,2388.5831643232336,0.1000996380060894,1.3077745313199658,1.2534607764679273,1.1221452446018359e-07,1.00-1.50,1.00-1.50,1.6666666666666667e-05,pneumatic_feed,0.018162560639105,0.0,0.0,0.0,heavy,1.0220000000000007
aluminum,partial,0.12366718223943735,1.151022340221389,1.151022340221389,0.0218,0.019440481048039554,0.041240481048039554,2700.0,,2394.044242859538,0.09873153622581698,1.3033460879405752,1.2448655319352462,1.3080471545821074e-07,1.00-1.50,1.00-1.50,1.6666666666666667e-05,pneumatic_feed,0.03393034589962276,0.0,0.0,0.0,heavy,1.0260000000000007
other_light,unresolved_nonmetal,,1.139854736022817,0.18649346380255544,,,,,,1100.0,,0.6203693508626991,,8.529819312233824e-07,1.00-1.50,1.00-1.50,1.6666666666666667e-05,pneumatic_feed,0.03212644931614575,2.25,0.0,0.0,light,7.427999999999404
aluminum,bare_like,0.03406893068635145,1.0353747956818538,1.0353747956818538,0.0218,0.00535563590389445,0.02715563590389445,2700.0,,2571.9951537783754,0.06984416394258658,1.1061927390906492,1.0470310392929327,7.487301132300306e-08,1.00-1.50,1.00-1.50,1.6666666666666667e-05,pneumatic_feed,-0.03472916317121582,0.0,0.0,0.0,heavy,2.2359999999999753
other_light,unresolved_nonmetal,,1.2206318203351063,0.13587885096209734,,,,,,1100.0,,0.3919785271604253,,1.0474791070242125e-06,1.00-1.50,1.00-1.50,1.6666666666666667e-05,pneumatic_feed,-0.00627816527936429,2.25,0.0,0.0,light,3.663999999999818
copper,partial,0.1329622145645093,1.2287978549150824,1.2287978549150824,0.012,0.019412483326418355,0.031412483326418356,8900.0,,4017.9084860913185,0.12621248332641835,1.4880850883243335,1.407491079293742,1.905738031583069e-07,1.00-1.50,1.00-1.50,1.6666666666666667e-05,pneumatic_feed,0.008010708843647766,0.0,0.0,0.0,heavy,0.7220000000000005
other_light,unresolved_nonmetal,,1.373833370769334,0.08112711706897013,,,,,,1100.0,,0.1715550212517959,,1.4934596429024993e-06,1.00-1.50,1.00-1.50,1.6666666666666667e-05,pneumatic_feed,-0.03273443978933129,2.25,0.0,0.0,light,2.5799999999999375
aluminum,heavily_coated,0.2726958919339959,1.0586386901449691,1.0586386901449691,0.0218,0.04286779421202415,0.06466779421202415,2700.0,,2269.75242169537,0.14677988251843962,1.5529509335242078,1.5178461832509342,1.6449854465573313e-07,1.00-1.50,1.00-1.50,1.6666666666666667e-05,pneumatic_feed,-0.0005386628876769263,0.0,0.0,0.0,heavy,0.6920000000000005
copper,partial,0.11405262179320363,1.4008150094943042,1.4008150094943042,0.012,0.01665168278180773,0.02865168278180773,8900.0,,4308.706183924138,0.12345168278180772,1.4789420026638802,1.3920120735623145,2.422471002759016e-07,1.00-1.50,1.00-1.50,1.6666666666666667e-05,pneumatic_feed,-0.002106252434322082,0.0,0.0,0.0,heavy,0.7560000000000006
copper,partial,0.2394211672790083,1.308825994145936,1.308825994145936,0.012,0.034955490422735214,0.04695549042273521,8900.0,,3018.933231162657,0.14175549042273522,1.561728299352124,1.4916414373686635,2.428307674425174e-07,1.00-1.50,1.00-1.50,1.6666666666666667e-05,pneumatic_feed,0.03109435159050615,0.0,0.0,0.0,heavy,0.6420000000000005
copper,partial,0.1060276836449493,1.4910001741175636,1.4910001741175636,0.012,0.015480041812162598,0.027480041812162598,8900.0,,4449.7764103852915,0.1222800418121626,1.4747826928232493,1.3853907522008744,2.71838501121897e-07,1.00-1.50,1.00-1.50,1.6666666666666667e-05,pneumatic_feed,-0.030388893171661595,0.0,0.0,0.0,heavy,0.7520000000000006
copper,heavily_coated,0.5032271873014509,1.338475300954434,1.338475300954434,0.012,0.07347116934601182,0.08547116934601182,8900.0,,2109.1459345340463,0.18027116934601184,1.7167574318350785,1.682122550248644,3.22958707885396e-07,1.00-1.50,1.00-1.50,1.6666666666666667e-05,pneumatic_feed,0.017570695345310035,0.0,0.0,0.0,heavy,0.5540000000000004
aluminum,partial,0.08077065232338937,1.4129575014437088,1.4129575014437088,0.0218,0.012697146545236807,0.034497146545236806,2700.0,,2461.109816843872,0.08490126601558397,1.2217086787280325,1.154387400910373,1.6950103922064664e-07,1.00-1.50,1.00-1.50,1.6666666666666667e-05,pneumatic_feed,0.03802966054281766,0.0,0.0,0.0,heavy,1.304000000000001
copper,bare_like,0.031846223346880864,1.4407492954651266,1.4407492954651266,0.012,0.004649548608644607,0.016649548608644607,8900.0,,6693.848057284804,0.1114495486086446,1.4174500196355548,1.322615633871491,2.3134235145465678e-07,1.00-1.50,1.00-1.50,1.6666666666666667e-05,pneumatic_feed,-0.02049381801323913,0.0,0.0,0.0,heavy,0.8000000000000006
aluminum,heavily_coated,0.3345650045566314,1.1946928280331306,1.1946928280331306,0.0218,0.05259361871630246,0.07439361871630246,2700.0,,2241.147910211381,0.16672710311910352,1.6533631356864085,1.6176985536735358,2.3796808596078248e-07,1.00-1.50,1.00-1.50,1.6666666666666667e-05,pneumatic_feed,0.028326121517039473,0.0,0.0,0.0,heavy,0.5880000000000004
aluminum,partial,0.11616824859490615,1.3072919787128032,1.3072919787128032,0.0218,0.018261648679119252,0.04006164867911925,2700.0,,2404.139824621944,0.0963138050294837,1.2935638749915581,1.2295289682405925,1.6460147915097091e-07,1.00-1.50,1.00-1.50,1.6666666666666667e-05,pneumatic_feed,-0.010530391150082086,0.0,0.0,0.0,heavy,1.0580000000000007
separator,film,,1.3221284994216331,1.3221284994216331,,,0.0139,,,900.0,0.01251,0.47510405508304354,0.44312183426231666,2.186777734997607e-08,1.00-1.50,1.00-1.50,1.6666666666666667e-05,pneumatic_feed,0.016038983267924307,2.25,0.0,0.0,light,4.421999999999735
aluminum,partial,0.1924125409315912,1.2374813515710117,1.2374813515710117,0.0218,0.03024725143444614,0.05204725143444614,2700.0,,2322.807141391958,0.12089572732175433,1.4339167152238546,1.3775265282535418,1.851348925352933e-07,1.00-1.50,1.00-1.50,1.6666666666666667e-05,pneumatic_feed,-0.01612484463505677,0.0,0.0,0.0,heavy,0.7900000000000006
other_light,unresolved_nonmetal,,1.0795805445088422,0.12452476582012964,,,,,,1100.0,,0.34312307983341195,,7.246969868748527e-07,1.00-1.50,1.00-1.50,1.6666666666666667e-05,pneumatic_feed,-0.010151001960009908,2.25,0.0,0.0,light,3.363999999999851
aluminum,partial,0.14260136138327956,1.1529228962781617,1.1529228962781617,0.0218,0.02241693400945155,0.04421693400945155,2700.0,,2370.9492137372986,0.10483610492358317,1.3398811762467027,1.2827733638022585,1.3935142205017446e-07,1.00-1.50,1.00-1.50,1.6666666666666667e-05,pneumatic_feed,0.031395187876046955,0.0,0.0,0.0,heavy,0.9740000000000008
other_light,unresolved_nonmetal,,1.2093236960804419,0.09806362364616128,,,,,,1100.0,,0.23497937573346175,,1.0186359413534075e-06,1.00-1.50,1.00-1.50,1.6666666666666667e-05,pneumatic_feed,0.031276627696769206,2.25,0.0,0.0,light,2.82999999999991
copper,partial,0.4467887555080309,1.1070032001427221,1.1070032001427221,0.012,0.0652311583041725,0.0772311583041725,8900.0,,2227.483856018748,0.1720311583041725,1.6683694178064485,1.6432288522120988,2.1081662977516157e-07,1.00-1.50,1.00-1.50,1.6666666666666667e-05,pneumatic_feed,-0.022892787163483867,0.0,0.0,0.0,heavy,0.5760000000000004
copper,partial,0.45424609167539737,1.0249269547435735,1.0249269547435735,0.012,0.06631992938460801,0.07831992938460801,8900.0,,2210.419886035173,0.17311992938460802,1.66395607943608,1.6484205809261203,1.8185820327465354e-07,1.00-1.50,1.00-1.50,1.6666666666666667e-05,pneumatic_feed,-0.034394271248371626,0.0,0.0,0.0,heavy,0.5800000000000004
aluminum,partial,0.187233449198273,1.1847285452815641,1.1847285452815641,0.0218,0.029433098213968514,0.051233098213968514,2700.0,,2327.127199258636,0.1192259363560152,1.4224257778163925,1.3679803715857968,1.6734334553513466e-07,1.00-1.50,1.00-1.50,1.6666666666666667e-05,pneumatic_feed,-0.02494827379117544,0.0,0.0,0.0,heavy,0.7820000000000006
copper,partial,0.152642434999538,1.2049603992857354,1.2049603992857354,0.012,0.022285795509932548,0.03428579550993255,8900.0,,3764.9934496207497,0.12908579550993254,1.5007921677409448,1.4234221602616355,1.874234827735586e-07,1.00-1.50,1.00-1.50,1.6666666666666667e-05,pneumatic_feed,0.0007607422679172188,0.0,0.0,0.0,heavy,0.7160000000000005
copper,heavily_coated,0.6131731137013782,1.0145773937447045,1.0145773937447045,0.012,0.0895232746004012,0.1015232746004012,8900.0,,1933.776026956733,0.19632327460040122,1.7366247070827636,1.7554173629447494,2.0208875672662946e-07,1.00-1.50,1.00-1.50,1.6666666666666667e-05,pneumatic_feed,0.025470219688414092,0.0,0.0,0.0,heavy,0.5380000000000004
aluminum,partial,0.260985084105566,1.2159236193407423,1.2159236193407423,0.0218,0.04102685522139497,0.06282685522139497,2700.0,,2276.163600144307,0.14300420096647554,1.5458740908835937,1.4981968957282619,2.11427456478056e-07,1.00-1.50,1.00-1.50,1.6666666666666667e-05,pneumatic_feed,-0.008824608063839888,0.0,0.0,0.0,heavy,0.6920000000000005
separator,film,,1.0305464827944046,1.0305464827944046,,,0.0139,,,900.0,0.01251,0.4737259159229403,0.44312183426231666,1.328594592553098e-08,1.00-1.50,1.00-1.50,1.6666666666666667e-05,pneumatic_feed,0.013171829121573261,2.25,0.0,0.0,light,4.403999999999737
separator,film,,1.4809891015320367,1.4809891015320367,,,0.0139,,,900.0,0.01251,0.47562968171828773,0.44312183426231666,2.7438542272896934e-08,1.00-1.50,1.00-1.50,1.6666666666666667e-05,pneumatic_feed,-0.02423626315361615,2.25,0.0,0.0,light,4.4179999999997355
separator,film,,1.0853926780419483,1.0853926780419483,,,0.0139,,,900.0,0.01251,0.474040622842027,0.44312183426231666,1.4737746591993876e-08,1.00-1.50,1.00-1.50,1.6666666666666667e-05,pneumatic_feed,-0.007208374502257038,2.25,0.0,0.0,light,4.409999999999736
copper,partial,0.21105332213021988,1.1864714963460128,1.1864714963460128,0.012,0.030813785031012102,0.0428137850310121,8900.0,,3214.2401082112165,0.1376137850310121,1.5384632414216532,1.4696890725070955,1.937209359514545e-07,1.00-1.50,1.00-1.50,1.6666666666666667e-05,pneumatic_feed,-0.025415747101674525,0.0,0.0,0.0,heavy,0.7100000000000005
aluminum,partial,0.09641324422430742,1.2190794325479188,1.2190794325479188,0.0218,0.015156161992061129,0.03695616199206113,2700.0,,2433.81858997373,0.08994459407035896,1.2504534524965303,1.188179426066768,1.336715778768358e-07,1.00-1.50,1.00-1.50,1.6666666666666667e-05,pneumatic_feed,0.008779076028524433,0.0,0.0,0.0,heavy,1.2320000000000009
aluminum,partial,0.22180434758552317,1.302422966288729,1.302422966288729,0.0218,0.03486764344044425,0.05666764344044425,2700.0,,2300.6416323287726,0.1303719397050485,1.4870623795488103,1.4304957062537593,2.211506492033796e-07,1.00-1.50,1.00-1.50,1.6666666666666667e-05,pneumatic_feed,0.020438169220459063,0.0,0.0,0.0,heavy,0.7360000000000005
other_light,unresolved_nonmetal,,1.4722020331487249,0.1601284231732677,,,,,,1100.0,,0.49971173210455005,,1.837780110238055e-06,1.00-1.50,1.00-1.50,1.6666666666666667e-05,pneumatic_feed,0.012625700515253885,2.25,0.0,0.0,light,4.713999999999703
separator,film,,1.1429543452585489,1.1429543452585489,,,0.0139,,,900.0,0.01251,0.47433900606298723,0.44312183426231666,1.6342371388170928e-08,1.00-1.50,1.00-1.50,1.6666666666666667e-05,pneumatic_feed,-0.0035857143351652756,2.25,0.0,0.0,light,4.413999999999736
aluminum,partial,0.07038918775874986,1.4755192336829868,1.4755192336829868,0.0218,0.01106518031567548,0.03286518031567548,2700.0,,2481.4766644198266,0.08155417802529855,1.1998390550497582,1.1314037202895728,1.7755625029843775e-07,1.00-1.50,1.00-1.50,1.6666666666666667e-05,pneumatic_feed,0.022669463588994212,0.0,0.0,0.0,heavy,1.476000000000001
aluminum,partial,0.10597542509790403,1.07706579440269,1.07706579440269,0.0218,0.016659336825390517,0.03845933682539052,2700.0,,2418.8544183216204,0.09302753680581524,1.2652842554900376,1.2083708940983626,1.0791852211122296e-07,1.00-1.50,1.00-1.50,1.6666666666666667e-05,pneumatic_feed,-0.01826293976167557,0.0,0.0,0.0,heavy,1.1740000000000008
copper,partial,0.1652556617182832,1.1956290335897535,1.1956290335897535,0.012,0.024127326610869342,0.03612732661086934,8900.0,,3624.052452624,0.13092732661086934,1.5089360586749028,1.4335394373662014,1.8716438225938685e-07,1.00-1.50,1.00-1.50,1.6666666666666667e-05,pneumatic_feed,-0.036057334878820374,0.0,0.0,0.0,heavy,0.7140000000000005
aluminum,partial,0.09720612235373516,1.1568540864913908,1.1568540864913908,0.0218,0.015280802434007167,0.037080802434007167,2700.0,,2432.531660246496,0.09020022590806775,1.2501816690539087,1.1898666924714851,1.2071598857968843e-07,1.00-1.50,1.00-1.50,1.6666666666666667e-05,pneumatic_feed,0.012517632013196696,0.0,0.0,0.0,heavy,1.2440000000000009
separator,film,,1.3444172333136788,1.3444172333136788,,,0.0139,,,900.0,0.01251,0.4751851801977219,0.44312183426231666,2.2611295792357392e-08,1.00-1.50,1.00-1.50,1.6666666666666667e-05,pneumatic_feed,0.017478626456001047,2.25,0.0,0.0,light,4.4179999999997355
aluminum,partial,0.26171369384974114,1.3368053777773015,1.3368053777773015,0.0218,0.0411413926731793,0.0629413926731793,2700.0,,2275.7537758635003,0.14323911203409503,1.5536151104153022,1.4994269246906153,2.559752572118566e-07,1.00-1.50,1.00-1.50,1.6666666666666667e-05,pneumatic_feed,-0.0008336878306184908,0.0,0.0,0.0,heavy,0.6680000000000005
copper,heavily_coated,0.5231689230918836,1.2474282699902268,1.2474282699902268,0.012,0.07638266277141499,0.08838266277141499,8900.0,,2072.6085527110927,0.18318266277141498,1.7199214077107394,1.6956518141588295,2.850463812351611e-07,1.00-1.50,1.00-1.50,1.6666666666666667e-05,pneumatic_feed,0.021649796789562505,0.0,0.0,0.0,heavy,0.5480000000000004
copper,partial,0.19304099376796768,1.3151849591247078,1.3151849591247078,0.012,0.028183985090123275,0.040183985090123275,8900.0,,3359.148794908862,0.13498398509012327,1.531626457036048,1.4555784520164397,2.3348334818214882e-07,1.00-1.50,1.00-1.50,1.6666666666666667e-05,pneumatic_feed,0.002549569835336568,0.0,0.0,0.0,heavy,0.7100000000000005
aluminum,partial,0.17687803980825184,1.3943940225424547,1.3943940225424547,0.0218,0.02780522785785719,0.04960522785785719,2700.0,,2336.1902327442403,0.11588724881457847,1.4123754514723903,1.3486905714038426,2.253235980106816e-07,1.00-1.50,1.00-1.50,1.6666666666666667e-05,pneumatic_feed,-0.01095297676963167,0.0,0.0,0.0,heavy,0.8160000000000006
aluminum,partial,0.07941996465917683,1.4633963622771125,1.4633963622771125,0.0218,0.012484818444422598,0.0342848184444226,2700.0,,2463.649937148959,0.0844657908057652,1.2197196562995911,1.151423055391584,1.8088593318058877e-07,1.00-1.50,1.00-1.50,1.6666666666666667e-05,pneumatic_feed,-0.03761420624416312,0.0,0.0,0.0,heavy,1.320000000000001
aluminum,partial,0.11445567132851692,1.3534398208190899,1.3534398208190899,0.0218,0.017992431532842856,0.039792431532842856,2700.0,,2406.5293148519927,0.09576165299302714,1.2913652946149679,1.2259995535800794,1.7541613357145718e-07,1.00-1.50,1.00-1.50,1.6666666666666667e-05,pneumatic_feed,-0.021177273305974305,0.0,0.0,0.0,heavy,1.0720000000000007
copper,bare_like,0.036648332736448096,1.0065859909098742,1.0065859909098742,0.012,0.005350656579521423,0.017350656579521423,8900.0,,6463.770178696882,0.11215065657952142,1.414066827183502,1.3267692737142236,1.1363276755477217e-07,1.00-1.50,1.00-1.50,1.6666666666666667e-05,pneumatic_feed,0.015087368223106617,0.0,0.0,0.0,heavy,0.8420000000000006
aluminum,partial,0.112225992919669,1.2326906311226131,1.2326906311226131,0.0218,0.017641926086971967,0.039441926086971967,2700.0,,2409.689176123273,0.09504278237723049,1.2833672005568546,1.2213891731110973,1.4441999718821952e-07,1.00-1.50,1.00-1.50,1.6666666666666667e-05,pneumatic_feed,0.0038465068509748656,0.0,0.0,0.0,heavy,1.0820000000000007
aluminum,partial,0.0802913975097369,1.4286862888391247,1.4286862888391247,0.0218,0.012621807688530641,0.03442180768853064,2700.0,,2462.0075226134018,0.08474674947111427,1.2209709039570251,1.153336455549121,1.7298036258576224e-07,1.00-1.50,1.00-1.50,1.6666666666666667e-05,pneumatic_feed,-0.003953658254281375,0.0,0.0,0.0,heavy,1.294000000000001
copper,partial,0.1818107918849775,1.2977904898998065,1.2977904898998065,0.012,0.02654437561520671,0.03854437561520671,8900.0,,3459.502806489854,0.1333443756152067,1.5235303227874162,1.4467112081048812,2.2458661883197102e-07,1.00-1.50,1.00-1.50,1.6666666666666667e-05,pneumatic_feed,0.024817853980585947,0.0,0.0,0.0,heavy,0.7000000000000005
copper,partial,0.38626120055537283,1.005757417938156,1.005757417938156,0.012,0.05639413528108443,0.06839413528108443,8900.0,,2386.0837571875636,0.16319413528108442,1.6275031234681332,1.600467165352636,1.6507869850138642e-07,1.00-1.50,1.00-1.50,1.6666666666666667e-05,pneumatic_feed,0.006850778098362133,0.0,0.0,0.0,heavy,0.5980000000000004
copper,partial,0.19134728165307624,1.4086629304634495,1.4086629304634495,0.012,0.02793670312134913,0.03993670312134913,8900.0,,3373.756284086515,0.13473670312134914,1.5334110710853515,1.454244577845383,2.67362250749581e-07,1.00-1.50,1.00-1.50,1.6666666666666667e-05,pneumatic_feed,0.026668364922565642,0.0,0.0,0.0,heavy,0.7000000000000005
copper,partial,0.2312126558810914,1.3268246597009339,1.3268246597009339,0.012,0.033757047758639344,0.04575704775863934,8900.0,,3071.8119862114772,0.14055704775863934,1.5571386665324871,1.4853226658270595,2.4744557720843766e-07,1.00-1.50,1.00-1.50,1.6666666666666667e-05,pneumatic_feed,0.027545662135940088,0.0,0.0,0.0,heavy,0.6840000000000005
separator,film,,1.2723203271261896,1.2723203271261896,,,0.0139,,,900.0,0.01251,0.47491265839657615,0.44312183426231666,2.025117567537936e-08,1.00-1.50,1.00-1.50,1.6666666666666667e-05,pneumatic_feed,-0.0002891472563233734,2.25,0.0,0.0,light,4.411999999999736
aluminum,partial,0.05903370194164176,1.206281930454427,1.206281930454427,0.0218,0.009280097945226086,0.031080097945226086,2700.0,,2506.203679933033,0.07789305584300472,1.1687010404161573,1.1057166926983613,1.1334343930359775e-07,1.00-1.50,1.00-1.50,1.6666666666666667e-05,pneumatic_feed,0.01853995673995195,0.0,0.0,0.0,heavy,1.6840000000000013
aluminum,partial,0.12093468908894839,1.1513071059706803,1.1513071059706803,0.0218,0.019010933124782692,0.04081093312478269,2700.0,,2397.6553736221113,0.09785055310916785,1.297981366277614,1.2392991090134369,1.2970169606415813e-07,1.00-1.50,1.00-1.50,1.6666666666666667e-05,pneumatic_feed,-0.010389747057147097,0.0,0.0,0.0,heavy,1.0640000000000007
aluminum,bare_like,0.0427579437015909,1.0872535997547754,1.0872535997547754,0.0218,0.006721548749890088,0.028521548749890088,2700.0,,2547.04221239423,0.07264558862882993,1.128151379528219,1.067822625307272,8.587583157474768e-08,1.00-1.50,1.00-1.50,1.6666666666666667e-05,pneumatic_feed,0.00875927174969535,0.0,0.0,0.0,heavy,2.002000000000001
copper,partial,0.4350662005279032,1.1457380624481284,1.1457380624481284,0.012,0.06351966527707387,0.07551966527707386,8900.0,,2255.302173972681,0.17031966527707387,1.6656959053621043,1.635034392968219,2.235812999466412e-07,1.00-1.50,1.00-1.50,1.6666666666666667e-05,pneumatic_feed,0.020956918609108845,0.0,0.0,0.0,heavy,0.5740000000000004
aluminum,partial,0.07322373199941329,1.3041272552087848,1.3041272552087848,0.0218,0.011510770670307771,0.03331077067030777,2700.0,,2475.7176665216098,0.08246806343393084,1.202783990806337,1.1377252408463912,1.4025738551911354e-07,1.00-1.50,1.00-1.50,1.6666666666666667e-05,pneumatic_feed,-0.0005316787749143146,0.0,0.0,0.0,heavy,1.446000000000001
copper,heavily_coated,0.6946952491937564,1.2992575318400243,1.2992575318400243,0.012,0.10142550638228842,0.11342550638228842,8900.0,,1835.7908465533922,0.20822550638228843,1.8077931312987634,1.8078461074373557,3.514992584699278e-07,1.00-1.50,1.00-1.50,1.6666666666666667e-05,pneumatic_feed,0.044362259628865,0.0,0.0,0.0,heavy,0.5000000000000003
aluminum,partial,0.055729056570957225,1.3189895555422642,1.3189895555422642,0.0218,0.008760607692954475,0.030560607692954475,2700.0,,2513.9423240839014,0.07682760512904233,1.1635569689457836,1.0981284488189205,1.3365955434427277e-07,1.00-1.50,1.00-1.50,1.6666666666666667e-05,pneumatic_feed,-0.014231026810058297,0.0,0.0,0.0,heavy,1.7120000000000013
other_light,unresolved_nonmetal,,1.437689898737016,0.12596471101032047,,,,,,1100.0,,0.34925048137701387,,1.7115396777171558e-06,1.00-1.50,1.00-1.50,1.6666666666666667e-05,pneumatic_feed,0.016622021797553625,2.25,0.0,0.0,light,3.383999999999849
copper,partial,0.24294316925073645,1.490215881631009,1.490215881631009,0.012,0.03546970271060752,0.04746970271060752,8900.0,,2997.0632758737734,0.14226970271060752,1.5704603239163382,1.4943444227304814,3.1594449959636564e-07,1.00-1.50,1.00-1.50,1.6666666666666667e-05,pneumatic_feed,-0.03748163188022406,0.0,0.0,0.0,heavy,0.6720000000000005
other_light,unresolved_nonmetal,,1.2883161487774406,0.08193622591708472,,,,,,1100.0,,0.17445464251568324,,1.2315687466018067e-06,1.00-1.50,1.00-1.50,1.6666666666666667e-05,pneumatic_feed,-0.03294385686522654,2.25,0.0,0.0,light,2.585999999999937
other_light,unresolved_nonmetal,,1.204392559002075,0.14788183539127436,,,,,,1100.0,,0.44480774855122684,,1.0062259156534788e-06,1.00-1.50,1.00-1.50,1.6666666666666667e-05,pneumatic_feed,0.0036877597900953733,2.25,0.0,0.0,light,4.121999999999768
aluminum,partial,0.0790119437770675,1.4271248008962572,1.4271248008962572,0.0218,0.012420677561755009,0.03422067756175501,2700.0,,2464.423465636349,0.08433424079316433,1.2181291602760642,1.1505260724944513,1.7176229985176995e-07,1.00-1.50,1.00-1.50,1.6666666666666667e-05,pneumatic_feed,0.022785045007844618,0.0,0.0,0.0,heavy,1.312000000000001
copper,partial,0.32204855355881107,1.4046793121081915,1.4046793121081915,0.012,0.04701908881958641,0.05901908881958641,8900.0,,2606.2599727656107,0.15381908881958642,1.617532539535943,1.5538160824602856,3.035041311726797e-07,1.00-1.50,1.00-1.50,1.6666666666666667e-05,pneumatic_feed,-0.005380707539749661,0.0,0.0,0.0,heavy,0.6320000000000005
aluminum,partial,0.12102961324276362,1.364906165679864,1.364906165679864,0.0218,0.01902585520176244,0.04082585520176244,2700.0,,2397.528652415686,0.09788115760559943,1.304948237641699,1.2394929002529578,1.8234954675109777e-07,1.00-1.50,1.00-1.50,1.6666666666666667e-05,pneumatic_feed,-0.031093272426118864,0.0,0.0,0.0,heavy,1.0460000000000007
copper,partial,0.45282479773023604,1.4864530965880831,1.4864530965880831,0.012,0.06611242046861446,0.07811242046861445,8900.0,,2213.6354171497046,0.17291242046861446,1.6984926441911974,1.6474323511681361,3.820573951219079e-07,1.00-1.50,1.00-1.50,1.6666666666666667e-05,pneumatic_feed,0.02801978438481451,0.0,0.0,0.0,heavy,0.5560000000000004
aluminum,partial,0.08769491650056438,1.4536532310347163,1.4536532310347163,0.0218,0.01378564087388872,0.03558564087388872,2700.0,,2448.563968195444,0.08713371802894695,1.2375880849828305,1.169466048323914,1.8412293189924652e-07,1.00-1.50,1.00-1.50,1.6666666666666667e-05,pneumatic_feed,0.02973263694845537,0.0,0.0,0.0,heavy,1.2400000000000009
aluminum,partial,0.19005068199408642,1.161845641787713,1.161845641787713,0.0218,0.02987596720947039,0.05167596720947039,2700.0,,2324.760364808363,0.1201342403817134,1.4262159047534673,1.3731813562058632,1.621674445582482e-07,1.00-1.50,1.00-1.50,1.6666666666666667e-05,pneumatic_feed,-0.013622299395461652,0.0,0.0,0.0,heavy,0.8000000000000006
aluminum,partial,0.09736225375019542,1.4338695418218554,1.4338695418218554,0.0218,0.015305346289530716,0.037105346289530716,2700.0,,2432.2792604435203,0.0902505642316005,1.2578514753913856,1.1901986624842096,1.855535231824758e-07,1.00-1.50,1.00-1.50,1.6666666666666667e-05,pneumatic_feed,0.016997755052278227,0.0,0.0,0.0,heavy,1.2040000000000008
other_light,unresolved_nonmetal,,1.0122717631901954,0.19003816889572187,,,,,,1100.0,,0.6367761925344164,,5.974240136776546e-07,1.00-1.50,1.00-1.50,1.6666666666666667e-05,pneumatic_feed,-0.010605520753203009,2.25,0.0,0.0,light,8.603999999999543
aluminum,heavily_coated,0.32268694964225947,1.2447753332332459,1.2447753332332459,0.0218,0.05072638848376319,0.0725263884837632,2700.0,,2246.0445479183,0.16289749943416088,1.6401177831365044,1.5990119296361078,2.5240407662298154e-07,1.00-1.50,1.00-1.50,1.6666666666666667e-05,pneumatic_feed,0.007447688484359883,0.0,0.0,0.0,heavy,0.5820000000000004
copper,heavily_coated,0.6670008918122594,1.3167373112262055,1.3167373112262055,0.012,0.09738213020458987,0.10938213020458987,8900.0,,1866.6863574761685,0.20418213020458986,1.7966460259776411,1.7902074504624437,3.540103947712038e-07,1.00-1.50,1.00-1.50,1.6666666666666667e-05,pneumatic_feed,-0.034780042989673805,0.0,0.0,0.0,heavy,0.5160000000000003
other_light,unresolved_nonmetal,,1.4987939216815414,0.12128958323275976,,,,,,1100.0,,0.32943554103600226,,1.9391753276190036e-06,1.00-1.50,1.00-1.50,1.6666666666666667e-05,pneumatic_feed,0.0013413773177662692,2.25,0.0,0.0,light,3.3059999999998575
copper,partial,0.31271069650295197,1.394714697107033,1.394714697107033,0.012,0.04565576168943099,0.057655761689430984,8900.0,,2644.241567922569,0.15245576168943098,1.6113607870765148,1.5469148766099927,2.9656138201632147e-07,1.00-1.50,1.00-1.50,1.6666666666666667e-05,pneumatic_feed,-0.020092407279850774,0.0,0.0,0.0,heavy,0.6000000000000004
aluminum,partial,0.18755651701385168,1.0129306219922851,1.0129306219922851,0.0218,0.029483884474577483,0.05128388447457748,2700.0,,2326.8537060524422,0.11933009665043592,1.413472308320764,1.36857780086674,1.224360735043281e-07,1.00-1.50,1.00-1.50,1.6666666666666667e-05,pneumatic_feed,0.010749517378775617,0.0,0.0,0.0,heavy,0.8240000000000006
copper,partial,0.41954900440939125,1.06495687333702,1.06495687333702,0.012,0.061254154643771125,0.07325415464377112,8900.0,,2294.1245511739853,0.16805415464377113,1.6504048721484172,1.6241237672322364,1.905957864436817e-07,1.00-1.50,1.00-1.50,1.6666666666666667e-05,pneumatic_feed,0.0064514086933282104,0.0,0.0,0.0,heavy,0.5660000000000004
aluminum,partial,0.09948949599734758,1.2187873289587343,1.2187873289587343,0.0218,0.015639748770783043,0.03743974877078304,2700.0,,2428.8733602686225,0.09093640840450484,1.2568495590935957,1.1947124617735885,1.3508081068198703e-07,1.00-1.50,1.00-1.50,1.6666666666666667e-05,pneumatic_feed,-0.02027625195468944,0.0,0.0,0.0,heavy,1.2140000000000009
copper,partial,0.17293154468895,1.0413454629842007,1.0413454629842007,0.012,0.025248005524586694,0.037248005524586694,8900.0,,3545.102715296376,0.1320480055245867,1.5075011367528932,1.4396615903447285,1.4319290648144805e-07,1.00-1.50,1.00-1.50,1.6666666666666667e-05,pneumatic_feed,0.025751465409351113,0.0,0.0,0.0,heavy,0.7340000000000005
aluminum,partial,0.07776816950193399,1.018258628540817,1.018258628540817,0.0218,0.012225156245704027,0.03402515624570403,2700.0,,2466.799415203739,0.08393323552911854,1.2044330513484833,1.147787465023488,8.702622852221531e-08,1.00-1.50,1.00-1.50,1.6666666666666667e-05,pneumatic_feed,-0.0374730126375095,0.0,0.0,0.0,heavy,1.468000000000001
copper,partial,0.0765887698348908,1.1565722159247231,1.1565722159247231,0.012,0.011181960395894055,0.023181960395894055,8900.0,,5089.386677443846,0.11798196039589405,1.4464080839375648,1.3608250623698672,1.5781966545255294e-07,1.00-1.50,1.00-1.50,1.6666666666666667e-05,pneumatic_feed,0.028398955042707324,0.0,0.0,0.0,heavy,0.7880000000000006
aluminum,heavily_coated,0.2757313382113049,1.2554008015383853,1.2554008015383853,0.0218,0.04334496636681713,0.06514496636681713,2700.0,,2268.1497741622984,0.1477585407527068,1.571044054802568,1.52289791373371,2.3287206622985332e-07,1.00-1.50,1.00-1.50,1.6666666666666667e-05,pneumatic_feed,0.03474480765920852,0.0,0.0,0.0,heavy,0.6460000000000005
copper,partial,0.2581628757777492,1.1499460852380434,1.1499460852380434,0.012,0.03769177986355139,0.04969177986355139,8900.0,,2907.7602021966454,0.14449177986355138,1.56603396472727,1.5059691154662844,1.9107246173774877e-07,1.00-1.50,1.00-1.50,1.6666666666666667e-05,pneumatic_feed,-0.00020034786460700998,0.0,0.0,0.0,heavy,0.6860000000000005
separator,film,,1.1598615787612814,1.1598615787612814,,,0.0139,,,900.0,0.01251,0.4744211200256184,0.44312183426231666,1.682943881240152e-08,1.00-1.50,1.00-1.50,1.6666666666666667e-05,pneumatic_feed,0.009907866251801177,2.25,0.0,0.0,light,4.411999999999736
separator,film,,1.2569026365009008,1.2569026365009008,,,0.0139,,,900.0,0.01251,0.4748503886261845,0.44312183426231666,1.9763351012912877e-08,1.00-1.50,1.00-1.50,1.6666666666666667e-05,pneumatic_feed,0.01977511808868538,2.25,0.0,0.0,light,4.411999999999736
aluminum,partial,0.12013981090753639,1.1518628308905978,1.1518628308905978,0.0218,0.01888597827466472,0.04068597827466472,2700.0,,2398.7201628987514,0.09759427643469881,1.2964326895604459,1.2376751443408052,1.2948691300622953e-07,1.00-1.50,1.00-1.50,1.6666666666666667e-05,pneumatic_feed,0.0205792913345759,0.0,0.0,0.0,heavy,1.0520000000000007
aluminum,partial,0.06044763258229424,1.2904321134416805,1.2904321134416805,0.0218,0.009502367841936657,0.03130236784193666,2700.0,,2502.9710728749164,0.07834892122085749,1.1738000443281043,1.1089475494731837,1.304678019378601e-07,1.00-1.50,1.00-1.50,1.6666666666666667e-05,pneumatic_feed,0.012122652558410439,0.0,0.0,0.0,heavy,1.5740000000000012
other_light,unresolved_nonmetal,,1.2280441053367075,0.16108198701750662,,,,,,1100.0,,0.5040227123198566,,1.066677665893432e-06,1.00-1.50,1.00-1.50,1.6666666666666667e-05,pneumatic_feed,-0.014088337067146295,2.25,0.0,0.0,light,4.815999999999692
copper,partial,0.08924381519046276,1.407171347737037,1.407171347737037,0.012,0.013029597017807561,0.02502959701780756,8900.0,,4787.516032821207,0.11982959701780756,1.4608516429468086,1.3714391546078548,2.3727832396511354e-07,1.00-1.50,1.00-1.50,1.6666666666666667e-05,pneumatic_feed,0.008841169344050843,0.0,0.0,0.0,heavy,0.7700000000000006
separator,film,,1.3335748005018373,1.3335748005018373,,,0.0139,,,900.0,0.01251,0.4751460501361668,0.44312183426231666,2.2248056074154273e-08,1.00-1.50,1.00-1.50,1.6666666666666667e-05,pneumatic_feed,-0.013022293863226276,2.25,0.0,0.0,light,4.4179999999997355
copper,partial,0.23701326919214327,1.1332048145008349,1.1332048145008349,0.012,0.034603937302052926,0.04660393730205292,8900.0,,3034.1628945549205,0.14140393730205292,1.5522074942875441,1.4897906563987515,1.8158431173619314e-07,1.00-1.50,1.00-1.50,1.6666666666666667e-05,pneumatic_feed,0.0211845486245275,0.0,0.0,0.0,heavy,0.6760000000000005
copper,heavily_coated,0.6554970505338356,1.1459889707992021,1.1459889707992021,0.012,0.09570256937793999,0.10770256937793998,8900.0,,1880.2018424215723,0.20250256937793998,1.7727348370559166,1.7828293044922012,2.659447453818743e-07,1.00-1.50,1.00-1.50,1.6666666666666667e-05,pneumatic_feed,-0.02770237143616243,0.0,0.0,0.0,heavy,0.5240000000000004
aluminum,partial,0.2624164443309013,1.4490711943615684,1.4490711943615684,0.0218,0.041251865048817685,0.06305186504881768,2700.0,,2275.3599073659134,0.14346568581672586,1.5599435196270959,1.5006123432050429,3.0125029815469834e-07,1.00-1.50,1.00-1.50,1.6666666666666667e-05,pneumatic_feed,-0.014390696025365286,0.0,0.0,0.0,heavy,0.6860000000000005
aluminum,heavily_coated,0.37429210554154907,1.4069498703828027,1.4069498703828027,0.0218,0.05883871899113151,0.08063871899113151,2700.0,,2226.418276403868,0.17953551774765084,1.7233038405610848,1.6786868339768224,3.553919824931548e-07,1.00-1.50,1.00-1.50,1.6666666666666667e-05,pneumatic_feed,0.0031750964339759386,0.0,0.0,0.0,heavy,0.5480000000000004
copper,heavily_coated,0.536890073405148,1.1444222576203673,1.1444222576203673,0.012,0.07838595071715161,0.09038595071715161,8900.0,,2048.8355684464887,0.1851859507171516,1.7171138297636228,1.7048984375781484,2.4253846627396115e-07,1.00-1.50,1.00-1.50,1.6666666666666667e-05,pneumatic_feed,-0.01988535610107429,0.0,0.0,0.0,heavy,0.5520000000000004
separator,film,,1.0933542715175122,1.0933542715175122,,,0.0139,,,900.0,0.01251,0.47408373088915295,0.44312183426231666,1.4954748773700328e-08,1.00-1.50,1.00-1.50,1.6666666666666667e-05,pneumatic_feed,-0.0038165288695346604,2.25,0.0,0.0,light,4.407999999999737
separator,film,,1.3304982010142457,1.3304982010142457,,,0.0139,,,900.0,0.01251,0.4751348323926054,0.44312183426231666,2.2145520540905825e-08,1.00-1.50,1.00-1.50,1.6666666666666667e-05,pneumatic_feed,0.0006297279882385743,2.25,0.0,0.0,light,4.413999999999736
other_light,unresolved_nonmetal,,1.041420374330619,0.19580336422715758,,,,,,1100.0,,0.6635278308532897,,6.505332773209169e-07,1.00-1.50,1.00-1.50,1.6666666666666667e-05,pneumatic_feed,0.009011971563656258,0.614751635124474,-2.046354998920775e-66,-0.23540810736240347,active,
copper,partial,0.43076491194198097,1.197127530954526,1.197127530954526,0.012,0.06289167714352922,0.07489167714352922,8900.0,,2265.828241745964,0.16969167714352923,1.6675733785293367,1.6320173297011387,2.4318757341033043e-07,1.00-1.50,1.00-1.50,1.6666666666666667e-05,pneumatic_feed,-0.007749564406234546,0.0,0.0,0.0,heavy,0.5780000000000004
aluminum,partial,0.16089228944548084,1.031873672696228,1.031873672696228,0.0218,0.025292267900829585,0.047092267900829585,2700.0,,2351.4111334223253,0.11073328304011748,1.3678234339192532,1.318358680556124,1.1790473325672297e-07,1.00-1.50,1.00-1.50,1.6666666666666667e-05,pneumatic_feed,0.006908269926881941,0.0,0.0,0.0,heavy,0.9440000000000007
copper,partial,0.34151496982866064,1.2993756898682558,1.2993756898682558,0.012,0.04986118559498445,0.06186118559498445,8900.0,,2532.463354657822,0.15666118559498446,1.6240399891520385,1.568105216208044,2.645031712861926e-07,1.00-1.50,1.00-1.50,1.6666666666666667e-05,pneumatic_feed,0.005829605000826689,0.0,0.0,0.0,heavy,0.5980000000000004
aluminum,partial,0.10435053412895512,1.2695245434173705,1.2695245434173705,0.0218,0.016403903965071742,0.03820390396507174,2700.0,,2421.314214198861,0.09250365570851643,1.2683809204424434,1.2049636426054,1.490874542646058e-07,1.00-1.50,1.00-1.50,1.6666666666666667e-05,pneumatic_feed,0.00044222215372889803,0.0,0.0,0.0,heavy,1.1780000000000008
separator,film,,1.1282405891303449,1.1282405891303449,,,0.0139,,,900.0,0.01251,0.47426557854590484,0.44312183426231666,1.592431460528446e-08,1.00-1.50,1.00-1.50,1.6666666666666667e-05,pneumatic_feed,0.02774411749630332,2.25,0.0,0.0,light,4.411999999999736
aluminum,partial,0.1435970864857855,1.3475577758951354,1.3475577758951354,0.0218,0.02257346199556548,0.04437346199556548,2700.0,,2369.820427001867,0.1051571366538821,1.3487415998931183,1.2847359327579086,1.9095610206346236e-07,1.00-1.50,1.00-1.50,1.6666666666666667e-05,pneumatic_feed,-0.018758367881990916,0.0,0.0,0.0,heavy,0.9540000000000007
aluminum,bare_like,0.03684594121845647,1.1704148108928774,1.1704148108928774,0.0218,0.0057921819595413565,0.027592181959541356,2700.0,,2563.751573252469,0.07073949990824255,1.1160765592132742,1.0537206416122706,9.690397742178053e-08,1.00-1.50,1.00-1.50,1.6666666666666667e-05,pneumatic_feed,-0.029871192250910634,0.0,0.0,0.0,heavy,2.0339999999999976
aluminum,bare_like,0.036293325369901354,1.205135911175769,1.205135911175769,0.0218,0.005705310748148493,0.027505310748148493,2700.0,,2565.371163358324,0.0705613310325099,1.1154709279210302,1.0523928220423566,1.0247993007292768e-07,1.00-1.50,1.00-1.50,1.6666666666666667e-05,pneumatic_feed,-0.03993337121498435,0.0,0.0,0.0,heavy,2.057999999999995
copper,heavily_coated,0.5544000220584514,1.4434971026115986,1.4434971026115986,0.012,0.0809424032205339,0.0929424032205339,8900.0,,2019.9865369852598,0.18774240322053393,1.75112663211466,1.7166259816714593,3.9119582016837383e-07,1.00-1.50,1.00-1.50,1.6666666666666667e-05,pneumatic_feed,0.004078078513472082,0.0,0.0,0.0,heavy,0.5200000000000004
copper,partial,0.09373165903323066,1.24928470067125,1.24928470067125,0.012,0.013684822218851676,0.025684822218851676,8900.0,,4690.895704562067,0.12048482221885168,1.4609303544389893,1.3751835403127453,1.8804213958224784e-07,1.00-1.50,1.00-1.50,1.6666666666666667e-05,pneumatic_feed,-0.015670368196335337,0.0,0.0,0.0,heavy,0.7560000000000006
aluminum,partial,0.1746993161172118,1.3125760700117612,1.3125760700117612,0.0218,0.0274627324936257,0.0492627324936257,2700.0,,2338.173314366077,0.11518480650935026,1.4055237350877217,1.3445968626211955,1.9844682804256964e-07,1.00-1.50,1.00-1.50,1.6666666666666667e-05,pneumatic_feed,-0.005969827262820793,0.0,0.0,0.0,heavy,0.8240000000000006
aluminum,partial,0.23204056926706623,1.3334122555024202,1.3334122555024202,0.0218,0.036476777488782815,0.058276777488782815,2700.0,,2293.7472814642883,0.13367219993739482,1.5054945846645897,1.4484884708610384,2.3766759992121557e-07,1.00-1.50,1.00-1.50,1.6666666666666667e-05,pneumatic_feed,0.028343264044150364,0.0,0.0,0.0,heavy,0.7300000000000005
aluminum,partial,0.10688709218889725,1.1530478571040625,1.1530478571040625,0.0218,0.01680265089209465,0.03860265089209465,2700.0,,2417.4885723128787,0.09332146739262237,1.269925805777272,1.210278377975332,1.240726976741696e-07,1.00-1.50,1.00-1.50,1.6666666666666667e-05,pneumatic_feed,0.026054991774431664,0.0,0.0,0.0,heavy,1.1360000000000008
separator,film,,1.0500464096643904,1.0500464096643904,,,0.0139,,,900.0,0.01251,0.47384149986011415,0.44312183426231666,1.3793494255237955e-08,1.00-1.50,1.00-1.50,1.6666666666666667e-05,pneumatic_feed,0.005533018831954096,2.25,0.0,0.0,light,4.405999999999737
aluminum,partial,0.06274019323545527,1.3118766779396602,1.3118766779396602,0.0218,0.009862758376613566,0.031662758376613566,2700.0,,2497.8261451617045,0.07908806570104313,1.1794603103446784,1.1141661811613082,1.3611217590126936e-07,1.00-1.50,1.00-1.50,1.6666666666666667e-05,pneumatic_feed,0.015252843874407538,0.0,0.0,0.0,heavy,1.5340000000000011
separator,film,,1.4613945041489091,1.4613945041489091,,,0.0139,,,900.0,0.01251,0.4755709404086157,0.44312183426231666,2.671728044842552e-08,1.00-1.50,1.00-1.50,1.6666666666666667e-05,pneumatic_feed,0.021870281089863833,2.25,0.0,0.0,light,4.4179999999997355
separator,film,,1.4959284736200165,1.4959284736200165,,,0.0139,,,900.0,0.01251,0.4756734476992237,0.44312183426231666,2.799490299732078e-08,1.00-1.50,1.00-1.50,1.6666666666666667e-05,pneumatic_feed,0.014223000255831675,2.25,0.0,0.0,light,4.419999999999735
other_light,unresolved_nonmetal,,1.4008344438282494,0.12310217487133374,,,,,,1100.0,,0.33709060421483206,,1.5832581872036445e-06,1.00-1.50,1.00-1.50,1.6666666666666667e-05,pneumatic_feed,0.029406267877845563,2.25,0.0,0.0,light,3.3399999999998538
separator,film,,1.442346063887152,1.442346063887152,,,0.0139,,,900.0,0.01251,0.47551232816608985,0.44312183426231666,2.6025330721814607e-08,1.00-1.50,1.00-1.50,1.6666666666666667e-05,pneumatic_feed,0.014768386223878199,2.25,0.0,0.0,light,4.4179999999997355
aluminum,partial,0.09456340645459871,1.2187006919955512,1.2187006919955512,0.0218,0.014865367494662919,0.03666536749466292,2700.0,,2436.855102789652,0.08934818787502717,1.2465705750249985,1.1842335736189995,1.3270273208063531e-07,1.00-1.50,1.00-1.50,1.6666666666666667e-05,pneumatic_feed,-0.004864345992866917,0.0,0.0,0.0,heavy,1.2220000000000009
other_light,unresolved_nonmetal,,1.0312176668694375,0.134433268391044,,,,,,1100.0,,0.38569298345788133,,6.316003205597058e-07,1.00-1.50,1.00-1.50,1.6666666666666667e-05,pneumatic_feed,0.013758606060840341,2.25,0.0,0.0,light,3.6319999999998216
copper,partial,0.07737912087619943,1.3163642833724727,1.3163642833724727,0.012,0.011297351647925117,0.023297351647925117,8900.0,,5069.132038380979,0.1180973516479251,1.4503889080670662,1.361490371418701,2.0464085372021714e-07,1.00-1.50,1.00-1.50,1.6666666666666667e-05,pneumatic_feed,0.02385366595818204,0.0,0.0,0.0,heavy,0.7840000000000006
separator,film,,1.3724418412739925,1.3724418412739925,,,0.0139,,,900.0,0.01251,0.4752834986844541,0.44312183426231666,2.3563793562071134e-08,1.00-1.50,1.00-1.50,1.6666666666666667e-05,pneumatic_feed,0.02516117071004115,2.25,0.0,0.0,light,4.419999999999735
aluminum,partial,0.18214473776807555,1.0064460939221578,1.0064460939221578,0.0218,0.028633152777141478,0.05043315277714148,2700.0,,2331.5077172232636,0.11758528490380524,1.4037631003537565,1.3585354731659116,1.1910610240318687e-07,1.00-1.50,1.00-1.50,1.6666666666666667e-05,pneumatic_feed,-0.01976806312129407,0.0,0.0,0.0,heavy,0.8500000000000006
separator,film,,1.2119294135421357,1.2119294135421357,,,0.0139,,,900.0,0.01251,0.4746598494825384,0.44312183426231666,1.8374349021641396e-08,1.00-1.50,1.00-1.50,1.6666666666666667e-05,pneumatic_feed,-0.03034036003606717,2.25,0.0,0.0,light,4.415999999999736
aluminum,partial,0.20479009824019564,1.4513815799247312,1.4513815799247312,0.0218,0.03219300344335876,0.05399300344335876,2700.0,,2313.0103459540505,0.12488637557362148,1.4639638151657022,1.400077337508026,2.6307421049920147e-07,1.00-1.50,1.00-1.50,1.6666666666666667e-05,pneumatic_feed,0.012600466956302065,0.0,0.0,0.0,heavy,0.7620000000000006
aluminum,partial,0.1835850390034452,1.4094056144587492,1.4094056144587492,0.0218,0.028859568131341586,0.050659568131341585,2700.0,,2330.253825280183,0.11804965242510077,1.424999719755493,1.3612153923844608,2.3449668473412272e-07,1.00-1.50,1.00-1.50,1.6666666666666667e-05,pneumatic_feed,0.03243225950988411,0.0,0.0,0.0,heavy,0.8140000000000006
copper,partial,0.18116689692248877,1.0453994209376525,1.0453994209376525,0.012,0.026450366950683358,0.03845036695068336,8900.0,,3465.5161320460466,0.13325036695068335,1.5129155589395347,1.4462011477169854,1.45623989269501e-07,1.00-1.50,1.00-1.50,1.6666666666666667e-05,pneumatic_feed,0.017581412909298818,0.0,0.0,0.0,heavy,0.7120000000000005
copper,partial,0.3088747594483517,1.2939453462753014,1.2939453462753014,0.012,0.04509571487945935,0.057095714879459344,8900.0,,2660.3697878228177,0.15189571487945935,1.604276907016217,1.5440709636373564,2.543181689805003e-07,1.00-1.50,1.00-1.50,1.6666666666666667e-05,pneumatic_feed,-0.0075527950423124246,0.0,0.0,0.0,heavy,0.6000000000000004
copper,heavily_coated,0.5797199601073972,1.1117687630751238,1.1117687630751238,0.012,0.08463911417567999,0.09663911417567998,8900.0,,1980.969256688998,0.19143911417568,1.733990842757829,1.7334440677741736,2.3662444666605204e-07,1.00-1.50,1.00-1.50,1.6666666666666667e-05,pneumatic_feed,0.013749832446027423,0.0,0.0,0.0,heavy,0.5460000000000004
aluminum,partial,0.1708811141286346,1.0574252553439525,1.0574252553439525,0.0218,0.02686251114102136,0.04866251114102136,2700.0,,2341.7159808292904,0.11395378000621309,1.3870841698287095,1.3373924371617782,1.2741721065137162e-07,1.00-1.50,1.00-1.50,1.6666666666666667e-05,pneumatic_feed,0.03458685541726356,0.0,0.0,0.0,heavy,0.8600000000000007
separator,film,,1.3861265309569326,1.3861265309569326,,,0.0139,,,900.0,0.01251,0.4753300852197851,0.44312183426231666,2.403604796538198e-08,1.00-1.50,1.00-1.50,1.6666666666666667e-05,pneumatic_feed,0.012509477889213087,2.25,0.0,0.0,light,4.4179999999997355
aluminum,heavily_coated,0.27852825979280726,1.066126219423713,1.066126219423713,0.0218,0.0437846424394293,0.0655846424394293,2700.0,,2266.6937061842523,0.14866029623979898,1.5622663612058991,1.5275378914383384,1.6897102641990547e-07,1.00-1.50,1.00-1.50,1.6666666666666667e-05,pneumatic_feed,0.002396551970450696,0.0,0.0,0.0,heavy,0.6540000000000005
aluminum,heavily_coated,0.34186495006321216,1.4382318341847853,1.4382318341847853,0.0218,0.053741170149936957,0.07554117014993696,2700.0,,2238.258663643713,0.16908067854988024,1.6796122896941088,1.629076526906861,3.497452111502385e-07,1.00-1.50,1.00-1.50,1.6666666666666667e-05,pneumatic_feed,-0.03001389800271315,0.0,0.0,0.0,heavy,0.5720000000000004
aluminum,heavily_coated,0.3992074151824615,1.4777455034712768,1.4777455034712768,0.0218,0.06275540566668295,0.08455540566668295,2700.0,,2218.290613711576,0.1875684627289774,1.7615838027672426,1.7158305834184298,4.0959921167958196e-07,1.00-1.50,1.00-1.50,1.6666666666666667e-05,pneumatic_feed,0.006013030969308151,0.0,0.0,0.0,heavy,0.5380000000000004
aluminum,partial,0.20368909643776,1.2523372635952619,1.2523372635952619,0.0218,0.03201992596001588,0.05381992596001588,2700.0,,2313.853082499883,0.1245314015824982,1.454087663715788,1.3980861487186302,1.9530865204139696e-07,1.00-1.50,1.00-1.50,1.6666666666666667e-05,pneumatic_feed,0.010543052614223078,0.0,0.0,0.0,heavy,0.7760000000000006
copper,heavily_coated,0.5064136346915428,1.4881057572627596,1.4881057572627596,0.012,0.07393639066496524,0.08593639066496524,8900.0,,2103.141512768331,0.18073639066496525,1.728356941752265,1.6842916576048506,4.0023328081136314e-07,1.00-1.50,1.00-1.50,1.6666666666666667e-05,pneumatic_feed,-0.03644314593175769,0.0,0.0,0.0,heavy,0.5400000000000004
aluminum,heavily_coated,0.37183446611767623,1.1487036834569033,1.1487036834569033,0.0218,0.0584523780736987,0.0802523780736987,2700.0,,2227.262973526512,0.17874315022099999,1.7004592073531017,1.6749783538508238,2.358551888178281e-07,1.00-1.50,1.00-1.50,1.6666666666666667e-05,pneumatic_feed,-0.030383423851978977,0.0,0.0,0.0,heavy,0.5640000000000004
aluminum,partial,0.18711467421735412,1.344559616284024,1.344559616284024,0.0218,0.029414426786968068,0.05121442678696807,2700.0,,2327.2278846386585,0.11918764211441714,1.4289928660311844,1.3677606627725085,2.1547225387281356e-07,1.00-1.50,1.00-1.50,1.6666666666666667e-05,pneumatic_feed,0.011165289343165631,0.0,0.0,0.0,heavy,0.7960000000000006
aluminum,heavily_coated,0.3346000452598672,1.3893172248112347,1.3893172248112347,0.0218,0.052599127114851124,0.07439912711485112,2700.0,,2241.133828557384,0.16673840059223377,1.6663901377453323,1.6177533605885976,3.2183885285131914e-07,1.00-1.50,1.00-1.50,1.6666666666666667e-05,pneumatic_feed,0.0011582980044129946,0.0,0.0,0.0,heavy,0.5700000000000004
aluminum,bare_like,0.03068410026408969,1.2670859647853587,1.2670859647853587,0.0218,0.004823540561514898,0.026623540561514898,2700.0,,2582.4086247014575,0.06875286076614516,1.1029980310831704,1.0388189941396984,1.1038318837784783e-07,1.00-1.50,1.00-1.50,1.6666666666666667e-05,pneumatic_feed,-0.0030355154320526982,0.0,0.0,0.0,heavy,2.2619999999999725
other_light,unresolved_nonmetal,,1.4305439514817935,0.1602914867638664,,,,,,1100.0,,0.5004485906084042,,1.6861450184749831e-06,1.00-1.50,1.00-1.50,1.6666666666666667e-05,pneumatic_feed,-0.006571127792715362,2.25,0.0,0.0,light,4.7359999999997004
aluminum,bare_like,0.023730129666874173,1.2841361523329358,1.2841361523329358,0.0218,0.0037303763836326193,0.02553037638363262,2700.0,,2605.1645344538138,0.06651083110589691,1.0860454658831626,1.0217406740646855,1.096767367938445e-07,1.00-1.50,1.00-1.50,1.6666666666666667e-05,pneumatic_feed,0.000767465566563772,0.0,0.0,0.0,heavy,2.5139999999999447
copper,partial,0.19792851854949833,1.0104730449600396,1.0104730449600396,0.012,0.028897563708226753,0.04089756370822675,8900.0,,3317.986486342473,0.13569756370822675,1.521508079259511,1.4594207617970656,1.3855478102218984e-07,1.00-1.50,1.00-1.50,1.6666666666666667e-05,pneumatic_feed,-0.000396888975719511,0.0,0.0,0.0,heavy,0.7060000000000005
aluminum,bare_like,0.037941105320640836,1.251614959383202,1.251614959383202,0.0218,0.005964341756404739,0.02776434175640474,2700.0,,2560.571843920198,0.07109259176642782,1.1203483571602253,1.0563471590182136,1.1136938917156532e-07,1.00-1.50,1.00-1.50,1.6666666666666667e-05,pneumatic_feed,0.002782487063444177,0.0,0.0,0.0,heavy,2.019999999999999
other_light,unresolved_nonmetal,,1.2484073790077908,0.19948430257885116,,,,,,1100.0,,0.6806460359313045,,1.1206249524356655e-06,1.00-1.50,1.00-1.50,1.6666666666666667e-05,pneumatic_feed,-0.006642997613672062,0.6057877210025405,-1.0512569365655729e-63,-0.23874162282361475,active,
copper,partial,0.1972830889384315,1.1613285042599422,1.1613285042599422,0.012,0.028803330985010995,0.040803330985010995,8900.0,,3323.3397301515542,0.13560333098501098,1.5285481419470994,1.4589139395936734,1.8288602858161775e-07,1.00-1.50,1.00-1.50,1.6666666666666667e-05,pneumatic_feed,0.02988149650137394,0.0,0.0,0.0,heavy,0.7160000000000005
copper,heavily_coated,0.5531967367270292,1.4622930837475832,1.4622930837475832,0.012,0.08076672356214626,0.09276672356214626,8900.0,,2021.9181659088306,0.18756672356214626,1.7517791005804542,1.715822628662837,4.0107412433435266e-07,1.00-1.50,1.00-1.50,1.6666666666666667e-05,pneumatic_feed,0.006654865657522752,0.0,0.0,0.0,heavy,0.5200000000000004
aluminum,partial,0.16264871161580413,1.3444749921736188,1.3444749921736188,0.0218,0.025568377466004412,0.04736837746600441,2700.0,,2349.6597744334704,0.11129957111205141,1.384582331820824,1.3217254133044274,2.0118655214634866e-07,1.00-1.50,1.00-1.50,1.6666666666666667e-05,pneumatic_feed,-0.031120939362546948,0.0,0.0,0.0,heavy,0.9020000000000007
aluminum,partial,0.1536128932536962,1.3891186037303576,1.3891186037303576,0.0218,0.024147946819481042,0.04594794681948104,2700.0,,2358.8939314252552,0.10838633291392419,1.3691017622585844,1.3043128004497058,2.091477409834934e-07,1.00-1.50,1.00-1.50,1.6666666666666667e-05,pneumatic_feed,0.028890014170559468,0.0,0.0,0.0,heavy,0.9080000000000007
aluminum,partial,0.17363073293046627,1.0478256661188539,1.0478256661188539,0.0218,0.0272947512166693,0.0490947512166693,2700.0,,2339.1560555483484,0.11484028460411164,1.3914063677400725,1.3425844878986708,1.2608758435399835e-07,1.00-1.50,1.00-1.50,1.6666666666666667e-05,pneumatic_feed,-0.009964148213190895,0.0,0.0,0.0,heavy,0.8780000000000007
aluminum,heavily_coated,0.27200009897630467,1.375022423068437,1.375022423068437,0.0218,0.0427584155590751,0.0645584155590751,2700.0,,2270.1231224741355,0.14655555191095038,1.5716872425690378,1.516685841825616,2.770906275245461e-07,1.00-1.50,1.00-1.50,1.6666666666666667e-05,pneumatic_feed,0.03065052744172188,0.0,0.0,0.0,heavy,0.6640000000000005
copper,heavily_coated,0.5532681748868864,1.3649647018162834,1.3649647018162834,0.012,0.08077715353348541,0.09277715353348541,8900.0,,2021.8032822680264,0.18757715353348542,1.744825916139687,1.7158703336387593,3.494803664335261e-07,1.00-1.50,1.00-1.50,1.6666666666666667e-05,pneumatic_feed,-0.0009485889013861672,0.0,0.0,0.0,heavy,0.5460000000000004
aluminum,bare_like,0.045341117605771586,1.4231162834148383,1.4231162834148383,0.0218,0.007127623687627295,0.028927623687627295,2700.0,,2540.0783182444557,0.07347842972727682,1.1410196957642895,1.0739261766990025,1.4881292136526512e-07,1.00-1.50,1.00-1.50,1.6666666666666667e-05,pneumatic_feed,-0.02884633950238665,0.0,0.0,0.0,heavy,1.7740000000000014
aluminum,bare_like,0.018700262170143905,1.3870158187776527,1.3870158187776527,0.0218,0.0029396812131466214,0.02473968121314662,2700.0,,2622.8774318965,0.0648891515262761,1.0748411567722451,1.009207670579465,1.248345855784147e-07,1.00-1.50,1.00-1.50,1.6666666666666667e-05,pneumatic_feed,-0.011457902152543569,0.0,0.0,0.0,heavy,2.7159999999999225
aluminum,bare_like,0.048267946002208795,1.317545847334551,1.317545847334551,0.0218,0.0075877211115472215,0.02938772111154722,2700.0,,2532.42053672987,0.07442206847057214,1.1461458336870207,1.0808000678729164,1.2919128250647708e-07,1.00-1.50,1.00-1.50,1.6666666666666667e-05,pneumatic_feed,-0.020867342020706947,0.0,0.0,0.0,heavy,1.7840000000000014
aluminum,partial,0.130105559358705,1.1833903439510687,1.1833903439510687,0.0218,0.020452593931188423,0.04225259393118842,2700.0,,2385.8259106414275,0.10080733339284008,1.317128203040007,1.2578838996242927,1.4117187055710066e-07,1.00-1.50,1.00-1.50,1.6666666666666667e-05,pneumatic_feed,0.006291014804834521,0.0,0.0,0.0,heavy,1.0100000000000007
other_light,unresolved_nonmetal,,1.3356592572456187,0.08156633784250114,,,,,,1100.0,,0.17312728550022471,,1.3723925221714043e-06,1.00-1.50,1.00-1.50,1.6666666666666667e-05,pneumatic_feed,0.004717532046134904,2.25,0.0,0.0,light,2.583999999999937
separator,film,,1.3632915460809834,1.3632915460809834,,,0.0139,,,900.0,0.01251,0.47525183456266995,0.44312183426231666,2.3250633633594634e-08,1.00-1.50,1.00-1.50,1.6666666666666667e-05,pneumatic_feed,-0.002135721264451744,2.25,0.0,0.0,light,4.415999999999736
aluminum,partial,0.16339415271175645,1.362506354309439,1.362506354309439,0.0218,0.025685560806288116,0.047485560806288116,2700.0,,2348.9226384165836,0.11153990877579739,1.3865689579480196,1.3231516950618005,2.0706531514885806e-07,1.00-1.50,1.00-1.50,1.6666666666666667e-05,pneumatic_feed,-0.002618446505736569,0.0,0.0,0.0,heavy,0.8720000000000007
aluminum,partial,0.06973360588252536,1.0172989607749299,1.0172989607749299,0.0218,0.01096212284473299,0.03276212284473299,2700.0,,2482.8309282059267,0.081342811872585,1.187050261481812,1.1299366243962952,8.418144626179216e-08,1.00-1.50,1.00-1.50,1.6666666666666667e-05,pneumatic_feed,0.034528908647848106,0.0,0.0,0.0,heavy,1.500000000000001
separator,film,,1.099160414602766,1.099160414602766,,,0.0139,,,900.0,0.01251,0.47411478176086413,0.44312183426231666,1.5114001749041852e-08,1.00-1.50,1.00-1.50,1.6666666666666667e-05,pneumatic_feed,-0.023538796716312815,2.25,0.0,0.0,light,4.407999999999737
copper,partial,0.324009430949132,1.0467128626579458,1.0467128626579458,0.012,0.04730537691857327,0.059305376918573266,8900.0,,2598.505985893338,0.15410537691857326,1.5976001285687023,1.5552613915718239,1.6883905557115798e-07,1.00-1.50,1.00-1.50,1.6666666666666667e-05,pneumatic_feed,0.017937993052747372,0.0,0.0,0.0,heavy,0.6100000000000004
other_light,unresolved_nonmetal,,1.4043811313498664,0.09354858141532366,,,,,,1100.0,,0.21754754119711955,,1.5953143252540986e-06,1.00-1.50,1.00-1.50,1.6666666666666667e-05,pneumatic_feed,-0.023592807165453738,2.25,0.0,0.0,light,2.763999999999917
aluminum,partial,0.18117018907211224,1.3745433714774842,1.3745433714774842,0.0218,0.028479953722136048,0.05027995372213605,2700.0,,2332.3625416765335,0.1172710806587397,1.419451869174864,1.3567191610718774,2.215684006917654e-07,1.00-1.50,1.00-1.50,1.6666666666666667e-05,pneumatic_feed,0.029260940253149608,0.0,0.0,0.0,heavy,0.8000000000000006
aluminum,partial,0.15458522387056478,1.140681767460926,1.140681767460926,0.0218,0.02430079719245279,0.04610079719245279,2700.0,,2357.872935999991,0.1086998220281088,1.3617396457398816,1.3061976904562325,1.4143530547595553e-07,1.00-1.50,1.00-1.50,1.6666666666666667e-05,pneumatic_feed,-0.0004544704300676279,0.0,0.0,0.0,heavy,0.9280000000000007
copper,partial,0.40500980703508305,1.3748152943910492,1.3748152943910492,0.012,0.05913143182712212,0.07113143182712212,8900.0,,2332.7441549384525,0.1659314318271221,1.6650977961880773,1.6138338681408657,3.136298356771572e-07,1.00-1.50,1.00-1.50,1.6666666666666667e-05,pneumatic_feed,-0.022753770210225528,0.0,0.0,0.0,heavy,0.5780000000000004
separator,film,,1.0140834436637907,1.0140834436637907,,,0.0139,,,900.0,0.01251,0.47362494146744155,0.44312183426231666,1.2864849036219787e-08,1.00-1.50,1.00-1.50,1.6666666666666667e-05,pneumatic_feed,-0.02140871737714454,2.25,0.0,0.0,light,4.403999999999737
aluminum,partial,0.21901833511286267,1.4456145455793403,1.4456145455793403,0.0218,0.03442968227974201,0.05622968227974201,2700.0,,2302.5863951997435,0.12947370142373804,1.4882598182064877,1.425559264831523,2.705743243617092e-07,1.00-1.50,1.00-1.50,1.6666666666666667e-05,pneumatic_feed,0.012173540788305287,0.0,0.0,0.0,heavy,0.7500000000000006
copper,partial,0.3806087589424347,1.222693151893527,1.222693151893527,0.012,0.05556887880559547,0.06756887880559546,8900.0,,2403.012772681223,0.16236887880559547,1.6419040929855677,1.5964153349716441,2.427379899769332e-07,1.00-1.50,1.00-1.50,1.6666666666666667e-05,pneumatic_feed,-0.012159070411133692,0.0,0.0,0.0,heavy,0.5860000000000004
aluminum,partial,0.08170651988842315,1.1960485711964122,1.1960485711964122,0.0218,0.012844264926460118,0.03464426492646012,2700.0,,2459.3680731309537,0.0852029990772265,1.2186015255072173,1.1564368869575838,1.2188563240961221e-07,1.00-1.50,1.00-1.50,1.6666666666666667e-05,pneumatic_feed,0.030090875713999553,0.0,0.0,0.0,heavy,1.292000000000001
copper,partial,0.22322930930923923,1.3154147680012316,1.3154147680012316,0.012,0.03259147915914892,0.04459147915914892,8900.0,,3125.9667045727438,0.13939147915914893,1.5515263580357466,1.4791513299463317,2.4119130830811807e-07,1.00-1.50,1.00-1.50,1.6666666666666667e-05,pneumatic_feed,-0.01831146832895293,0.0,0.0,0.0,heavy,0.6900000000000005
aluminum,partial,0.11619447872916477,1.3965909355475594,1.3965909355475594,0.0218,0.018265772056224705,0.040065772056224705,2700.0,,2404.1034764511714,0.09632226188707002,1.2960120724752224,1.229582946604031,1.8787332009191906e-07,1.00-1.50,1.00-1.50,1.6666666666666667e-05,pneumatic_feed,-0.01313035731167928,0.0,0.0,0.0,heavy,1.0500000000000007
aluminum,heavily_coated,0.32590437886165946,1.02929771338417,1.02929771338417,0.0218,0.05123216835705287,0.07303216835705287,2700.0,,2244.6934614800616,0.16393483078878762,1.6269458845508402,1.6040951044314082,1.736813766082329e-07,1.00-1.50,1.00-1.50,1.6666666666666667e-05,pneumatic_feed,0.031300988041684005,0.0,0.0,0.0,heavy,0.6040000000000004
copper,bare_like,0.044465179920824494,1.4154863468788075,1.4154863468788075,0.012,0.0064919162684403744,0.018491916268440375,8900.0,,6126.564420032144,0.11329191626844037,1.4270044728569513,1.33350287504356,2.2699186449862303e-07,1.00-1.50,1.00-1.50,1.6666666666666667e-05,pneumatic_feed,-0.007122551418979401,0.0,0.0,0.0,heavy,0.8100000000000006
aluminum,bare_like,0.030427522905081137,1.3320723810779604,1.3320723810779604,0.0218,0.004783206600678755,0.026583206600678755,2700.0,,2583.2149857374184,0.06867013765982721,1.1034524835396073,1.038193855071705,1.2184944787425069e-07,1.00-1.50,1.00-1.50,1.6666666666666667e-05,pneumatic_feed,0.0345692735364741,0.0,0.0,0.0,heavy,2.249999999999974
separator,film,,1.2566143436963046,1.2566143436963046,,,0.0139,,,900.0,0.01251,0.47484920993738666,0.44312183426231666,1.9754285905879014e-08,1.00-1.50,1.00-1.50,1.6666666666666667e-05,pneumatic_feed,-0.01518773881974947,2.25,0.0,0.0,light,4.415999999999736
other_light,unresolved_nonmetal,,1.4110490703312812,0.11939274719198582,,,,,,1100.0,,0.3214632916173768,,1.6181458297175459e-06,1.00-1.50,1.00-1.50,1.6666666666666667e-05,pneumatic_feed,0.02969742132041924,2.25,0.0,0.0,light,3.2419999999998645
aluminum,bare_like,0.029886196123989284,1.4231287887481383,1.4231287887481383,0.0218,0.004698110030691115,0.026498110030691115,2700.0,,2584.924298865133,0.06849560849233538,1.1034687852398115,1.0368737005516613,1.3872385103048827e-07,1.00-1.50,1.00-1.50,1.6666666666666667e-05,pneumatic_feed,-0.030788360455914928,0.0,0.0,0.0,heavy,2.255999999999973
separator,film,,1.3866133922048778,1.3866133922048778,,,0.0139,,,900.0,0.01251,0.47533172594301054,0.44312183426231666,2.40529357100184e-08,1.00-1.50,1.00-1.50,1.6666666666666667e-05,pneumatic_feed,0.018585658565314758,2.25,0.0,0.0,light,4.419999999999735
copper,partial,0.29263903106004374,1.2220634730697792,1.2220634730697792,0.012,0.04272529853476639,0.05472529853476639,8900.0,,2732.2884029545235,0.14952529853476637,1.5907610682658155,1.53197555000127,2.233069320874077e-07,1.00-1.50,1.00-1.50,1.6666666666666667e-05,pneumatic_feed,0.03291018543940082,0.0,0.0,0.0,heavy,0.6320000000000005
aluminum,partial,0.13330139740685998,1.3602025743979593,1.3602025743979593,0.0218,0.02095497967235839,0.04275497967235839,2700.0,,2381.8910526528684,0.10183770353794572,1.329152007520727,1.2642960866551776,1.8841513345807162e-07,1.00-1.50,1.00-1.50,1.6666666666666667e-05,pneumatic_feed,-0.004960509640381822,0.0,0.0,0.0,heavy,1.0060000000000007
aluminum,partial,0.07170888839012773,1.1789270278005974,1.1789270278005974,0.0218,0.01127263725492808,0.03307263725492808,2700.0,,2478.7760974110247,0.08197966270586109,1.1963632444326022,1.134351262101469,1.1394098665067372e-07,1.00-1.50,1.00-1.50,1.6666666666666667e-05,pneumatic_feed,-0.005959453453976316,0.0,0.0,0.0,heavy,1.480000000000001
other_light,unresolved_nonmetal,,1.453602497711212,0.18077397333197703,,,,,,1100.0,,0.5939730252466061,,1.769001858199463e-06,1.00-1.50,1.00-1.50,1.6666666666666667e-05,pneumatic_feed,0.01266464078211158,2.25,0.0,0.0,light,6.531999999999503
separator,film,,1.1203954368114302,1.1203954368114302,,,0.0139,,,900.0,0.01251,0.47422565413380646,0.44312183426231666,1.570362704469672e-08,1.00-1.50,1.00-1.50,1.6666666666666667e-05,pneumatic_feed,-0.014477687995677481,2.25,0.0,0.0,light,4.409999999999736
aluminum,partial,0.1523578889782472,1.4253673970441638,1.4253673970441638,0.0218,0.02395066014738046,0.04575066014738046,2700.0,,2360.2218336877786,0.10798170698547668,1.3678013521895007,1.3018759053166482,2.1938343397873308e-07,1.00-1.50,1.00-1.50,1.6666666666666667e-05,pneumatic_feed,0.0030114797213267467,0.0,0.0,0.0,heavy,0.9440000000000007
copper,heavily_coated,0.7623489548461471,1.1823683676987309,1.1823683676987309,0.012,0.11130294740753746,0.12330294740753746,8900.0,,1768.8380691068944,0.2181029474075375,1.8239647035864877,1.8502280568915577,3.0490682056830125e-07,1.00-1.50,1.00-1.50,1.6666666666666667e-05,pneumatic_feed,0.004102779539459062,0.0,0.0,0.0,heavy,0.5020000000000003
separator,film,,1.2330163966149281,1.2330163966149281,,,0.0139,,,900.0,0.01251,0.4747508913012833,0.44312183426231666,1.9019321223358985e-08,1.00-1.50,1.00-1.50,1.6666666666666667e-05,pneumatic_feed,-0.03237257914380477,2.25,0.0,0.0,light,4.407999999999737
aluminum,partial,0.20770626775165288,1.1911282595377086,1.1911282595377086,0.0218,0.03265142529055983,0.05445142529055983,2700.0,,2310.804117879074,0.1258265777858104,1.457957067236983,1.4053376693613817,1.7852105376272468e-07,1.00-1.50,1.00-1.50,1.6666666666666667e-05,pneumatic_feed,-0.024617197246624693,0.0,0.0,0.0,heavy,0.7560000000000006
aluminum,partial,0.07845083774316519,1.2171721596485714,1.2171721596485714,0.0218,0.012332471693225572,0.03413247169322557,2700.0,,2465.491961822272,0.08415333459677389,1.212130858905019,1.1492914077077943,1.246738440047313e-07,1.00-1.50,1.00-1.50,1.6666666666666667e-05,pneumatic_feed,-0.010093041408876543,0.0,0.0,0.0,heavy,1.426000000000001
aluminum,partial,0.16700893428150276,1.370569088289143,1.370569088289143,0.0218,0.026253804469052233,0.04805380446905223,2700.0,,2345.39911557438,0.1127053505016993,1.3935204884458066,1.3300463080188871,2.1171245052611946e-07,1.00-1.50,1.00-1.50,1.6666666666666667e-05,pneumatic_feed,-0.029190708974706176,0.0,0.0,0.0,heavy,0.8460000000000006
copper,partial,0.14153773306978512,1.039919190740082,1.039919190740082,0.012,0.020664509028188626,0.032664509028188626,8900.0,,3902.232509240841,0.12746450902818862,1.4871913037870577,1.414454995291985,1.3784418914695746e-07,1.00-1.50,1.00-1.50,1.6666666666666667e-05,pneumatic_feed,-0.03261516916351884,0.0,0.0,0.0,heavy,0.7380000000000005
other_light,unresolved_nonmetal,,1.2664764845167586,0.17719357822452858,,,,,,1100.0,,0.5775029418619062,,1.169991478433017e-06,1.00-1.50,1.00-1.50,1.6666666666666667e-05,pneumatic_feed,-0.0005508612539124587,2.25,0.0,0.0,light,6.081999999999552
aluminum,partial,0.23692235762426736,1.2979357347028948,1.2979357347028948,0.0218,0.03724419461853483,0.05904419461853483,2700.0,,2290.5916186243367,0.13524613732164004,1.5118505294018232,1.4569912049839087,2.2784067022283857e-07,1.00-1.50,1.00-1.50,1.6666666666666667e-05,pneumatic_feed,-0.0012095848811410513,0.0,0.0,0.0,heavy,0.7280000000000005
separator,film,,1.14285816745619,1.14285816745619,,,0.0139,,,900.0,0.01251,0.4743385321269606,0.44312183426231666,1.6339621134425725e-08,1.00-1.50,1.00-1.50,1.6666666666666667e-05,pneumatic_feed,0.023452713163007233,2.25,0.0,0.0,light,4.407999999999737
aluminum,partial,0.1688278542489371,1.3298387872810258,1.3298387872810258,0.0218,0.026539738687932912,0.04833973868793291,2700.0,,2343.657445477274,0.1132917884883998,1.3954612596590448,1.3335021230256527,2.0035326515602125e-07,1.00-1.50,1.00-1.50,1.6666666666666667e-05,pneumatic_feed,-0.015296493065080354,0.0,0.0,0.0,heavy,0.8540000000000006
aluminum,heavily_coated,0.34896389466708144,1.1996465048479619,1.1996465048479619,0.0218,0.05485712424166521,0.07665712424166521,2700.0,,2235.5319348970547,0.17136944927961373,1.6737981653565857,1.6400655096345442,2.4662664052990166e-07,1.00-1.50,1.00-1.50,1.6666666666666667e-05,pneumatic_feed,0.0010360263880126231,0.0,0.0,0.0,heavy,0.5580000000000004
copper,partial,0.14844849887477118,1.2095133295993061,1.2095133295993061,0.012,0.02167348083571659,0.03367348083571659,8900.0,,3815.2717701654433,0.12847348083571658,1.4981012583479218,1.4200421666969638,1.879467450585094e-07,1.00-1.50,1.00-1.50,1.6666666666666667e-05,pneumatic_feed,0.01504030812969887,0.0,0.0,0.0,heavy,0.7220000000000005
copper,heavily_coated,0.4821301390225869,1.4327019889094286,1.4327019889094286,0.012,0.07039100029729768,0.08239100029729768,8900.0,,2150.6111062849827,0.17719100029729767,1.711702259821806,1.6676900013690747,3.6370844695057806e-07,1.00-1.50,1.00-1.50,1.6666666666666667e-05,pneumatic_feed,-0.012193784941681801,0.0,0.0,0.0,heavy,0.5480000000000004
other_light,unresolved_nonmetal,,1.4484003464983626,0.1720501160676587,,,,,,1100.0,,0.5539247043536644,,1.750077041776566e-06,1.00-1.50,1.00-1.50,1.6666666666666667e-05,pneumatic_feed,0.035811499770268373,2.25,0.0,0.0,light,5.587999999999607
separator,film,,1.496710507792986,1.496710507792986,,,0.0139,,,900.0,0.01251,0.47567571498965483,0.44312183426231666,2.802418072516561e-08,1.00-1.50,1.00-1.50,1.6666666666666667e-05,pneumatic_feed,0.005161679819998366,2.25,0.0,0.0,light,4.421999999999735
aluminum,partial,0.10734577545367047,1.3662405752333693,1.3662405752333693,0.0218,0.016874755901317,0.038674755901317,2700.0,,2416.8052075755945,0.09346935146401789,1.2771366701501041,1.2112369465051935,1.7447113546503145e-07,1.00-1.50,1.00-1.50,1.6666666666666667e-05,pneumatic_feed,-0.0037038626545939416,0.0,0.0,0.0,heavy,1.0860000000000007
copper,partial,0.2762525195426174,1.1109218417542368,1.1109218417542368,0.012,0.04033286785322214,0.05233286785322214,8900.0,,2811.4810804155686,0.14713286785322213,1.5746345833726385,1.519670192451038,1.8158363726495847e-07,1.00-1.50,1.00-1.50,1.6666666666666667e-05,pneumatic_feed,0.02411854034008441,0.0,0.0,0.0,heavy,0.6200000000000004
separator,film,,1.1000804345060562,1.1000804345060562,,,0.0139,,,900.0,0.01251,0.474119672439615,0.44312183426231666,1.5139313799411747e-08,1.00-1.50,1.00-1.50,1.6666666666666667e-05,pneumatic_feed,-0.01203116454125335,2.25,0.0,0.0,light,4.407999999999737
aluminum,partial,0.22082597096541012,1.1429111575796522,1.1429111575796522,0.0218,0.03471384263576247,0.05651384263576247,2700.0,,2301.3211495311934,0.13005650129895788,1.477214998225924,1.4287640968292992,1.6988577342651408e-07,1.00-1.50,1.00-1.50,1.6666666666666667e-05,pneumatic_feed,-0.003124690260372215,0.0,0.0,0.0,heavy,0.7520000000000006
aluminum,heavily_coated,0.3560158572211698,1.3040612654762809,1.3040612654762809,0.0218,0.0559656927551679,0.0777656927551679,2700.0,,2232.900735204187,0.17364307252667735,1.6912744828221158,1.6509093452938983,2.9529320421829624e-07,1.00-1.50,1.00-1.50,1.6666666666666667e-05,pneumatic_feed,0.011864678296558432,0.0,0.0,0.0,heavy,0.5580000000000004
other_light,unresolved_nonmetal,,1.0851602418141175,0.16164014680648664,,,,,,1100.0,,0.5065482966358101,,7.35991719947579e-07,1.00-1.50,1.00-1.50,1.6666666666666667e-05,pneumatic_feed,-0.006245162146380273,2.25,0.0,0.0,light,4.837999999999689
aluminum,partial,0.1399695369209767,1.3336417239229836,1.3336417239229836,0.0218,0.022003211203977538,0.04380321120397754,2700.0,,2373.971577436531,0.10398757839869209,1.3413265692414427,1.277571536371201,1.8495233270681566e-07,1.00-1.50,1.00-1.50,1.6666666666666667e-05,pneumatic_feed,-0.020764789571030604,0.0,0.0,0.0,heavy,0.9580000000000007
separator,film,,1.0832599983818456,1.0832599983818456,,,0.0139,,,900.0,0.01251,0.47402896986404547,0.44312183426231666,1.4679887323418893e-08,1.00-1.50,1.00-1.50,1.6666666666666667e-05,pneumatic_feed,0.033561214118881084,2.25,0.0,0.0,light,4.405999999999737
aluminum,partial,0.09787301617967303,1.0418181463321836,1.0418181463321836,0.0218,0.015385638143444604,0.0371856381434446,2700.0,,2431.455896970469,0.09041523914648839,1.2474110692374913,1.191284010487542,9.813534886421693e-08,1.00-1.50,1.00-1.50,1.6666666666666667e-05,pneumatic_feed,-0.036490579295614445,0.0,0.0,0.0,heavy,1.2440000000000009
aluminum,partial,0.2059932979009441,1.386147148411875,1.386147148411875,0.0218,0.03238214643002841,0.05418214643002841,2700.0,,2312.095541250371,0.1252742991762434,1.463666899224972,1.4022501202960607,2.407025291429744e-07,1.00-1.50,1.00-1.50,1.6666666666666667e-05,pneumatic_feed,0.006631399066524457,0.0,0.0,0.0,heavy,0.7620000000000006
copper,partial,0.07312077321900509,1.2215962652007435,1.2215962652007435,0.012,0.01067563288997474,0.02267563288997474,8900.0,,5180.699187536793,0.11747563288997473,1.4453641557154833,1.3579018866770323,1.7530858565461483e-07,1.00-1.50,1.00-1.50,1.6666666666666667e-05,pneumatic_feed,0.036735229816948406,0.0,0.0,0.0,heavy,0.7800000000000006
other_light,unresolved_nonmetal,,1.1681052688880533,0.1122958177327329,,,,,,1100.0,,0.2920087889743363,,9.179885326356299e-07,1.00-1.50,1.00-1.50,1.6666666666666667e-05,pneumatic_feed,-0.027825821184733184,2.25,0.0,0.0,light,3.0899999999998813
other_light,unresolved_nonmetal,,1.2947896429337273,0.1580265462765717,,,,,,1100.0,,0.4902264317034777,,1.2502272422975394e-06,1.00-1.50,1.00-1.50,1.6666666666666667e-05,pneumatic_feed,-0.006119472699028073,2.25,0.0,0.0,light,4.615999999999714
separator,film,,1.2578980449301795,1.2578980449301795,,,0.0139,,,900.0,0.01251,0.47485445428033585,0.44312183426231666,1.979466671790399e-08,1.00-1.50,1.00-1.50,1.6666666666666667e-05,pneumatic_feed,-0.03217476518327175,2.25,0.0,0.0,light,4.415999999999736
copper,partial,0.2575385936761523,1.055378974713429,1.055378974713429,0.012,0.03760063467671823,0.04960063467671823,8900.0,,2911.2658662107333,0.14440063467671824,1.560113543298715,1.505494059066913,1.6083700518923536e-07,1.00-1.50,1.00-1.50,1.6666666666666667e-05,pneumatic_feed,0.021018873056502355,0.0,0.0,0.0,heavy,0.6740000000000005
aluminum,bare_like,0.03721855296618257,1.3052231507666618,1.3052231507666618,0.0218,0.0058507565262839005,0.0276507565262839,2700.0,,2562.6652780537884,0.07085963366182693,1.1195819867270167,1.054615005561762,1.207170014613939e-07,1.00-1.50,1.00-1.50,1.6666666666666667e-05,pneumatic_feed,-0.0008241150969134621,0.0,0.0,0.0,heavy,2.0239999999999987
separator,film,,1.272079023723974,1.272079023723974,,,0.0139,,,900.0,0.01251,0.47491169524856985,0.44312183426231666,2.0243494882907724e-08,1.00-1.50,1.00-1.50,1.6666666666666667e-05,pneumatic_feed,0.027214724407053005,2.25,0.0,0.0,light,4.411999999999736
copper,partial,0.45511200291767384,1.0579815087616935,1.0579815087616935,0.012,0.06644635242598038,0.07844635242598037,8900.0,,2208.469190322781,0.17324635242598038,1.6678474963743375,1.6490223611819788,1.939189514064234e-07,1.00-1.50,1.00-1.50,1.6666666666666667e-05,pneumatic_feed,-0.01806678028593068,0.0,0.0,0.0,heavy,0.5640000000000004
copper,partial,0.12771899250880636,1.0722680418809272,1.0722680418809272,0.012,0.018646972906285728,0.03064697290628573,8900.0,,4093.2908215726716,0.12544697290628573,1.479328340387413,1.4032161938693057,1.442337552165363e-07,1.00-1.50,1.00-1.50,1.6666666666666667e-05,pneumatic_feed,-0.016346952106297948,0.0,0.0,0.0,heavy,0.7480000000000006
separator,film,,1.2989824935773444,1.2989824935773444,,,0.0139,,,900.0,0.01251,0.4750169093698535,0.44312183426231666,2.1108817537941395e-08,1.00-1.50,1.00-1.50,1.6666666666666667e-05,pneumatic_feed,0.022816321519536026,2.25,0.0,0.0,light,4.415999999999736
copper,partial,0.36041093654580375,1.4004510972293445,1.4004510972293445,0.012,0.05261999673568735,0.06461999673568734,8900.0,,2467.0381428175674,0.15941999673568735,1.6404644502153638,1.5818521640037506,3.1266458501483955e-07,1.00-1.50,1.00-1.50,1.6666666666666667e-05,pneumatic_feed,-0.029777213722434435,0.0,0.0,0.0,heavy,0.6000000000000004
copper,partial,0.1651599512670472,1.3585138713631584,1.3585138713631584,0.012,0.02411335288498889,0.03611335288498889,8900.0,,3625.0678053049237,0.1309133528849889,1.5140518639254565,1.4334629353013582,2.416084395236139e-07,1.00-1.50,1.00-1.50,1.6666666666666667e-05,pneumatic_feed,0.004181887103338598,0.0,0.0,0.0,heavy,0.7120000000000005
copper,partial,0.0879104213578843,1.2710996482168124,1.2710996482168124,0.012,0.012834921518251104,0.024834921518251105,8900.0,,4817.205539801355,0.1196349215182511,1.457203852578731,1.3703246798297364,1.9329346265588357e-07,1.00-1.50,1.00-1.50,1.6666666666666667e-05,pneumatic_feed,0.03786860161139218,0.0,0.0,0.0,heavy,0.7500000000000006
aluminum,heavily_coated,0.2821068708183633,1.0358506245901067,1.0358506245901067,0.0218,0.04434720009264671,0.06614720009264671,2700.0,,2264.8589208721874,0.1498140762205485,1.5650576857736738,1.5334541859337465,1.6074848376111565e-07,1.00-1.50,1.00-1.50,1.6666666666666667e-05,pneumatic_feed,0.03313560964556091,0.0,0.0,0.0,heavy,0.6740000000000005
aluminum,heavily_coated,0.2788314589964153,1.2832701502904331,1.2832701502904331,0.0218,0.04383230535423649,0.06563230535423649,2700.0,,2266.5370337388595,0.14875805069503426,1.577416625786219,1.5280400399561713,2.4497212168759463e-07,1.00-1.50,1.00-1.50,1.6666666666666667e-05,pneumatic_feed,-0.014352622958329009,0.0,0.0,0.0,heavy,0.6580000000000005
copper,partial,0.3816945668762177,1.0620325070870316,1.0620325070870316,0.012,0.05572740676392779,0.06772740676392779,8900.0,,2399.7287734703486,0.1625274067639278,1.6302608234443865,1.59719447049087,1.8331678243939022e-07,1.00-1.50,1.00-1.50,1.6666666666666667e-05,pneumatic_feed,-0.014373816740573095,0.0,0.0,0.0,heavy,0.6280000000000004
separator,film,,1.4199814992856123,1.4199814992856123,,,0.0139,,,900.0,0.01251,0.4754415340990899,0.44312183426231666,2.5224506703500826e-08,1.00-1.50,1.00-1.50,1.6666666666666667e-05,pneumatic_feed,-0.014601348497254914,2.25,0.0,0.0,light,4.419999999999735
aluminum,partial,0.08237877773657565,1.398554682741011,1.398554682741011,0.0218,0.012949943860189689,0.03474994386018969,2700.0,,2458.126035360538,0.08541974173004935,1.224928357245116,1.1579068469418663,1.6707718807223473e-07,1.00-1.50,1.00-1.50,1.6666666666666667e-05,pneumatic_feed,-0.04044316864994786,0.0,0.0,0.0,heavy,1.298000000000001
copper,partial,0.2511059534466582,1.4350470159775726,1.4350470159775726,0.012,0.0366614692032121,0.0486614692032121,8900.0,,2948.153262781929,0.1434614692032121,1.5739810890978165,1.500590290723493,2.954388023332037e-07,1.00-1.50,1.00-1.50,1.6666666666666667e-05,pneumatic_feed,-0.03566461534875803,0.0,0.0,0.0,heavy,0.6460000000000005
other_light,unresolved_nonmetal,,1.2028599482400142,0.16299493310994279,,,,,,1100.0,,0.512685088632549,,1.0023894810827928e-06,1.00-1.50,1.00-1.50,1.6666666666666667e-05,pneumatic_feed,0.025192677668442177,2.25,0.0,0.0,light,4.883999999999684
aluminum,partial,0.1637704063601192,1.480719875827861,1.480719875827861,0.0218,0.025744707879810737,0.04754470787981074,2700.0,,2348.5519565465993,0.11166121671456603,1.3908931659335382,1.3238710124297717,2.448207183008302e-07,1.00-1.50,1.00-1.50,1.6666666666666667e-05,pneumatic_feed,-0.0009462086339678153,0.0,0.0,0.0,heavy,0.8420000000000006
copper,partial,0.2752878743555083,1.1830023205397127,1.1830023205397127,0.012,0.04019202965590421,0.05219202965590421,8900.0,,2816.369292878722,0.14699202965590422,1.5781987945430602,1.5189426906500039,2.0571453563649607e-07,1.00-1.50,1.00-1.50,1.6666666666666667e-05,pneumatic_feed,-0.03505721225781496,0.0,0.0,0.0,heavy,0.6660000000000005
copper,bare_like,0.024386983270865904,1.1094580889390655,1.1094580889390655,0.012,0.003560499557546422,0.015560499557546422,8900.0,,7092.349390802467,0.11036049955754641,1.4071229035246602,1.3161376831681588,1.3584243553676665e-07,1.00-1.50,1.00-1.50,1.6666666666666667e-05,pneumatic_feed,-0.018895683621840038,0.0,0.0,0.0,heavy,0.8160000000000006
separator,film,,1.2093917509329484,1.2093917509329484,,,0.0139,,,900.0,0.01251,0.47464868285719786,0.44312183426231666,1.8297481374380532e-08,1.00-1.50,1.00-1.50,1.6666666666666667e-05,pneumatic_feed,0.007412365631295517,2.25,0.0,0.0,light,4.409999999999736
aluminum,partial,0.18106698541479266,1.2233335014711555,1.2233335014711555,0.0218,0.028463730107205404,0.050263730107205404,2700.0,,2332.45337179576,0.1172378067675833,1.4133258143709853,1.356526673170855,1.7545163662584266e-07,1.00-1.50,1.00-1.50,1.6666666666666667e-05,pneumatic_feed,-0.00767800358524087,0.0,0.0,0.0,heavy,0.8280000000000006
separator,film,,1.205469950237182,1.205469950237182,,,0.0139,,,900.0,0.01251,0.4746313346186784,0.44312183426231666,1.8179004089569673e-08,1.00-1.50,1.00-1.50,1.6666666666666667e-05,pneumatic_feed,-0.005704414058704504,2.25,0.0,0.0,light,4.411999999999736
copper,partial,0.4036901903203008,1.2215160573742496,1.2215160573742496,0.012,0.05893876778676392,0.07093876778676392,8900.0,,2336.363781859885,0.1657387677867639,1.6546586286587979,1.612896679636066,2.4729906044665845e-07,1.00-1.50,1.00-1.50,1.6666666666666667e-05,pneumatic_feed,0.007529757015967624,0.0,0.0,0.0,heavy,0.5780000000000004
other_light,unresolved_nonmetal,,1.014903285593784,0.11382135273966676,,,,,,1100.0,,0.29828831496702346,,6.020953634932616e-07,1.00-1.50,1.00-1.50,1.6666666666666667e-05,pneumatic_feed,0.004953982683227625,2.25,0.0,0.0,light,3.111999999999879
aluminum,partial,0.08362781826493115,1.4046883282780207,1.4046883282780207,0.0218,0.013146293031247175,0.034946293031247175,2700.0,,2455.8383005046758,0.08582244488679645,1.227775492914939,1.1606330578366089,1.69340497018385e-07,1.00-1.50,1.00-1.50,1.6666666666666667e-05,pneumatic_feed,0.010860461589765988,0.0,0.0,0.0,heavy,1.288000000000001
aluminum,bare_like,0.015505679451028166,1.4181316049278223,1.4181316049278223,0.0218,0.002437492809701628,0.024237492809701628,2700.0,,2634.727387572235,0.063859186111806,1.0670461655415076,1.001166212579563,1.284270335061371e-07,1.00-1.50,1.00-1.50,1.6666666666666667e-05,pneumatic_feed,-0.020464420241153837,0.0,0.0,0.0,heavy,2.7799999999999154
aluminum,bare_like,0.03981373380137387,1.3757022481639796,1.3757022481639796,0.0218,0.006258718953575972,0.02805871895357597,2700.0,,2555.225205880739,0.07169634591490096,1.1270249981394078,1.0608231923748113,1.3568939807761832e-07,1.00-1.50,1.00-1.50,1.6666666666666667e-05,pneumatic_feed,0.027378452269208188,0.0,0.0,0.0,heavy,1.9900000000000015
copper,partial,0.2717816781861294,1.0898466256768993,1.0898466256768993,0.012,0.0396801250151749,0.051680125015174896,8900.0,,2834.3608877138695,0.14648012501517488,1.5706927155156516,1.516295499643188,1.739840634640335e-07,1.00-1.50,1.00-1.50,1.6666666666666667e-05,pneumatic_feed,-0.004873042062208804,0.0,0.0,0.0,heavy,0.6520000000000005
aluminum,partial,0.16015359400737184,1.3550837487086573,1.3550837487086573,0.0218,0.02517614497795885,0.04697614497795885,2700.0,,2352.1538494859665,0.11049512024391675,1.3802989760328228,1.3169401684771094,2.0289688178287945e-07,1.00-1.50,1.00-1.50,1.6666666666666667e-05,pneumatic_feed,0.013627458486566265,0.0,0.0,0.0,heavy,0.9060000000000007
other_light,unresolved_nonmetal,,1.150356137748601,0.14773348163975483,,,,,,1100.0,,0.4441483853861736,,8.767751847265144e-07,1.00-1.50,1.00-1.50,1.6666666666666667e-05,pneumatic_feed,-0.027191793143958948,2.25,0.0,0.0,light,4.119999999999768
aluminum,partial,0.1696463817808408,1.4260188803508522,1.4260188803508522,0.0218,0.02666841121594818,0.04846841121594818,2700.0,,2342.880385412679,0.11355568994996088,1.4001712417747778,1.3350543470041158,2.3091888482322053e-07,1.00-1.50,1.00-1.50,1.6666666666666667e-05,pneumatic_feed,-0.01313075059204655,0.0,0.0,0.0,heavy,0.8540000000000006
aluminum,partial,0.13274068084455642,1.2008797276337895,1.2008797276337895,0.0218,0.02086683502876427,0.04266683502876427,2700.0,,2382.574729120649,0.10165692291109343,1.3228825365495565,1.2631734093197666,1.4660068063657465e-07,1.00-1.50,1.00-1.50,1.6666666666666667e-05,pneumatic_feed,-0.045154810063492055,0.0,0.0,0.0,heavy,1.0020000000000007
separator,film,,1.1438100096497,1.1438100096497,,,0.0139,,,900.0,0.01251,0.4743432190800043,0.44312183426231666,1.6366849740567333e-08,1.00-1.50,1.00-1.50,1.6666666666666667e-05,pneumatic_feed,-0.029896417990934777,2.25,0.0,0.0,light,4.409999999999736
aluminum,partial,0.12502383853194876,1.4262708114225688,1.4262708114225688,0.0218,0.019653747417222346,0.041453747417222346,2700.0,,2392.279153509893,0.0991689357810856,1.3145543702120317,1.247619980611051,2.0173425167110787e-07,1.00-1.50,1.00-1.50,1.6666666666666667e-05,pneumatic_feed,-0.0034174369633196296,0.0,0.0,0.0,heavy,1.0160000000000007
copper,partial,0.4426707605669023,1.304001737371322,1.304001737371322,0.012,0.06462993104276774,0.07662993104276773,8900.0,,2237.1145153072293,0.17142993104276774,1.68176795257594,1.6403548999065058,2.9150297438459533e-07,1.00-1.50,1.00-1.50,1.6666666666666667e-05,pneumatic_feed,0.014396819582896748,0.0,0.0,0.0,heavy,0.5580000000000004
other_light,unresolved_nonmetal,,1.3127513448401051,0.19882834989013518,,,,,,1100.0,,0.6775935720955177,,1.3029829206794506e-06,1.00-1.50,1.00-1.50,1.6666666666666667e-05,pneumatic_feed,-0.03702102428678698,0.607360783425108,-4.769079144123705e-64,-0.23815854973501915,active,
aluminum,bare_like,0.025390516597964912,1.1033698422678468,1.1033698422678468,0.0218,0.003991389209200086,0.025791389209200086,2700.0,,2599.555840614965,0.06704615645634987,1.0867612343808515,1.0258442726549033,8.162366761563274e-08,1.00-1.50,1.00-1.50,1.6666666666666667e-05,pneumatic_feed,-0.0041253302127333205,0.0,0.0,0.0,heavy,2.5319999999999427
aluminum,partial,0.17272410720374398,1.3377164232995684,1.3377164232995684,0.0218,0.027152229652428556,0.048952229652428556,2700.0,,2339.9951384620185,0.1145479794035591,1.4028570721901226,1.3408747460960937,2.0498191717341035e-07,1.00-1.50,1.00-1.50,1.6666666666666667e-05,pneumatic_feed,-0.022806588563768018,0.0,0.0,0.0,heavy,0.8260000000000006
separator,film,,1.2418383072402248,1.2418383072402248,,,0.0139,,,900.0,0.01251,0.47478807712149684,0.44312183426231666,1.9292451390429133e-08,1.00-1.50,1.00-1.50,1.6666666666666667e-05,pneumatic_feed,0.01347145194225812,2.25,0.0,0.0,light,4.411999999999736
other_light,unresolved_nonmetal,,1.2744723367501454,0.16445584237816732,,,,,,1100.0,,0.5193128169931838,,1.1922917729866636e-06,1.00-1.50,1.00-1.50,1.6666666666666667e-05,pneumatic_feed,0.034468293456570105,2.25,0.0,0.0,light,5.019999999999669
aluminum,bare_like,0.04774762215248818,1.4510249289223105,1.4510249289223105,0.0218,0.007505926202371144,0.029305926202371144,2700.0,,2533.7643432738796,0.07425431085818371,1.1471709762933677,1.0795812443860127,1.5634047221528134e-07,1.00-1.50,1.00-1.50,1.6666666666666667e-05,pneumatic_feed,0.032197047128391956,0.0,0.0,0.0,heavy,1.7700000000000014
copper,heavily_coated,0.5135796789763758,1.2514604770104145,1.2514604770104145,0.012,0.07498263313055087,0.08698263313055087,8900.0,,2089.87273192473,0.18178263313055087,1.715365414044567,1.6891596163823972,2.8469947539903696e-07,1.00-1.50,1.00-1.50,1.6666666666666667e-05,pneumatic_feed,0.005220382955304108,0.0,0.0,0.0,heavy,0.5540000000000004
aluminum,partial,0.2545701297556585,1.0929416892730275,1.0929416892730275,0.0218,0.04001842439758952,0.06181842439758952,2700.0,,2279.83739326778,0.14093595553452185,1.5278965020358384,1.4873233535683674,1.6835103410400306e-07,1.00-1.50,1.00-1.50,1.6666666666666667e-05,pneumatic_feed,0.02323710439400172,0.0,0.0,0.0,heavy,0.7080000000000005
aluminum,bare_like,0.034936708771697966,1.0158141305464423,1.0158141305464423,0.0218,0.005492050618910921,0.02729205061891092,2700.0,,2569.390818383343,0.07012394427508314,1.1077331305967777,1.0491260312001152,7.235937976104198e-08,1.00-1.50,1.00-1.50,1.6666666666666667e-05,pneumatic_feed,0.02253677431348126,0.0,0.0,0.0,heavy,2.2419999999999747
separator,film,,1.0774901396427596,1.0774901396427596,,,0.0139,,,900.0,0.01251,0.47399721645125975,0.44312183426231666,1.4523922362852442e-08,1.00-1.50,1.00-1.50,1.6666666666666667e-05,pneumatic_feed,-0.0014118111194289268,2.25,0.0,0.0,light,4.407999999999737
aluminum,partial,0.25384013999850547,1.0416255299225912,1.0416255299225912,0.0218,0.03990367000776506,0.06170367000776506,2700.0,,2280.2630624598464,0.14070059953691813,1.5229629137886562,1.4860809568564786,1.5265786335113364e-07,1.00-1.50,1.00-1.50,1.6666666666666667e-05,pneumatic_feed,0.005628682464668027,0.0,0.0,0.0,heavy,0.6980000000000005
aluminum,partial,0.10780900779136238,1.4278372494941398,1.4278372494941398,0.0218,0.016947576024802166,0.038747576024802166,2700.0,,2416.1176467422943,0.09361870220201314,1.279574399696939,1.2122042524932828,1.9086224669215691e-07,1.00-1.50,1.00-1.50,1.6666666666666667e-05,pneumatic_feed,0.019715743510750946,0.0,0.0,0.0,heavy,1.1880000000000008
copper,partial,0.07639344454115736,1.4701734264981647,1.4701734264981647,0.012,0.011153442903008976,0.023153442903008976,8900.0,,5094.423468558102,0.11795344290300896,1.452242700697294,1.3606605894952748,2.5494573969926275e-07,1.00-1.50,1.00-1.50,1.6666666666666667e-05,pneumatic_feed,0.012218847415453515,0.0,0.0,0.0,heavy,0.7700000000000006
copper,partial,0.21938273064928182,1.2792346765716016,1.2792346765716016,0.012,0.03202987867479515,0.044029878674795145,8900.0,,3153.0833800427467,0.13882987867479513,1.5476471380420267,1.476168613566751,2.2718695515391245e-07,1.00-1.50,1.00-1.50,1.6666666666666667e-05,pneumatic_feed,0.009891068272417956,0.0,0.0,0.0,heavy,0.6440000000000005
aluminum,partial,0.16044401737854264,1.423189800695041,1.423189800695041,0.0218,0.025221799531906904,0.047021799531906903,2700.0,,2351.8614077705665,0.11058875564301593,1.3829893231208759,1.3174980487927783,2.2399411939470033e-07,1.00-1.50,1.00-1.50,1.6666666666666667e-05,pneumatic_feed,-0.000976664955034964,0.0,0.0,0.0,heavy,0.9160000000000007
copper,heavily_coated,0.5329590407373287,1.2966457700606189,1.2966457700606189,0.012,0.07781201994764998,0.08981201994764998,8900.0,,2055.538000985363,0.18461201994764997,1.7290194748931056,1.7022544654364442,3.1038638972759685e-07,1.00-1.50,1.00-1.50,1.6666666666666667e-05,pneumatic_feed,0.03323905173488338,0.0,0.0,0.0,heavy,0.5400000000000004
aluminum,partial,0.24740662746830772,1.495582527103486,1.495582527103486,0.0218,0.038892321838017975,0.060692321838017975,2700.0,,2284.0841570048624,0.13862637076205708,1.5375609621737294,1.475086273911207,3.10074904672136e-07,1.00-1.50,1.00-1.50,1.6666666666666667e-05,pneumatic_feed,-0.013582586699347615,0.0,0.0,0.0,heavy,0.6940000000000005
aluminum,partial,0.21422856229792162,1.4828950269792665,1.4828950269792665,0.0218,0.033676729993233276,0.055476729993233276,2700.0,,2306.0016476471665,0.12792943077047292,1.4814016924532334,1.4170322315929667,2.8131396045381255e-07,1.00-1.50,1.00-1.50,1.6666666666666667e-05,pneumatic_feed,0.0052208161601714305,0.0,0.0,0.0,heavy,0.7500000000000006
other_light,unresolved_nonmetal,,1.124889170875024,0.1769628696276229,,,,,,1100.0,,0.5764432095384381,,8.1982378718211e-07,1.00-1.50,1.00-1.50,1.6666666666666667e-05,pneumatic_feed,-0.034752131495310076,2.25,0.0,0.0,light,6.073999999999553
aluminum,partial,0.22195767229888447,1.186559433234209,1.186559433234209,0.0218,0.03489174608538464,0.05669174608538464,2700.0,,2300.5354770596227,0.13042137312588334,1.4815374570194646,1.4307668826835016,1.8362328855474148e-07,1.00-1.50,1.00-1.50,1.6666666666666667e-05,pneumatic_feed,-0.0200939690635775,0.0,0.0,0.0,heavy,0.7500000000000006
other_light,unresolved_nonmetal,,1.163725781701711,0.15826495346442682,,,,,,1100.0,,0.4913011037887716,,9.077019645822451e-07,1.00-1.50,1.00-1.50,1.6666666666666667e-05,pneumatic_feed,-0.02125457935792638,2.25,0.0,0.0,light,4.623999999999713
aluminum,partial,0.0620380439899339,1.218176290504493,1.218176290504493,0.0218,0.00975238051521761,0.03155238051521761,2700.0,,2499.3894113555034,0.07886168576279459,1.1757922412869535,1.1125704560758496,1.1702707261212771e-07,1.00-1.50,1.00-1.50,1.6666666666666667e-05,pneumatic_feed,-0.0018514941422157428,0.0,0.0,0.0,heavy,1.5940000000000012
aluminum,bare_like,0.02340423203868593,1.2629971904407242,1.2629971904407242,0.0218,0.0036791452764814297,0.02547914527648143,2700.0,,2606.2788893035863,0.06640575845159273,1.0848825454181903,1.0209332909922175,1.0592793602586258e-07,1.00-1.50,1.00-1.50,1.6666666666666667e-05,pneumatic_feed,-0.027760963514666677,0.0,0.0,0.0,heavy,2.537999999999942
aluminum,partial,0.07409209775878839,1.1763839427971665,1.1763839427971665,0.0218,0.011647277767681534,0.033447277767681534,2700.0,,2473.984095601536,0.08274803323841097,1.2015249412744853,1.1396548291961468,1.1451328045665906e-07,1.00-1.50,1.00-1.50,1.6666666666666667e-05,pneumatic_feed,0.02294183369359608,0.0,0.0,0.0,heavy,1.432000000000001
separator,film,,1.0819345078272053,1.0819345078272053,,,0.0139,,,900.0,0.01251,0.4740217046593892,0.44312183426231666,1.4643984313133484e-08,1.00-1.50,1.00-1.50,1.6666666666666667e-05,pneumatic_feed,0.0006411017894542347,2.25,0.0,0.0,light,4.411999999999736
separator,film,,1.146949049626177,1.146949049626177,,,0.0139,,,900.0,0.01251,0.47435862183109145,0.44312183426231666,1.6456806451704262e-08,1.00-1.50,1.00-1.50,1.6666666666666667e-05,pneumatic_feed,-0.030685210275215556,2.25,0.0,0.0,light,4.407999999999737
copper,partial,0.28154057244433717,1.4253605885627552,1.4253605885627552,0.012,0.04110492357687323,0.05310492357687323,8900.0,,2785.145210928891,0.14790492357687324,1.5931645390742777,1.523652086423473,3.00491453217373e-07,1.00-1.50,1.00-1.50,1.6666666666666667e-05,pneumatic_feed,0.02154689611820442,0.0,0.0,0.0,heavy,0.6280000000000004
other_light,unresolved_nonmetal,,1.3667154915982813,0.11144195711787055,,,,,,1100.0,,0.2885070610211317,,1.470366701253952e-06,1.00-1.50,1.00-1.50,1.6666666666666667e-05,pneumatic_feed,0.020028410828438648,2.25,0.0,0.0,light,3.0779999999998826
aluminum,partial,0.17422071727389404,1.4987192718566074,1.4987192718566074,0.0218,0.027387496755456146,0.049187496755456146,2700.0,,2338.6126362187024,0.11503050145627618,1.4107786373105193,1.3436959294638469,2.583768485553874e-07,1.00-1.50,1.00-1.50,1.6666666666666667e-05,pneumatic_feed,0.03373257456677422,0.0,0.0,0.0,heavy,0.8420000000000006
copper,partial,0.06397140975596768,1.3831895853156748,1.3831895853156748,0.012,0.009339825824371279,0.02133982582437128,8900.0,,5442.398020499917,0.11613982582437127,1.4414940961990224,1.350159511368687,2.2220027440028454e-07,1.00-1.50,1.00-1.50,1.6666666666666667e-05,pneumatic_feed,0.021461563045245352,0.0,0.0,0.0,heavy,0.7780000000000006
separator,film,,1.1505297145065696,1.1505297145065696,,,0.0139,,,900.0,0.01251,0.47437609076184734,0.44312183426231666,1.6559719985771733e-08,1.00-1.50,1.00-1.50,1.6666666666666667e-05,pneumatic_feed,0.0314298074186862,2.25,0.0,0.0,light,4.407999999999737
copper,heavily_coated,0.6768915172998942,1.0873112429484975,1.0873112429484975,0.012,0.09882616152578454,0.11082616152578453,8900.0,,1855.393696712523,0.20562616152578456,1.7745192255301543,1.7965267132187916,2.4310065329946324e-07,1.00-1.50,1.00-1.50,1.6666666666666667e-05,pneumatic_feed,0.0009159790026133285,0.0,0.0,0.0,heavy,0.5120000000000003
separator,film,,1.3478178403619678,1.3478178403619678,,,0.0139,,,900.0,0.01251,0.4751973251753261,0.44312183426231666,2.2725827764282966e-08,1.00-1.50,1.00-1.50,1.6666666666666667e-05,pneumatic_feed,-0.0209634552073873,2.25,0.0,0.0,light,4.413999999999736
aluminum,partial,0.15850540518176237,1.1461592064457742,1.1461592064457742,0.0218,0.02491704969457305,0.04671704969457305,2700.0,,2353.8243190349863,0.10996372768465201,1.369196592301429,1.313769641047584,1.4445725166841137e-07,1.00-1.50,1.00-1.50,1.6666666666666667e-05,pneumatic_feed,0.021281774450111937,0.0,0.0,0.0,heavy,0.9100000000000007
aluminum,partial,0.2613570792853763,1.0441409943840267,1.0441409943840267,0.0218,0.04108533286366116,0.06288533286366116,2700.0,,2275.954175875941,0.14312413593239817,1.534666085356255,1.498825019004861,1.560382862791548e-07,1.00-1.50,1.00-1.50,1.6666666666666667e-05,pneumatic_feed,-0.007518679888767031,0.0,0.0,0.0,heavy,0.7120000000000005
other_light,unresolved_nonmetal,,1.1126175934877933,0.1666830325922689,,,,,,1100.0,,0.5294366539078823,,7.932846970343551e-07,1.00-1.50,1.00-1.50,1.6666666666666667e-05,pneumatic_feed,0.011785244263374026,2.25,0.0,0.0,light,5.129999999999657
aluminum,heavily_coated,0.4192349456074098,1.4409935619587304,1.4409935619587304,0.0218,0.06590373344948483,0.08770373344948483,2700.0,,2212.2836871595537,0.194025538813285,1.7858172775367818,1.7451145685064122,4.028867448343545e-07,1.00-1.50,1.00-1.50,1.6666666666666667e-05,pneumatic_feed,-0.014541945325763153,0.0,0.0,0.0,heavy,0.5160000000000003
aluminum,partial,0.2687558600668055,1.333231962581769,1.333231962581769,0.0218,0.04224842120250183,0.06404842120250183,2700.0,,2271.8682851538415,0.14550957684413876,1.5645119550459528,1.5112638148733668,2.5864435922217984e-07,1.00-1.50,1.00-1.50,1.6666666666666667e-05,pneumatic_feed,0.008751643877055284,0.0,0.0,0.0,heavy,0.6840000000000005
aluminum,partial,0.1335612531502932,1.4628656743542074,1.4628656743542074,0.0218,0.02099582899522609,0.04279582899522609,2700.0,,2381.5751679808673,0.10192148362818604,1.3324317933607348,1.2648160368322376,2.1810952693297348e-07,1.00-1.50,1.00-1.50,1.6666666666666667e-05,pneumatic_feed,0.009867475296202742,0.0,0.0,0.0,heavy,0.9800000000000008
separator,film,,1.0815949831988934,1.0815949831988934,,,0.0139,,,900.0,0.01251,0.4740198408650257,0.44312183426231666,1.463479482308949e-08,1.00-1.50,1.00-1.50,1.6666666666666667e-05,pneumatic_feed,0.0023829883931252307,2.25,0.0,0.0,light,4.405999999999737
copper,partial,0.1505930864990498,1.3724664840463692,1.3724664840463692,0.012,0.021986590628861265,0.033986590628861266,8900.0,,3789.3353892195432,0.12878659062886127,1.5043156588793438,1.4217715451191892,2.425906966251548e-07,1.00-1.50,1.00-1.50,1.6666666666666667e-05,pneumatic_feed,0.004759140389888763,0.0,0.0,0.0,heavy,0.6940000000000005
aluminum,heavily_coated,0.3087674281456576,1.4936352402771984,1.4936352402771984,0.0218,0.048538239704497374,0.07033823970449737,2700.0,,2252.113603836931,0.15840970650844147,1.6338001226385563,1.5768318722541403,3.5340353768849484e-07,1.00-1.50,1.00-1.50,1.6666666666666667e-05,pneumatic_feed,-0.002398579759407642,0.0,0.0,0.0,heavy,0.5960000000000004
aluminum,partial,0.12997771928693136,1.3321071052704556,1.3321071052704556,0.0218,0.020432497471905606,0.042232497471905606,2700.0,,2385.985260339679,0.10076611647529954,1.3218044486069616,1.2576267189417938,1.788104148320828e-07,1.00-1.50,1.00-1.50,1.6666666666666667e-05,pneumatic_feed,-0.008065142590778817,0.0,0.0,0.0,heavy,0.9880000000000008
copper,partial,0.39032485020839947,1.2108478243307037,1.2108478243307037,0.012,0.056987428130426315,0.06898742813042631,8900.0,,2374.1634174385067,0.16378742813042632,1.646519228533829,1.6033737779866464,2.401373396364092e-07,1.00-1.50,1.00-1.50,1.6666666666666667e-05,pneumatic_feed,0.016615608548236155,0.0,0.0,0.0,heavy,0.5780000000000004
aluminum,partial,0.25488644332447136,1.0251034392205076,1.0251034392205076,0.0218,0.0400681488906069,0.0618681488906069,2700.0,,2279.6534359161315,0.1410379381922428,1.523269339372796,1.4878613772342648,1.4820789247378148e-07,1.00-1.50,1.00-1.50,1.6666666666666667e-05,pneumatic_feed,0.039197119696001495,0.0,0.0,0.0,heavy,0.7300000000000005
aluminum,heavily_coated,0.3763796532684549,1.008661201873064,1.008661201873064,0.0218,0.059166881493801116,0.08096688149380112,2700.0,,2225.707112408417,0.18020856401028254,1.6920331540999514,1.6818304375606343,1.833437281155231e-07,1.00-1.50,1.00-1.50,1.6666666666666667e-05,pneumatic_feed,0.018074601513797896,0.0,0.0,0.0,heavy,0.5520000000000004
copper,partial,0.1686467654467666,1.174939113233155,1.174939113233155,0.012,0.02462242775522792,0.03662242775522792,8900.0,,3588.5777052687913,0.13142242775522792,1.5104264338589148,1.436247341527934,1.814262853729858e-07,1.00-1.50,1.00-1.50,1.6666666666666667e-05,pneumatic_feed,-0.0018778122351544608,0.0,0.0,0.0,heavy,0.7280000000000005
separator,film,,1.2127808696976081,1.2127808696976081,,,0.0139,,,900.0,0.01251,0.4746635859006778,0.44312183426231666,1.8400176348185128e-08,1.00-1.50,1.00-1.50,1.6666666666666667e-05,pneumatic_feed,-0.017973935973460906,2.25,0.0,0.0,light,4.411999999999736
aluminum,partial,0.15090881170857173,1.4369668018483357,1.4369668018483357,0.0218,0.023722865200587473,0.04552286520058747,2700.0,,2361.76939894313,0.10751450998296061,1.3653753039922105,1.299056484026984,2.2200387216413134e-07,1.00-1.50,1.00-1.50,1.6666666666666667e-05,pneumatic_feed,0.02467723015683851,0.0,0.0,0.0,heavy,0.9220000000000007
copper,partial,0.26898657270620163,1.0213840422367584,1.0213840422367584,0.012,0.039272039615105434,0.05127203961510543,8900.0,,2848.9609680374533,0.14607203961510543,1.5645388261060489,1.5141818694591132,1.523860563669691e-07,1.00-1.50,1.00-1.50,1.6666666666666667e-05,pneumatic_feed,-0.03262534512782877,0.0,0.0,0.0,heavy,0.6660000000000005
separator,film,,1.1265896747392663,1.1265896747392663,,,0.0139,,,900.0,0.01251,0.4742572223111621,0.44312183426231666,1.5877745733316365e-08,1.00-1.50,1.00-1.50,1.6666666666666667e-05,pneumatic_feed,-0.025341129271018968,2.25,0.0,0.0,light,4.409999999999736
copper,heavily_coated,0.5367304564001967,1.0388496883173586,1.0388496883173586,0.012,0.07836264663442871,0.09036264663442871,8900.0,,2049.10605798791,0.18516264663442872,1.7052595378416047,1.7047911606921222,1.9982913451848003e-07,1.00-1.50,1.00-1.50,1.6666666666666667e-05,pneumatic_feed,3.337400705298001e-05,0.0,0.0,0.0,heavy,0.5560000000000004
copper,partial,0.31624832266722086,1.151704022833778,1.151704022833778,0.012,0.04617225510941425,0.05817225510941425,8900.0,,2629.6428567483563,0.15297225510941426,1.60058489693784,1.5495329993896119,2.0290578846276602e-07,1.00-1.50,1.00-1.50,1.6666666666666667e-05,pneumatic_feed,-0.013586105740598937,0.0,0.0,0.0,heavy,0.6180000000000004
aluminum,partial,0.1921511867189299,1.1142149584512355,1.1142149584512355,0.0218,0.03020616655221578,0.05200616655221578,2700.0,,2323.021905272556,0.12081146411005018,1.4273522057518289,1.3770463829048563,1.4998440922101014e-07,1.00-1.50,1.00-1.50,1.6666666666666667e-05,pneumatic_feed,0.01985890421999899,0.0,0.0,0.0,heavy,0.7860000000000006
separator,film,,1.4946159441815547,1.4946159441815547,,,0.0139,,,900.0,0.01251,0.4756696371256616,0.44312183426231666,2.7945799025727517e-08,1.00-1.50,1.00-1.50,1.6666666666666667e-05,pneumatic_feed,0.03235630159665694,2.25,0.0,0.0,light,4.421999999999735
aluminum,bare_like,0.02789949658092101,1.2713753792302067,1.2713753792302067,0.0218,0.004385800862520783,0.026185800862520783,2700.0,,2591.292779201356,0.06785507669265474,1.0962105665831579,1.0320141877745233,1.0968063077325565e-07,1.00-1.50,1.00-1.50,1.6666666666666667e-05,pneumatic_feed,-0.011246830279023545,0.0,0.0,0.0,heavy,2.3139999999999668
copper,partial,0.33252995996547535,1.0491639876468484,1.0491639876468484,0.012,0.0485493741549594,0.060549374154959396,8900.0,,2565.6644073212974,0.1553493741549594,1.6025151691173294,1.5615261050447549,1.7100005819082695e-07,1.00-1.50,1.00-1.50,1.6666666666666667e-05,pneumatic_feed,-0.03998018194819766,0.0,0.0,0.0,heavy,0.6100000000000004
other_light,unresolved_nonmetal,,1.340754680677902,0.15617611423419142,,,,,,1100.0,,0.48189598829214464,,1.388159190843842e-06,1.00-1.50,1.00-1.50,1.6666666666666667e-05,pneumatic_feed,-0.029384940590951522,2.25,0.0,0.0,light,4.5539999999997205
aluminum,partial,0.11797125271381248,1.126479916416471,1.126479916416471,0.0218,0.01854508092661132,0.04034508092661132,2700.0,,2401.6586250927303,0.09689511158746028,1.2911861615377582,1.2332338267647287,1.2295573031716665e-07,1.00-1.50,1.00-1.50,1.6666666666666667e-05,pneumatic_feed,0.001075074192031326,0.0,0.0,0.0,heavy,1.0620000000000007
separator,film,,1.3805208830053377,1.3805208830053377,,,0.0139,,,900.0,0.01251,0.4753111120411691,0.44312183426231666,2.384203223425711e-08,1.00-1.50,1.00-1.50,1.6666666666666667e-05,pneumatic_feed,0.0065695598592194916,2.25,0.0,0.0,light,4.4179999999997355
aluminum,partial,0.11878254275423872,1.4146173758548293,1.4146173758548293,0.0218,0.018672615720966332,0.04047261572096633,2700.0,,2400.553507073261,0.09715667960939411,1.3017090090680912,1.2348972601593422,1.9442434324387979e-07,1.00-1.50,1.00-1.50,1.6666666666666667e-05,pneumatic_feed,-0.0072338091496288864,0.0,0.0,0.0,heavy,1.0400000000000007
aluminum,partial,0.1722810772480579,1.4139539656981688,1.4139539656981688,0.0218,0.027082585343394708,0.04888258534339471,2700.0,,2340.4069427151408,0.11440514211554635,1.4046316030124903,1.340038473569179,2.2872628993363277e-07,1.00-1.50,1.00-1.50,1.6666666666666667e-05,pneumatic_feed,0.022901242495785713,0.0,0.0,0.0,heavy,0.8520000000000006
copper,partial,0.11409010305626133,1.068948455095595,1.068948455095595,0.012,0.016657155046214154,0.028657155046214154,8900.0,,4308.074365620737,0.12345715504621416,1.4700268822099283,1.3920429252021569,1.410684169362261e-07,1.00-1.50,1.00-1.50,1.6666666666666667e-05,pneumatic_feed,0.03667403545428043,0.0,0.0,0.0,heavy,0.7460000000000006
aluminum,partial,0.14917043596296603,1.2808400893136902,1.2808400893136902,0.0218,0.023449592533378263,0.04524959253337826,2700.0,,2363.6464832235883,0.10695404025881988,1.3571638360364386,1.2956660896629335,1.754635934653405e-07,1.00-1.50,1.00-1.50,1.6666666666666667e-05,pneumatic_feed,-0.002047280711951743,0.0,0.0,0.0,heavy,0.9640000000000007
aluminum,partial,0.18406708932049737,1.2385000329986453,1.2385000329986453,0.0218,0.02893534644118219,0.05073534644118219,2700.0,,2329.8366633774235,0.11820507026782155,1.4193041899133554,1.3621111492546147,1.8131266880561835e-07,1.00-1.50,1.00-1.50,1.6666666666666667e-05,pneumatic_feed,-0.0005470398358050413,0.0,0.0,0.0,heavy,0.7960000000000006
copper,partial,0.09714000985281956,1.3429096813293377,1.3429096813293377,0.012,0.014182441438511658,0.02618244143851166,8900.0,,4620.747141653453,0.12098244143851165,1.465438068097353,1.378020464586386,2.1818051065479846e-07,1.00-1.50,1.00-1.50,1.6666666666666667e-05,pneumatic_feed,0.03405597978374525,0.0,0.0,0.0,heavy,0.7580000000000006
aluminum,partial,0.07843135763276898,1.3552470395701501,1.3552470395701501,0.0218,0.012329409419871283,0.03412940941987128,2700.0,,2465.529156369985,0.08414705401438105,1.2153806489627061,1.1492485196030164,1.5455243451919052e-07,1.00-1.50,1.00-1.50,1.6666666666666667e-05,pneumatic_feed,-0.02693068838792085,0.0,0.0,0.0,heavy,1.352000000000001
other_light,unresolved_nonmetal,,1.0596737198704471,0.15153635885003872,,,,,,1100.0,,0.46109619665031454,,6.85342712453423e-07,1.00-1.50,1.00-1.50,1.6666666666666667e-05,pneumatic_feed,-0.03885044500290564,2.25,0.0,0.0,light,4.311999999999747
separator,film,,1.1182358629830467,1.1182358629830467,,,0.0139,,,900.0,0.01251,0.47421456740467144,0.44312183426231666,1.5643147580220607e-08,1.00-1.50,1.00-1.50,1.6666666666666667e-05,pneumatic_feed,0.005328696355280684,2.25,0.0,0.0,light,4.405999999999737
aluminum,heavily_coated,0.32032707654044434,1.4422953487098333,1.4422953487098333,0.0218,0.05035541643215785,0.07215541643215785,2700.0,,2247.0475643342616,0.16213665274740466,1.6484890678925868,1.5952732999468346,3.372792386256511e-07,1.00-1.50,1.00-1.50,1.6666666666666667e-05,pneumatic_feed,-0.015950084497927928,0.0,0.0,0.0,heavy,0.5800000000000004
aluminum,heavily_coated,0.3601006909833953,1.3989596192185338,1.3989596192185338,0.0218,0.05660782862258974,0.07840782862258974,2700.0,,2231.4106493385216,0.1749600637799565,1.7031415512359491,1.6571581581400725,3.4241224413805175e-07,1.00-1.50,1.00-1.50,1.6666666666666667e-05,pneumatic_feed,0.03109406464953765,0.0,0.0,0.0,heavy,0.5460000000000004
copper,partial,0.3063438610664407,1.4025928136563328,1.4025928136563328,0.012,0.04472620371570034,0.056726203715700335,8900.0,,2671.1853392325957,0.15152620371570033,1.6077740740894162,1.5421917174987139,2.9809243973415617e-07,1.00-1.50,1.00-1.50,1.6666666666666667e-05,pneumatic_feed,-0.024798100254060665,0.0,0.0,0.0,heavy,0.6040000000000004
copper,heavily_coated,0.617408738515849,1.2179788084287042,1.2179788084287042,0.012,0.09014167582331395,0.10214167582331395,8900.0,,1928.1226221898526,0.19694167582331396,1.763325694497292,1.7581798951537173,2.921575361178664e-07,1.00-1.50,1.00-1.50,1.6666666666666667e-05,pneumatic_feed,-0.01502203554653353,0.0,0.0,0.0,heavy,0.5300000000000004
aluminum,partial,0.08550343641427033,1.0977962362430147,1.0977962362430147,0.0218,0.013441140204323299,0.0352411402043233,2700.0,,2452.450812693121,0.0864271629343249,1.2237014970271802,1.1647148790228292,1.0415826378205955e-07,1.00-1.50,1.00-1.50,1.6666666666666667e-05,pneumatic_feed,0.015428762214068517,0.0,0.0,0.0,heavy,1.304000000000001
aluminum,partial,0.10291944092311972,1.250372172301986,1.250372172301986,0.0218,0.016178936113114425,0.037978936113114425,2700.0,,2423.5080380843033,0.09204225694802304,1.2648787350213448,1.2019547683070981,1.4390167817688442e-07,1.00-1.50,1.00-1.50,1.6666666666666667e-05,pneumatic_feed,-0.009196830944445263,0.0,0.0,0.0,heavy,1.2140000000000009
copper,partial,0.06262220380030993,1.3728681118234423,1.3728681118234423,0.012,0.009142841754845251,0.02114284175484525,8900.0,,5483.787047134992,0.11594284175484525,1.4403107392900707,1.3490140266817285,2.185252249197404e-07,1.00-1.50,1.00-1.50,1.6666666666666667e-05,pneumatic_feed,0.02645369884618279,0.0,0.0,0.0,heavy,0.8020000000000006
aluminum,partial,0.17815106777915812,1.4373456285138075,1.4373456285138075,0.0218,0.028005347854883657,0.04980534785488366,2700.0,,2335.0441422782837,0.11629768576267838,1.4160960321642853,1.3510767838028304,2.402666524830213e-07,1.00-1.50,1.00-1.50,1.6666666666666667e-05,pneumatic_feed,0.029438103739159907,0.0,0.0,0.0,heavy,0.8120000000000006
other_light,unresolved_nonmetal,,1.3827450382497866,0.14374307545102316,,,,,,1100.0,,0.4264700965392786,,1.5227115211848952e-06,1.00-1.50,1.00-1.50,1.6666666666666667e-05,pneumatic_feed,0.008659274687360368,2.25,0.0,0.0,light,3.9399999999997877
other_light,unresolved_nonmetal,,1.0660936890806159,0.11512655339325675,,,,,,1100.0,,0.30368402037780484,,6.978746529834282e-07,1.00-1.50,1.00-1.50,1.6666666666666667e-05,pneumatic_feed,0.02141164119492214,2.25,0.0,0.0,light,3.129999999999877
separator,film,,1.1248365845121904,1.1248365845121904,,,0.0139,,,900.0,0.01251,0.4742483225381377,0.44312183426231666,1.5828369346631693e-08,1.00-1.50,1.00-1.50,1.6666666666666667e-05,pneumatic_feed,0.020687794182649027,2.25,0.0,0.0,light,4.407999999999737
aluminum,heavily_coated,0.2877157676811273,1.380642783754135,1.380642783754135,0.0218,0.04522891867947321,0.0670289186794732,2700.0,,2262.045153721162,0.15162244065807223,1.5962933881864172,1.5426813762307179,2.8901882945408506e-07,1.00-1.50,1.00-1.50,1.6666666666666667e-05,pneumatic_feed,-0.00291652315108635,0.0,0.0,0.0,heavy,0.6200000000000004
aluminum,heavily_coated,0.2730743910567498,1.4474839196128184,1.4474839196128184,0.0218,0.04292729427412108,0.06472729427412108,2700.0,,2269.551293129524,0.1469019144206067,1.576766252371544,1.518477016205989,3.0779031568090677e-07,1.00-1.50,1.00-1.50,1.6666666666666667e-05,pneumatic_feed,-0.011367397669511123,0.0,0.0,0.0,heavy,0.6480000000000005
aluminum,heavily_coated,0.2729472138395602,1.1536716606117086,1.1536716606117086,0.0218,0.042907302015578866,0.06470730201557887,2700.0,,2269.6188318693075,0.1468609112140126,1.5603441274625667,1.5182650830520807,1.9546574879907465e-07,1.00-1.50,1.00-1.50,1.6666666666666667e-05,pneumatic_feed,-0.009297702524185183,0.0,0.0,0.0,heavy,0.6620000000000005
other_light,unresolved_nonmetal,,1.125440947257362,0.17901682627717846,,,,,,1100.0,,0.5858844864340066,,8.210307896346221e-07,1.00-1.50,1.00-1.50,1.6666666666666667e-05,pneumatic_feed,-0.018425270571244136,2.25,0.0,0.0,light,6.307999999999527
separator,film,,1.2219825448015194,1.2219825448015194,,,0.0139,,,900.0,0.01251,0.4747036386650485,0.44312183426231666,1.8680449160892962e-08,1.00-1.50,1.00-1.50,1.6666666666666667e-05,pneumatic_feed,-0.02483822490575805,2.25,0.0,0.0,light,4.409999999999736
aluminum,partial,0.09886395240972129,1.0530192524484168,1.0530192524484168,0.0218,0.015541413318808185,0.037341413318808185,2700.0,,2429.868578399972,0.09073472689641823,1.2498832024789819,1.1933868917355264,1.0061116072797925e-07,1.00-1.50,1.00-1.50,1.6666666666666667e-05,pneumatic_feed,-0.01814393524924259,0.0,0.0,0.0,heavy,1.2080000000000009
aluminum,partial,0.18806589589741385,1.4646834273913296,1.4646834273913296,0.0218,0.029563958835073456,0.051363958835073456,2700.0,,2326.4235897387543,0.11949432549628519,1.4348646734164505,1.3695192342532807,2.563508828268659e-07,1.00-1.50,1.00-1.50,1.6666666666666667e-05,pneumatic_feed,0.0021264596562297036,0.0,0.0,0.0,heavy,0.8000000000000006
copper,partial,0.2857032140165844,1.001944047513035,1.001944047513035,0.012,0.04171266924642132,0.05371266924642132,8900.0,,2764.946731004551,0.1485126692464213,1.5726791957713275,1.5267792428808524,1.490906618940367e-07,1.00-1.50,1.00-1.50,1.6666666666666667e-05,pneumatic_feed,-0.028286739500366052,0.0,0.0,0.0,heavy,0.6400000000000005
copper,partial,0.45941206376104643,1.4996152226744506,1.4996152226744506,0.012,0.06707416130911277,0.07907416130911277,8900.0,,2198.874555613844,0.17387416130911276,1.7029289977010245,1.6520075169041557,3.9101618018388554e-07,1.00-1.50,1.00-1.50,1.6666666666666667e-05,pneumatic_feed,-0.012078637530974002,0.0,0.0,0.0,heavy,0.5560000000000004
aluminum,partial,0.14133127898876907,1.0903904791036882,1.0903904791036882,0.0218,0.022217277057034496,0.044017277057034496,2700.0,,2372.400671751239,0.10442661765876904,1.3347647899759165,1.2802656719493961,1.2415817294102113e-07,1.00-1.50,1.00-1.50,1.6666666666666667e-05,pneumatic_feed,-0.020059018901346932,0.0,0.0,0.0,heavy,0.9820000000000008
copper,partial,0.2811090640488776,1.3637010823763112,1.3637010823763112,0.012,0.04104192335113613,0.053041923351136125,8900.0,,2787.2655064264263,0.14784192335113613,1.5904023202951976,1.5233275514213722,2.7493876294314367e-07,1.00-1.50,1.00-1.50,1.6666666666666667e-05,pneumatic_feed,-0.026917404340472944,0.0,0.0,0.0,heavy,0.6420000000000005
aluminum,partial,0.14409001963798512,1.2435215782276166,1.2435215782276166,0.0218,0.022650951087091267,0.04445095108709127,2700.0,,2369.264563656704,0.10531606323148279,1.3462067908472481,1.285706392797887,1.628550642164075e-07,1.00-1.50,1.00-1.50,1.6666666666666667e-05,pneumatic_feed,0.025064054770807767,0.0,0.0,0.0,heavy,0.9920000000000008
separator,film,,1.3091919856408214,1.3091919856408214,,,0.0139,,,900.0,0.01251,0.4750557224546611,0.44312183426231666,2.1441935527379624e-08,1.00-1.50,1.00-1.50,1.6666666666666667e-05,pneumatic_feed,0.0176449242298914,2.25,0.0,0.0,light,4.415999999999736
aluminum,bare_like,0.031903750213903605,1.429421410015243,1.429421410015243,0.0218,0.005015269533625646,0.026815269533625646,2700.0,,2578.6087296179244,0.06914608810646466,1.1085458858529005,1.041785486037826,1.412824380272728e-07,1.00-1.50,1.00-1.50,1.6666666666666667e-05,pneumatic_feed,-0.02743364361568804,0.0,0.0,0.0,heavy,2.231999999999976
aluminum,partial,0.1667186463205929,1.376302561528525,1.376302561528525,0.0218,0.026208171201597207,0.048008171201597206,2700.0,,2345.6789946723866,0.11261175876022236,1.3931751519817943,1.329493950907807,2.1331017776835463e-07,1.00-1.50,1.00-1.50,1.6666666666666667e-05,pneumatic_feed,-0.030446904233686276,0.0,0.0,0.0,heavy,0.8320000000000006
copper,partial,0.07388927122437622,1.0980537091628697,1.0980537091628697,0.012,0.010787833598758928,0.022787833598758928,8900.0,,5160.114632624094,0.11758783359875892,1.4430088137523025,1.3585501964101732,1.417782318120581e-07,1.00-1.50,1.00-1.50,1.6666666666666667e-05,pneumatic_feed,-0.01880082692597768,0.0,0.0,0.0,heavy,0.7640000000000006
aluminum,partial,0.20803273620331153,1.0029491321233386,1.0029491321233386,0.0218,0.03270274613116057,0.05450274613116057,2700.0,,2310.559438165838,0.12593183447930967,1.4471709135229813,1.4059253443861253,1.266757089931914e-07,1.00-1.50,1.00-1.50,1.6666666666666667e-05,pneumatic_feed,0.004899528520882459,0.0,0.0,0.0,heavy,0.7700000000000006
other_light,unresolved_nonmetal,,1.4593964708288223,0.12099630530445347,,,,,,1100.0,,0.32820030549999957,,1.7902396950949233e-06,1.00-1.50,1.00-1.50,1.6666666666666667e-05,pneumatic_feed,0.02701667249201263,2.25,0.0,0.0,light,3.299999999999858
aluminum,partial,0.153063651079836,1.4114937074244907,1.4114937074244907,0.0218,0.024061605949750223,0.04586160594975022,2700.0,,2359.473670922317,0.10820925174464993,1.3687348616660693,1.3032468743043375,2.1558685978079238e-07,1.00-1.50,1.00-1.50,1.6666666666666667e-05,pneumatic_feed,-0.03706289481396649,0.0,0.0,0.0,heavy,0.9220000000000007
other_light,unresolved_nonmetal,,1.1905207602562133,0.11887234473398425,,,,,,1100.0,,0.3192831566034778,,9.718566853998445e-07,1.00-1.50,1.00-1.50,1.6666666666666667e-05,pneumatic_feed,0.033200407054028366,2.25,0.0,0.0,light,3.2139999999998676
copper,partial,0.19774070140068356,1.4934944868312776,1.4934944868312776,0.012,0.0288701424044998,0.0408701424044998,8900.0,,3319.5417099785423,0.1356701424044998,1.540145867553084,1.459273296946473,3.026157505073611e-07,1.00-1.50,1.00-1.50,1.6666666666666667e-05,pneumatic_feed,-0.03637535533502782,0.0,0.0,0.0,heavy,0.7040000000000005
separator,film,,1.2737022739313013,1.2737022739313013,,,0.0139,,,900.0,0.01251,0.47491816743696136,0.44312183426231666,2.0295191707548272e-08,1.00-1.50,1.00-1.50,1.6666666666666667e-05,pneumatic_feed,-0.0025869475847870057,2.25,0.0,0.0,light,4.415999999999736
copper,partial,0.31406091082400217,1.0950851774583115,1.0950851774583115,0.012,0.045852892980304316,0.05785289298030431,8900.0,,2638.638884182925,0.15265289298030432,1.5955561771061488,1.5479146643852357,1.8306311177532378e-07,1.00-1.50,1.00-1.50,1.6666666666666667e-05,pneumatic_feed,0.028110088871813273,0.0,0.0,0.0,heavy,0.6460000000000005
aluminum,bare_like,0.013391229098542269,1.1748054544538193,1.1748054544538193,0.0218,0.0021051012142908436,0.023905101214290844,2700.0,,2642.8445379638274,0.06317746617366102,1.0580092763856677,0.9958079679645988,8.719550802469135e-08,1.00-1.50,1.00-1.50,1.6666666666666667e-05,pneumatic_feed,0.0003178754332656352,0.0,0.0,0.0,heavy,3.0419999999998866
copper,partial,0.2781695491027245,1.3078405482068496,1.3078405482068496,0.012,0.040612754168997775,0.05261275416899777,8900.0,,2801.844467132291,0.14741275416899777,1.586133312553118,1.5211149165781621,2.5214168832012886e-07,1.00-1.50,1.00-1.50,1.6666666666666667e-05,pneumatic_feed,0.01743251908615314,0.0,0.0,0.0,heavy,0.6360000000000005
aluminum,partial,0.20477935132987848,1.0790680631734697,1.0790680631734697,0.0218,0.0321913140290569,0.0539913140290569,2700.0,,2313.0185458175174,0.12488291066226612,1.4467635309408977,1.4000579151431305,1.4541214821380248e-07,1.00-1.50,1.00-1.50,1.6666666666666667e-05,pneumatic_feed,-0.004562471053569871,0.0,0.0,0.0,heavy,0.7700000000000006
aluminum,bare_like,0.023629247228729538,1.2850098338961917,1.2850098338961917,0.0218,0.0037145176643562823,0.025514517664356282,2700.0,,2605.5090075986313,0.06647830559901469,1.0858069186738268,1.0214908147810897,1.0977232028290543e-07,1.00-1.50,1.00-1.50,1.6666666666666667e-05,pneumatic_feed,-0.009246074810716277,0.0,0.0,0.0,heavy,2.501999999999946
aluminum,bare_like,0.044855708187187864,1.2583392248405592,1.2583392248405592,0.0218,0.007051317327025932,0.028851317327025932,2700.0,,2541.3719604389885,0.07332192887663125,1.1369657381607323,1.0727818956561506,1.1609923299912327e-07,1.00-1.50,1.00-1.50,1.6666666666666667e-05,pneumatic_feed,-0.031077508614441987,0.0,0.0,0.0,heavy,1.9320000000000015
aluminum,partial,0.1519188926960342,1.0664452374135784,1.0664452374135784,0.0218,0.023881649931816573,0.04568164993181657,2700.0,,2360.6890371755017,0.10784017019412839,1.3533176049869298,1.3010224100172292,1.2264721268703168e-07,1.00-1.50,1.00-1.50,1.6666666666666667e-05,pneumatic_feed,1.4044119632241398e-05,0.0,0.0,0.0,heavy,0.9560000000000007
separator,film,,1.2084843311538016,1.2084843311538016,,,0.0139,,,900.0,0.01251,0.4746446786938446,0.44312183426231666,1.827003407683958e-08,1.00-1.50,1.00-1.50,1.6666666666666667e-05,pneumatic_feed,-0.016265068880562433,2.25,0.0,0.0,light,4.411999999999736
copper,heavily_coated,0.6244012269661163,1.396543341746985,1.396543341746985,0.012,0.09116257913705297,0.10316257913705297,8900.0,,1918.9378628665038,0.197962579137053,1.7832114644582555,1.7627310180895963,3.8609301130949006e-07,1.00-1.50,1.00-1.50,1.6666666666666667e-05,pneumatic_feed,-0.026491839084270063,0.0,0.0,0.0,heavy,0.5140000000000003
other_light,unresolved_nonmetal,,1.064923807496537,0.15973964800868243,,,,,,1100.0,,0.4979554865503276,,6.955797277037721e-07,1.00-1.50,1.00-1.50,1.6666666666666667e-05,pneumatic_feed,0.011429005996674462,2.25,0.0,0.0,light,4.679999999999707
aluminum,partial,0.23180252464429207,1.2545318654673994,1.2545318654673994,0.0218,0.036439356874082715,0.058239356874082715,2700.0,,2293.9032836404476,0.13359545197056621,1.5013142252702742,1.4480725859327659,2.1025922899976719e-07,1.00-1.50,1.00-1.50,1.6666666666666667e-05,pneumatic_feed,-0.00034078065284020903,0.0,0.0,0.0,heavy,0.7400000000000005
copper,heavily_coated,0.5823895538307762,1.1126967537225523,1.1126967537225523,0.012,0.08502887485929332,0.09702887485929332,8900.0,,1977.028746725905,0.19182887485929334,1.735343434317718,1.735207774242459,2.3750219160177494e-07,1.00-1.50,1.00-1.50,1.6666666666666667e-05,pneumatic_feed,0.009546339941394694,0.0,0.0,0.0,heavy,0.5420000000000004
aluminum,partial,0.26079713359973217,1.1269958539032838,1.1269958539032838,0.0218,0.0409973094018779,0.0627973094018779,2700.0,,2276.269560039702,0.14294360384388966,1.5399031404095564,1.4978794363812102,1.8155548075794626e-07,1.00-1.50,1.00-1.50,1.6666666666666667e-05,pneumatic_feed,0.010645326086708519,0.0,0.0,0.0,heavy,0.7100000000000005
copper,partial,0.12525937670864107,1.2125511029725355,1.2125511029725355,0.012,0.018287868999461596,0.030287868999461596,8900.0,,4129.965994031642,0.1250878689994616,1.4822716175835373,1.401206334490231,1.8391421421309835e-07,1.00-1.50,1.00-1.50,1.6666666666666667e-05,pneumatic_feed,-0.013259247436510713,0.0,0.0,0.0,heavy,0.7440000000000005
copper,partial,0.07383534142556188,1.1278239291559597,1.1278239291559597,0.012,0.010779959848132032,0.022779959848132032,8900.0,,5161.552550224254,0.11757995984813202,1.4437297841383983,1.3585047109878863,1.4956015865583997e-07,1.00-1.50,1.00-1.50,1.6666666666666667e-05,pneumatic_feed,0.0047304617638876485,0.0,0.0,0.0,heavy,0.7820000000000006
copper,partial,0.2930076546738489,1.4027562644364377,1.4027562644364377,0.012,0.04277911758238194,0.054779117582381937,8900.0,,2730.5864749907832,0.14957911758238193,1.5994810055036606,1.5322512292613986,2.9433058969930705e-07,1.00-1.50,1.00-1.50,1.6666666666666667e-05,pneumatic_feed,-0.0033630292536214186,0.0,0.0,0.0,heavy,0.6340000000000005
other_light,unresolved_nonmetal,,1.4065068522231083,0.09817244315930584,,,,,,1100.0,,0.23540376038994237,,1.6025694681152953e-06,1.00-1.50,1.00-1.50,1.6666666666666667e-05,pneumatic_feed,-0.02761059099954443,2.25,0.0,0.0,light,2.8319999999999097
aluminum,partial,0.23433982260526925,1.348518306129365,1.348518306129365,0.0218,0.03683822011354833,0.05863822011354833,2700.0,,2292.2507188295212,0.13441350220616485,1.5099707217659353,1.4524993392865841,2.444311717760429e-07,1.00-1.50,1.00-1.50,1.6666666666666667e-05,pneumatic_feed,-0.025554136501139288,0.0,0.0,0.0,heavy,0.7040000000000005
aluminum,partial,0.05231739601034785,1.1914002851156489,1.1914002851156489,0.0218,0.008224294652826682,0.03002429465282668,2700.0,,2522.2125123451237,0.07572765164769625,1.1529624887319032,1.0902390656467233,1.0749045190716109e-07,1.00-1.50,1.00-1.50,1.6666666666666667e-05,pneumatic_feed,0.034084026830451836,0.0,0.0,0.0,heavy,1.7400000000000013
copper,partial,0.3620138994223459,1.0395890473323517,1.0395890473323517,0.012,0.05285402931566251,0.0648540293156625,8900.0,,2461.744181515418,0.1596540293156625,1.6177873830819354,1.583012837641767,1.7254535575209152e-07,1.00-1.50,1.00-1.50,1.6666666666666667e-05,pneumatic_feed,-0.025679997424276194,0.0,0.0,0.0,heavy,0.6040000000000004
copper,heavily_coated,0.49522201326587934,1.274958670495561,1.274958670495561,0.012,0.07230241393681838,0.08430241393681838,8900.0,,2124.5229593431236,0.1791024139368184,1.7077608477627633,1.6766608151776858,2.911344863162401e-07,1.00-1.50,1.00-1.50,1.6666666666666667e-05,pneumatic_feed,0.005431835188986196,0.0,0.0,0.0,heavy,0.5380000000000004
aluminum,partial,0.17431711798088673,1.3062945950613498,1.3062945950613498,0.0218,0.027402650946595393,0.04920265094659539,2700.0,,2338.524038737377,0.11506158200821769,1.4045960842131064,1.3438774464961398,1.963417243267252e-07,1.00-1.50,1.00-1.50,1.6666666666666667e-05,pneumatic_feed,-0.012992301984499357,0.0,0.0,0.0,heavy,0.8060000000000006
separator,film,,1.2110319550336142,1.2110319550336142,,,0.0139,,,900.0,0.01251,0.47465590560196097,0.44312183426231666,1.8347145935367848e-08,1.00-1.50,1.00-1.50,1.6666666666666667e-05,pneumatic_feed,0.03148716785530805,2.25,0.0,0.0,light,4.4179999999997355
copper,bare_like,0.04309812251021939,1.2357465822839375,1.2357465822839375,0.012,0.0062923258864920305,0.01829232588649203,8900.0,,6182.501153120449,0.11309232588649203,1.4233385493570998,1.332327717610941,1.726998546217846e-07,1.00-1.50,1.00-1.50,1.6666666666666667e-05,pneumatic_feed,0.022570943280941086,0.0,0.0,0.0,heavy,0.8080000000000006
aluminum,heavily_coated,0.2768166041474108,1.2355126778924639,1.2355126778924639,0.0218,0.04351557017197298,0.06531557017197298,2700.0,,2267.5824608619937,0.14810844134316672,1.571517754576428,1.5247000017453745,2.2608628822745295e-07,1.00-1.50,1.00-1.50,1.6666666666666667e-05,pneumatic_feed,-0.02615670809948139,0.0,0.0,0.0,heavy,0.6620000000000005
aluminum,bare_like,0.03818435741378399,1.424730670806679,1.424730670806679,0.0218,0.006002580985446843,0.027802580985446843,2700.0,,2559.870923891285,0.07117101867377809,1.1238413751084582,1.0569296613794228,1.444670249228746e-07,1.00-1.50,1.00-1.50,1.6666666666666667e-05,pneumatic_feed,-0.01660780098910962,0.0,0.0,0.0,heavy,2.021999999999999
copper,bare_like,0.0408919626276823,1.4982555092579437,1.4982555092579437,0.012,0.0059702265436416165,0.017970226543641617,8900.0,,6275.392592840904,0.1127702265436416,1.425205224309701,1.3304290570447561,2.5314317306239935e-07,1.00-1.50,1.00-1.50,1.6666666666666667e-05,pneumatic_feed,-0.035738707815522124,0.0,0.0,0.0,heavy,0.7940000000000006
copper,partial,0.2909916689822505,1.3370468715804555,1.3370468715804555,0.012,0.042484783671408566,0.05448478367140856,8900.0,,2739.935328948498,0.14928478367140857,1.5953954626876117,1.5307429452741008,2.668755623402505e-07,1.00-1.50,1.00-1.50,1.6666666666666667e-05,pneumatic_feed,0.0320082182809628,0.0,0.0,0.0,heavy,0.6240000000000004
copper,heavily_coated,0.6346367873174469,1.1301033755262253,1.1301033755262253,0.012,0.09265697094834724,0.10465697094834724,8900.0,,1905.8163937000234,0.19945697094834725,1.7613993671888037,1.7693718139512844,2.5473320720612964e-07,1.00-1.50,1.00-1.50,1.6666666666666667e-05,pneumatic_feed,0.0007838506312913362,0.0,0.0,0.0,heavy,0.5140000000000003
separator,film,,1.2235807007314214,1.2235807007314214,,,0.0139,,,900.0,0.01251,0.4747105346912321,0.44312183426231666,1.8729343137341977e-08,1.00-1.50,1.00-1.50,1.6666666666666667e-05,pneumatic_feed,0.0019711386552681877,2.25,0.0,0.0,light,4.411999999999736
aluminum,partial,0.2229484585391731,1.2735484192749604,1.2735484192749604,0.0218,0.035047497682358014,0.056847497682358014,2700.0,,2299.851670660057,0.1307408125176148,1.4876220149827042,1.4325179905594492,2.1205186768042407e-07,1.00-1.50,1.00-1.50,1.6666666666666667e-05,pneumatic_feed,-0.002255190057382602,0.0,0.0,0.0,heavy,0.7440000000000005
copper,partial,0.14106267840369302,1.243935624269497,1.243935624269497,0.012,0.020595151046939177,0.03259515104693918,8900.0,,3908.4080593301046,0.1273951510469392,1.4941256028885042,1.414070115246326,1.9712817852262446e-07,1.00-1.50,1.00-1.50,1.6666666666666667e-05,pneumatic_feed,0.009390258931091858,0.0,0.0,0.0,heavy,0.7400000000000005
aluminum,heavily_coated,0.3761602108808024,1.112107331613874,1.112107331613874,0.0218,0.05913238515046214,0.08093238515046214,2700.0,,2225.7815984934045,0.1801378135900795,1.702737355594814,1.6815002593249542,2.2279133453166177e-07,1.00-1.50,1.00-1.50,1.6666666666666667e-05,pneumatic_feed,-0.01773256249924856,0.0,0.0,0.0,heavy,0.5560000000000004
aluminum,partial,0.07463976663305844,1.1751981068414779,1.1751981068414779,0.0218,0.011733371314716787,0.03353337131471679,2700.0,,2472.8980090281366,0.08292460716016437,1.2026900716766928,1.1408701214362396,1.1452639465520008e-07,1.00-1.50,1.00-1.50,1.6666666666666667e-05,pneumatic_feed,0.032058904966174855,0.0,0.0,0.0,heavy,1.466000000000001
copper,partial,0.22372665635773537,1.1835442210028386,1.1835442210028386,0.012,0.032664091828229366,0.04466409182822936,8900.0,,3122.5104131655685,0.13946409182822936,1.5463812900065965,1.4795365441028783,1.953580814297897e-07,1.00-1.50,1.00-1.50,1.6666666666666667e-05,pneumatic_feed,-0.021543827468670205,0.0,0.0,0.0,heavy,0.6980000000000005
other_light,unresolved_nonmetal,,1.4509503303269182,0.10161477544067198,,,,,,1100.0,,0.24892703692696097,,1.7593366284686747e-06,1.00-1.50,1.00-1.50,1.6666666666666667e-05,pneumatic_feed,-0.03380969312871737,2.25,0.0,0.0,light,2.8699999999999055
other_light,unresolved_nonmetal,,1.3276978312714007,0.14282845321518178,,,,,,1100.0,,0.422434183270066,,1.3479973705228754e-06,1.00-1.50,1.00-1.50,1.6666666666666667e-05,pneumatic_feed,0.0035421158727964135,2.25,0.0,0.0,light,3.9039999999997916
aluminum,partial,0.19701420044479334,1.3098480014044591,1.3098480014044591,0.0218,0.030970632309921517,0.05277063230992152,2700.0,,2319.0805758527367,0.12237934836540582,1.445050836072545,1.385953192551397,2.099664666558973e-07,1.00-1.50,1.00-1.50,1.6666666666666667e-05,pneumatic_feed,-0.02887531668578374,0.0,0.0,0.0,heavy,0.7800000000000006
aluminum,bare_like,0.006177321116049217,1.3973745077810453,1.3973745077810453,0.0218,0.0009710748794429375,0.022771074879442937,2700.0,,2672.321373637066,0.06085163010102543,1.042421493796144,0.9773060861703948,1.188222711132833e-07,1.00-1.50,1.00-1.50,1.6666666666666667e-05,pneumatic_feed,0.030973505146088817,0.0,0.0,0.0,heavy,3.499999999999836
aluminum,partial,0.25287206682205843,1.2668432543860186,1.2668432543860186,0.0218,0.03975148890442759,0.06155148890442759,2700.0,,2280.830010173828,0.14038848306409984,1.5359703977314245,1.4844317532894906,2.2530832966179716e-07,1.00-1.50,1.00-1.50,1.6666666666666667e-05,pneumatic_feed,0.02108281324738999,0.0,0.0,0.0,heavy,0.7020000000000005
aluminum,partial,0.17194362448424927,1.3237379560688405,1.3237379560688405,0.0218,0.027029537768923986,0.048829537768923986,2700.0,,2340.721399224612,0.1142963439699668,1.4009320671784269,1.3394011404178356,2.0027944635909135e-07,1.00-1.50,1.00-1.50,1.6666666666666667e-05,pneumatic_feed,0.03331378274906249,0.0,0.0,0.0,heavy,0.8640000000000007
separator,film,,1.4450483131014065,1.4450483131014065,,,0.0139,,,900.0,0.01251,0.4755207357390679,0.44312183426231666,2.6122939486237234e-08,1.00-1.50,1.00-1.50,1.6666666666666667e-05,pneumatic_feed,0.031200895398869936,2.25,0.0,0.0,light,4.419999999999735
aluminum,partial,0.22586120883717764,1.4951597811407673,1.4951597811407673,0.0218,0.03550538202920433,0.05730538202920433,2700.0,,2297.8629175543565,0.13167991234119444,1.5016789501454944,1.4376536106125801,2.9437080894233196e-07,1.00-1.50,1.00-1.50,1.6666666666666667e-05,pneumatic_feed,0.017781187439864996,0.0,0.0,0.0,heavy,0.7340000000000005
separator,film,,1.417642907193024,1.417642907193024,,,0.0139,,,900.0,0.01251,0.4754340042511435,0.44312183426231666,2.514148976805676e-08,1.00-1.50,1.00-1.50,1.6666666666666667e-05,pneumatic_feed,-0.02249739135217271,2.25,0.0,0.0,light,4.413999999999736
other_light,unresolved_nonmetal,,1.0069580827808435,0.09092418528000129,,,,,,1100.0,,0.20758026480224404,,5.880652061146589e-07,1.00-1.50,1.00-1.50,1.6666666666666667e-05,pneumatic_feed,-0.019670091235756616,2.25,0.0,0.0,light,2.6879999999999256
copper,partial,0.2693540660950767,1.4384519048509,1.4384519048509,0.012,0.0393256936498812,0.051325693649881196,8900.0,,2847.028130719076,0.1461256936498812,1.58588818099992,1.5144599326256656,3.0235508510183006e-07,1.00-1.50,1.00-1.50,1.6666666666666667e-05,pneumatic_feed,-0.0240432075811657,0.0,0.0,0.0,heavy,0.6720000000000005
copper,partial,0.30292849487828516,1.2047306670199498,1.2047306670199498,0.012,0.04422756025222964,0.056227560252229636,8900.0,,2686.0059297387143,0.15102756025222963,1.5959582700108246,1.5396520989233238,2.1919777327689878e-07,1.00-1.50,1.00-1.50,1.6666666666666667e-05,pneumatic_feed,0.01264393291281868,0.0,0.0,0.0,heavy,0.6340000000000005
separator,film,,1.1864803244289743,1.1864803244289743,,,0.0139,,,900.0,0.01251,0.4745457390209008,0.44312183426231666,1.7610771858816123e-08,1.00-1.50,1.00-1.50,1.6666666666666667e-05,pneumatic_feed,-0.014734522130277468,2.25,0.0,0.0,light,4.413999999999736
aluminum,partial,0.07827421240910332,1.1177160443372525,1.1177160443372525,0.0218,0.012304706190711043,0.03410470619071104,2700.0,,2465.829447483233,0.084096388822819,1.2088961330354098,1.1489024845316365,1.0506070659567398e-07,1.00-1.50,1.00-1.50,1.6666666666666667e-05,pneumatic_feed,-0.02474742570223243,0.0,0.0,0.0,heavy,1.364000000000001
aluminum,bare_like,0.04866451890182205,1.0680128168846386,1.0680128168846386,0.0218,0.007650062371366426,0.029450062371366426,2700.0,,2531.401346423616,0.07454992753913645,1.1413863586188382,1.0817280909056055,8.503547750499232e-08,1.00-1.50,1.00-1.50,1.6666666666666667e-05,pneumatic_feed,-0.044738137713106946,0.0,0.0,0.0,heavy,1.7920000000000014
separator,film,,1.2236275318435608,1.2236275318435608,,,0.0139,,,900.0,0.01251,0.47471073649985795,0.44312183426231666,1.8730776851936413e-08,1.00-1.50,1.00-1.50,1.6666666666666667e-05,pneumatic_feed,-0.019438948769632387,2.25,0.0,0.0,light,4.4179999999997355
copper,heavily_coated,0.7382089048774497,1.2989274908477362,1.2989274908477362,0.012,0.10777850011210766,0.11977850011210765,8900.0,,1791.460904179558,0.21457850011210766,1.827520797549554,1.8352177357903998,3.620395547602873e-07,1.00-1.50,1.00-1.50,1.6666666666666667e-05,pneumatic_feed,-0.01969440819981228,0.0,0.0,0.0,heavy,0.5120000000000003
separator,film,,1.3653177401434964,1.3653177401434964,,,0.0139,,,900.0,0.01251,0.47525888214010403,0.44312183426231666,2.3319797569697308e-08,1.00-1.50,1.00-1.50,1.6666666666666667e-05,pneumatic_feed,0.02672932395542655,2.25,0.0,0.0,light,4.415999999999736
other_light,unresolved_nonmetal,,1.0270008928081826,0.09674222011053199,,,,,,1100.0,,0.22984171081481883,,6.238838893241111e-07,1.00-1.50,1.00-1.50,1.6666666666666667e-05,pneumatic_feed,0.019384717226451437,2.25,0.0,0.0,light,2.8139999999999117
aluminum,partial,0.1298680032890932,1.4944651705718028,1.4944651705718028,0.0218,0.020415250117045453,0.04221525011704545,2700.0,,2386.122139775361,0.10073074294043655,1.3258882596203314,1.2574059571964387,2.2497467499443486e-07,1.00-1.50,1.00-1.50,1.6666666666666667e-05,pneumatic_feed,-0.003358382363686609,0.0,0.0,0.0,heavy,0.9980000000000008
aluminum,partial,0.06651677754875496,1.2703544447588284,1.2703544447588284,0.0218,0.010456437430664281,0.03225643743066428,2700.0,,2489.6014763599483,0.08030567424949409,1.1870822267761383,1.1227100529611638,1.2959733045626666e-07,1.00-1.50,1.00-1.50,1.6666666666666667e-05,pneumatic_feed,-0.008750625316388996,0.0,0.0,0.0,heavy,1.5280000000000011
other_light,unresolved_nonmetal,,1.2941098610004618,0.08092063782093994,,,,,,1100.0,,0.1708173643219296,,1.2482591177258352e-06,1.00-1.50,1.00-1.50,1.6666666666666667e-05,pneumatic_feed,-0.01783354570760398,2.25,0.0,0.0,light,2.5779999999999377
separator,film,,1.4491883119144982,1.4491883119144982,,,0.0139,,,900.0,0.01251,0.4755335566592371,0.44312183426231666,2.62728360100038e-08,1.00-1.50,1.00-1.50,1.6666666666666667e-05,pneumatic_feed,-0.012615472522851853,2.25,0.0,0.0,light,4.419999999999735
aluminum,partial,0.12267421457841571,1.4746108238896434,1.4746108238896434,0.0218,0.019284386531726955,0.041084386531726955,2700.0,,2395.347766632219,0.098411393522227,1.3110159656547486,1.242845619023085,2.139933198151224e-07,1.00-1.50,1.00-1.50,1.6666666666666667e-05,pneumatic_feed,-0.006446634392439981,0.0,0.0,0.0,heavy,1.0360000000000007
aluminum,bare_like,0.041217869327959115,1.060145762269314,1.060145762269314,0.0218,0.006479449058355173,0.028279449058355173,2700.0,,2551.289210095514,0.0721490532500273,1.1238174366954596,1.064167063863766,8.10889729772844e-08,1.00-1.50,1.00-1.50,1.6666666666666667e-05,pneumatic_feed,0.01855871376725687,0.0,0.0,0.0,heavy,1.9920000000000015
aluminum,partial,0.13321723279824144,1.0449468689666734,1.0449468689666734,0.0218,0.020941748995883552,0.04274174899588355,2700.0,,2381.99349390888,0.10181056802648103,1.3172892917750134,1.2641276342773486,1.1116838039809263e-07,1.00-1.50,1.00-1.50,1.6666666666666667e-05,pneumatic_feed,0.02879313232797981,0.0,0.0,0.0,heavy,1.0200000000000007
copper,partial,0.18467880269479353,1.331906022148703,1.331906022148703,0.012,0.02696310519343986,0.03896310519343986,8900.0,,3433.0709662216877,0.13376310519343984,1.52656182427574,1.4489809174437847,2.3729222420092696e-07,1.00-1.50,1.00-1.50,1.6666666666666667e-05,pneumatic_feed,0.023002773918714407,0.0,0.0,0.0,heavy,0.6800000000000005
copper,partial,0.29270663881343817,1.1330853607175988,1.1330853607175988,0.012,0.04273516926676198,0.054735169266761974,8900.0,,2731.97600866044,0.14953516926676197,1.5856913484910957,1.5320261149246432,1.9198557718737942e-07,1.00-1.50,1.00-1.50,1.6666666666666667e-05,pneumatic_feed,-0.002973157928171513,0.0,0.0,0.0,heavy,0.6240000000000004
separator,film,,1.4245251646597485,1.4245251646597485,,,0.0139,,,900.0,0.01251,0.4754560942226276,0.44312183426231666,2.5386192028808538e-08,1.00-1.50,1.00-1.50,1.6666666666666667e-05,pneumatic_feed,0.014191376848288528,2.25,0.0,0.0,light,4.415999999999736
copper,partial,0.3069985790369805,1.2089528854586562,1.2089528854586562,0.012,0.04482179253939916,0.05682179253939916,8900.0,,2668.3739770136162,0.15162179253939917,1.59861226851685,1.5426780790879246,2.2160542047379494e-07,1.00-1.50,1.00-1.50,1.6666666666666667e-05,pneumatic_feed,-0.006995818729912664,0.0,0.0,0.0,heavy,0.6040000000000004
copper,heavily_coated,0.49497848169223685,1.3626678507347663,1.3626678507347663,0.012,0.07226685832706657,0.08426685832706657,8900.0,,2124.9974412485035,0.1790668583270666,1.7140862953666354,1.67649438063527,3.3250274398393543e-07,1.00-1.50,1.00-1.50,1.6666666666666667e-05,pneumatic_feed,0.00696379437399087,0.0,0.0,0.0,heavy,0.5540000000000004
copper,partial,0.22277703412214778,1.0253567009369713,1.0253567009369713,0.012,0.03252544698183357,0.04452544698183357,8900.0,,3129.119558051343,0.13932544698183358,1.5375046244935304,1.4788009385400254,1.464806953732788e-07,1.00-1.50,1.00-1.50,1.6666666666666667e-05,pneumatic_feed,0.0401598962194539,0.0,0.0,0.0,heavy,0.6740000000000005
copper,partial,0.0724302024699679,1.2806338640807673,1.2806338640807673,0.012,0.010574809560615312,0.022574809560615312,8900.0,,5199.370973449579,0.1173748095606153,1.4460478714004645,1.3573190527151004,1.9249739831335867e-07,1.00-1.50,1.00-1.50,1.6666666666666667e-05,pneumatic_feed,0.009449889964013062,0.0,0.0,0.0,heavy,0.7840000000000006
aluminum,heavily_coated,0.31652629930907117,1.089657629866759,1.089657629866759,0.0218,0.049757934251385985,0.07155793425138599,2700.0,,2248.6848711276343,0.16091124416023764,1.6193831198923812,1.5892334278950624,1.9105856922341642e-07,1.00-1.50,1.00-1.50,1.6666666666666667e-05,pneumatic_feed,-0.007422007052746901,0.0,0.0,0.0,heavy,0.6200000000000004
copper,partial,0.2695691361287893,1.3534047665287965,1.3534047665287965,0.012,0.03935709387480324,0.051357093874803236,8900.0,,2845.8988398194915,0.14615709387480325,1.5827153240269165,1.5146226412736976,2.677166010126183e-07,1.00-1.50,1.00-1.50,1.6666666666666667e-05,pneumatic_feed,0.009903185378751884,0.0,0.0,0.0,heavy,0.6340000000000005
copper,partial,0.09258431280492585,1.0781816107963862,1.0781816107963862,0.012,0.013517309669519171,0.02551730966951917,8900.0,,4715.125192576242,0.12031730966951917,1.4555774758273012,1.3742272346932922,1.39865935047112e-07,1.00-1.50,1.00-1.50,1.6666666666666667e-05,pneumatic_feed,-0.005302814353156237,0.0,0.0,0.0,heavy,0.7560000000000006
aluminum,partial,0.10504392228540305,1.2719897341967144,1.2719897341967144,0.0218,0.01651290458326536,0.03831290458326536,2700.0,,2420.260536042443,0.0927272109840368,1.2698797336251972,1.206418792793548,1.5002872206385053e-07,1.00-1.50,1.00-1.50,1.6666666666666667e-05,pneumatic_feed,-0.003803810998366319,0.0,0.0,0.0,heavy,1.1280000000000008
copper,partial,0.3205448633907535,1.478242778738555,1.478242778738555,0.012,0.046799550055050015,0.05879955005505001,8900.0,,2612.2572351530785,0.15359955005505,1.619728187163685,1.552706842151494,3.356459998798409e-07,1.00-1.50,1.00-1.50,1.6666666666666667e-05,pneumatic_feed,0.0029120870812148533,0.0,0.0,0.0,heavy,0.5820000000000004
copper,partial,0.34237590378408805,1.0922433655553196,1.0922433655553196,0.012,0.04998688195247686,0.061986881952476855,8900.0,,2529.3558413323613,0.15678688195247686,1.611294570691533,1.5687341709563407,1.870460555406422e-07,1.00-1.50,1.00-1.50,1.6666666666666667e-05,pneumatic_feed,0.011828521996713807,0.0,0.0,0.0,heavy,0.6360000000000005
other_light,unresolved_nonmetal,,1.0178711525987199,0.10479595701374743,,,,,,1100.0,,0.26158775724378786,,6.073929212073456e-07,1.00-1.50,1.00-1.50,1.6666666666666667e-05,pneumatic_feed,-0.008897666018725735,2.25,0.0,0.0,light,2.9139999999999007
aluminum,partial,0.15410630187108648,1.1395536050645552,1.1395536050645552,0.0218,0.024225510654134794,0.046025510654134794,2700.0,,2358.374980387221,0.10854541278625698,1.3608049985750041,1.3052696269710293,1.4095516468731797e-07,1.00-1.50,1.00-1.50,1.6666666666666667e-05,pneumatic_feed,0.03614916694320909,0.0,0.0,0.0,heavy,0.9540000000000007
aluminum,partial,0.16959655008823693,1.0090971299932836,1.0090971299932836,0.0218,0.026660577673870846,0.048460577673870846,2700.0,,2342.9275746163294,0.11353962371394846,1.3820277413506437,1.3349598997026597,1.1561478943310942e-07,1.00-1.50,1.00-1.50,1.6666666666666667e-05,pneumatic_feed,0.010499426752341945,0.0,0.0,0.0,heavy,0.8660000000000007
aluminum,partial,0.1478172707973528,1.2146944414280978,1.2146944414280978,0.0218,0.02323687496934386,0.04503687496934386,2700.0,,2365.1233872305766,0.10651776627777451,1.3521865700748623,1.2930208271702157,1.5716510924634287e-07,1.00-1.50,1.00-1.50,1.6666666666666667e-05,pneumatic_feed,0.023031154578652933,0.0,0.0,0.0,heavy,0.9600000000000007
aluminum,partial,0.05657283352128972,1.3906797856131163,1.3906797856131163,0.0218,0.008893249429546744,0.030693249429546744,2700.0,,2511.941507938854,0.07709964725559902,1.16684121560988,1.100070935587284,1.4910996731307002e-07,1.00-1.50,1.00-1.50,1.6666666666666667e-05,pneumatic_feed,-0.004144215117003095,0.0,0.0,0.0,heavy,1.6800000000000013
other_light,unresolved_nonmetal,,1.40971886043135,0.17711987663195064,,,,,,1100.0,,0.5771643814782587,,1.613573816326355e-06,1.00-1.50,1.00-1.50,1.6666666666666667e-05,pneumatic_feed,0.021607763492388087,2.25,0.0,0.0,light,6.083999999999552
aluminum,partial,0.26101775022812995,1.3321730386288804,1.3321730386288804,0.0218,0.04103199033586204,0.06283199033586204,2700.0,,2276.1451942964186,0.14301473285105137,1.5522821022319466,1.4982520638497725,2.5380610186334724e-07,1.00-1.50,1.00-1.50,1.6666666666666667e-05,pneumatic_feed,-0.006757492982531994,0.0,0.0,0.0,heavy,0.6740000000000005
copper,partial,0.07945705455004523,1.3013111535051207,1.3013111535051207,0.012,0.0116007299643066,0.0236007299643066,8900.0,,5016.82490937247,0.1184007299643066,1.4516351002529972,1.3632380047224903,2.0050106516862118e-07,1.00-1.50,1.00-1.50,1.6666666666666667e-05,pneumatic_feed,0.018302775358901742,0.0,0.0,0.0,heavy,0.7780000000000006
other_light,unresolved_nonmetal,,1.2148424224869894,0.14841729959173514,,,,,,1100.0,,0.44718886781114386,,1.032645257606953e-06,1.00-1.50,1.00-1.50,1.6666666666666667e-05,pneumatic_feed,0.032984263114677496,2.25,0.0,0.0,light,4.1359999999997665
aluminum,partial,0.13343828380423772,1.25751679867654,1.25751679867654,0.0218,0.020976498214026168,0.04277649821402617,2700.0,,2381.7245762281173,0.10188183708132428,1.326219814791001,1.2645700118334557,1.6111069013919693e-07,1.00-1.50,1.00-1.50,1.6666666666666667e-05,pneumatic_feed,-0.010336016080096483,0.0,0.0,0.0,heavy,1.0020000000000007
separator,film,,1.0812894308609915,1.0812894308609915,,,0.0139,,,900.0,0.01251,0.47401816257710283,0.44312183426231666,1.4626527284479002e-08,1.00-1.50,1.00-1.50,1.6666666666666667e-05,pneumatic_feed,-0.03724505431253233,2.25,0.0,0.0,light,4.409999999999736
separator,film,,1.027743713498742,1.027743713498742,,,0.0139,,,900.0,0.01251,0.4737089493837814,0.44312183426231666,1.3213776829358663e-08,1.00-1.50,1.00-1.50,1.6666666666666667e-05,pneumatic_feed,0.014270749969924921,2.25,0.0,0.0,light,4.401999999999737
separator,film,,1.3859057773011447,1.3859057773011447,,,0.0139,,,900.0,0.01251,0.4753293409053548,0.44312183426231666,2.402839264269419e-08,1.00-1.50,1.00-1.50,1.6666666666666667e-05,pneumatic_feed,0.0067908353590587795,2.25,0.0,0.0,light,4.419999999999735
other_light,unresolved_nonmetal,,1.0398450451271204,0.1526895661794938,,,,,,1100.0,,0.46625381383905184,,6.47585606959392e-07,1.00-1.50,1.00-1.50,1.6666666666666667e-05,pneumatic_feed,-0.01351078619387899,2.25,0.0,0.0,light,4.351999999999743
copper,partial,0.16653622648121058,1.044353911230001,1.044353911230001,0.012,0.024314289066256742,0.03631428906625674,8900.0,,3610.5426386575805,0.13111428906625675,1.503566275698213,1.4345626097120914,1.430030892769264e-07,1.00-1.50,1.00-1.50,1.6666666666666667e-05,pneumatic_feed,0.03326662934816131,0.0,0.0,0.0,heavy,0.7320000000000005
aluminum,partial,0.05141751566053482,1.1265204066975418,1.1265204066975418,0.0218,0.008082833461836074,0.029882833461836074,2700.0,,2524.4433838730756,0.07543752122411303,1.1493022355636011,1.0881485804492317,9.573385253655648e-08,1.00-1.50,1.00-1.50,1.6666666666666667e-05,pneumatic_feed,-0.011545199593630717,0.0,0.0,0.0,heavy,1.7860000000000014
copper,partial,0.3791903825858644,1.0615132683378974,1.0615132683378974,0.012,0.0553617958575362,0.0673617958575362,8900.0,,2407.3259002846808,0.1621617958575362,1.6288799817084707,1.595396987517492,1.8272560111289933e-07,1.00-1.50,1.00-1.50,1.6666666666666667e-05,pneumatic_feed,0.03332018249612053,0.0,0.0,0.0,heavy,0.5980000000000004
other_light,unresolved_nonmetal,,1.3027520987010022,0.10454309729447539,,,,,,1100.0,,0.2605758740104226,,1.2734346180726436e-06,1.00-1.50,1.00-1.50,1.6666666666666667e-05,pneumatic_feed,0.01525798094036682,2.25,0.0,0.0,light,2.909999999999901
separator,film,,1.3025276923344211,1.3025276923344211,,,0.0139,,,900.0,0.01251,0.47503045491027296,0.44312183426231666,2.1224195650118382e-08,1.00-1.50,1.00-1.50,1.6666666666666667e-05,pneumatic_feed,0.027717219840169238,2.25,0.0,0.0,light,4.4179999999997355
aluminum,partial,0.22391747500498108,1.175827584121586,1.175827584121586,0.0218,0.03519982707078303,0.05699982707078303,2700.0,,2299.1865037346965,0.13105323311635594,1.4841763238435604,1.4342285546572844,1.8119033502983824e-07,1.00-1.50,1.00-1.50,1.6666666666666667e-05,pneumatic_feed,0.041121887666141575,0.0,0.0,0.0,heavy,0.7540000000000006
aluminum,partial,0.0716832156541074,1.2636811440672466,1.2636811440672466,0.0218,0.011268601500825683,0.03306860150082568,2700.0,,2478.8283095973693,0.08197138555904077,1.1984434736209657,1.1342939952828386,1.3089928866183803e-07,1.00-1.50,1.00-1.50,1.6666666666666667e-05,pneumatic_feed,-0.0010838025273736556,0.0,0.0,0.0,heavy,1.476000000000001
separator,film,,1.1824559228478415,1.1824559228478415,,,0.0139,,,900.0,0.01251,0.4745272520868664,0.44312183426231666,1.749150713856904e-08,1.00-1.50,1.00-1.50,1.6666666666666667e-05,pneumatic_feed,-0.010549733323046345,2.25,0.0,0.0,light,4.409999999999736
other_light,unresolved_nonmetal,,1.3712785044380467,0.09800309655356902,,,,,,1100.0,,0.23474341080545078,,1.4851431355384375e-06,1.00-1.50,1.00-1.50,1.6666666666666667e-05,pneumatic_feed,0.013703792777422757,2.25,0.0,0.0,light,2.82799999999991
aluminum,partial,0.2389412301390976,1.3077088807649124,1.3077088807649124,0.0218,0.03756156137786614,0.05936156137786614,2700.0,,2289.3104368345967,0.13589704200914646,1.515619170795191,1.460493057626623,2.323978735697866e-07,1.00-1.50,1.00-1.50,1.6666666666666667e-05,pneumatic_feed,0.01240306577083265,0.0,0.0,0.0,heavy,0.6960000000000005
aluminum,partial,0.08409275233719632,1.1322465888691027,1.1322465888691027,0.0218,0.013219380667407264,0.035019380667407264,2700.0,,2454.993282078527,0.08597234428103546,1.221824747274173,1.1616462094093591,1.1021502692523446e-07,1.00-1.50,1.00-1.50,1.6666666666666667e-05,pneumatic_feed,-0.02333495996492569,0.0,0.0,0.0,heavy,1.324000000000001
aluminum,bare_like,0.039399850245646226,1.1380823324994005,1.1380823324994005,0.0218,0.006193656458615589,0.02799365645861559,2700.0,,2556.3972260463293,0.0715629057176988,1.12145801942986,1.0598355382534597,9.269052224215315e-08,1.00-1.50,1.00-1.50,1.6666666666666667e-05,pneumatic_feed,0.0008040346068510164,0.0,0.0,0.0,heavy,1.9980000000000016
copper,partial,0.11916108839521089,1.2359847216672808,1.2359847216672808,0.012,0.01739751890570079,0.02939751890570079,8900.0,,4224.761936682225,0.12419751890570079,1.4786741775115306,1.396210677778923,1.8973136217448117e-07,1.00-1.50,1.00-1.50,1.6666666666666667e-05,pneumatic_feed,-0.02331633494883009,0.0,0.0,0.0,heavy,0.7480000000000006
aluminum,partial,0.18884140253289422,1.2596678753665913,1.2596678753665913,0.0218,0.029685868478170972,0.05148586847817097,2700.0,,2325.771325803696,0.11974435659063043,1.4286371172317525,1.370951283250625,1.900059332045491e-07,1.00-1.50,1.00-1.50,1.6666666666666667e-05,pneumatic_feed,0.007559166193200143,0.0,0.0,0.0,heavy,0.7760000000000006
aluminum,partial,0.05644440649441562,1.4433618224237528,1.4433618224237528,0.0218,0.008873060700922135,0.030673060700922135,2700.0,,2512.2449255788783,0.07705824109786455,1.1674445815690992,1.0997755008510064,1.605349212750451e-07,1.00-1.50,1.00-1.50,1.6666666666666667e-05,pneumatic_feed,-0.010775643360800316,0.0,0.0,0.0,heavy,1.6860000000000013
copper,heavily_coated,0.5824904207886186,1.2449230539200749,1.2449230539200749,0.012,0.08504360143513831,0.09704360143513831,8900.0,,1976.8804805060963,0.19184360143513832,1.7492424128617063,1.7352743783407658,2.973256230337565e-07,1.00-1.50,1.00-1.50,1.6666666666666667e-05,pneumatic_feed,-0.012546240011123587,0.0,0.0,0.0,heavy,0.5380000000000004
aluminum,partial,0.05240887675502748,1.3820983444772552,1.3820983444772552,0.0218,0.00823867542589032,0.03003867542589032,2700.0,,2521.9869012364425,0.0757571459545884,1.1570118841938513,1.0904513574218797,1.4471098458354617e-07,1.00-1.50,1.00-1.50,1.6666666666666667e-05,pneumatic_feed,0.0010746913187445108,0.0,0.0,0.0,heavy,1.7360000000000013
aluminum,heavily_coated,0.3523255997337187,1.4732923190790683,1.4732923190790683,0.0218,0.05538558427814058,0.07718558427814058,2700.0,,2234.268202060991,0.17245329661014824,1.6964855923610551,1.6452437337953567,3.743254454883954e-07,1.00-1.50,1.00-1.50,1.6666666666666667e-05,pneumatic_feed,0.016723840405773783,0.0,0.0,0.0,heavy,0.5580000000000004
aluminum,partial,0.12266318670699777,1.3107880139789252,1.3107880139789252,0.0218,0.019282652950340054,0.041082652950340054,2700.0,,2395.362299147446,0.09840783802620315,1.3066911270014134,1.242823167493785,1.6908092443493301e-07,1.00-1.50,1.00-1.50,1.6666666666666667e-05,pneumatic_feed,-0.015469164994563285,0.0,0.0,0.0,heavy,1.0240000000000007
aluminum,partial,0.129721240244199,1.2449311881864882,1.2449311881864882,0.0218,0.020392178966388085,0.042192178966388084,2700.0,,2386.3054133170153,0.10068342506713221,1.318552283116257,1.257110591735551,1.560445751758413e-07,1.00-1.50,1.00-1.50,1.6666666666666667e-05,pneumatic_feed,-0.03056978273222991,0.0,0.0,0.0,heavy,1.0260000000000007
copper,heavily_coated,0.5644256553303975,1.3783275770732537,1.3783275770732537,0.012,0.08240614567823802,0.09440614567823802,8900.0,,2004.1719140097546,0.189206145678238,1.7515752260485489,1.7233048664022348,3.594513587982104e-07,1.00-1.50,1.00-1.50,1.6666666666666667e-05,pneumatic_feed,-0.019781560243842432,0.0,0.0,0.0,heavy,0.5300000000000004
aluminum,partial,0.17047784469694,1.1877924840042395,1.1877924840042395,0.0218,0.026799117186358967,0.04859911718635897,2700.0,,2342.095258073721,0.11382376190874041,1.3928181655867982,1.336629255597673,1.6058836661183547e-07,1.00-1.50,1.00-1.50,1.6666666666666667e-05,pneumatic_feed,-0.019106898407709915,0.0,0.0,0.0,heavy,0.8320000000000006
separator,film,,1.3047604515959426,1.3047604515959426,,,0.0139,,,900.0,0.01251,0.4750389486780998,0.44312183426231666,2.1297021948971088e-08,1.00-1.50,1.00-1.50,1.6666666666666667e-05,pneumatic_feed,0.032508193983259916,2.25,0.0,0.0,light,4.4179999999997355
separator,film,,1.0039980590331947,1.0039980590331947,,,0.0139,,,900.0,0.01251,0.4735614811079506,0.44312183426231666,1.2610231402805703e-08,1.00-1.50,1.00-1.50,1.6666666666666667e-05,pneumatic_feed,-0.03009060799415043,2.25,0.0,0.0,light,4.403999999999737
aluminum,partial,0.14777808556473165,1.0455101103013404,1.0455101103013404,0.0218,0.023230715050775813,0.04503071505077581,2700.0,,2365.1663635994205,0.10650513256692513,1.3446240983401712,1.2929441444897984,1.1641984347877547e-07,1.00-1.50,1.00-1.50,1.6666666666666667e-05,pneumatic_feed,-0.001964668258413541,0.0,0.0,0.0,heavy,0.9680000000000007
other_light,unresolved_nonmetal,,1.0333413150044293,0.14407189170392137,,,,,,1100.0,,0.42792254558776943,,6.355104386506702e-07,1.00-1.50,1.00-1.50,1.6666666666666667e-05,pneumatic_feed,-0.03264713788692628,2.25,0.0,0.0,light,3.9579999999997857
aluminum,partial,0.10788208670372934,1.1112564513500973,1.1112564513500973,0.0218,0.01695906402982625,0.03875906402982625,2700.0,,2416.009414006718,0.09364226357414937,1.2704407777495212,1.2123567829066857,1.1563797920559772e-07,1.00-1.50,1.00-1.50,1.6666666666666667e-05,pneumatic_feed,0.02044000041365125,0.0,0.0,0.0,heavy,1.1820000000000008
aluminum,partial,0.07648825467694359,1.3265543732216276,1.3265543732216276,0.0218,0.012023953635215537,0.03382395363521554,2700.0,,2469.2730805850147,0.08352057819039338,1.210486068532109,1.1449624427361862,1.469750455755973e-07,1.00-1.50,1.00-1.50,1.6666666666666667e-05,pneumatic_feed,-0.04057956466152935,0.0,0.0,0.0,heavy,1.428000000000001
separator,film,,1.3346824468059417,1.3346824468059417,,,0.0139,,,900.0,0.01251,0.47515007631341255,0.44312183426231666,2.228502919498681e-08,1.00-1.50,1.00-1.50,1.6666666666666667e-05,pneumatic_feed,0.008993880591082026,2.25,0.0,0.0,light,4.413999999999736
aluminum,partial,0.1683303895923554,1.0958347932503145,1.0958347932503145,0.0218,0.026461537243918268,0.04826153724391827,2700.0,,2344.131732412392,0.1131314009084713,1.3845816613168045,1.3325578669083629,1.3585428332569522e-07,1.00-1.50,1.00-1.50,1.6666666666666667e-05,pneumatic_feed,-0.00790290716307644,0.0,0.0,0.0,heavy,0.9180000000000007
aluminum,partial,0.25047387902905505,1.306220375499019,1.306220375499019,0.0218,0.03937449378336746,0.06117449378336746,2700.0,,2282.246647306417,0.13961528333775763,1.5341886902536264,1.480338301628869,2.3821322565311316e-07,1.00-1.50,1.00-1.50,1.6666666666666667e-05,pneumatic_feed,0.008107399116804845,0.0,0.0,0.0,heavy,0.7100000000000005
aluminum,partial,0.11335607734476388,1.1135958978430067,1.1135958978430067,0.0218,0.01781957535859688,0.03961957535859688,2700.0,,2408.0806528892626,0.09540713289672532,1.281518152164248,1.2237280571871354,1.1831398705573039e-07,1.00-1.50,1.00-1.50,1.6666666666666667e-05,pneumatic_feed,-0.018202410401397903,0.0,0.0,0.0,heavy,1.0980000000000008
other_light,unresolved_nonmetal,,1.1633030712380088,0.1796247231702014,,,,,,1100.0,,0.5886815891500813,,9.067131858640925e-07,1.00-1.50,1.00-1.50,1.6666666666666667e-05,pneumatic_feed,0.022703247814137063,2.25,0.0,0.0,light,6.355999999999522
copper,partial,0.20626613230697466,1.3219481278898684,1.3219481278898684,0.012,0.0301148553168183,0.0421148553168183,8900.0,,3250.9871941111055,0.1369148553168183,1.5406403019986237,1.4659521032601237,2.392651245147897e-07,1.00-1.50,1.00-1.50,1.6666666666666667e-05,pneumatic_feed,0.008134949984554987,0.0,0.0,0.0,heavy,0.7020000000000005
aluminum,bare_like,0.026004341672097902,1.4754916090962515,1.4754916090962515,0.0218,0.004087882510853791,0.02588788251085379,2700.0,,2597.511008106138,0.0672440597985011,1.0944765058590946,1.0273571738189564,1.4639539433544912e-07,1.00-1.50,1.00-1.50,1.6666666666666667e-05,pneumatic_feed,-0.032582779180604336,0.0,0.0,0.0,heavy,2.4819999999999482
separator,film,,1.173354283353452,1.173354283353452,,,0.0139,,,900.0,0.01251,0.47448498219109103,0.44312183426231666,1.72232710310413e-08,1.00-1.50,1.00-1.50,1.6666666666666667e-05,pneumatic_feed,-0.013348326983003036,2.25,0.0,0.0,light,4.409999999999736
copper,partial,0.09414569426461716,1.1784563663632897,1.1784563663632897,0.012,0.013745271362634103,0.025745271362634103,8900.0,,4682.229589453456,0.1205452713626341,1.4594934037686278,1.3755284727361716,1.6740837962511615e-07,1.00-1.50,1.00-1.50,1.6666666666666667e-05,pneumatic_feed,0.031247804267494787,0.0,0.0,0.0,heavy,0.7660000000000006
aluminum,partial,0.1329990569805325,1.2514623709342465,1.2514623709342465,0.0218,0.020907451757339712,0.04270745175733971,2700.0,,2382.259342916857,0.10174022596109347,1.3251621509227014,1.2636908588279505,1.5934127551182965e-07,1.00-1.50,1.00-1.50,1.6666666666666667e-05,pneumatic_feed,0.0023063248530162637,0.0,0.0,0.0,heavy,1.0040000000000007
aluminum,partial,0.11534632146472762,1.1560111053501299,1.1560111053501299,0.0218,0.018132441734255184,0.039932441734255184,2700.0,,2405.2826056226218,0.09604880750344283,1.2870639975362974,1.22783634193407,1.283559453435988e-07,1.00-1.50,1.00-1.50,1.6666666666666667e-05,pneumatic_feed,-0.016587466577053282,0.0,0.0,0.0,heavy,1.0800000000000007
aluminum,bare_like,0.005686745311420092,1.1130195295339498,1.1130195295339498,0.0218,0.0008939563629552401,0.02269395636295524,2700.0,,2674.4329012163203,0.060693463555854955,1.0369629168376777,0.9760351448450508,7.51878196900885e-08,1.00-1.50,1.00-1.50,1.6666666666666667e-05,pneumatic_feed,-0.0010355213587323541,0.0,0.0,0.0,heavy,3.5619999999998293
aluminum,partial,0.14472966665933346,1.3107044467366173,1.3107044467366173,0.0218,0.02275150359884722,0.04455150359884722,2700.0,,2368.5461388191197,0.1055222918276357,1.3497373132647152,1.2869646042244403,1.8128161463572705e-07,1.00-1.50,1.00-1.50,1.6666666666666667e-05,pneumatic_feed,-0.002289692919616304,0.0,0.0,0.0,heavy,0.9720000000000008
copper,partial,0.16460409082860905,1.0079968597664477,1.0079968597664477,0.012,0.024032197260976922,0.03603219726097692,8900.0,,3630.9802678247693,0.13083219726097692,1.5005829898789196,1.4330185512435956,1.329330574182578e-07,1.00-1.50,1.00-1.50,1.6666666666666667e-05,pneumatic_feed,0.0003295207159460488,0.0,0.0,0.0,heavy,0.7220000000000005
aluminum,heavily_coated,0.3215161854093519,1.0609099208111663,1.0609099208111663,0.0218,0.05054234434635012,0.07234234434635012,2700.0,,2246.540871826595,0.16252003333782913,1.6238464910170607,1.5971582398969009,1.8292115038220137e-07,1.00-1.50,1.00-1.50,1.6666666666666667e-05,pneumatic_feed,0.01616225340383434,0.0,0.0,0.0,heavy,0.6080000000000004
aluminum,partial,0.15093131804232357,1.2663007470636796,1.2663007470636796,0.0218,0.02372640319625327,0.04552640319625327,2700.0,,2361.745244545793,0.10752176625002555,1.3599681183985197,1.2991003206297815,1.72413042631119e-07,1.00-1.50,1.00-1.50,1.6666666666666667e-05,pneumatic_feed,0.03368312754764169,0.0,0.0,0.0,heavy,0.9140000000000007
aluminum,partial,0.08925518252886683,1.0643233088654465,1.0643233088654465,0.0218,0.014030914693537865,0.035830914693537864,2700.0,,2445.8422049420165,0.08763676339913196,1.2304274969023539,1.172837004153934,9.927353266179169e-08,1.00-1.50,1.00-1.50,1.6666666666666667e-05,pneumatic_feed,-0.006699675010003288,0.0,0.0,0.0,heavy,1.284000000000001
copper,partial,0.39911232581096306,1.0010256779920435,1.0010256779920435,0.012,0.058270399568400605,0.0702703995684006,8900.0,,2349.0744407639595,0.1650703995684006,1.633671009813708,1.6096412617802813,1.654091913769439e-07,1.00-1.50,1.00-1.50,1.6666666666666667e-05,pneumatic_feed,0.02854757339139455,0.0,0.0,0.0,heavy,0.5700000000000004
copper,heavily_coated,0.5419764094650192,1.0950329326924324,1.0950329326924324,0.012,0.0791285557818928,0.0911285557818928,8900.0,,2040.2886250814122,0.18592855578189282,1.7142849673204605,1.708313382126532,2.22946396448228e-07,1.00-1.50,1.00-1.50,1.6666666666666667e-05,pneumatic_feed,0.044657471908487976,0.0,0.0,0.0,heavy,0.5640000000000004
aluminum,partial,0.25021961073660137,1.0419462186938078,1.0419462186938078,0.0218,0.03933452280779374,0.06113452280779374,2700.0,,2282.397870942394,0.13953330469758765,1.5173986365158185,1.4799036287993,1.5148460051868959e-07,1.00-1.50,1.00-1.50,1.6666666666666667e-05,pneumatic_feed,0.014226904850205233,0.0,0.0,0.0,heavy,0.7280000000000005
separator,film,,1.0226154555466067,1.0226154555466067,,,0.0139,,,900.0,0.01251,0.4736776695340085,0.44312183426231666,1.3082237047734153e-08,1.00-1.50,1.00-1.50,1.6666666666666667e-05,pneumatic_feed,0.01687194003254192,2.25,0.0,0.0,light,4.401999999999737
aluminum,partial,0.07133964884052763,1.1540947605787866,1.1540947605787866,0.0218,0.011214592797730946,0.033014592797730946,2700.0,,2479.5282705501277,0.08186061618267451,1.1948685166393604,1.1335273404745292,1.0903299659922383e-07,1.00-1.50,1.00-1.50,1.6666666666666667e-05,pneumatic_feed,-0.0300596024887297,0.0,0.0,0.0,heavy,1.500000000000001
separator,film,,1.2285345833687948,1.2285345833687948,,,0.0139,,,900.0,0.01251,0.47473179853259223,0.44312183426231666,1.888130825388956e-08,1.00-1.50,1.00-1.50,1.6666666666666667e-05,pneumatic_feed,-0.03312076907024776,2.25,0.0,0.0,light,4.413999999999736
copper,partial,0.10168531324701657,1.1460759562546312,1.1460759562546312,0.012,0.01484605573406442,0.02684605573406442,8900.0,,4531.244996996344,0.12164605573406441,1.4639245113997341,1.38179466303857,1.5978088960723092e-07,1.00-1.50,1.00-1.50,1.6666666666666667e-05,pneumatic_feed,-0.03205394403266513,0.0,0.0,0.0,heavy,0.7740000000000006
aluminum,partial,0.06353346660324583,1.249187031694584,1.249187031694584,0.0218,0.009987460950030246,0.031787460950030245,2700.0,,2496.0730613961473,0.07934382496755249,1.1798909296524474,1.11596625248737,1.2381351891419773e-07,1.00-1.50,1.00-1.50,1.6666666666666667e-05,pneumatic_feed,0.04198533529488479,0.0,0.0,0.0,heavy,1.5320000000000011
aluminum,partial,0.18113125611901398,1.4487236769038736,1.4487236769038736,0.0218,0.028473833461909,0.050273833461909,2700.0,,2332.396799901376,0.11725852828533129,1.421865294338826,1.356646549388071,2.4610223340730904e-07,1.00-1.50,1.00-1.50,1.6666666666666667e-05,pneumatic_feed,-0.028855227656801298,0.0,0.0,0.0,heavy,0.8080000000000006
other_light,unresolved_nonmetal,,1.2829322353823227,0.13575188479839223,,,,,,1100.0,,0.3914257520411884,,1.2161928894913393e-06,1.00-1.50,1.00-1.50,1.6666666666666667e-05,pneumatic_feed,-0.023441370330633714,2.25,0.0,0.0,light,3.6619999999998183
aluminum,partial,0.16594584068284074,1.0766452063773202,1.0766452063773202,0.0218,0.02608668615534257,0.04788668615534257,2700.0,,2346.4266900836433,0.11236259849455468,1.3793158176193687,1.3280223439274395,1.302467802943406e-07,1.00-1.50,1.00-1.50,1.6666666666666667e-05,pneumatic_feed,0.018462368660079886,0.0,0.0,0.0,heavy,0.8980000000000007
separator,film,,1.31616417869951,1.31616417869951,,,0.0139,,,900.0,0.01251,0.4750818877575724,0.44312183426231666,2.167092469759986e-08,1.00-1.50,1.00-1.50,1.6666666666666667e-05,pneumatic_feed,0.012577870242356383,2.25,0.0,0.0,light,4.419999999999735
aluminum,heavily_coated,0.3585762285734251,1.422955343570785,1.422955343570785,0.0218,0.056368183131742425,0.07816818313174242,2700.0,,2231.963886896458,0.17446856185435797,1.7024532740278915,1.6548288572737673,3.532642772421791e-07,1.00-1.50,1.00-1.50,1.6666666666666667e-05,pneumatic_feed,0.016263823627403657,0.0,0.0,0.0,heavy,0.5620000000000004
aluminum,partial,0.06280480891469403,1.1307747839244622,1.1307747839244622,0.0218,0.009872915961389901,0.0316729159613899,2700.0,,2497.682832190831,0.0791088984421865,1.1752797381284803,1.1143129138390884,1.0115272051343537e-07,1.00-1.50,1.00-1.50,1.6666666666666667e-05,pneumatic_feed,0.004203821774317395,0.0,0.0,0.0,heavy,1.5500000000000012
copper,heavily_coated,0.5570941680249221,1.2753170737222186,1.2753170737222186,0.012,0.08133574853163862,0.09333574853163862,8900.0,,2015.6880026291858,0.1881357485316386,1.739451557038538,1.7184233206496589,3.0599031002138945e-07,1.00-1.50,1.00-1.50,1.6666666666666667e-05,pneumatic_feed,-0.01756165117891023,0.0,0.0,0.0,heavy,0.5560000000000004
aluminum,partial,0.1336638995427633,1.0504245609442775,1.0504245609442775,0.0218,0.021011965008122392,0.04281196500812239,2700.0,,2381.4505555220194,0.10195457785158232,1.3183990280164573,1.2650213650205424,1.1249584091576237e-07,1.00-1.50,1.00-1.50,1.6666666666666667e-05,pneumatic_feed,0.02226918958450106,0.0,0.0,0.0,heavy,1.0340000000000007
copper,partial,0.10438604305382093,1.3118119889052093,1.3118119889052093,0.012,0.015240362285857855,0.027240362285857855,8900.0,,4480.129926510431,0.12204036228585785,1.4700314379104185,1.3840323429887125,2.1001324216436324e-07,1.00-1.50,1.00-1.50,1.6666666666666667e-05,pneumatic_feed,0.032298456911052015,0.0,0.0,0.0,heavy,0.7580000000000006
aluminum,partial,0.12240936026975546,1.3816654889921902,1.3816654889921902,0.0218,0.019242751434405556,0.041042751434405556,2700.0,,2395.69713063015,0.09832600184457185,1.3081640394907488,1.242306292728327,1.8770429066619747e-07,1.00-1.50,1.00-1.50,1.6666666666666667e-05,pneumatic_feed,0.009489841792763638,0.0,0.0,0.0,heavy,1.0320000000000007
other_light,unresolved_nonmetal,,1.386708829867979,0.12677495580157078,,,,,,1100.0,,0.3527075508564169,,1.5358441585771308e-06,1.00-1.50,1.00-1.50,1.6666666666666667e-05,pneumatic_feed,-0.022165258319898427,2.25,0.0,0.0,light,3.399999999999847
copper,partial,0.14030803894767363,1.3906881014036907,1.3906881014036907,0.012,0.020484973686360344,0.032484973686360344,8900.0,,3918.2723346272633,0.12728497368636035,1.4975327929278417,1.4134585055745754,2.461708441407502e-07,1.00-1.50,1.00-1.50,1.6666666666666667e-05,pneumatic_feed,0.002508619107977691,0.0,0.0,0.0,heavy,0.7340000000000005
separator,film,,1.4339515189432006,1.4339515189432006,,,0.0139,,,900.0,0.01251,0.47548601078128633,0.44312183426231666,2.5723274153080697e-08,1.00-1.50,1.00-1.50,1.6666666666666667e-05,pneumatic_feed,0.011518409340578042,2.25,0.0,0.0,light,4.419999999999735
aluminum,bare_like,0.048304547731115366,1.3633795886571465,1.3633795886571465,0.0218,0.007593474903331336,0.029393474903331336,2700.0,,2532.3262893817596,0.07443386923398891,1.147055725484744,1.0808857532120082,1.383579666301819e-07,1.00-1.50,1.00-1.50,1.6666666666666667e-05,pneumatic_feed,-0.022010741907099625,0.0,0.0,0.0,heavy,1.7840000000000014
aluminum,partial,0.09414006801511399,1.432937058134535,1.432937058134535,0.0218,0.01479881869197592,0.03659881869197592,2700.0,,2437.556798747498,0.0892116993287529,1.2509921782516293,1.1833287086283784,1.8317915057420254e-07,1.00-1.50,1.00-1.50,1.6666666666666667e-05,pneumatic_feed,-0.0066824158184699495,0.0,0.0,0.0,heavy,1.2500000000000009
separator,film,,1.3508611988321557,1.3508611988321557,,,0.0139,,,900.0,0.01251,0.47520814320580324,0.44312183426231666,2.2828572991163215e-08,1.00-1.50,1.00-1.50,1.6666666666666667e-05,pneumatic_feed,0.019323024019231798,2.25,0.0,0.0,light,4.419999999999735
aluminum,partial,0.06292627876080614,1.2753509136425656,1.2753509136425656,0.0218,0.00989201102119873,0.03169201102119873,2700.0,,2497.4136694048702,0.07914806153527151,1.1791045122064658,1.1145887016552884,1.2873590132276564e-07,1.00-1.50,1.00-1.50,1.6666666666666667e-05,pneumatic_feed,0.0129309841227453,0.0,0.0,0.0,heavy,1.5340000000000011
other_light,unresolved_nonmetal,,1.3963594019633245,0.1834758740863471,,,,,,1100.0,,0.6064302052799698,,1.5681331945602644e-06,1.00-1.50,1.00-1.50,1.6666666666666667e-05,pneumatic_feed,0.03463803659058711,2.25,0.0,0.0,light,6.881999999999464
aluminum,partial,0.15690948148105904,1.3440725352575427,1.3440725352575427,0.0218,0.024666170488822484,0.046466170488822484,2700.0,,2355.459569250202,0.10944918592430825,1.3738736614662106,1.3106923446285716,1.9772334511172448e-07,1.00-1.50,1.00-1.50,1.6666666666666667e-05,pneumatic_feed,-0.0010041523091150382,0.0,0.0,0.0,heavy,0.9320000000000007
other_light,unresolved_nonmetal,,1.1881542882516651,0.16580764643393814,,,,,,1100.0,,0.525454746884002,,9.660727382066254e-07,1.00-1.50,1.00-1.50,1.6666666666666667e-05,pneumatic_feed,-0.025904390959100694,2.25,0.0,0.0,light,5.09999999999966
other_light,unresolved_nonmetal,,1.0856618984618263,0.125283891434473,,,,,,1100.0,,0.3463507478903334,,7.370129124907557e-07,1.00-1.50,1.00-1.50,1.6666666666666667e-05,pneumatic_feed,0.018323951072117147,2.25,0.0,0.0,light,3.37599999999985
aluminum,bare_like,0.048132633866298236,1.310511899375348,1.310511899375348,0.0218,0.0075664500437820845,0.029366450043782084,2700.0,,2532.7692783412126,0.07437844248483322,1.1456963930667547,1.0804832406113212,1.2774061924742957e-07,1.00-1.50,1.00-1.50,1.6666666666666667e-05,pneumatic_feed,0.02696686880788591,0.0,0.0,0.0,heavy,1.7920000000000014
aluminum,bare_like,0.039551225275157094,1.0733738058060625,1.0733738058060625,0.0218,0.006217452613254695,0.028017452613254695,2700.0,,2555.9679364670296,0.0716117105409634,1.1202345490590317,1.0601968725906343,8.250609509362622e-08,1.00-1.50,1.00-1.50,1.6666666666666667e-05,pneumatic_feed,-0.010823785739986238,0.0,0.0,0.0,heavy,2.039999999999997
copper,heavily_coated,0.5338231775848079,1.251674257167884,1.251674257167884,0.012,0.07793818392738194,0.08993818392738194,8900.0,,2054.057307589662,0.18473818392738195,1.7256894388440462,1.7028360270220346,2.8942717830454064e-07,1.00-1.50,1.00-1.50,1.6666666666666667e-05,pneumatic_feed,0.005512120666167395,0.0,0.0,0.0,heavy,0.5480000000000004
aluminum,partial,0.16080504576130522,1.379757684094023,1.379757684094023,0.0218,0.02527855319367718,0.04707855319367718,2700.0,,2351.498661151943,0.11070515480390242,1.3823157436731435,1.3181912265684568,2.1075286459795012e-07,1.00-1.50,1.00-1.50,1.6666666666666667e-05,pneumatic_feed,-0.003003147788311367,0.0,0.0,0.0,heavy,0.9140000000000007
copper,partial,0.4206144596798382,1.3071360572969781,1.3071360572969781,0.012,0.06140971111325637,0.07340971111325637,8900.0,,2291.3822784800604,0.1682097111132564,1.6698042708666172,1.6248752646383884,2.8740389833196947e-07,1.00-1.50,1.00-1.50,1.6666666666666667e-05,pneumatic_feed,-0.012101633331722397,0.0,0.0,0.0,heavy,0.5640000000000004
copper,partial,0.1475654862287087,1.0415641810745004,1.0415641810745004,0.012,0.021544560989391465,0.033544560989391466,8900.0,,3826.09153925075,0.12834456098939145,1.491196422839506,1.4193294999010937,1.392353597792363e-07,1.00-1.50,1.00-1.50,1.6666666666666667e-05,pneumatic_feed,0.00307249320627026,0.0,0.0,0.0,heavy,0.7120000000000005
aluminum,partial,0.08757199144553263,1.333132929911549,1.333132929911549,0.0218,0.013766317055237731,0.03556631705523773,2700.0,,2448.779996722436,0.08709408576195418,1.234721375898202,1.169200055644727,1.5478738986716234e-07,1.00-1.50,1.00-1.50,1.6666666666666667e-05,pneumatic_feed,-0.00759258310258802,0.0,0.0,0.0,heavy,1.262000000000001
aluminum,bare_like,0.026538061719638285,1.4045256835119035,1.4045256835119035,0.0218,0.004171783302327137,0.025971783302327137,2700.0,,2595.7453785234657,0.06741613647902858,1.094875379485207,1.0286708308175325,1.3299129977591686e-07,1.00-1.50,1.00-1.50,1.6666666666666667e-05,pneumatic_feed,-0.010854350947495291,0.0,0.0,0.0,heavy,2.3079999999999674
aluminum,partial,0.2684163908684435,1.4483804025504756,1.4483804025504756,0.0218,0.04219505664451932,0.06399505664451932,2700.0,,2272.0525022356906,0.14540012857989487,1.5694546975361758,1.5106953426121463,3.050212316732252e-07,1.00-1.50,1.00-1.50,1.6666666666666667e-05,pneumatic_feed,0.0453290011837969,0.0,0.0,0.0,heavy,0.6840000000000005
aluminum,partial,0.05741213607534196,1.222053365064223,1.222053365064223,0.0218,0.009025187791043755,0.030825187791043755,2700.0,,2509.968384183888,0.077370246792051,1.1653726107133837,1.1019997248856428,1.155458427848123e-07,1.00-1.50,1.00-1.50,1.6666666666666667e-05,pneumatic_feed,-0.04255732938442953,0.0,0.0,0.0,heavy,1.6080000000000012
aluminum,partial,0.2673003834245046,1.4708668478512696,1.4708668478512696,0.0218,0.04201962027433212,0.06381962027433212,2700.0,,2272.660288425892,0.14504031661989453,1.568657583424725,1.5088249764852995,3.1378736915809827e-07,1.00-1.50,1.00-1.50,1.6666666666666667e-05,pneumatic_feed,0.02498234289991413,0.0,0.0,0.0,heavy,0.6760000000000005
aluminum,partial,0.12868540127483846,1.30603972324661,1.30603972324661,0.0218,0.02022934508040461,0.04202934508040461,2700.0,,2387.60466129192,0.10034946022502067,1.3184775283371242,1.255023955027124,1.7117006406970955e-07,1.00-1.50,1.00-1.50,1.6666666666666667e-05,pneumatic_feed,0.006557775791577498,0.0,0.0,0.0,heavy,1.0220000000000007
aluminum,partial,0.2699666761964835,1.380452965776295,1.380452965776295,0.0218,0.042438761498087216,0.06423876149808722,2700.0,,2271.2137138081744,0.14589995607250825,1.5687652075626866,1.5132896981457613,2.7803430829568916e-07,1.00-1.50,1.00-1.50,1.6666666666666667e-05,pneumatic_feed,-0.0391965944753477,0.0,0.0,0.0,heavy,0.6460000000000005
copper,partial,0.19902159153126164,1.4890714576159123,1.4890714576159123,0.012,0.0290571523635642,0.0410571523635642,8900.0,,3308.976500867347,0.1358571523635642,1.5409038905872534,1.460278693776809,3.0124065670718734e-07,1.00-1.50,1.00-1.50,1.6666666666666667e-05,pneumatic_feed,5.4771932045486575e-05,0.0,0.0,0.0,heavy,0.6740000000000005
aluminum,partial,0.2491326621668652,1.3472040107343652,1.3472040107343652,0.0218,0.03916365449263121,0.06096365449263121,2700.0,,2283.0465589303262,0.139182861609219,1.534030627785201,1.4780440439372236,2.5261113812765965e-07,1.00-1.50,1.00-1.50,1.6666666666666667e-05,pneumatic_feed,0.027678030368571166,0.0,0.0,0.0,heavy,0.7060000000000005
copper,partial,0.2707600079347895,1.168334988232464,1.168334988232464,0.012,0.03953096115847926,0.05153096115847926,8900.0,,2839.670711913375,0.14633096115847927,1.574666038419604,1.5155232648638195,1.997427343107813e-07,1.00-1.50,1.00-1.50,1.6666666666666667e-05,pneumatic_feed,-0.037267109585551676,0.0,0.0,0.0,heavy,0.6580000000000005
aluminum,bare_like,0.03400282204887382,1.0843954201300214,1.0843954201300214,0.0218,0.005345243626082963,0.027145243626082963,2700.0,,2572.194628958384,0.0698228498567774,1.1072821641136952,1.0468712678032472,8.210562667188193e-08,1.00-1.50,1.00-1.50,1.6666666666666667e-05,pneumatic_feed,0.0062872438442807856,0.0,0.0,0.0,heavy,2.229999999999976
aluminum,bare_like,0.019760441461136858,1.447765975483402,1.447765975483402,0.0218,0.0031063413976907123,0.024906341397690712,2700.0,,2619.0504213329896,0.06523096393148514,1.0783276310584327,1.011862248464973,1.3672581726419127e-07,1.00-1.50,1.00-1.50,1.6666666666666667e-05,pneumatic_feed,-0.01675213381956591,0.0,0.0,0.0,heavy,2.5699999999999386
copper,partial,0.39321751220355033,1.2882255176090731,1.2882255176090731,0.012,0.05740975678171835,0.06940975678171835,8900.0,,2365.8022214100183,0.16420975678171834,1.653237972168705,1.605439610339128,2.7251019403181393e-07,1.00-1.50,1.00-1.50,1.6666666666666667e-05,pneumatic_feed,-0.03573492048527986,0.0,0.0,0.0,heavy,0.6000000000000004
other_light,unresolved_nonmetal,,1.2830729992337826,0.10703448965038079,,,,,,1100.0,,0.27058619507185705,,1.2165932569657146e-06,1.00-1.50,1.00-1.50,1.6666666666666667e-05,pneumatic_feed,-0.009871361744635314,2.25,0.0,0.0,light,2.9699999999998945
aluminum,partial,0.24716767183312421,1.3410005979849113,1.3410005979849113,0.0218,0.038854758012167125,0.060654758012167125,2700.0,,2284.2285356727507,0.13854932907571757,1.5305650487289555,1.4746763269180336,2.4915084824445496e-07,1.00-1.50,1.00-1.50,1.6666666666666667e-05,pneumatic_feed,0.01796328118983321,0.0,0.0,0.0,heavy,0.7140000000000005
aluminum,partial,0.10521626042127602,1.446950027443405,1.446950027443405,0.0218,0.016539996138224586,0.038339996138224586,2700.0,,2419.999579236267,0.0927827745224236,1.2746235624243079,1.206780190798623,1.942559902731708e-07,1.00-1.50,1.00-1.50,1.6666666666666667e-05,pneumatic_feed,0.019269743951467574,0.0,0.0,0.0,heavy,1.1680000000000008
copper,heavily_coated,0.6581226051844432,1.1232017830808894,1.1232017830808894,0.012,0.0960859003569287,0.1080859003569287,8900.0,,1877.0801712984296,0.20288590035692872,1.7710627728672848,1.7845159265196693,2.559572497558476e-07,1.00-1.50,1.00-1.50,1.6666666666666667e-05,pneumatic_feed,0.013627087022443696,0.0,0.0,0.0,heavy,0.5280000000000004
aluminum,partial,0.17285071061965518,1.1872191256732445,1.1872191256732445,0.0218,0.027172131709409797,0.0489721317094098,2700.0,,2339.877673506813,0.11458879761088303,1.3970595186399224,1.341113629526007,1.6151167867389258e-07,1.00-1.50,1.00-1.50,1.6666666666666667e-05,pneumatic_feed,0.017251391259738496,0.0,0.0,0.0,heavy,0.8940000000000007
aluminum,partial,0.07776584867499325,1.2540139910744912,1.2540139910744912,0.0218,0.012224791411708943,0.03402479141170894,2700.0,,2466.803874142808,0.08393248727130458,1.2115835768809817,1.147782348797191,1.3198812432900213e-07,1.00-1.50,1.00-1.50,1.6666666666666667e-05,pneumatic_feed,-0.005360054905357023,0.0,0.0,0.0,heavy,1.380000000000001
copper,partial,0.2132873924025881,1.10122336818266,1.10122336818266,0.012,0.03113995929077786,0.04313995929077786,8900.0,,3197.4985966262984,0.13793995929077785,1.5358644432737072,1.4714297812087564,1.672788101729728e-07,1.00-1.50,1.00-1.50,1.6666666666666667e-05,pneumatic_feed,0.02487731827785487,0.0,0.0,0.0,heavy,0.6820000000000005
aluminum,partial,0.19043064709833774,1.4248322784262606,1.4248322784262606,0.0218,0.029935697723858692,0.05173569772385869,2700.0,,2324.4442468496345,0.12025674493097507,1.4377672333410247,1.3738813152658367,2.4413887255438587e-07,1.00-1.50,1.00-1.50,1.6666666666666667e-05,pneumatic_feed,0.01947636912964954,0.0,0.0,0.0,heavy,0.7680000000000006
copper,heavily_coated,0.5787896448328149,1.4246484521966767,1.4246484521966767,0.012,0.08450328814559098,0.09650328814559098,8900.0,,1982.3499470502886,0.191303288145591,1.7624204006742297,1.732829019474569,3.8827359421848086e-07,1.00-1.50,1.00-1.50,1.6666666666666667e-05,pneumatic_feed,-0.03649113562029193,0.0,0.0,0.0,heavy,0.5260000000000004
aluminum,partial,0.14342243028485846,1.2109881150673758,1.2109881150673758,0.0218,0.022546006040779748,0.04434600604077975,2700.0,,2370.0178467366936,0.10510082574814122,1.3437353577923516,1.2843919031755162,1.5412954273231972e-07,1.00-1.50,1.00-1.50,1.6666666666666667e-05,pneumatic_feed,-0.036665147178388584,0.0,0.0,0.0,heavy,0.9640000000000007
aluminum,partial,0.19175092123117737,1.0313806461937072,1.0313806461937072,0.0218,0.030143244817541083,0.05194324481754108,2700.0,,2323.3514759822974,0.1206824145141439,1.421802304714144,1.3763107128166963,1.2837544021639976e-07,1.00-1.50,1.00-1.50,1.6666666666666667e-05,pneumatic_feed,-0.0003296532939204588,0.0,0.0,0.0,heavy,0.8240000000000006
aluminum,heavily_coated,0.3173099188384066,1.1943148553225813,1.1943148553225813,0.0218,0.049881119241397515,0.07168111924139751,2700.0,,2248.3450682451785,0.16116389093269065,1.6288108385332545,1.5904805663947965,2.298822358120952e-07,1.00-1.50,1.00-1.50,1.6666666666666667e-05,pneumatic_feed,0.023527382070746478,0.0,0.0,0.0,heavy,0.5860000000000004
copper,partial,0.4251678786328145,1.364567021412134,1.364567021412134,0.012,0.06207451028039092,0.07407451028039092,8900.0,,2279.7924635769828,0.1688745102803909,1.6759281362507863,1.6280830179573202,3.144516260778864e-07,1.00-1.50,1.00-1.50,1.6666666666666667e-05,pneumatic_feed,0.031685040686430896,0.0,0.0,0.0,heavy,0.5700000000000004
other_light,unresolved_nonmetal,,1.2628565804565026,0.10479916807221303,,,,,,1100.0,,0.2616006131505658,,1.1599877482261277e-06,1.00-1.50,1.00-1.50,1.6666666666666667e-05,pneumatic_feed,-0.0028780671686712625,2.25,0.0,0.0,light,2.9139999999999007
separator,film,,1.4958545632034375,1.4958545632034375,,,0.0139,,,900.0,0.01251,0.4756732332956043,0.44312183426231666,2.79921367369494e-08,1.00-1.50,1.00-1.50,1.6666666666666667e-05,pneumatic_feed,-0.02140186204691427,2.25,0.0,0.0,light,4.415999999999736
aluminum,partial,0.13967667169246523,1.2727165906691127,1.2727165906691127,0.0218,0.021957172790055532,0.04375717279005553,2700.0,,2374.3114350381197,0.10389315572036771,1.3387891281372082,1.2769913751419355,1.682869149294637e-07,1.00-1.50,1.00-1.50,1.6666666666666667e-05,pneumatic_feed,0.008981122940913237,0.0,0.0,0.0,heavy,0.9740000000000008
aluminum,bare_like,0.03459747889878941,1.1812982536040606,1.1812982536040606,0.0218,0.005438723682889696,0.027238723682889696,2700.0,,2570.4057938566016,0.0700145731717587,1.1108918019784138,1.0483075600719116,9.770292583710731e-08,1.00-1.50,1.00-1.50,1.6666666666666667e-05,pneumatic_feed,-0.024874052403054025,0.0,0.0,0.0,heavy,2.2259999999999764
aluminum,heavily_coated,0.2897066206626262,1.139774696825964,1.139774696825964,0.0218,0.045541880768164844,0.06734188076816484,2700.0,,2261.0641376654075,0.15226431156783732,1.5845260608159575,1.5459432830375035,1.9780449020019927e-07,1.00-1.50,1.00-1.50,1.6666666666666667e-05,pneumatic_feed,-0.014003663722474783,0.0,0.0,0.0,heavy,0.6540000000000005
copper,heavily_coated,0.7536016693050898,1.4810280495032726,1.4810280495032726,0.012,0.1100258437185431,0.1220258437185431,8900.0,,1776.8846099409857,0.21682584371854313,1.8524850505442163,1.8448030905780306,4.7559536403600543e-07,1.00-1.50,1.00-1.50,1.6666666666666667e-05,pneumatic_feed,-0.015227665279838718,0.0,0.0,0.0,heavy,0.5000000000000003
other_light,unresolved_nonmetal,,1.368779415585929,0.12545585871965642,,,,,,1100.0,,0.3470827429816916,,1.4770381195707487e-06,1.00-1.50,1.00-1.50,1.6666666666666667e-05,pneumatic_feed,0.0006001233141942527,2.25,0.0,0.0,light,3.3779999999998496
aluminum,partial,0.07514020593680448,1.0549759530613256,1.0549759530613256,0.0218,0.011812040373265664,0.033612040373265664,2700.0,,2471.9104485596777,0.08308595379608513,1.2000890563435878,1.1419794791428401,9.247252807034937e-08,1.00-1.50,1.00-1.50,1.6666666666666667e-05,pneumatic_feed,-0.006827282101909926,0.0,0.0,0.0,heavy,1.448000000000001
other_light,unresolved_nonmetal,,1.2444287192209842,0.1894120138187901,,,,,,1100.0,,0.6338755687677075,,1.1099448063287386e-06,1.00-1.50,1.00-1.50,1.6666666666666667e-05,pneumatic_feed,0.008160712319078837,2.25,0.0,0.0,light,8.347999999999457
separator,film,,1.2036858634787624,1.2036858634787624,,,0.0139,,,900.0,0.01251,0.4746234058639317,0.44312183426231666,1.8125234320812058e-08,1.00-1.50,1.00-1.50,1.6666666666666667e-05,pneumatic_feed,0.024757785671483824,2.25,0.0,0.0,light,4.413999999999736
separator,film,,1.2090286680994846,1.2090286680994846,,,0.0139,,,900.0,0.01251,0.4746470813939227,0.44312183426231666,1.8286496506783037e-08,1.00-1.50,1.00-1.50,1.6666666666666667e-05,pneumatic_feed,-0.031874006483652434,2.25,0.0,0.0,light,4.415999999999736
separator,film,,1.0115348724109552,1.0115348724109552,,,0.0139,,,900.0,0.01251,0.4736090221569945,0.44312183426231666,1.2800267004274128e-08,1.00-1.50,1.00-1.50,1.6666666666666667e-05,pneumatic_feed,0.025852804351977277,2.25,0.0,0.0,light,4.403999999999737
separator,film,,1.3328512691918084,1.3328512691918084,,,0.0139,,,900.0,0.01251,0.47514341661844517,0.44312183426231666,2.2223921247385547e-08,1.00-1.50,1.00-1.50,1.6666666666666667e-05,pneumatic_feed,-0.02818108150477959,2.25,0.0,0.0,light,4.415999999999736
aluminum,partial,0.18600452147529162,1.0838994569486355,1.0838994569486355,0.0218,0.02923991077591584,0.05103991077591584,2700.0,,2328.1725215107713,0.11882971776884876,1.415062028943442,1.3657054038480811,1.396056718585901e-07,1.00-1.50,1.00-1.50,1.6666666666666667e-05,pneumatic_feed,-0.01643228490361621,0.0,0.0,0.0,heavy,0.8180000000000006
separator,film,,1.2072554119340502,1.2072554119340502,,,0.0139,,,900.0,0.01251,0.4746392464185435,0.44312183426231666,1.8232895026847108e-08,1.00-1.50,1.00-1.50,1.6666666666666667e-05,pneumatic_feed,-0.0013023455516097515,2.25,0.0,0.0,light,4.409999999999736
copper,partial,0.2851003702970748,1.0632937974511307,1.0632937974511307,0.012,0.041624654063372915,0.05362465406337291,8900.0,,2767.843572248813,0.1484246540633729,1.5767425942857052,1.5263267573421824,1.6780797876391145e-07,1.00-1.50,1.00-1.50,1.6666666666666667e-05,pneumatic_feed,-0.04066824270952482,0.0,0.0,0.0,heavy,0.6640000000000005
aluminum,partial,0.11336349151998532,1.4264744245087781,1.4264744245087781,0.0218,0.017820740866941694,0.039620740866941694,2700.0,,2408.0701474354605,0.09540952330095846,1.290972711440756,1.2237433872065844,1.9414209196405632e-07,1.00-1.50,1.00-1.50,1.6666666666666667e-05,pneumatic_feed,0.013700157608364927,0.0,0.0,0.0,heavy,1.1080000000000008
aluminum,bare_like,0.0339732765795177,1.0675575222030884,1.0675575222030884,0.0218,0.005340599078300184,0.027140599078300184,2700.0,,2572.283828392734,0.0698133241020023,1.1067951472653215,1.0467998543680774,7.95647838123135e-08,1.00-1.50,1.00-1.50,1.6666666666666667e-05,pneumatic_feed,0.004537948118359847,0.0,0.0,0.0,heavy,2.2339999999999756
copper,partial,0.1733891386765828,1.4372266954935524,1.4372266954935524,0.012,0.025314814246781083,0.03731481424678108,8900.0,,3540.545944381267,0.1321148142467811,1.5218736650636993,1.440025737414952,2.728990784699566e-07,1.00-1.50,1.00-1.50,1.6666666666666667e-05,pneumatic_feed,0.013003855417736262,0.0,0.0,0.0,heavy,0.7240000000000005
aluminum,partial,0.2695922438660616,1.0240817773777833,1.0240817773777833,0.0218,0.042379900735744894,0.0641799007357449,2700.0,,2271.4157185298573,0.14577923534485693,1.5454675195745753,1.5126635045418644,1.5288502357236948e-07,1.00-1.50,1.00-1.50,1.6666666666666667e-05,pneumatic_feed,-0.003328096992616522,0.0,0.0,0.0,heavy,0.6880000000000005
aluminum,partial,0.23979721137877472,1.476471752391854,1.476471752391854,0.0218,0.03769612162874339,0.05949612162874339,2700.0,,2288.7713550532294,0.13617301892063075,1.5242972348151624,1.461975275091279,2.968529374980519e-07,1.00-1.50,1.00-1.50,1.6666666666666667e-05,pneumatic_feed,-0.012221031815740548,0.0,0.0,0.0,heavy,0.7020000000000005
aluminum,heavily_coated,0.43591000299527904,1.4701556222863819,1.4701556222863819,0.0218,0.06852505247085787,0.09032505247085787,2700.0,,2207.6017517957393,0.1994017440657079,1.8094600822670859,1.7691268396741235,4.309784657653996e-07,1.00-1.50,1.00-1.50,1.6666666666666667e-05,pneumatic_feed,0.03746304027825121,0.0,0.0,0.0,heavy,0.5120000000000003
copper,partial,0.14876871820182747,1.3106641921337525,1.3106641921337525,0.012,0.02172023285746681,0.03372023285746681,8900.0,,3811.368486116727,0.1285202328574668,1.5013815790910134,1.4203005227524206,2.2077727707810548e-07,1.00-1.50,1.00-1.50,1.6666666666666667e-05,pneumatic_feed,-0.019707309455331813,0.0,0.0,0.0,heavy,0.7560000000000006
aluminum,partial,0.17389090709942323,1.0047732362530617,1.0047732362530617,0.0218,0.027335650596029333,0.04913565059602933,2700.0,,2338.916162986801,0.11492416735792504,1.3893149210223947,1.3430747301807118,1.160239061693397e-07,1.00-1.50,1.00-1.50,1.6666666666666667e-05,pneumatic_feed,-0.0023942310391231706,0.0,0.0,0.0,heavy,0.8840000000000007
copper,partial,0.26886321162604676,1.3666999961721182,1.3666999961721182,0.012,0.03925402889740283,0.051254028897402826,8900.0,,2849.6106947956196,0.14605402889740282,1.582811770735702,1.5140885170866447,2.7280977530843714e-07,1.00-1.50,1.00-1.50,1.6666666666666667e-05,pneumatic_feed,0.01522548292570172,0.0,0.0,0.0,heavy,0.6580000000000005
aluminum,partial,0.1160003544206768,1.0354011448430593,1.0354011448430593,0.0218,0.0182352557149304,0.0400352557149304,2700.0,,2404.372659792258,0.09625967426877041,1.2835352525160915,1.2291834067065095,1.0319571618728929e-07,1.00-1.50,1.00-1.50,1.6666666666666667e-05,pneumatic_feed,-0.008755474194965005,0.0,0.0,0.0,heavy,1.1340000000000008
aluminum,partial,0.26948193599463716,1.3585346269533611,1.3585346269533611,0.0218,0.04236256033835696,0.06416256033835696,2700.0,,2271.4752998549543,0.14574367098403096,1.5669292858488146,1.5124789782887398,2.6898689954577123e-07,1.00-1.50,1.00-1.50,1.6666666666666667e-05,pneumatic_feed,-0.005464954757856252,0.0,0.0,0.0,heavy,0.6640000000000005
aluminum,heavily_coated,0.29298471414318705,1.282511500851648,1.282511500851648,0.0218,0.046057197063309005,0.067857197063309,2700.0,,2259.4685357230455,0.15332120168690494,1.5988680180076855,1.5512993204658023,2.5218819373948496e-07,1.00-1.50,1.00-1.50,1.6666666666666667e-05,pneumatic_feed,-0.003932633671683388,0.0,0.0,0.0,heavy,0.6320000000000005
copper,partial,0.46814767078897607,1.0769139383208146,1.0769139383208146,0.012,0.0683495599351905,0.0803495599351905,8900.0,,2179.8446696716837,0.1751495599351905,1.6763007266948065,1.6580553346443991,2.0312858652841086e-07,1.00-1.50,1.00-1.50,1.6666666666666667e-05,pneumatic_feed,0.035453972118250736,0.0,0.0,0.0,heavy,0.5820000000000004
aluminum,partial,0.06386271188106762,1.2819673316839733,1.2819673316839733,0.0218,0.01003921830770383,0.03183921830770383,2700.0,,2495.3494828216703,0.07944997693757501,1.1813661284106929,1.1167125135916485,1.3057128912694914e-07,1.00-1.50,1.00-1.50,1.6666666666666667e-05,pneumatic_feed,0.004523658050580871,0.0,0.0,0.0,heavy,1.5400000000000011
copper,bare_like,0.03350769861667414,1.0702243337771669,1.0702243337771669,0.012,0.004892123998034424,0.016892123998034424,8900.0,,6612.082886144512,0.11169212399803442,1.413162934908243,1.324054220292035,1.27929938902688e-07,1.00-1.50,1.00-1.50,1.6666666666666667e-05,pneumatic_feed,0.002979689689346077,0.0,0.0,0.0,heavy,0.8260000000000006
aluminum,partial,0.16503041016581937,1.2386657887915553,1.2386657887915553,0.0218,0.025942780478066807,0.04774278047806681,2700.0,,2347.3172994825045,0.11206745454156182,1.3850714821521664,1.3262770323293525,1.7194430389477306e-07,1.00-1.50,1.00-1.50,1.6666666666666667e-05,pneumatic_feed,-0.02425681135258702,0.0,0.0,0.0,heavy,0.8480000000000006
aluminum,heavily_coated,0.30933541367935624,1.4032917648895213,1.4032917648895213,0.0218,0.0486275270303948,0.0704275270303948,2700.0,,2251.858575921833,0.15859283072436123,1.6301390700160145,1.5777430307402958,3.1230540755997844e-07,1.00-1.50,1.00-1.50,1.6666666666666667e-05,pneumatic_feed,0.027360700432949112,0.0,0.0,0.0,heavy,0.6200000000000004
copper,partial,0.38219377473576843,1.1364032985336268,1.1364032985336268,0.012,0.05580029111142219,0.06780029111142219,8900.0,,2398.224084970473,0.16260029111142218,1.636601563526063,1.5975525560321584,2.0998404143980116e-07,1.00-1.50,1.00-1.50,1.6666666666666667e-05,pneumatic_feed,0.01912301520814543,0.0,0.0,0.0,heavy,0.6060000000000004
aluminum,bare_like,0.044081055911445635,1.329158032204929,1.329158032204929,0.0218,0.006929541989279253,0.028729541989279253,2700.0,,2543.4506844444954,0.07307217323640919,1.1364557987213542,1.0709532347953754,1.290937640913564e-07,1.00-1.50,1.00-1.50,1.6666666666666667e-05,pneumatic_feed,0.037753411415893175,0.0,0.0,0.0,heavy,1.9380000000000015
copper,partial,0.31962896036395183,1.1480534137970757,1.1480534137970757,0.012,0.04666582821313697,0.05866582821313697,8900.0,,2615.9321855234894,0.15346582821313698,1.602303910699738,1.5520308114317185,2.0227205005747314e-07,1.00-1.50,1.00-1.50,1.6666666666666667e-05,pneumatic_feed,-0.03748991851124874,0.0,0.0,0.0,heavy,0.6200000000000004
aluminum,bare_like,0.034445279687931304,1.079049601902344,1.079049601902344,0.0218,0.005414797966942803,0.027214797966942803,2700.0,,2570.8624664115255,0.06996550262418594,1.108213683976775,1.0479401362621925,8.146419608356212e-08,1.00-1.50,1.00-1.50,1.6666666666666667e-05,pneumatic_feed,0.005603012464538216,0.0,0.0,0.0,heavy,2.239999999999975
aluminum,partial,0.06466255072368254,1.0641379096879058,1.0641379096879058,0.0218,0.010164952973762895,0.031964952973762895,2700.0,,2493.601446692175,0.07970785297882249,1.1774605307062882,1.118523339209155,9.026033505023551e-08,1.00-1.50,1.00-1.50,1.6666666666666667e-05,pneumatic_feed,0.03395769461373242,0.0,0.0,0.0,heavy,1.5360000000000011
aluminum,partial,0.1595946117621011,1.4887545367050041,1.4887545367050041,0.0218,0.02508827296900229,0.04688827296900229,2700.0,,2352.7183193790884,0.11031489877821901,1.3832818481156302,1.3158657420964062,2.445008462868465e-07,1.00-1.50,1.00-1.50,1.6666666666666667e-05,pneumatic_feed,0.024682926903715263,0.0,0.0,0.0,heavy,0.8620000000000007
separator,film,,1.0960796102927512,1.0960796102927512,,,0.0139,,,900.0,0.01251,0.4740983460283171,0.44312183426231666,1.5029395306364864e-08,1.00-1.50,1.00-1.50,1.6666666666666667e-05,pneumatic_feed,-0.01739289784431433,2.25,0.0,0.0,light,4.411999999999736
separator,film,,1.4118734377375988,1.4118734377375988,,,0.0139,,,900.0,0.01251,0.47541532245578316,0.44312183426231666,2.4937266418404202e-08,1.00-1.50,1.00-1.50,1.6666666666666667e-05,pneumatic_feed,-0.018951238751849217,2.25,0.0,0.0,light,4.419999999999735
aluminum,partial,0.16283012939508812,1.1239558845323123,1.1239558845323123,0.0218,0.02559689634090785,0.04739689634090785,2700.0,,2349.480042265092,0.11135806201827037,1.376056362714982,1.32207266874358,1.4067605962312237e-07,1.00-1.50,1.00-1.50,1.6666666666666667e-05,pneumatic_feed,0.0008836625283630942,0.0,0.0,0.0,heavy,0.9280000000000007
separator,film,,1.1362981944724797,1.1362981944724797,,,0.0139,,,900.0,0.01251,0.47430602053855975,0.44312183426231666,1.6152581570385334e-08,1.00-1.50,1.00-1.50,1.6666666666666667e-05,pneumatic_feed,0.010759348054555121,2.25,0.0,0.0,light,4.405999999999737
aluminum,partial,0.13451373858989552,1.1290459570545355,1.1290459570545355,0.0218,0.02114555970633157,0.04294555970633157,2700.0,,2380.422450139738,0.1022285744587682,1.323501785399336,1.2667200577494722,1.3031534095698992e-07,1.00-1.50,1.00-1.50,1.6666666666666667e-05,pneumatic_feed,0.016218806575671898,0.0,0.0,0.0,heavy,1.0240000000000007
copper,partial,0.1713147871381846,1.3145665142073413,1.3145665142073413,0.012,0.025011958922174945,0.037011958922174945,8900.0,,3561.334302767816,0.13181195892217495,1.5169717818796873,1.4383742584051127,2.2778228488774171e-07,1.00-1.50,1.00-1.50,1.6666666666666667e-05,pneumatic_feed,0.019006622733586966,0.0,0.0,0.0,heavy,0.7120000000000005
copper,heavily_coated,0.5777429569924529,1.1211975698693248,1.1211975698693248,0.012,0.08435047172089812,0.09635047172089811,8900.0,,1983.9080007268735,0.19115047172089814,1.7341447626343844,1.7321367740831604,2.4029219781143926e-07,1.00-1.50,1.00-1.50,1.6666666666666667e-05,pneumatic_feed,0.034440194931693716,0.0,0.0,0.0,heavy,0.5320000000000004
aluminum,heavily_coated,0.35399345124384546,1.2441000638398445,1.2441000638398445,0.0218,0.055647770535532506,0.0774477705355325,2700.0,,2233.6476236738295,0.1729910286155282,1.68416063760564,1.6478067802838203,2.6775291383637566e-07,1.00-1.50,1.00-1.50,1.6666666666666667e-05,pneumatic_feed,-0.021023584952789456,0.0,0.0,0.0,heavy,0.5740000000000004
copper,partial,0.46674985530566665,1.4651487931941116,1.4651487931941116,0.012,0.06814547887462732,0.08014547887462732,8900.0,,2182.8490057224185,0.17494547887462733,1.705125326451934,1.657089085238374,3.7554863421191713e-07,1.00-1.50,1.00-1.50,1.6666666666666667e-05,pneumatic_feed,0.03765271626603683,0.0,0.0,0.0,heavy,0.5460000000000004
separator,film,,1.3526049248987924,1.3526049248987924,,,0.0139,,,900.0,0.01251,0.47521431991114854,0.44312183426231666,2.2887546436584455e-08,1.00-1.50,1.00-1.50,1.6666666666666667e-05,pneumatic_feed,-0.01563016824597244,2.25,0.0,0.0,light,4.4179999999997355
aluminum,heavily_coated,0.2898420447701772,1.3456932629105711,1.3456932629105711,0.0218,0.045563169437871864,0.06736316943787186,2700.0,,2260.9977369729377,0.15230797365435284,1.5977013549998957,1.5461649182667165,2.7581304091325795e-07,1.00-1.50,1.00-1.50,1.6666666666666667e-05,pneumatic_feed,0.0161195317228264,0.0,0.0,0.0,heavy,0.6200000000000004
aluminum,partial,0.08243234354228446,1.141089241961733,1.141089241961733,0.0218,0.012958364404847114,0.034758364404847114,2700.0,,2458.0273941070022,0.08543701188146793,1.2185528124261191,1.1580238937481042,1.1124622240654409e-07,1.00-1.50,1.00-1.50,1.6666666666666667e-05,pneumatic_feed,-0.017737485003093925,0.0,0.0,0.0,heavy,1.364000000000001
other_light,unresolved_nonmetal,,1.0496625187234918,0.11857924453847533,,,,,,1100.0,,0.3180566271433825,,6.661014462964189e-07,1.00-1.50,1.00-1.50,1.6666666666666667e-05,pneumatic_feed,-0.003481065300542355,2.25,0.0,0.0,light,3.2039999999998687
aluminum,heavily_coated,0.27867749289323684,1.0100373288372408,1.0100373288372408,0.0218,0.043808101882816836,0.06560810188281684,2700.0,,2266.616564358435,0.14870841048370848,1.5577557221869844,1.52778506700134,1.517086629879912e-07,1.00-1.50,1.00-1.50,1.6666666666666667e-05,pneumatic_feed,-0.0031170206713210997,0.0,0.0,0.0,heavy,0.6700000000000005
copper,heavily_coated,0.5564950535482568,1.187569001188298,1.187569001188298,0.012,0.08124827781804549,0.09324827781804548,8900.0,,2016.6407596822582,0.1880482778180455,1.7310117604198931,1.7180237974580104,2.6520827210442064e-07,1.00-1.50,1.00-1.50,1.6666666666666667e-05,pneumatic_feed,-0.01970225081475977,0.0,0.0,0.0,heavy,0.5440000000000004
aluminum,partial,0.18879776245105445,1.2893714068607356,1.2893714068607356,0.0218,0.02967900825730576,0.05147900825730576,2700.0,,2325.8079486186034,0.11973028659184445,1.4298053234629469,1.3708707372854636,1.9904904220371523e-07,1.00-1.50,1.00-1.50,1.6666666666666667e-05,pneumatic_feed,0.02410137920155419,0.0,0.0,0.0,heavy,0.8060000000000006
copper,partial,0.08485017042431386,1.1514723113335634,1.1514723113335634,0.012,0.012388124881949823,0.024388124881949823,8900.0,,4887.137713902865,0.11918812488194983,1.4521900753297203,1.3677634328154429,1.5803016218286269e-07,1.00-1.50,1.00-1.50,1.6666666666666667e-05,pneumatic_feed,-0.021651250333571133,0.0,0.0,0.0,heavy,0.7700000000000006
copper,partial,0.1159005879950259,1.33848048358125,1.33848048358125,0.012,0.01692148584727378,0.02892148584727378,8900.0,,4277.839890405773,0.12372148584727377,1.4789168765690164,1.3935323612528019,2.2165075414965313e-07,1.00-1.50,1.00-1.50,1.6666666666666667e-05,pneumatic_feed,-0.011859894904934245,0.0,0.0,0.0,heavy,0.7540000000000006
separator,film,,1.3028119968088108,1.3028119968088108,,,0.0139,,,900.0,0.01251,0.4750315380414416,0.44312183426231666,2.1233461928852297e-08,1.00-1.50,1.00-1.50,1.6666666666666667e-05,pneumatic_feed,0.02561969109142394,2.25,0.0,0.0,light,4.411999999999736
aluminum,partial,0.08728901165276026,1.4596116271366357,1.4596116271366357,0.0218,0.01372183263181391,0.03552183263181391,2700.0,,2449.278198812449,0.08700285024696644,1.2368278330327762,1.1685874967140395,1.8535662323484835e-07,1.00-1.50,1.00-1.50,1.6666666666666667e-05,pneumatic_feed,-0.026132355151958157,0.0,0.0,0.0,heavy,1.264000000000001
aluminum,partial,0.08557047903565113,1.3164616525470452,1.3164616525470452,0.0218,0.013451679304404357,0.03525167930440436,2700.0,,2452.330778326448,0.08644877814588428,1.2300236665917748,1.1648605160180336,1.4982189482281574e-07,1.00-1.50,1.00-1.50,1.6666666666666667e-05,pneumatic_feed,-0.010013978951837733,0.0,0.0,0.0,heavy,1.296000000000001
aluminum,heavily_coated,0.27947422046704934,1.429857533546039,1.429857533546039,0.0218,0.043933347457420155,0.06573334745742015,2700.0,,2266.2056502945643,0.14896528342078139,1.5859748337222894,1.5291040149618942,3.045584145813783e-07,1.00-1.50,1.00-1.50,1.6666666666666667e-05,pneumatic_feed,0.01550667298157033,0.0,0.0,0.0,heavy,0.6160000000000004
separator,film,,1.079946154753848,1.079946154753848,,,0.0139,,,900.0,0.01251,0.47401077339705927,0.44312183426231666,1.4590209051566956e-08,1.00-1.50,1.00-1.50,1.6666666666666667e-05,pneumatic_feed,-0.034707495850397105,2.25,0.0,0.0,light,4.405999999999737
copper,partial,0.13973811216391607,1.4719555691085664,1.4719555691085664,0.012,0.020401764375931743,0.032401764375931744,8900.0,,3925.766600241625,0.12720176437593175,1.4989727420160537,1.4129964237904584,2.756021095038148e-07,1.00-1.50,1.00-1.50,1.6666666666666667e-05,pneumatic_feed,0.04896910754608804,0.0,0.0,0.0,heavy,0.7200000000000005
separator,film,,1.036030561095401,1.036030561095401,,,0.0139,,,900.0,0.01251,0.4737588534087886,0.44312183426231666,1.3427725137280884e-08,1.00-1.50,1.00-1.50,1.6666666666666667e-05,pneumatic_feed,0.033260755997701355,2.25,0.0,0.0,light,4.405999999999737
copper,heavily_coated,0.5014926285820982,1.3364980415548016,1.3364980415548016,0.012,0.07321792377298633,0.08521792377298633,8900.0,,2112.4420286574873,0.18001792377298634,1.7156964759022881,1.6809406091652357,3.215528786418879e-07,1.00-1.50,1.00-1.50,1.6666666666666667e-05,pneumatic_feed,0.029015851178165398,0.0,0.0,0.0,heavy,0.5320000000000004
aluminum,bare_like,0.04353552633745264,1.098671860669548,1.098671860669548,0.0218,0.006843784740247556,0.028643784740247556,2700.0,,2544.9251803666534,0.0728962890464581,1.130269424918476,1.069663569947676,8.799164218916236e-08,1.00-1.50,1.00-1.50,1.6666666666666667e-05,pneumatic_feed,-0.009449176274426766,0.0,0.0,0.0,heavy,1.9720000000000015
aluminum,partial,0.2312888916840665,1.2171741135006222,1.2171741135006222,0.0218,0.036358613772735256,0.058158613772735256,2700.0,,2294.2405761124205,0.1334298515678599,1.4985218826521671,1.4471748167409246,1.9767803601220024e-07,1.00-1.50,1.00-1.50,1.6666666666666667e-05,pneumatic_feed,0.02344825772461007,0.0,0.0,0.0,heavy,0.7360000000000005
aluminum,partial,0.08710041456097167,1.4392715584227225,1.4392715584227225,0.0218,0.013692185168984745,0.035492185168984745,2700.0,,2449.6109282833954,0.08694204465860288,1.236014562248317,1.168179067164547,1.8010067320147532e-07,1.00-1.50,1.00-1.50,1.6666666666666667e-05,pneumatic_feed,0.016063444396556232,0.0,0.0,0.0,heavy,1.2420000000000009
aluminum,partial,0.1761331817202489,1.3269419132875522,1.3269419132875522,0.0218,0.027688136166423127,0.04948813616642313,2700.0,,2336.865117116495,0.11564709911842544,1.4086510963534655,1.3472924210292307,2.0362850259002303e-07,1.00-1.50,1.00-1.50,1.6666666666666667e-05,pneumatic_feed,0.014308238915988864,0.0,0.0,0.0,heavy,0.8360000000000006
copper,partial,0.21971861369559942,1.3256128088233896,1.3256128088233896,0.012,0.03207891759955751,0.04407891759955751,8900.0,,3150.688019638478,0.1388789175995575,1.5496133623095518,1.4764293043158738,2.440448833637021e-07,1.00-1.50,1.00-1.50,1.6666666666666667e-05,pneumatic_feed,-0.009315879478928332,0.0,0.0,0.0,heavy,0.6660000000000005
aluminum,heavily_coated,0.3563888162072179,1.4193672867390044,1.4193672867390044,0.0218,0.05602432190777466,0.07782432190777466,2700.0,,2232.7636653138657,0.17376331823336913,1.6991673945618786,1.6514808636466127,3.500641881575047e-07,1.00-1.50,1.00-1.50,1.6666666666666667e-05,pneumatic_feed,0.020580656737271948,0.0,0.0,0.0,heavy,0.5460000000000004
copper,partial,0.42827351137687497,1.3498262607970444,1.3498262607970444,0.012,0.06252793266102374,0.07452793266102374,8900.0,,2272.0063017336056,0.16932793266102375,1.6767708584273333,1.6302672268825835,3.085207313557736e-07,1.00-1.50,1.00-1.50,1.6666666666666667e-05,pneumatic_feed,-0.01785265337935767,0.0,0.0,0.0,heavy,0.5920000000000004
copper,partial,0.33510269317028296,1.4838697505324165,1.4838697505324165,0.012,0.04892499320286131,0.06092499320286131,8900.0,,2556.0116631338055,0.15572499320286132,1.6289553824764769,1.5634127712514412,3.4288610303957933e-07,1.00-1.50,1.00-1.50,1.6666666666666667e-05,pneumatic_feed,-0.01623996218647598,0.0,0.0,0.0,heavy,0.6040000000000004
aluminum,partial,0.20260225043024477,1.4810500775533524,1.4810500775533524,0.0218,0.031849073767634475,0.053649073767634475,2700.0,,2314.690316911517,0.1241809915612152,1.4611537387230127,1.396117775671105,2.7239216387395687e-07,1.00-1.50,1.00-1.50,1.6666666666666667e-05,pneumatic_feed,0.011296579429355122,0.0,0.0,0.0,heavy,0.7660000000000006
aluminum,partial,0.10362277611856469,1.253962747657379,1.253962747657379,0.0218,0.01628950040583837,0.03808950040583837,2700.0,,2422.4266074711604,0.09226901924838643,1.266434329955535,1.2034344710546867,1.4508588860974794e-07,1.00-1.50,1.00-1.50,1.6666666666666667e-05,pneumatic_feed,0.04382128649186223,0.0,0.0,0.0,heavy,1.2000000000000008
aluminum,partial,0.13970863048689713,1.2013293891502888,1.2013293891502888,0.0218,0.02196219671254023,0.04376219671254023,2700.0,,2374.2743134625725,0.1039034595552805,1.336298272846544,1.2770546978025972,1.499526729019883e-07,1.00-1.50,1.00-1.50,1.6666666666666667e-05,pneumatic_feed,-0.020800955136638072,0.0,0.0,0.0,heavy,0.9920000000000008
copper,partial,0.27022411864691753,1.0826780979461856,1.0826780979461856,0.012,0.039452721322449966,0.05145272132244996,8900.0,,2842.4681448022197,0.14625272132244996,1.5693250109827188,1.5151180527857144,1.7143624998874368e-07,1.00-1.50,1.00-1.50,1.6666666666666667e-05,pneumatic_feed,0.03717817840579809,0.0,0.0,0.0,heavy,0.6620000000000005
aluminum,partial,0.17657554463572162,1.3907451183366397,1.3907451183366397,0.0218,0.027757675616735436,0.049557675616735436,2700.0,,2336.463926223797,0.115789721346003,1.4117031132224973,1.3481229418146043,2.23957235083123e-07,1.00-1.50,1.00-1.50,1.6666666666666667e-05,pneumatic_feed,-0.03196292883083955,0.0,0.0,0.0,heavy,0.8160000000000006
separator,film,,1.1166689451246903,1.1166689451246903,,,0.0139,,,900.0,0.01251,0.4742064968722234,0.44312183426231666,1.5599338657903664e-08,1.00-1.50,1.00-1.50,1.6666666666666667e-05,pneumatic_feed,0.015660699443615027,2.25,0.0,0.0,light,4.411999999999736
aluminum,partial,0.11860910756223075,1.3875542893945267,1.3875542893945267,0.0218,0.018645351708782676,0.040445351708782676,2700.0,,2400.7891702435973,0.09710076236913881,1.3006722207870312,1.2345418446314418,1.8694876836883316e-07,1.00-1.50,1.00-1.50,1.6666666666666667e-05,pneumatic_feed,-0.01284972082855815,0.0,0.0,0.0,heavy,1.0500000000000007
copper,partial,0.4374221424070806,1.3146323364582861,1.3146323364582861,0.012,0.06386363279143377,0.07586363279143377,8900.0,,2249.6106040772734,0.17066363279143376,1.6795984944263016,1.6366845695778844,2.9495081941085395e-07,1.00-1.50,1.00-1.50,1.6666666666666667e-05,pneumatic_feed,-0.022908717980442188,0.0,0.0,0.0,heavy,0.5840000000000004
copper,partial,0.17895646531533793,1.1800226908737907,1.1800226908737907,0.012,0.026127643936039332,0.03812764393603933,8900.0,,3486.38494838629,0.13292764393603934,1.5174146659452008,1.4444487873303344,1.8509556982174714e-07,1.00-1.50,1.00-1.50,1.6666666666666667e-05,pneumatic_feed,0.00922526198167665,0.0,0.0,0.0,heavy,0.7200000000000005
aluminum,partial,0.1351130979029479,1.3908819607760519,1.3908819607760519,0.0218,0.021239778990343405,0.043039778990343405,2700.0,,2379.701204271268,0.10242181389488944,1.3335711984434537,1.2679167129169742,1.9814038931807586e-07,1.00-1.50,1.00-1.50,1.6666666666666667e-05,pneumatic_feed,-0.02590761005589498,0.0,0.0,0.0,heavy,1.0100000000000007
aluminum,partial,0.07504088222336036,1.3070934554397908,1.3070934554397908,0.0218,0.01179642668551225,0.03359642668551225,2700.0,,2472.106084825053,0.08305393083763361,1.2068640297282986,1.1417593872736485,1.418970844788712e-07,1.00-1.50,1.00-1.50,1.6666666666666667e-05,pneumatic_feed,0.028982804211149012,0.0,0.0,0.0,heavy,1.426000000000001
separator,film,,1.4560945101550409,1.4560945101550409,,,0.0139,,,900.0,0.01251,0.4755547840915982,0.44312183426231666,2.652384239352064e-08,1.00-1.50,1.00-1.50,1.6666666666666667e-05,pneumatic_feed,-0.019530939909129783,2.25,0.0,0.0,light,4.423999999999735
other_light,unresolved_nonmetal,,1.2829392205320838,0.1383577107806048,,,,,,1100.0,,0.40279765003861,,1.2162127549265308e-06,1.00-1.50,1.00-1.50,1.6666666666666667e-05,pneumatic_feed,-0.01909681279927678,2.25,0.0,0.0,light,3.799999999999803
copper,heavily_coated,0.5798446180037363,1.4916143771156312,1.4916143771156312,0.012,0.0846573142285455,0.0966573142285455,8900.0,,1980.7845454493606,0.1914573142285455,1.7677089002541426,1.7335264647911353,4.2597595353142343e-07,1.00-1.50,1.00-1.50,1.6666666666666667e-05,pneumatic_feed,-0.008558385932781944,0.0,0.0,0.0,heavy,0.5320000000000004
aluminum,bare_like,0.04927115677210758,1.075499920878735,1.075499920878735,0.0218,0.007745425844575313,0.029545425844575313,2700.0,,2529.850612006625,0.07474551365489521,1.1429943553474446,1.083146150031119,8.645814161006909e-08,1.00-1.50,1.00-1.50,1.6666666666666667e-05,pneumatic_feed,0.0314781205803795,0.0,0.0,0.0,heavy,1.8240000000000014
copper,heavily_coated,0.5361962378342273,1.302666872152002,1.302666872152002,0.012,0.07828465072379719,0.09028465072379718,8900.0,,2050.0123691015474,0.1850846507237972,1.7311650761807922,1.7044320689780281,3.1407772854560334e-07,1.00-1.50,1.00-1.50,1.6666666666666667e-05,pneumatic_feed,-0.03847824159879999,0.0,0.0,0.0,heavy,0.5460000000000004
copper,partial,0.2932220545606943,1.2182564318470306,1.2182564318470306,0.012,0.042810419965861365,0.05481041996586136,8900.0,,2729.5981322355515,0.14961041996586136,1.5909071264488626,1.5324115477847848,2.2204411534614287e-07,1.00-1.50,1.00-1.50,1.6666666666666667e-05,pneumatic_feed,-0.027172058481356943,0.0,0.0,0.0,heavy,0.6320000000000005
aluminum,bare_like,0.044159632800048934,1.370301579144434,1.370301579144434,0.0218,0.006941894276167693,0.028741894276167693,2700.0,,2543.239026234782,0.07309750721106378,1.1373506911093505,1.071138867367279,1.372571203659593e-07,1.00-1.50,1.00-1.50,1.6666666666666667e-05,pneumatic_feed,0.036018623992292796,0.0,0.0,0.0,heavy,1.9520000000000015
copper,partial,0.1333744826934885,1.398074464350615,1.398074464350615,0.012,0.01947267447324932,0.03147267447324932,8900.0,,4012.1367690113752,0.1262726744732493,1.4927804415716208,1.407826657842549,2.4681411104571406e-07,1.00-1.50,1.00-1.50,1.6666666666666667e-05,pneumatic_feed,0.025541425299896614,0.0,0.0,0.0,heavy,0.7380000000000005
separator,film,,1.255976847051867,1.255976847051867,,,0.0139,,,900.0,0.01251,0.474846601634246,0.44312183426231666,1.9734247782532668e-08,1.00-1.50,1.00-1.50,1.6666666666666667e-05,pneumatic_feed,0.01715043820267974,2.25,0.0,0.0,light,4.415999999999736
other_light,unresolved_nonmetal,,1.104873304614412,0.19999755322694066,,,,,,1100.0,,0.6830350006554052,,7.768349367803346e-07,1.00-1.50,1.00-1.50,1.6666666666666667e-05,pneumatic_feed,0.03473722094436359,0.6045640766221123,1.498749937387465e-63,-0.23919455428818895,active,
copper,partial,0.3375813511228369,1.275395877484768,1.275395877484768,0.012,0.04928687726393419,0.061286877263934184,8900.0,,2546.8237938072834,0.1560868772639342,1.6204046221387325,1.5652282982155388,2.538963220789198e-07,1.00-1.50,1.00-1.50,1.6666666666666667e-05,pneumatic_feed,-0.03167653809505009,0.0,0.0,0.0,heavy,0.6080000000000004
aluminum,partial,0.0903997496746966,1.0706936879459241,1.0706936879459241,0.0218,0.014210840648862307,0.036010840648862306,2700.0,,2443.8691712518885,0.08800578329261893,1.233052329735835,1.1753036946087367,1.0088850753959262e-07,1.00-1.50,1.00-1.50,1.6666666666666667e-05,pneumatic_feed,-0.01844359662181402,0.0,0.0,0.0,heavy,1.276000000000001
aluminum,heavily_coated,0.3049682263804552,1.0186119237530562,1.0186119237530562,0.0218,0.04794100518700756,0.06974100518700756,2700.0,,2253.8362538056076,0.15718480586732256,1.596581365341873,1.5707236271519873,1.6309027851045193e-07,1.00-1.50,1.00-1.50,1.6666666666666667e-05,pneumatic_feed,-0.013480778534427985,0.0,0.0,0.0,heavy,0.6580000000000005
aluminum,partial,0.10579236677440274,1.3108944362792614,1.3108944362792614,0.0218,0.01663056005693611,0.03843056005693611,2700.0,,2419.1299016719854,0.0929685169717352,1.272496347742729,1.207987517480357,1.5976121091727045e-07,1.00-1.50,1.00-1.50,1.6666666666666667e-05,pneumatic_feed,0.000809176743721332,0.0,0.0,0.0,heavy,1.1660000000000008
aluminum,bare_like,0.02962244879240816,1.1830444079442524,1.1830444079442524,0.0218,0.004656648950166563,0.026456648950166563,2700.0,,2585.7611008868766,0.06841057371516032,1.0988249782236064,1.0362298803996903,9.574703337695123e-08,1.00-1.50,1.00-1.50,1.6666666666666667e-05,pneumatic_feed,-0.00358134863799234,0.0,0.0,0.0,heavy,2.293999999999969
copper,heavily_coated,0.6532558760956615,1.3249239109523625,1.3249239109523625,0.012,0.09537535790996657,0.10737535790996657,8900.0,,1882.8841351056462,0.2021753579099666,1.7909172767259232,1.781388339962636,3.549033480755244e-07,1.00-1.50,1.00-1.50,1.6666666666666667e-05,pneumatic_feed,0.030323878824893524,0.0,0.0,0.0,heavy,0.5160000000000003
aluminum,partial,0.2544160152117424,1.148400640261003,1.148400640261003,0.0218,0.039994197591285904,0.061794197591285904,2700.0,,2279.927128373059,0.14088626746441787,1.5314188171621899,1.487061146732542,1.8580419510683402e-07,1.00-1.50,1.00-1.50,1.6666666666666667e-05,pneumatic_feed,0.03402044793764642,0.0,0.0,0.0,heavy,0.6980000000000005
aluminum,partial,0.25942108296250577,1.4863168125689332,1.4863168125689332,0.0218,0.040780994241705906,0.0625809942417059,2700.0,,2277.0483768213307,0.14249995135794147,1.5567010850289118,1.4955531540250415,3.1480201013681925e-07,1.00-1.50,1.00-1.50,1.6666666666666667e-05,pneumatic_feed,0.0020852513417684527,0.0,0.0,0.0,heavy,0.6680000000000005
separator,film,,1.0316469508545363,1.0316469508545363,,,0.0139,,,900.0,0.01251,0.4737325528881865,0.44312183426231666,1.3314335844405354e-08,1.00-1.50,1.00-1.50,1.6666666666666667e-05,pneumatic_feed,0.03257301511911012,2.25,0.0,0.0,light,4.401999999999737
separator,film,,1.3707432742508863,1.3707432742508863,,,0.0139,,,900.0,0.01251,0.4752776523583406,0.44312183426231666,2.3505503420039548e-08,1.00-1.50,1.00-1.50,1.6666666666666667e-05,pneumatic_feed,-0.025595408053590903,2.25,0.0,0.0,light,4.419999999999735
aluminum,partial,0.21331655491258403,1.100410338118919,1.100410338118919,0.0218,0.03353336243225821,0.05533336243225821,2700.0,,2306.6624701440046,0.1276353904693662,1.462288098268675,1.4154028009041002,1.545540660241166e-07,1.00-1.50,1.00-1.50,1.6666666666666667e-05,pneumatic_feed,-0.034861227475549504,0.0,0.0,0.0,heavy,0.7700000000000006
aluminum,bare_like,0.026317882657940283,1.389355644812193,1.389355644812193,0.0218,0.004137171153828213,0.025937171153828213,2700.0,,2596.472381214429,0.06734514854774654,1.0941121304360333,1.0281291025962789,1.2999695360594006e-07,1.00-1.50,1.00-1.50,1.6666666666666667e-05,pneumatic_feed,-0.021635895693232893,0.0,0.0,0.0,heavy,2.4539999999999513
aluminum,partial,0.1054752635216496,1.0823274647851804,1.0823274647851804,0.0218,0.016580711425603314,0.038380711425603314,2700.0,,2419.6080860050206,0.09286627971201505,1.2644778726709434,1.2073231242545586,1.0878660059214805e-07,1.00-1.50,1.00-1.50,1.6666666666666667e-05,pneumatic_feed,-0.02214637400392623,0.0,0.0,0.0,heavy,1.2020000000000008
copper,partial,0.3862188918825015,1.3029089627493309,1.3029089627493309,0.012,0.05638795821484523,0.06838795821484522,8900.0,,2386.208953660813,0.16318795821484522,1.6501639567583468,1.60043687540003,2.7702327028820463e-07,1.00-1.50,1.00-1.50,1.6666666666666667e-05,pneumatic_feed,0.01383543492255849,0.0,0.0,0.0,heavy,0.5780000000000004
other_light,unresolved_nonmetal,,1.1818912868523905,0.1674858697435166,,,,,,1100.0,,0.533091655627352,,9.50876031374779e-07,1.00-1.50,1.00-1.50,1.6666666666666667e-05,pneumatic_feed,0.022281894321797023,2.25,0.0,0.0,light,5.175999999999652
aluminum,partial,0.17275571854866212,1.0824161606812122,1.0824161606812122,0.0218,0.027157198955849685,0.048957198955849685,2700.0,,2339.9657999344363,0.11455817121727416,1.3917649864098989,1.340934396391686,1.3421918812909106e-07,1.00-1.50,1.00-1.50,1.6666666666666667e-05,pneumatic_feed,-0.009001023862120873,0.0,0.0,0.0,heavy,0.8720000000000007
aluminum,partial,0.1633310828671274,1.4754720595280548,1.4754720595280548,0.0218,0.025675646226712423,0.04747564622671242,2700.0,,2348.9848646745427,0.11151957442719054,1.389922757238006,1.3230310805907708,2.4278009840333575e-07,1.00-1.50,1.00-1.50,1.6666666666666667e-05,pneumatic_feed,-0.006088349171783072,0.0,0.0,0.0,heavy,0.8180000000000006
copper,partial,0.30856003666135534,1.0427338194814124,1.0427338194814124,0.012,0.04504976535255788,0.057049765352557874,8900.0,,2661.7070975516212,0.15184976535255787,1.588654533749859,1.543837399784624,1.651053111766679e-07,1.00-1.50,1.00-1.50,1.6666666666666667e-05,pneumatic_feed,-0.0210437861151382,0.0,0.0,0.0,heavy,0.6340000000000005
aluminum,partial,0.15862715044174408,1.4077007474072047,1.4077007474072047,0.0218,0.02493618804944217,0.04673618804944217,2700.0,,2353.7002944602727,0.11000297957392272,1.3791141651705205,1.3140040971748495,2.1798425775501932e-07,1.00-1.50,1.00-1.50,1.6666666666666667e-05,pneumatic_feed,0.02528225436991671,0.0,0.0,0.0,heavy,0.8920000000000007
aluminum,heavily_coated,0.3292813384102888,1.2298970863973846,1.2298970863973846,0.0218,0.05176302639809739,0.07356302639809739,2700.0,,2243.2953672108483,0.1650235963168612,1.6485022177335893,1.609413050708069,2.4962242201045755e-07,1.00-1.50,1.00-1.50,1.6666666666666667e-05,pneumatic_feed,0.0070087911540552715,0.0,0.0,0.0,heavy,0.5880000000000004
aluminum,heavily_coated,0.3948015295761644,1.1153894099172803,1.1153894099172803,0.0218,0.06206280044937304,0.08386280044937304,2700.0,,2219.672609943743,0.18614796115065113,1.7272735045237075,1.709321034276657,2.3158547516161311e-07,1.00-1.50,1.00-1.50,1.6666666666666667e-05,pneumatic_feed,0.01707754037102267,0.0,0.0,0.0,heavy,0.5400000000000004
other_light,unresolved_nonmetal,,1.2132499487568091,0.14045709317093186,,,,,,1100.0,,0.4119993530578043,,1.0285896556971247e-06,1.00-1.50,1.00-1.50,1.6666666666666667e-05,pneumatic_feed,0.023738846697395698,2.25,0.0,0.0,light,3.8519999999997974
copper,bare_like,0.025218563096736795,1.0543054604690987,1.0543054604690987,0.012,0.0036819102121235722,0.015681910212123572,8900.0,,7045.181914554695,0.11048191021212357,1.4067348564245818,1.3168614439983775,1.2280727255454903e-07,1.00-1.50,1.00-1.50,1.6666666666666667e-05,pneumatic_feed,-0.03704985855861183,0.0,0.0,0.0,heavy,0.8100000000000006
separator,film,,1.3535066318162896,1.3535066318162896,,,0.0139,,,900.0,0.01251,0.4752175078295949,0.44312183426231666,2.2918072331657167e-08,1.00-1.50,1.00-1.50,1.6666666666666667e-05,pneumatic_feed,-0.014219320967651152,2.25,0.0,0.0,light,4.415999999999736
aluminum,bare_like,0.04827893291661162,1.2832069070487533,1.2832069070487533,0.0218,0.007589448254491347,0.029389448254491347,2700.0,,2532.3922421806915,0.07442561076164475,1.145517276202573,1.0808257891606659,1.2255069668401982e-07,1.00-1.50,1.00-1.50,1.6666666666666667e-05,pneumatic_feed,-0.012278648876176869,0.0,0.0,0.0,heavy,1.7680000000000013
aluminum,partial,0.24909900059890622,1.4638916059233822,1.4638916059233822,0.0218,0.039158362894148056,0.060958362894148056,2700.0,,2283.0667061180825,0.13917200878309335,1.5390751873037845,1.477986417346057,2.982426412581295e-07,1.00-1.50,1.00-1.50,1.6666666666666667e-05,pneumatic_feed,-0.01119630776609627,0.0,0.0,0.0,heavy,0.7060000000000005
other_light,unresolved_nonmetal,,1.0101903008365456,0.09796591343353747,,,,,,1100.0,,0.23459848231676833,,5.937462649581579e-07,1.00-1.50,1.00-1.50,1.6666666666666667e-05,pneumatic_feed,-0.024812635699095083,2.25,0.0,0.0,light,2.82799999999991
separator,film,,1.4493851518608245,1.4493851518608245,,,0.0139,,,900.0,0.01251,0.4755341644431114,0.44312183426231666,2.6279973653617162e-08,1.00-1.50,1.00-1.50,1.6666666666666667e-05,pneumatic_feed,-0.01188226887994279,2.25,0.0,0.0,light,4.4179999999997355
separator,film,,1.0474739061690241,1.0474739061690241,,,0.0139,,,900.0,0.01251,0.47382649323117604,0.44312183426231666,1.3725991817153468e-08,1.00-1.50,1.00-1.50,1.6666666666666667e-05,pneumatic_feed,0.003605576911603433,2.25,0.0,0.0,light,4.403999999999737
