material,liberation_state,residual_coating_fraction,size_mm,aerodynamic_size_mm,metal_thickness_mm,coating_thickness_mm,total_thickness_mm,metal_density_kg_m3,coating_density_kg_m3,effective_density_kg_m3,areal_density_kg_m2,suspension_velocity_m_s,eq9_velocity_m_s,physical_particle_mass_kg,source_subfraction,pneumatic_fraction,statistical_mass,mill_fraction,x_m,z_m,vx_m_s,vz_m_s,dynamic_stream,exit_time_s
copper,partial,0.28154057244433717,1.4253605885627552,1.4253605885627552,0.012,0.04110492357687323,0.05310492357687323,8900.0,,2785.145210928891,0.14790492357687324,1.5931645390742777,1.523652086423473,3.00491453217373e-07,1.00-1.50,1.00-1.50,1.6666666666666667e-05,pneumatic_feed,-0.004274502191330217,0.5115091390842197,-3.794712316120923e-33,-0.28975361360905993,active,
copper,heavily_coated,0.6532558760956615,1.3249239109523625,1.3249239109523625,0.012,0.09537535790996657,0.10737535790996657,8900.0,,1882.8841351056462,0.2021753579099666,1.7909172767259232,1.781388339962636,3.549033480755244e-07,1.00-1.50,1.00-1.50,1.6666666666666667e-05,pneumatic_feed,-0.010716487041044451,0.0,0.0,0.0,heavy,2.0959999999999908
copper,partial,0.35034454445335955,1.3546537716499019,1.3546537716499019,0.012,0.051150303490190493,0.06315030349019049,8900.0,,2501.180433989931,0.15795030349019049,1.6321809883137035,1.574543731873469,2.898525234739608e-07,1.00-1.50,1.00-1.50,1.6666666666666667e-05,pneumatic_feed,-0.02463107050777311,0.11965676198977193,-1.718699672940675e-32,-0.2847078203298724,active,
aluminum,partial,0.21644178748542645,1.217217163051957,1.217217163051957,0.0218,0.03402464899270904,0.05582464899270904,2700.0,,2304.412101542774,0.12864299670317633,1.473982322225593,1.4209787036592265,1.9059973086594867e-07,1.00-1.50,1.00-1.50,1.6666666666666667e-05,pneumatic_feed,0.025564729878863934,0.5366884011023509,-1.4667776466162498e-35,-0.29168602967193225,active,
aluminum,partial,0.25357109758636587,1.1363202752547399,1.1363202752547399,0.0218,0.03986137654057672,0.06166137654057672,2700.0,,2280.4203451456883,0.14061385757282022,1.5293093323446523,1.4856228015425,1.8156395500186577e-07,1.00-1.50,1.00-1.50,1.6666666666666667e-05,pneumatic_feed,0.009433959009075142,0.5251954981421172,1.2442768124637695e-34,-0.2918697145281256,active,
copper,partial,0.29021417030716556,1.253935540586062,1.253935540586062,0.012,0.04237126886484617,0.05437126886484617,8900.0,,2743.5679170123817,0.14917126886484616,1.5909538049456207,1.5301608530159911,2.345500919947223e-07,1.00-1.50,1.00-1.50,1.6666666666666667e-05,pneumatic_feed,-0.010550647412029433,0.5122244625323196,3.061642341973779e-33,-0.29028826896823917,active,
aluminum,heavily_coated,0.37183446611767623,1.1487036834569033,1.1487036834569033,0.0218,0.0584523780736987,0.0802523780736987,2700.0,,2227.262973526512,0.17874315022099999,1.7004592073531017,1.6749783538508238,2.358551888178281e-07,1.00-1.50,1.00-1.50,1.6666666666666667e-05,pneumatic_feed,-0.02837836223318237,0.0,0.0,0.0,heavy,4.267999999999752
copper,partial,0.1329622145645093,1.2287978549150824,1.2287978549150824,0.012,0.019412483326418355,0.031412483326418356,8900.0,,4017.9084860913185,0.12621248332641835,1.4880850883243335,1.407491079293742,1.905738031583069e-07,1.00-1.50,1.00-1.50,1.6666666666666667e-05,pneumatic_feed,-0.025972791161891974,0.5336980201605308,-5.8986723942071184e-36,-0.2918182740521235,active,
aluminum,partial,0.22391747500498108,1.175827584121586,1.175827584121586,0.0218,0.03519982707078303,0.05699982707078303,2700.0,,2299.1865037346965,0.13105323311635594,1.4841763238435604,1.4342285546572844,1.8119033502983824e-07,1.00-1.50,1.00-1.50,1.6666666666666667e-05,pneumatic_feed,-0.029049305485957046,0.53452349672141,2.3784206996035225e-35,-0.29173186686128,active,
copper,partial,0.22911358654932268,1.2862352032326005,1.2862352032326005,0.012,0.03345058363620111,0.04545058363620111,8900.0,,3085.7817967488627,0.1402505836362011,1.5542062076916925,1.4837025176071559,2.3203070554269563e-07,1.00-1.50,1.00-1.50,1.6666666666666667e-05,pneumatic_feed,-0.0141996757234811,0.5202209522978791,-1.7534552861848537e-34,-0.2919486654483491,active,
copper,partial,0.20113921250234057,1.1131256379978396,1.1131256379978396,0.012,0.029366325025341724,0.041366325025341724,8900.0,,3291.7191687181266,0.1361663250253417,1.5288221764564813,1.461939341285323,1.6871670609575451e-07,1.00-1.50,1.00-1.50,1.6666666666666667e-05,pneumatic_feed,-0.018691689560412582,0.5252932606664824,6.119657897875635e-34,-0.29192017687921323,active,
copper,partial,0.17605693923227128,1.4206214068761356,1.4206214068761356,0.012,0.0257043131279116,0.0377043131279116,8900.0,,3514.3012068245803,0.1325043131279116,1.5232772031853639,1.4421469061283947,2.674155911764772e-07,1.00-1.50,1.00-1.50,1.6666666666666667e-05,pneumatic_feed,0.02978321564764062,0.5264177201383485,-4.2606192454547095e-35,-0.2919156439398906,active,
aluminum,heavily_coated,0.30841779934964625,1.1201428691515023,1.1201428691515023,0.0218,0.048483278057764395,0.0702832780577644,2700.0,,2252.2709108448007,0.15829698268831943,1.6103442884939279,1.5762707382540164,1.986183976078703e-07,1.00-1.50,1.00-1.50,1.6666666666666667e-05,pneumatic_feed,-0.00317606762993272,0.3874371779423565,-3.707475223008233e-33,-0.2656802167321874,active,
aluminum,heavily_coated,0.34186495006321216,1.4382318341847853,1.4382318341847853,0.0218,0.053741170149936957,0.07554117014993696,2700.0,,2238.258663643713,0.16908067854988024,1.6796122896941088,1.629076526906861,3.497452111502385e-07,1.00-1.50,1.00-1.50,1.6666666666666667e-05,pneumatic_feed,-0.01649353052706533,0.0,0.0,0.0,heavy,5.3079999999996375
copper,partial,0.36041093654580375,1.4004510972293445,1.4004510972293445,0.012,0.05261999673568735,0.06461999673568734,8900.0,,2467.0381428175674,0.15941999673568735,1.6404644502153638,1.5818521640037506,3.1266458501483955e-07,1.00-1.50,1.00-1.50,1.6666666666666667e-05,pneumatic_feed,0.03593146001251925,0.0,0.0,0.0,heavy,11.554000000000528
copper,heavily_coated,0.7536016693050898,1.4810280495032726,1.4810280495032726,0.012,0.1100258437185431,0.1220258437185431,8900.0,,1776.8846099409857,0.21682584371854313,1.8524850505442163,1.8448030905780306,4.7559536403600543e-07,1.00-1.50,1.00-1.50,1.6666666666666667e-05,pneumatic_feed,0.010696823316417525,0.0,0.0,0.0,heavy,1.5440000000000011
aluminum,heavily_coated,0.328773218304867,1.4123695273727899,1.4123695273727899,0.0218,0.051683149917525095,0.0734831499175251,2700.0,,2243.5044428376436,0.16485977331367216,1.6592600071009953,1.6086140002907467,3.288602450389006e-07,1.00-1.50,1.00-1.50,1.6666666666666667e-05,pneumatic_feed,0.01960923169756774,0.0,0.0,0.0,heavy,7.28399999999942
copper,heavily_coated,0.6723777169731395,1.0347983970669297,1.0347983970669297,0.012,0.09816714667807837,0.11016714667807836,8900.0,,1860.5106227995263,0.20496714667807836,1.7650374850620751,1.7936455430934837,2.19480403536493e-07,1.00-1.50,1.00-1.50,1.6666666666666667e-05,pneumatic_feed,0.03382686641138596,0.0,0.0,0.0,heavy,2.493999999999947
aluminum,partial,0.2214134853994858,1.0833094529843597,1.0833094529843597,0.0218,0.03480619990479917,0.05660619990479917,2700.0,,2300.912657035749,0.13024592182764821,1.474530230114491,1.4298041785527018,1.5285132208563704e-07,1.00-1.50,1.00-1.50,1.6666666666666667e-05,pneumatic_feed,-0.010192696448463314,0.5365714851516864,-1.7920257257487806e-36,-0.2916884120833327,active,
copper,partial,0.16653622648121058,1.044353911230001,1.044353911230001,0.012,0.024314289066256742,0.03631428906625674,8900.0,,3610.5426386575805,0.13111428906625675,1.503566275698213,1.4345626097120914,1.430030892769264e-07,1.00-1.50,1.00-1.50,1.6666666666666667e-05,pneumatic_feed,0.011769722244404557,0.5304645408975918,9.615297518723818e-35,-0.2918641997543632,active,
copper,partial,0.17293154468895,1.0413454629842007,1.0413454629842007,0.012,0.025248005524586694,0.037248005524586694,8900.0,,3545.102715296376,0.1320480055245867,1.5075011367528932,1.4396615903447285,1.4319290648144805e-07,1.00-1.50,1.00-1.50,1.6666666666666667e-05,pneumatic_feed,0.03627527124385756,0.5296504795557547,2.0042249484275103e-35,-0.29187465063810947,active,
copper,partial,0.30292849487828516,1.2047306670199498,1.2047306670199498,0.012,0.04422756025222964,0.056227560252229636,8900.0,,2686.0059297387143,0.15102756025222963,1.5959582700108246,1.5396520989233238,2.1919777327689878e-07,1.00-1.50,1.00-1.50,1.6666666666666667e-05,pneumatic_feed,-0.02976439102115417,0.5105336741313838,-4.649692259214736e-33,-0.2889483699256041,active,
copper,partial,0.36537514160573,1.0147824225375504,1.0147824225375504,0.012,0.053344770674436576,0.06534477067443657,8900.0,,2450.766435042163,0.16014477067443658,1.6173843368914582,1.5854438875299108,1.6491442084687654e-07,1.00-1.50,1.00-1.50,1.6666666666666667e-05,pneumatic_feed,-0.006265925087423842,0.29494487109580464,-1.475158344864111e-32,-0.27181569657174354,active,
copper,heavily_coated,0.5777429569924529,1.1211975698693248,1.1211975698693248,0.012,0.08435047172089812,0.09635047172089811,8900.0,,1983.9080007268735,0.19115047172089814,1.7341447626343844,1.7321367740831604,2.4029219781143926e-07,1.00-1.50,1.00-1.50,1.6666666666666667e-05,pneumatic_feed,0.013200042688261943,0.0,0.0,0.0,heavy,3.0359999999998872
copper,heavily_coated,0.7623489548461471,1.1823683676987309,1.1823683676987309,0.012,0.11130294740753746,0.12330294740753746,8900.0,,1768.8380691068944,0.2181029474075375,1.8239647035864877,1.8502280568915577,3.0490682056830125e-07,1.00-1.50,1.00-1.50,1.6666666666666667e-05,pneumatic_feed,-0.0012773586485807537,0.0,0.0,0.0,heavy,1.7980000000000014
aluminum,heavily_coated,0.3724605526241819,1.1243450528795584,1.1243450528795584,0.0218,0.05855079887252139,0.08035079887252139,2700.0,,2227.0470148711693,0.17894500677156247,1.6990339066292905,1.6759238724615282,2.262136520417144e-07,1.00-1.50,1.00-1.50,1.6666666666666667e-05,pneumatic_feed,-0.0026913045689303155,0.0,0.0,0.0,heavy,4.247999999999754
copper,partial,0.20448127860168375,1.199817377357815,1.199817377357815,0.012,0.029854266675845825,0.041854266675845825,8900.0,,3265.0020542519565,0.13665426667584582,1.5348151700722068,1.4645563730167834,1.9672225377898753e-07,1.00-1.50,1.00-1.50,1.6666666666666667e-05,pneumatic_feed,-0.04068017468580164,0.5240845791152687,-4.2458808782536515e-34,-0.29193042868951535,active,
aluminum,partial,0.2635104706571736,1.1208090288222294,1.1208090288222294,0.0218,0.04142384598730768,0.06322384598730768,2700.0,,2274.749480970379,0.14381841084457933,1.5436522986833205,1.5024559150326233,1.806665399531354e-07,1.00-1.50,1.00-1.50,1.6666666666666667e-05,pneumatic_feed,-0.020836558388055235,0.522315601359314,1.2761776025598366e-34,-0.29189283884136663,active,
aluminum,heavily_coated,0.30134286908701,1.498596649238911,1.498596649238911,0.0218,0.04737109902047798,0.06917109902047798,2700.0,,2255.5078151375715,0.1560159544223429,1.6227963909996443,1.5648726531616222,3.503793693819141e-07,1.00-1.50,1.00-1.50,1.6666666666666667e-05,pneumatic_feed,0.02300248195619161,0.22885907562935884,-4.824506268842945e-33,-0.276513659003524,active,
copper,heavily_coated,0.6331512422722323,1.4375435680684177,1.4375435680684177,0.012,0.0924400813717459,0.1044400813717459,8900.0,,1907.6974927141928,0.19924008137174593,1.7908544276024785,1.7684095445373857,4.117359062285804e-07,1.00-1.50,1.00-1.50,1.6666666666666667e-05,pneumatic_feed,-0.03246299947870308,0.0,0.0,0.0,heavy,2.0439999999999965
copper,partial,0.2762525195426174,1.1109218417542368,1.1109218417542368,0.012,0.04033286785322214,0.05233286785322214,8900.0,,2811.4810804155686,0.14713286785322213,1.5746345833726385,1.519670192451038,1.8158363726495847e-07,1.00-1.50,1.00-1.50,1.6666666666666667e-05,pneumatic_feed,0.02426491169181103,0.5162267452854695,-2.7356246039719956e-33,-0.29194530536888247,active,
copper,heavily_coated,0.5032271873014509,1.338475300954434,1.338475300954434,0.012,0.07347116934601182,0.08547116934601182,8900.0,,2109.1459345340463,0.18027116934601184,1.7167574318350785,1.682122550248644,3.22958707885396e-07,1.00-1.50,1.00-1.50,1.6666666666666667e-05,pneumatic_feed,-0.03871481948908295,0.0,0.0,0.0,heavy,3.545999999999831
aluminum,heavily_coated,0.3345650045566314,1.1946928280331306,1.1946928280331306,0.0218,0.05259361871630246,0.07439361871630246,2700.0,,2241.147910211381,0.16672710311910352,1.6533631356864085,1.6176985536735358,2.3796808596078248e-07,1.00-1.50,1.00-1.50,1.6666666666666667e-05,pneumatic_feed,0.013203334215356235,0.0,0.0,0.0,heavy,8.039999999999354
aluminum,heavily_coated,0.2774895065253232,1.2114073522663285,1.2114073522663285,0.0218,0.04362135042578082,0.06542135042578082,2700.0,,2267.232193060606,0.14832539179882945,1.571050392851773,1.5258162896215348,2.176686654165809e-07,1.00-1.50,1.00-1.50,1.6666666666666667e-05,pneumatic_feed,0.029370702653649414,0.5169224384197302,-1.4837925669682756e-33,-0.29191205660519465,active,
copper,partial,0.21630849795963847,1.3634415346423747,1.3634415346423747,0.012,0.031581040702107224,0.04358104070210722,8900.0,,3175.2578293848833,0.13838104070210722,1.5487065873403956,1.4737804500197018,2.5724659324545446e-07,1.00-1.50,1.00-1.50,1.6666666666666667e-05,pneumatic_feed,0.0022496914558822953,0.5213094792077135,-6.2410634092345915e-34,-0.29194676412294457,active,
copper,partial,0.26898657270620163,1.0213840422367584,1.0213840422367584,0.012,0.039272039615105434,0.05127203961510543,8900.0,,2848.9609680374533,0.14607203961510543,1.5645388261060489,1.5141818694591132,1.523860563669691e-07,1.00-1.50,1.00-1.50,1.6666666666666667e-05,pneumatic_feed,-0.03168267152956803,0.5181911478835455,-9.60403659357917e-34,-0.2919449296328005,active,
aluminum,partial,0.23069230173763616,1.0434813219085393,1.0434813219085393,0.0218,0.0362648298331564,0.0580648298331564,2700.0,,2294.6335223245496,0.13323750500323128,1.4868076244002433,1.4461313489896823,1.450760928990881e-07,1.00-1.50,1.00-1.50,1.6666666666666667e-05,pneumatic_feed,-0.04278765161806928,0.5339682445142424,-5.002554105597199e-35,-0.29174254393652116,active,
copper,partial,0.2511059534466582,1.4350470159775726,1.4350470159775726,0.012,0.0366614692032121,0.0486614692032121,8900.0,,2948.153262781929,0.1434614692032121,1.5739810890978165,1.500590290723493,2.954388023332037e-07,1.00-1.50,1.00-1.50,1.6666666666666667e-05,pneumatic_feed,0.004601840576248614,0.5163532598354118,-6.555834428117166e-33,-0.29195165611911195,active,
copper,partial,0.25376606456154893,1.040209426611937,1.040209426611937,0.012,0.03704984542598615,0.049049845425986144,8900.0,,2932.727803251666,0.14384984542598614,1.5569158523645863,1.5026201029555937,1.5565066117230062e-07,1.00-1.50,1.00-1.50,1.6666666666666667e-05,pneumatic_feed,0.018887249602043552,0.5196867850668054,2.7778130367553684e-33,-0.2919443434641537,active,
aluminum,heavily_coated,0.37069873170760437,1.4579399898324783,1.4579399898324783,0.0218,0.0582738406244354,0.0800738406244354,2700.0,,2227.6560821714233,0.1783769780898487,1.72143301128933,1.67326179903154,3.7915614496986866e-07,1.00-1.50,1.00-1.50,1.6666666666666667e-05,pneumatic_feed,0.0021241749468703256,0.0,0.0,0.0,heavy,3.509999999999835
copper,partial,0.12294057034346784,1.3029451460949741,1.3029451460949741,0.012,0.017949323270146304,0.029949323270146305,8900.0,,4165.346981128529,0.1247493232701463,1.4830837300750825,1.3993088930069075,2.1178269134182346e-07,1.00-1.50,1.00-1.50,1.6666666666666667e-05,pneumatic_feed,0.020383920266296894,0.5347532397016523,-1.9620780175368167e-35,-0.29180059751389303,active,
copper,partial,0.22308137928944205,1.3320960314817163,1.3320960314817163,0.012,0.03256988137625855,0.044569881376258544,8900.0,,3126.9969107545794,0.13936988137625853,1.5520469694356678,1.479036733175263,2.473090443997036e-07,1.00-1.50,1.00-1.50,1.6666666666666667e-05,pneumatic_feed,-0.00178670855711063,0.5206476444916568,1.551123880419774e-33,-0.2919483406541074,active,
copper,partial,0.34151496982866064,1.2993756898682558,1.2993756898682558,0.012,0.04986118559498445,0.06186118559498445,8900.0,,2532.463354657822,0.15666118559498446,1.6240399891520385,1.568105216208044,2.645031712861926e-07,1.00-1.50,1.00-1.50,1.6666666666666667e-05,pneumatic_feed,0.023600992507728933,0.20785354396402828,2.2778463249563676e-32,-0.27761455205470914,active,
aluminum,heavily_coated,0.3948015295761644,1.1153894099172803,1.1153894099172803,0.0218,0.06206280044937304,0.08386280044937304,2700.0,,2219.672609943743,0.18614796115065113,1.7272735045237075,1.709321034276657,2.3158547516161311e-07,1.00-1.50,1.00-1.50,1.6666666666666667e-05,pneumatic_feed,-0.033565286490901895,0.0,0.0,0.0,heavy,3.3039999999998577
aluminum,heavily_coated,0.2730743910567498,1.4474839196128184,1.4474839196128184,0.0218,0.04292729427412108,0.06472729427412108,2700.0,,2269.551293129524,0.1469019144206067,1.576766252371544,1.518477016205989,3.0779031568090677e-07,1.00-1.50,1.00-1.50,1.6666666666666667e-05,pneumatic_feed,-0.011426378205776135,0.515814744277869,1.5355087708892058e-33,-0.2919124231407328,active,
copper,heavily_coated,0.524513588267495,1.0897868706590117,1.0897868706590117,0.012,0.07657898388705425,0.08857898388705425,8900.0,,2070.231287828703,0.18337898388705426,1.7053350173816004,1.6965602055604168,2.177873771825058e-07,1.00-1.50,1.00-1.50,1.6666666666666667e-05,pneumatic_feed,-0.027594783141116946,0.0,0.0,0.0,heavy,3.7859999999998046
aluminum,heavily_coated,0.3598109338785678,1.042245937227194,1.042245937227194,0.0218,0.05656227880571087,0.07836227880571087,2700.0,,2231.515543662892,0.17486664319178902,1.6741195706643142,1.6567156761310375,1.899535415122879e-07,1.00-1.50,1.00-1.50,1.6666666666666667e-05,pneumatic_feed,0.0036459230364314244,0.0,0.0,0.0,heavy,5.8159999999995815
copper,heavily_coated,0.5754463930349958,1.2486214213795772,1.2486214213795772,0.012,0.08401517338310938,0.09601517338310937,8900.0,,1987.3439442924223,0.19081517338310938,1.7461440234509624,1.7306169308721342,2.9749143675514514e-07,1.00-1.50,1.00-1.50,1.6666666666666667e-05,pneumatic_feed,0.010881583818591717,0.0,0.0,0.0,heavy,2.8319999999999097
aluminum,heavily_coated,0.32268694964225947,1.2447753332332459,1.2447753332332459,0.0218,0.05072638848376319,0.0725263884837632,2700.0,,2246.0445479183,0.16289749943416088,1.6401177831365044,1.5990119296361078,2.5240407662298154e-07,1.00-1.50,1.00-1.50,1.6666666666666667e-05,pneumatic_feed,-0.018475123016189247,0.02352823159293585,2.117468413729893e-32,-0.29161679407001456,active,
copper,partial,0.2693540660950767,1.4384519048509,1.4384519048509,0.012,0.0393256936498812,0.051325693649881196,8900.0,,2847.028130719076,0.1461256936498812,1.58588818099992,1.5144599326256656,3.0235508510183006e-07,1.00-1.50,1.00-1.50,1.6666666666666667e-05,pneumatic_feed,-0.012449833800776019,0.513696001685814,4.4685112554977676e-33,-0.29123752232576156,active,
aluminum,partial,0.24740662746830772,1.495582527103486,1.495582527103486,0.0218,0.038892321838017975,0.060692321838017975,2700.0,,2284.0841570048624,0.13862637076205708,1.5375609621737294,1.475086273911207,3.10074904672136e-07,1.00-1.50,1.00-1.50,1.6666666666666667e-05,pneumatic_feed,0.04022868805172998,0.5235338275749005,8.107233487171796e-34,-0.29188467714210664,active,
copper,partial,0.35745211790052134,1.1343712076576045,1.1343712076576045,0.012,0.05218800921347612,0.06418800921347612,8900.0,,2476.9113602622365,0.1589880092134761,1.6228011774178688,1.579707502234107,2.0458545812469082e-07,1.00-1.50,1.00-1.50,1.6666666666666667e-05,pneumatic_feed,-0.03599322082643748,0.22661705747446478,-2.0906932034997133e-32,-0.2765324113163342,active,
aluminum,heavily_coated,0.2811603587849695,1.13068868958299,1.13068868958299,0.0218,0.0441984084009972,0.0659984084009972,2700.0,,2265.3411634939216,0.149508911275862,1.5711271923599666,1.5318915990976418,1.9114070113848664e-07,1.00-1.50,1.00-1.50,1.6666666666666667e-05,pneumatic_feed,0.0033316792395537047,0.5169075176390199,-7.191173523876354e-35,-0.29191192577987635,active,
aluminum,partial,0.22736931484270734,1.4747398468463804,1.4747398468463804,0.0218,0.03574245629327359,0.05754245629327359,2700.0,,2296.8456564459657,0.13216614079843728,1.5034834339325724,1.4403054349589437,2.874425378764852e-07,1.00-1.50,1.00-1.50,1.6666666666666667e-05,pneumatic_feed,-0.016927503327076283,0.5304826668787753,2.2144371090653768e-34,-0.2918038868753878,active,
copper,heavily_coated,0.5338231775848079,1.251674257167884,1.251674257167884,0.012,0.07793818392738194,0.08993818392738194,8900.0,,2054.057307589662,0.18473818392738195,1.7256894388440462,1.7028360270220346,2.8942717830454064e-07,1.00-1.50,1.00-1.50,1.6666666666666667e-05,pneumatic_feed,-0.01797088884740138,0.0,0.0,0.0,heavy,3.28199999999986
copper,heavily_coated,0.6768915172998942,1.0873112429484975,1.0873112429484975,0.012,0.09882616152578454,0.11082616152578453,8900.0,,1855.393696712523,0.20562616152578456,1.7745192255301543,1.7965267132187916,2.4310065329946324e-07,1.00-1.50,1.00-1.50,1.6666666666666667e-05,pneumatic_feed,0.028206659774868473,0.0,0.0,0.0,heavy,2.2959999999999687
aluminum,partial,0.2566370456741158,1.2243030483918096,1.2243030483918096,0.0218,0.04034334357997101,0.06214334357997101,2700.0,,2278.6406675007192,0.14160234989579168,1.5395518655602614,1.490835498626306,2.1225030463008214e-07,1.00-1.50,1.00-1.50,1.6666666666666667e-05,pneumatic_feed,-0.03455547469937059,0.5231348819728249,-1.638093204060425e-35,-0.2918873538466216,active,
aluminum,partial,0.2544160152117424,1.148400640261003,1.148400640261003,0.0218,0.039994197591285904,0.061794197591285904,2700.0,,2279.927128373059,0.14088626746441787,1.5314188171621899,1.487061146732542,1.8580419510683402e-07,1.00-1.50,1.00-1.50,1.6666666666666667e-05,pneumatic_feed,0.004401362989196044,0.5247694480555155,3.928358792016786e-34,-0.29187373474112044,active,
aluminum,heavily_coated,0.2821068708183633,1.0358506245901067,1.0358506245901067,0.0218,0.04434720009264671,0.06614720009264671,2700.0,,2264.8589208721874,0.1498140762205485,1.5650576857736738,1.5334541859337465,1.6074848376111565e-07,1.00-1.50,1.00-1.50,1.6666666666666667e-05,pneumatic_feed,0.023076052812616207,0.5180901824052936,-1.627373616009908e-33,-0.29191026206569537,active,
copper,heavily_coated,0.5361962378342273,1.302666872152002,1.302666872152002,0.012,0.07828465072379719,0.09028465072379718,8900.0,,2050.0123691015474,0.1850846507237972,1.7311650761807922,1.7044320689780281,3.1407772854560334e-07,1.00-1.50,1.00-1.50,1.6666666666666667e-05,pneumatic_feed,0.024560179105681545,0.0,0.0,0.0,heavy,3.0779999999998826
copper,partial,0.3202154431138698,1.0539586159572032,1.0539586159572032,0.012,0.046751454694624994,0.05875145469462499,8900.0,,2613.5770678827635,0.153551454694625,1.5960408280402636,1.55246372997466,1.7056937265193002e-07,1.00-1.50,1.00-1.50,1.6666666666666667e-05,pneumatic_feed,-0.02711623277125544,0.5104839201559342,-8.018915221576911e-33,-0.28881481737893494,active,
copper,partial,0.3862188918825015,1.3029089627493309,1.3029089627493309,0.012,0.05638795821484523,0.06838795821484522,8900.0,,2386.208953660813,0.16318795821484522,1.6501639567583468,1.60043687540003,2.7702327028820463e-07,1.00-1.50,1.00-1.50,1.6666666666666667e-05,pneumatic_feed,0.01092376393378919,0.0,0.0,0.0,heavy,8.797999999999607
aluminum,partial,0.23031258927438042,1.0603891038858104,1.0603891038858104,0.0218,0.036205139033932604,0.058005139033932604,2700.0,,2294.8842830991507,0.133115081907953,1.4873878596058394,1.4454668192757765,1.4967793284837985e-07,1.00-1.50,1.00-1.50,1.6666666666666667e-05,pneumatic_feed,0.02642530138663147,0.5338459976387689,-9.672176316698699e-36,-0.29174493773335297,active,
copper,partial,0.3758670005605948,1.393440732432859,1.393440732432859,0.012,0.05487658208184684,0.06687658208184684,8900.0,,2417.5365583722437,0.16167658208184685,1.6492324433748449,1.5930083591609518,3.139237129608312e-07,1.00-1.50,1.00-1.50,1.6666666666666667e-05,pneumatic_feed,-0.01134478931314069,0.0,0.0,0.0,heavy,8.799999999999608
copper,partial,0.3063438610664407,1.4025928136563328,1.4025928136563328,0.012,0.04472620371570034,0.056726203715700335,8900.0,,2671.1853392325957,0.15152620371570033,1.6077740740894162,1.5421917174987139,2.9809243973415617e-07,1.00-1.50,1.00-1.50,1.6666666666666667e-05,pneumatic_feed,0.02252334997255004,0.41408036315532387,6.593728453862513e-33,-0.2634725934065277,active,
copper,heavily_coated,0.6670008918122594,1.3167373112262055,1.3167373112262055,0.012,0.09738213020458987,0.10938213020458987,8900.0,,1866.6863574761685,0.20418213020458986,1.7966460259776411,1.7902074504624437,3.540103947712038e-07,1.00-1.50,1.00-1.50,1.6666666666666667e-05,pneumatic_feed,-0.017473296104237684,0.0,0.0,0.0,heavy,2.0239999999999987
aluminum,partial,0.260985084105566,1.2159236193407423,1.2159236193407423,0.0218,0.04102685522139497,0.06282685522139497,2700.0,,2276.163600144307,0.14300420096647554,1.5458740908835937,1.4981968957282619,2.11427456478056e-07,1.00-1.50,1.00-1.50,1.6666666666666667e-05,pneumatic_feed,-0.007591857244105866,0.5218730136396283,-7.568731271897283e-34,-0.29189575677719104,active,
copper,partial,0.1652556617182832,1.1956290335897535,1.1956290335897535,0.012,0.024127326610869342,0.03612732661086934,8900.0,,3624.052452624,0.13092732661086934,1.5089360586749028,1.4335394373662014,1.8716438225938685e-07,1.00-1.50,1.00-1.50,1.6666666666666667e-05,pneumatic_feed,0.00227652396234162,0.5293543474718132,-2.2717974677332336e-34,-0.29188130653240885,active,
aluminum,partial,0.2687558600668055,1.333231962581769,1.333231962581769,0.0218,0.04224842120250183,0.06404842120250183,2700.0,,2271.8682851538415,0.14550957684413876,1.5645119550459528,1.5112638148733668,2.5864435922217984e-07,1.00-1.50,1.00-1.50,1.6666666666666667e-05,pneumatic_feed,0.02806720622006556,0.5181968441686409,1.2875242097377016e-33,-0.29191056672944937,active,
copper,partial,0.13137091654226896,1.1772983630487197,1.1772983630487197,0.012,0.019180153815171266,0.031180153815171266,8900.0,,4040.395520880122,0.12598015381517125,1.4854152551499549,1.4061950413377684,1.7461245345423648e-07,1.00-1.50,1.00-1.50,1.6666666666666667e-05,pneumatic_feed,0.024882192033009003,0.5342606890248633,-3.790356978699506e-35,-0.2918077570776664,active,
copper,heavily_coated,0.5227000282638721,1.4587487257878364,1.4587487257878364,0.012,0.07631420412652531,0.08831420412652531,8900.0,,2073.4400081801414,0.18311420412652532,1.7353436592141573,1.6953349368104056,3.8965747605766575e-07,1.00-1.50,1.00-1.50,1.6666666666666667e-05,pneumatic_feed,0.0026526820459170197,0.0,0.0,0.0,heavy,3.0239999999998886
copper,partial,0.29263903106004374,1.2220634730697792,1.2220634730697792,0.012,0.04272529853476639,0.05472529853476639,8900.0,,2732.2884029545235,0.14952529853476637,1.5907610682658155,1.53197555000127,2.233069320874077e-07,1.00-1.50,1.00-1.50,1.6666666666666667e-05,pneumatic_feed,-0.008299385077951887,0.5122836778611798,1.2333115258244007e-33,-0.29032935270809634,active,
copper,partial,0.15540227537397533,1.0437724361962992,1.0437724361962992,0.012,0.022688732204600392,0.03468873220460039,8900.0,,3732.875892980248,0.1294887322046004,1.4963781112748238,1.4256420100023033,1.41072910541428e-07,1.00-1.50,1.00-1.50,1.6666666666666667e-05,pneumatic_feed,0.0231704884594443,0.5319597937016837,8.775296174838202e-37,-0.29184294922302756,active,
copper,partial,0.2752878743555083,1.1830023205397127,1.1830023205397127,0.012,0.04019202965590421,0.05219202965590421,8900.0,,2816.369292878722,0.14699202965590422,1.5781987945430602,1.5189426906500039,2.0571453563649607e-07,1.00-1.50,1.00-1.50,1.6666666666666667e-05,pneumatic_feed,0.02479911211150094,0.515537416862677,2.2734323879177137e-33,-0.2919448050265158,active,
aluminum,partial,0.2491326621668652,1.3472040107343652,1.3472040107343652,0.0218,0.03916365449263121,0.06096365449263121,2700.0,,2283.0465589303262,0.139182861609219,1.534030627785201,1.4780440439372236,2.5261113812765965e-07,1.00-1.50,1.00-1.50,1.6666666666666667e-05,pneumatic_feed,0.02099827616514322,0.5242431360339046,-2.3200553241775475e-34,-0.29187869945387046,active,
copper,partial,0.1475654862287087,1.0415641810745004,1.0415641810745004,0.012,0.021544560989391465,0.033544560989391466,8900.0,,3826.09153925075,0.12834456098939145,1.491196422839506,1.4193294999010937,1.392353597792363e-07,1.00-1.50,1.00-1.50,1.6666666666666667e-05,pneumatic_feed,-0.015438067253645257,0.533044245910983,-5.967240488004473e-35,-0.29182594379138455,active,
copper,partial,0.3088747594483517,1.2939453462753014,1.2939453462753014,0.012,0.04509571487945935,0.057095714879459344,8900.0,,2660.3697878228177,0.15189571487945935,1.604276907016217,1.5440709636373564,2.543181689805003e-07,1.00-1.50,1.00-1.50,1.6666666666666667e-05,pneumatic_feed,-0.0171978276951695,0.45771843221981573,-5.883924819885515e-33,-0.2604345722826782,active,
aluminum,partial,0.25942108296250577,1.4863168125689332,1.4863168125689332,0.0218,0.040780994241705906,0.0625809942417059,2700.0,,2277.0483768213307,0.14249995135794147,1.5567010850289118,1.4955531540250415,3.1480201013681925e-07,1.00-1.50,1.00-1.50,1.6666666666666667e-05,pneumatic_feed,0.0007926412457077378,0.5197295808011302,2.1471357645836995e-34,-0.29190642746488726,active,
copper,partial,0.2677901487362925,1.0912168198722654,1.0912168198722654,0.012,0.0390973617154987,0.051097361715498696,8900.0,,2855.2816978659303,0.1458973617154987,1.568418167948929,1.51327624361399,1.737278886409218e-07,1.00-1.50,1.00-1.50,1.6666666666666667e-05,pneumatic_feed,0.0030379081173878882,0.5174341003057366,3.753476133052901e-33,-0.2919465573155409,active,
aluminum,heavily_coated,0.3366592676938456,1.2026672029783958,1.2026672029783958,0.0218,0.05292283688147252,0.07472283688147252,2700.0,,2240.309943835658,0.16740231449717274,1.6569125140544492,1.6209709214997114,2.4213211405562254e-07,1.00-1.50,1.00-1.50,1.6666666666666667e-05,pneumatic_feed,-0.01923153997122232,0.0,0.0,0.0,heavy,7.769999999999366
copper,partial,0.1505930864990498,1.3724664840463692,1.3724664840463692,0.012,0.021986590628861265,0.033986590628861266,8900.0,,3789.3353892195432,0.12878659062886127,1.5043156588793438,1.4217715451191892,2.425906966251548e-07,1.00-1.50,1.00-1.50,1.6666666666666667e-05,pneumatic_feed,-0.012368220306135805,0.5303091791839321,2.1749809425910457e-35,-0.2918715744870078,active,
aluminum,heavily_coated,0.37429210554154907,1.4069498703828027,1.4069498703828027,0.0218,0.05883871899113151,0.08063871899113151,2700.0,,2226.418276403868,0.17953551774765084,1.7233038405610848,1.6786868339768224,3.553919824931548e-07,1.00-1.50,1.00-1.50,1.6666666666666667e-05,pneumatic_feed,0.004510192878493556,0.0,0.0,0.0,heavy,3.309999999999857
aluminum,heavily_coated,0.3563888162072179,1.4193672867390044,1.4193672867390044,0.0218,0.05602432190777466,0.07782432190777466,2700.0,,2232.7636653138657,0.17376331823336913,1.6991673945618786,1.6514808636466127,3.500641881575047e-07,1.00-1.50,1.00-1.50,1.6666666666666667e-05,pneumatic_feed,0.035256120129043195,0.0,0.0,0.0,heavy,4.28599999999975
copper,partial,0.14979012536484893,1.4937186234916733,1.4937186234916733,0.012,0.02186935830326794,0.03386935830326794,8900.0,,3798.990141801803,0.12866935830326795,1.5066327178916057,1.4211242901055818,2.870864708670117e-07,1.00-1.50,1.00-1.50,1.6666666666666667e-05,pneumatic_feed,-0.0038892158690495616,0.5298297668723347,-1.2978510127271186e-34,-0.2918791355081019,active,
aluminum,partial,0.22082597096541012,1.1429111575796522,1.1429111575796522,0.0218,0.03471384263576247,0.05651384263576247,2700.0,,2301.3211495311934,0.13005650129895788,1.477214998225924,1.4287640968292992,1.6988577342651408e-07,1.00-1.50,1.00-1.50,1.6666666666666667e-05,pneumatic_feed,0.018457974193620594,0.535999495201005,7.568225443402142e-35,-0.2917010871100955,active,
copper,partial,0.38626120055537283,1.005757417938156,1.005757417938156,0.012,0.05639413528108443,0.06839413528108443,8900.0,,2386.0837571875636,0.16319413528108442,1.6275031234681332,1.600467165352636,1.6507869850138642e-07,1.00-1.50,1.00-1.50,1.6666666666666667e-05,pneumatic_feed,-0.006047721142696465,0.18496087067642,6.012565500046264e-33,-0.2806227894790289,active,
copper,partial,0.27022411864691753,1.0826780979461856,1.0826780979461856,0.012,0.039452721322449966,0.05145272132244996,8900.0,,2842.4681448022197,0.14625272132244996,1.5693250109827188,1.5151180527857144,1.7143624998874368e-07,1.00-1.50,1.00-1.50,1.6666666666666667e-05,pneumatic_feed,-0.015315624114906473,0.5172575375430515,-2.659569773550111e-33,-0.291946170525909,active,
copper,heavily_coated,0.5823895538307762,1.1126967537225523,1.1126967537225523,0.012,0.08502887485929332,0.09702887485929332,8900.0,,1977.028746725905,0.19182887485929334,1.735343434317718,1.735207774242459,2.3750219160177494e-07,1.00-1.50,1.00-1.50,1.6666666666666667e-05,pneumatic_feed,0.019582314666556425,0.0,0.0,0.0,heavy,3.0219999999998888
copper,partial,0.152642434999538,1.2049603992857354,1.2049603992857354,0.012,0.022285795509932548,0.03428579550993255,8900.0,,3764.9934496207497,0.12908579550993254,1.5007921677409448,1.4234221602616355,1.874234827735586e-07,1.00-1.50,1.00-1.50,1.6666666666666667e-05,pneumatic_feed,0.004889396245869789,0.5310403018506327,1.7829097276232194e-35,-0.29185929267740185,active,
copper,partial,0.12525937670864107,1.2125511029725355,1.2125511029725355,0.012,0.018287868999461596,0.030287868999461596,8900.0,,4129.965994031642,0.1250878689994616,1.4822716175835373,1.401206334490231,1.8391421421309835e-07,1.00-1.50,1.00-1.50,1.6666666666666667e-05,pneumatic_feed,-0.005823947291674175,0.5349251015976948,-4.5455182791297133e-35,-0.29179628461324536,active,
aluminum,partial,0.23692235762426736,1.2979357347028948,1.2979357347028948,0.0218,0.03724419461853483,0.05904419461853483,2700.0,,2290.5916186243367,0.13524613732164004,1.5118505294018232,1.4569912049839087,2.2784067022283857e-07,1.00-1.50,1.00-1.50,1.6666666666666667e-05,pneumatic_feed,-0.029612599814909022,0.5287551652794369,-1.5139978111817798e-34,-0.29182873997343217,active,
copper,partial,0.19304099376796768,1.3151849591247078,1.3151849591247078,0.012,0.028183985090123275,0.040183985090123275,8900.0,,3359.148794908862,0.13498398509012327,1.531626457036048,1.4555784520164397,2.3348334818214882e-07,1.00-1.50,1.00-1.50,1.6666666666666667e-05,pneumatic_feed,-0.02444779596447794,0.5247267793090684,1.8114346631675435e-34,-0.2919279563130589,active,
aluminum,heavily_coated,0.3724122890085538,1.1061873747304638,1.1061873747304638,0.0218,0.058543211832144657,0.08034321183214466,2700.0,,2227.063643821862,0.17892944609924782,1.697229123081931,1.6758510035124823,2.1894710761784285e-07,1.00-1.50,1.00-1.50,1.6666666666666667e-05,pneumatic_feed,-0.017332933796794913,0.0,0.0,0.0,heavy,4.267999999999752
copper,partial,0.12771899250880636,1.0722680418809272,1.0722680418809272,0.012,0.018646972906285728,0.03064697290628573,8900.0,,4093.2908215726716,0.12544697290628573,1.479328340387413,1.4032161938693057,1.442337552165363e-07,1.00-1.50,1.00-1.50,1.6666666666666667e-05,pneumatic_feed,0.0013426387161584242,0.5355490982761176,-7.863247908521932e-36,-0.29178234216256477,active,
copper,heavily_coated,0.6554970505338356,1.1459889707992021,1.1459889707992021,0.012,0.09570256937793999,0.10770256937793998,8900.0,,1880.2018424215723,0.20250256937793998,1.7727348370559166,1.7828293044922012,2.659447453818743e-07,1.00-1.50,1.00-1.50,1.6666666666666667e-05,pneumatic_feed,0.02844207475286931,0.0,0.0,0.0,heavy,2.311999999999967
copper,partial,0.21971861369559942,1.3256128088233896,1.3256128088233896,0.012,0.03207891759955751,0.04407891759955751,8900.0,,3150.688019638478,0.1388789175995575,1.5496133623095518,1.4764293043158738,2.440448833637021e-07,1.00-1.50,1.00-1.50,1.6666666666666667e-05,pneumatic_feed,0.03498373093777109,0.521129616803282,1.7689536554379833e-34,-0.2919468044814393,active,
aluminum,partial,0.24909900059890622,1.4638916059233822,1.4638916059233822,0.0218,0.039158362894148056,0.060958362894148056,2700.0,,2283.0667061180825,0.13917200878309335,1.5390751873037845,1.477986417346057,2.982426412581295e-07,1.00-1.50,1.00-1.50,1.6666666666666667e-05,pneumatic_feed,-0.023963174509833554,0.5232303283237747,-3.2102546183785132e-34,-0.29188695921675817,active,
copper,partial,0.11972846644697777,1.0298088420639129,1.0298088420639129,0.012,0.017480356101258754,0.029480356101258754,8900.0,,4215.700640602242,0.12428035610125875,1.472376455286496,1.396676222094927,1.3180009454587912e-07,1.00-1.50,1.00-1.50,1.6666666666666667e-05,pneumatic_feed,-0.0066201690728491846,0.537030160140499,-1.5644326209505845e-35,-0.29175209470901087,active,
copper,heavily_coated,0.5010082937210876,1.4931474283515878,1.4931474283515878,0.012,0.07314721088327879,0.08514721088327878,8900.0,,2113.3658873448417,0.1799472108832788,1.7257014696432802,1.6806104313683004,4.011903709348663e-07,1.00-1.50,1.00-1.50,1.6666666666666667e-05,pneumatic_feed,-0.009532203986653756,0.0,0.0,0.0,heavy,3.293999999999859
copper,heavily_coated,0.5544000220584514,1.4434971026115986,1.4434971026115986,0.012,0.0809424032205339,0.0929424032205339,8900.0,,2019.9865369852598,0.18774240322053393,1.75112663211466,1.7166259816714593,3.9119582016837383e-07,1.00-1.50,1.00-1.50,1.6666666666666667e-05,pneumatic_feed,0.0421284040022552,0.0,0.0,0.0,heavy,2.729999999999921
copper,heavily_coated,0.5797199601073972,1.1117687630751238,1.1117687630751238,0.012,0.08463911417567999,0.09663911417567998,8900.0,,1980.969256688998,0.19143911417568,1.733990842757829,1.7334440677741736,2.3662444666605204e-07,1.00-1.50,1.00-1.50,1.6666666666666667e-05,pneumatic_feed,0.0020366637212717344,0.0,0.0,0.0,heavy,3.0419999999998866
copper,partial,0.23582325162764672,1.3516968323375025,1.3516968323375025,0.012,0.03443019473763642,0.04643019473763642,8900.0,,3041.774766091061,0.14123019473763643,1.5610593138086624,1.4888751245829657,2.580394752409147e-07,1.00-1.50,1.00-1.50,1.6666666666666667e-05,pneumatic_feed,0.0028909357474869017,0.5188724097617209,8.742770535310703e-34,-0.29195177157912233,active,
copper,partial,0.1348362308749813,1.09135501075215,1.09135501075215,0.012,0.01968608970774727,0.03168608970774727,8900.0,,3991.849132359848,0.12648608970774727,1.4848019430601869,1.4090158494682739,1.5065198564226503e-07,1.00-1.50,1.00-1.50,1.6666666666666667e-05,pneumatic_feed,0.026219018408268232,0.5343901765120821,1.6904392359892877e-35,-0.2918040321472925,active,
copper,partial,0.2909916689822505,1.3370468715804555,1.3370468715804555,0.012,0.042484783671408566,0.05448478367140856,8900.0,,2739.935328948498,0.14928478367140857,1.5953954626876117,1.5307429452741008,2.668755623402505e-07,1.00-1.50,1.00-1.50,1.6666666666666667e-05,pneumatic_feed,-0.012965439650596352,0.5107364186632638,5.4783886067888196e-33,-0.2891214229668617,active,
copper,partial,0.24922798198805018,1.285878217179368,1.285878217179368,0.012,0.03638728537025533,0.04838728537025533,8900.0,,2959.192363750076,0.14318728537025532,1.567027195732155,1.4991556394089067,2.3675771202297036e-07,1.00-1.50,1.00-1.50,1.6666666666666667e-05,pneumatic_feed,-0.012358818380131479,0.5177051669356422,4.562346405846656e-33,-0.2919508926331635,active,
aluminum,partial,0.21643064422789948,1.206162120414438,1.206162120414438,0.0218,0.0340228972726258,0.0558228972726258,2700.0,,2304.4200550407245,0.12863940400551707,1.4733965012764731,1.420958861216818,1.871480860224603e-07,1.00-1.50,1.00-1.50,1.6666666666666667e-05,pneumatic_feed,-0.028194065692653123,0.5368134826335461,1.673618367068815e-35,-0.29168319916177227,active,
copper,partial,0.13515213280465876,1.4706106920559368,1.4706106920559368,0.012,0.01973221138948018,0.03173221138948018,8900.0,,3987.5005821821787,0.12653221138948018,1.4956495385833453,1.4092727166766839,2.7365068309702435e-07,1.00-1.50,1.00-1.50,1.6666666666666667e-05,pneumatic_feed,0.0012121171105820448,0.532111839299319,-1.2279328794506948e-35,-0.29184676568295276,active,
aluminum,partial,0.23538312785662685,1.0703649039235144,1.0703649039235144,0.0218,0.037002227699061745,0.058802227699061745,2700.0,,2291.577709298336,0.13474987425225507,1.4961760434384261,1.4543156556481802,1.5438037439571782e-07,1.00-1.50,1.00-1.50,1.6666666666666667e-05,pneumatic_feed,0.011305481596142758,0.5320030167446553,8.805659189291363e-35,-0.2917784898456737,active,
aluminum,partial,0.2312888916840665,1.2171741135006222,1.2171741135006222,0.0218,0.036358613772735256,0.058158613772735256,2700.0,,2294.2405761124205,0.1334298515678599,1.4985218826521671,1.4471748167409246,1.9767803601220024e-07,1.00-1.50,1.00-1.50,1.6666666666666667e-05,pneumatic_feed,-0.0002410157007979669,0.5315137584181784,-2.165482186013163e-34,-0.29178701370605614,active,
copper,heavily_coated,0.5722190685330986,1.3991490681261227,1.3991490681261227,0.012,0.08354398400583239,0.09554398400583239,8900.0,,1992.2131779036245,0.1903439840058324,1.75714939537054,1.7284788610091666,3.726208311402897e-07,1.00-1.50,1.00-1.50,1.6666666666666667e-05,pneumatic_feed,0.026348459765115118,0.0,0.0,0.0,heavy,2.729999999999921
aluminum,partial,0.25945737977105376,1.3422436186227502,1.3422436186227502,0.0218,0.04078670010000966,0.06258670010000966,2700.0,,2277.0277644333487,0.14251165381198544,1.550310042713797,1.4956145620556534,2.56751550988669e-07,1.00-1.50,1.00-1.50,1.6666666666666667e-05,pneumatic_feed,0.0028745856663921153,0.520992156896328,-9.294904953375652e-34,-0.2919007841506679,active,
copper,partial,0.3816945668762177,1.0620325070870316,1.0620325070870316,0.012,0.05572740676392779,0.06772740676392779,8900.0,,2399.7287734703486,0.1625274067639278,1.6302608234443865,1.59719447049087,1.8331678243939022e-07,1.00-1.50,1.00-1.50,1.6666666666666667e-05,pneumatic_feed,0.004482489029980573,0.13658133342476694,-1.2640507714645661e-32,-0.2830273611022641,active,
aluminum,partial,0.26948193599463716,1.3585346269533611,1.3585346269533611,0.0218,0.04236256033835696,0.06416256033835696,2700.0,,2271.4752998549543,0.14574367098403096,1.5669292858488146,1.5124789782887398,2.6898689954577123e-07,1.00-1.50,1.00-1.50,1.6666666666666667e-05,pneumatic_feed,0.015622400468200915,0.5177247688058825,-3.322508223699536e-34,-0.29191141929674563,active,
copper,partial,0.16293967032250734,1.226094899224404,1.226094899224404,0.012,0.023789191867086067,0.03578919186708607,8900.0,,3648.844387212439,0.13058919186708606,1.508449016686265,1.4316871011313133,1.963158685084148e-07,1.00-1.50,1.00-1.50,1.6666666666666667e-05,pneumatic_feed,-0.0021958875115335457,0.5294547907475753,5.061976261132022e-35,-0.2918805620721177,active,
aluminum,heavily_coated,0.3100242864266865,1.169970538010694,1.169970538010694,0.0218,0.04873581782627512,0.07053581782627512,2700.0,,2251.5501355350875,0.158814930186828,1.61650840821396,1.5788474100471055,2.1739080920176855e-07,1.00-1.50,1.00-1.50,1.6666666666666667e-05,pneumatic_feed,0.042234061928536,0.3001036028808433,1.5811272555078883e-32,-0.2710402778968707,active,
copper,partial,0.34054397995233787,1.4609036626752512,1.4609036626752512,0.012,0.04971942107304132,0.06171942107304132,8900.0,,2535.9832991273483,0.15651942107304134,1.631310272958047,1.5673955573378588,3.340499327896542e-07,1.00-1.50,1.00-1.50,1.6666666666666667e-05,pneumatic_feed,0.0076598891173721975,0.12602286929096435,-4.887113958276986e-34,-0.28395056092994925,active,
aluminum,heavily_coated,0.3173099188384066,1.1943148553225813,1.1943148553225813,0.0218,0.049881119241397515,0.07168111924139751,2700.0,,2248.3450682451785,0.16116389093269065,1.6288108385332545,1.5904805663947965,2.298822358120952e-07,1.00-1.50,1.00-1.50,1.6666666666666667e-05,pneumatic_feed,0.0036956547890244044,0.16045153242400886,-3.7223512287866127e-32,-0.2817530907741099,active,
copper,heavily_coated,0.5367304564001967,1.0388496883173586,1.0388496883173586,0.012,0.07836264663442871,0.09036264663442871,8900.0,,2049.10605798791,0.18516264663442872,1.7052595378416047,1.7047911606921222,1.9982913451848003e-07,1.00-1.50,1.00-1.50,1.6666666666666667e-05,pneumatic_feed,0.03945362511852528,0.0,0.0,0.0,heavy,4.003999999999781
copper,partial,0.12788363270400127,1.4803578573198097,1.4803578573198097,0.012,0.018671010374784185,0.030671010374784185,8900.0,,4090.8665492786863,0.12547101037478417,1.4905980113661532,1.4033506257677062,2.749646233226586e-07,1.00-1.50,1.00-1.50,1.6666666666666667e-05,pneumatic_feed,-0.015881984726263402,0.5331697413446613,4.616024123912499e-35,-0.2918299905820737,active,
aluminum,partial,0.2516038196920698,1.249437638550573,1.249437638550573,0.0218,0.03955212045559337,0.06135212045559337,2700.0,,2281.577009359234,0.13997958750692022,1.5330094727310366,1.4822683986068852,2.1852135193886188e-07,1.00-1.50,1.00-1.50,1.6666666666666667e-05,pneumatic_feed,-0.023518814274305085,0.5244487543705356,3.8050910941058442e-34,-0.29187677768043185,active,
copper,partial,0.1060276836449493,1.4910001741175636,1.4910001741175636,0.012,0.015480041812162598,0.027480041812162598,8900.0,,4449.7764103852915,0.1222800418121626,1.4747826928232493,1.3853907522008744,2.71838501121897e-07,1.00-1.50,1.00-1.50,1.6666666666666667e-05,pneumatic_feed,-0.010374144957955949,0.5365162628359921,1.1800162462756365e-35,-0.2917684827507455,active,
copper,partial,0.2707600079347895,1.168334988232464,1.168334988232464,0.012,0.03953096115847926,0.05153096115847926,8900.0,,2839.670711913375,0.14633096115847927,1.574666038419604,1.5155232648638195,1.997427343107813e-07,1.00-1.50,1.00-1.50,1.6666666666666667e-05,pneumatic_feed,0.03691543151167897,0.5162206368755273,2.199565169911724e-33,-0.29194666945284187,active,
copper,partial,0.30856003666135534,1.0427338194814124,1.0427338194814124,0.012,0.04504976535255788,0.057049765352557874,8900.0,,2661.7070975516212,0.15184976535255787,1.588654533749859,1.543837399784624,1.651053111766679e-07,1.00-1.50,1.00-1.50,1.6666666666666667e-05,pneumatic_feed,0.0023006217243565844,0.512918672591464,1.9600558281699508e-33,-0.29075772139861067,active,
copper,partial,0.1338245042598296,1.0264209885885038,1.0264209885885038,0.012,0.01953837762193512,0.03153837762193512,8900.0,,4005.861656436825,0.12633837762193512,1.4815669722739395,1.4081928756934874,1.3310254014800648e-07,1.00-1.50,1.00-1.50,1.6666666666666667e-05,pneumatic_feed,0.019473781376222014,0.5350743700566607,1.481708050997431e-35,-0.29179036085487964,active,
copper,partial,0.14844849887477118,1.2095133295993061,1.2095133295993061,0.012,0.02167348083571659,0.03367348083571659,8900.0,,3815.2717701654433,0.12847348083571658,1.4981012583479218,1.4200421666969638,1.879467450585094e-07,1.00-1.50,1.00-1.50,1.6666666666666667e-05,pneumatic_feed,-0.0019070760823293017,0.5316003401850123,8.119588268576634e-35,-0.2918513011885304,active,
copper,heavily_coated,0.5429482904702343,1.1567692738151767,1.1567692738151767,0.012,0.0792704504086542,0.0912704504086542,8900.0,,2038.6713287328225,0.18607045040865422,1.721323638854107,1.70896512241012,2.48983689188122e-07,1.00-1.50,1.00-1.50,1.6666666666666667e-05,pneumatic_feed,0.023322160415298134,0.0,0.0,0.0,heavy,3.5139999999998346
copper,partial,0.22277703412214778,1.0253567009369713,1.0253567009369713,0.012,0.03252544698183357,0.04452544698183357,8900.0,,3129.119558051343,0.13932544698183358,1.5375046244935304,1.4788009385400254,1.464806953732788e-07,1.00-1.50,1.00-1.50,1.6666666666666667e-05,pneumatic_feed,0.008104887415133676,0.523544486627887,4.673885315321739e-34,-0.29192982668402434,active,
aluminum,partial,0.25287206682205843,1.2668432543860186,1.2668432543860186,0.0218,0.03975148890442759,0.06155148890442759,2700.0,,2280.830010173828,0.14038848306409984,1.5359703977314245,1.4844317532894906,2.2530832966179716e-07,1.00-1.50,1.00-1.50,1.6666666666666667e-05,pneumatic_feed,-0.023936455145921465,0.5238531066230552,-9.595365845309321e-35,-0.2918818500457622,active,
aluminum,partial,0.2407488413011454,1.4534467334153276,1.4534467334153276,0.0218,0.03784571785254006,0.05964571785254006,2700.0,,2288.174890631988,0.13647983392390228,1.5249676160731986,1.463621355839539,2.883146600534071e-07,1.00-1.50,1.00-1.50,1.6666666666666667e-05,pneumatic_feed,-0.0026222259730736214,0.5260751122935589,2.640665297294647e-35,-0.2918612744131025,active,
aluminum,heavily_coated,0.2768166041474108,1.2355126778924639,1.2355126778924639,0.0218,0.04351557017197298,0.06531557017197298,2700.0,,2267.5824608619937,0.14810844134316672,1.571517754576428,1.5247000017453745,2.2608628822745295e-07,1.00-1.50,1.00-1.50,1.6666666666666667e-05,pneumatic_feed,0.017548036338699682,0.51683164376971,-2.985021816340225e-33,-0.291912147680275,active,
copper,partial,0.21747557226342418,1.0333441316244536,1.0333441316244536,0.012,0.03175143355045994,0.043751433550459934,8900.0,,3166.7861440623224,0.13855143355045993,1.5347639196310894,1.47468752656555,1.479452338192679e-07,1.00-1.50,1.00-1.50,1.6666666666666667e-05,pneumatic_feed,0.000899999110446629,0.5240949380565302,4.158995083025924e-35,-0.29192670809892035,active,
copper,partial,0.3917623529613491,1.3545638876353139,1.3545638876353139,0.012,0.05719730353235697,0.06919730353235697,8900.0,,2369.995580184293,0.16399730353235697,1.6563541941816635,1.6044007218409855,3.0090935781679626e-07,1.00-1.50,1.00-1.50,1.6666666666666667e-05,pneumatic_feed,0.019014735747813906,0.0,0.0,0.0,heavy,7.541999999999391
copper,partial,0.3375813511228369,1.275395877484768,1.275395877484768,0.012,0.04928687726393419,0.061286877263934184,8900.0,,2546.8237938072834,0.1560868772639342,1.6204046221387325,1.5652282982155388,2.538963220789198e-07,1.00-1.50,1.00-1.50,1.6666666666666667e-05,pneumatic_feed,0.005523272355998855,0.26331863748098855,1.1565876575041798e-32,-0.2744499120804572,active,
copper,partial,0.22810717640483413,1.262177005374158,1.262177005374158,0.012,0.03330364775510579,0.045303647755105786,8900.0,,3092.5467307280105,0.14010364775510578,1.5525848367951982,1.4829251009960485,2.2319783128970208e-07,1.00-1.50,1.00-1.50,1.6666666666666667e-05,pneumatic_feed,-0.005142120307310969,0.520541286455695,8.941845779182203e-34,-0.29194748093336975,active,
copper,partial,0.39321751220355033,1.2882255176090731,1.2882255176090731,0.012,0.05740975678171835,0.06940975678171835,8900.0,,2365.8022214100183,0.16420975678171834,1.653237972168705,1.605439610339128,2.7251019403181393e-07,1.00-1.50,1.00-1.50,1.6666666666666667e-05,pneumatic_feed,0.020856146690055644,0.0,0.0,0.0,heavy,8.545999999999523
copper,heavily_coated,0.6131731137013782,1.0145773937447045,1.0145773937447045,0.012,0.0895232746004012,0.1015232746004012,8900.0,,1933.776026956733,0.19632327460040122,1.7366247070827636,1.7554173629447494,2.0208875672662946e-07,1.00-1.50,1.00-1.50,1.6666666666666667e-05,pneumatic_feed,-0.022115151515416123,0.0,0.0,0.0,heavy,3.0139999999998897
copper,partial,0.45282479773023604,1.4864530965880831,1.4864530965880831,0.012,0.06611242046861446,0.07811242046861445,8900.0,,2213.6354171497046,0.17291242046861446,1.6984926441911974,1.6474323511681361,3.820573951219079e-07,1.00-1.50,1.00-1.50,1.6666666666666667e-05,pneumatic_feed,0.021882386163948848,0.0,0.0,0.0,heavy,4.255999999999753
aluminum,partial,0.22195767229888447,1.186559433234209,1.186559433234209,0.0218,0.03489174608538464,0.05669174608538464,2700.0,,2300.5354770596227,0.13042137312588334,1.4815374570194646,1.4307668826835016,1.8362328855474148e-07,1.00-1.50,1.00-1.50,1.6666666666666667e-05,pneumatic_feed,-0.012474225076179651,0.5350818079647753,-2.1202939765937246e-35,-0.29172055076340214,active,
aluminum,heavily_coated,0.37792460074251205,1.1266688590394367,1.1266688590394367,0.0218,0.05940974723672289,0.08120974723672289,2700.0,,2225.1844966176436,0.1807066705253933,1.706458342033961,1.684153170161958,2.2938592457946493e-07,1.00-1.50,1.00-1.50,1.6666666666666667e-05,pneumatic_feed,0.00661469211061218,0.0,0.0,0.0,heavy,4.005999999999781
aluminum,heavily_coated,0.3992074151824615,1.4777455034712768,1.4777455034712768,0.0218,0.06275540566668295,0.08455540566668295,2700.0,,2218.290613711576,0.1875684627289774,1.7615838027672426,1.7158305834184298,4.0959921167958196e-07,1.00-1.50,1.00-1.50,1.6666666666666667e-05,pneumatic_feed,0.012498404086605075,0.0,0.0,0.0,heavy,2.537999999999942
copper,partial,0.4360515788813368,1.380591094814895,1.380591094814895,0.012,0.06366353051667517,0.07566353051667517,8900.0,,2252.915365601496,0.17046353051667518,1.6829985212896454,1.6357247858334036,3.2490890497562135e-07,1.00-1.50,1.00-1.50,1.6666666666666667e-05,pneumatic_feed,-0.019737835444161203,0.0,0.0,0.0,heavy,5.053999999999665
copper,partial,0.22322930930923923,1.3154147680012316,1.3154147680012316,0.012,0.03259147915914892,0.04459147915914892,8900.0,,3125.9667045727438,0.13939147915914893,1.5515263580357466,1.4791513299463317,2.4119130830811807e-07,1.00-1.50,1.00-1.50,1.6666666666666667e-05,pneumatic_feed,-0.019888057313805493,0.5207506604213942,-9.121374623946965e-34,-0.2919477958351658,active,
copper,partial,0.4350662005279032,1.1457380624481284,1.1457380624481284,0.012,0.06351966527707387,0.07551966527707386,8900.0,,2255.302173972681,0.17031966527707387,1.6656959053621043,1.635034392968219,2.235812999466412e-07,1.00-1.50,1.00-1.50,1.6666666666666667e-05,pneumatic_feed,-0.03830457412796511,0.0,0.0,0.0,heavy,6.277999999999531
copper,partial,0.12668550152526736,1.2835675236228954,1.2835675236228954,0.012,0.018496083222689034,0.030496083222689034,8900.0,,4108.595923868314,0.12529608322268904,1.485230100714838,1.402372034184698,2.0643100906955968e-07,1.00-1.50,1.00-1.50,1.6666666666666667e-05,pneumatic_feed,0.009632772546787915,0.5342997402267705,-2.5811018806466836e-35,-0.29180852590329504,active,
copper,partial,0.2932220545606943,1.2182564318470306,1.2182564318470306,0.012,0.042810419965861365,0.05481041996586136,8900.0,,2729.5981322355515,0.14961041996586136,1.5909071264488626,1.5324115477847848,2.2204411534614287e-07,1.00-1.50,1.00-1.50,1.6666666666666667e-05,pneumatic_feed,0.014203875988439045,0.5122388861628371,-6.646031789903181e-33,-0.2902978647796549,active,
copper,partial,0.26886321162604676,1.3666999961721182,1.3666999961721182,0.012,0.03925402889740283,0.051254028897402826,8900.0,,2849.6106947956196,0.14605402889740282,1.582811770735702,1.5140885170866447,2.7280977530843714e-07,1.00-1.50,1.00-1.50,1.6666666666666667e-05,pneumatic_feed,-0.005091018549987646,0.5144913707095449,2.865717927516046e-33,-0.2916340915921778,active,
aluminum,heavily_coated,0.3592415392678035,1.0692969370273415,1.0692969370273415,0.0218,0.05647276997289871,0.07827276997289871,2700.0,,2231.7220246046622,0.1746830646753325,1.6761364469081608,1.6558458210666895,1.9973190685548918e-07,1.00-1.50,1.00-1.50,1.6666666666666667e-05,pneumatic_feed,-0.015821635569912257,0.0,0.0,0.0,heavy,5.547999999999611
copper,partial,0.1333744826934885,1.398074464350615,1.398074464350615,0.012,0.01947267447324932,0.03147267447324932,8900.0,,4012.1367690113752,0.1262726744732493,1.4927804415716208,1.407826657842549,2.4681411104571406e-07,1.00-1.50,1.00-1.50,1.6666666666666667e-05,pneumatic_feed,0.0219695885479596,0.5327120577936812,3.174982642231584e-35,-0.2918366263672533,active,
copper,partial,0.45424609167539737,1.0249269547435735,1.0249269547435735,0.012,0.06631992938460801,0.07831992938460801,8900.0,,2210.419886035173,0.17311992938460802,1.66395607943608,1.6484205809261203,1.8185820327465354e-07,1.00-1.50,1.00-1.50,1.6666666666666667e-05,pneumatic_feed,0.0046521486054152085,0.0,0.0,0.0,heavy,6.539999999999502
copper,heavily_coated,0.5223012912438862,1.3509213983047499,1.3509213983047499,0.012,0.07625598852160739,0.08825598852160739,8900.0,,2074.1480729864634,0.1830559885216074,1.7277030826500575,1.6950654252373711,3.340750966798022e-07,1.00-1.50,1.00-1.50,1.6666666666666667e-05,pneumatic_feed,0.009103622511580945,0.0,0.0,0.0,heavy,3.2499999999998637
copper,partial,0.1306956407105292,1.4074728738841795,1.4074728738841795,0.012,0.01908156354373726,0.03108156354373726,8900.0,,4050.039611636642,0.12588156354373725,1.4910800097009413,1.4056446995533758,2.493688459925091e-07,1.00-1.50,1.00-1.50,1.6666666666666667e-05,pneumatic_feed,-0.021305693267959273,0.5330685840029005,2.3719064473631657e-35,-0.2918309475966375,active,
copper,partial,0.14436943140058345,1.0643472179333462,1.0643472179333462,0.012,0.021077936984485183,0.03307793698448518,8900.0,,3865.9586613416923,0.12787793698448519,1.4900652316689735,1.4167470130226072,1.4486460278505404e-07,1.00-1.50,1.00-1.50,1.6666666666666667e-05,pneumatic_feed,-0.03383399073917621,0.5332817182540887,-3.4689674061734155e-35,-0.2918225210392754,active,
copper,partial,0.14106267840369302,1.243935624269497,1.243935624269497,0.012,0.020595151046939177,0.03259515104693918,8900.0,,3908.4080593301046,0.1273951510469392,1.4941256028885042,1.414070115246326,1.9712817852262446e-07,1.00-1.50,1.00-1.50,1.6666666666666667e-05,pneumatic_feed,-0.01664752030338071,0.5324304734766909,7.937448374940775e-35,-0.29183920682996284,active,
aluminum,partial,0.25047387902905505,1.306220375499019,1.306220375499019,0.0218,0.03937449378336746,0.06117449378336746,2700.0,,2282.246647306417,0.13961528333775763,1.5341886902536264,1.480338301628869,2.3821322565311316e-07,1.00-1.50,1.00-1.50,1.6666666666666667e-05,pneumatic_feed,0.02270003742660858,0.5242113278974514,-3.3257075177599715e-34,-0.2918789172382829,active,
aluminum,partial,0.2699666761964835,1.380452965776295,1.380452965776295,0.0218,0.042438761498087216,0.06423876149808722,2700.0,,2271.2137138081744,0.14589995607250825,1.5687652075626866,1.5132896981457613,2.7803430829568916e-07,1.00-1.50,1.00-1.50,1.6666666666666667e-05,pneumatic_feed,-0.003043461341895516,0.5173669517292476,1.1478777452121615e-33,-0.2919119104004287,active,
copper,heavily_coated,0.5064136346915428,1.4881057572627596,1.4881057572627596,0.012,0.07393639066496524,0.08593639066496524,8900.0,,2103.141512768331,0.18073639066496525,1.728356941752265,1.6842916576048506,4.0023328081136314e-07,1.00-1.50,1.00-1.50,1.6666666666666667e-05,pneumatic_feed,0.0029338066385315668,0.0,0.0,0.0,heavy,3.2619999999998623
copper,partial,0.33572788517620944,1.4101096575908174,1.4101096575908174,0.012,0.04901627123572658,0.061016271235726574,8900.0,,2553.683928566454,0.15581627123572658,1.6261111483847248,1.563870900463323,3.098265144695026e-07,1.00-1.50,1.00-1.50,1.6666666666666667e-05,pneumatic_feed,-0.018806855449400313,0.18787357878311062,-3.303740288309546e-32,-0.2794199879530923,active,
aluminum,heavily_coated,0.35893787829004664,1.1224798997879366,1.1224798997879366,0.0218,0.05642503446719534,0.07822503446719534,2700.0,,2231.8323351165595,0.17458516133949392,1.6808219638412976,1.6553817361517242,2.1997051636432663e-07,1.00-1.50,1.00-1.50,1.6666666666666667e-05,pneumatic_feed,0.028248779397623304,0.0,0.0,0.0,heavy,5.0719999999996634
copper,partial,0.45328704406357073,1.162548686826513,1.162548686826513,0.012,0.06617990843328132,0.07817990843328132,8900.0,,2212.5877594356903,0.17297990843328132,1.6766684745890574,1.6477538174037965,2.3378571057568857e-07,1.00-1.50,1.00-1.50,1.6666666666666667e-05,pneumatic_feed,-0.0067248693544457935,0.0,0.0,0.0,heavy,5.525999999999613
aluminum,heavily_coated,0.38416615875717264,1.1175392892417562,1.1175392892417562,0.0218,0.060390920156627545,0.08219092015662754,2700.0,,2223.104582558519,0.18271901124490003,1.7137375045979626,1.6935045321757929,2.2819668834079756e-07,1.00-1.50,1.00-1.50,1.6666666666666667e-05,pneumatic_feed,0.02697484074754964,0.0,0.0,0.0,heavy,3.563999999999829
aluminum,partial,0.2636780759651083,1.3005235940842368,1.3005235940842368,0.0218,0.041450193541715016,0.06325019354171502,2700.0,,2274.6562566171947,0.14387244847191055,1.5548433903819516,1.502738151247618,2.4334033734382244e-07,1.00-1.50,1.00-1.50,1.6666666666666667e-05,pneumatic_feed,0.010139983428860223,0.5200957901583244,-4.820637151813014e-35,-0.29190479191207774,active,
aluminum,partial,0.26101775022812995,1.3321730386288804,1.3321730386288804,0.0218,0.04103199033586204,0.06283199033586204,2700.0,,2276.1451942964186,0.14301473285105137,1.5522821022319466,1.4982520638497725,2.5380610186334724e-07,1.00-1.50,1.00-1.50,1.6666666666666667e-05,pneumatic_feed,0.006298836321524572,0.5206017529284872,1.2146137858676655e-36,-0.2919026483325306,active,
copper,partial,0.11286018356791383,1.4135206496595534,1.4135206496595534,0.012,0.01647758680091542,0.02847758680091542,8900.0,,4328.93375631648,0.12327758680091541,1.478335869846256,1.391030194649695,2.463136268284696e-07,1.00-1.50,1.00-1.50,1.6666666666666667e-05,pneumatic_feed,-0.012575355338765498,0.5357598313245377,1.6958052691890465e-35,-0.2917828109766529,active,
copper,partial,0.31624832266722086,1.151704022833778,1.151704022833778,0.012,0.04617225510941425,0.05817225510941425,8900.0,,2629.6428567483563,0.15297225510941426,1.60058489693784,1.5495329993896119,2.0290578846276602e-07,1.00-1.50,1.00-1.50,1.6666666666666667e-05,pneumatic_feed,-0.016142768988800446,0.49882233509696666,-1.3123544527376307e-33,-0.2626481996804212,active,
copper,heavily_coated,0.5309055898136161,1.1179135854124624,1.1179135854124624,0.012,0.07751221611278795,0.08951221611278795,8900.0,,2059.07332112691,0.18431221611278797,1.7114486718831343,1.7008717012480161,2.3034065042630584e-07,1.00-1.50,1.00-1.50,1.6666666666666667e-05,pneumatic_feed,-0.024463508059639753,0.0,0.0,0.0,heavy,3.745999999999809
copper,heavily_coated,0.5014926285820982,1.3364980415548016,1.3364980415548016,0.012,0.07321792377298633,0.08521792377298633,8900.0,,2112.4420286574873,0.18001792377298634,1.7156964759022881,1.6809406091652357,3.215528786418879e-07,1.00-1.50,1.00-1.50,1.6666666666666667e-05,pneumatic_feed,0.0055647083971472186,0.0,0.0,0.0,heavy,3.509999999999835
copper,partial,0.11635937108543881,1.0821824246725578,1.0821824246725578,0.012,0.016988468178474065,0.028988468178474065,8900.0,,4270.265935279585,0.12378846817847405,1.4720265460594328,1.3939095367093695,1.4497100234045744e-07,1.00-1.50,1.00-1.50,1.6666666666666667e-05,pneumatic_feed,-0.009384561372839644,0.5371049611046406,2.195160607334651e-36,-0.29175150411696915,active,
copper,heavily_coated,0.6946952491937564,1.2992575318400243,1.2992575318400243,0.012,0.10142550638228842,0.11342550638228842,8900.0,,1835.7908465533922,0.20822550638228843,1.8077931312987634,1.8078461074373557,3.514992584699278e-07,1.00-1.50,1.00-1.50,1.6666666666666667e-05,pneumatic_feed,-0.014379433909420945,0.0,0.0,0.0,heavy,1.9960000000000016
copper,partial,0.3171243752746399,1.3619230361571635,1.3619230361571635,0.012,0.046300158790097426,0.05830015879009742,8900.0,,2626.067612291002,0.15310015879009742,1.6125743584694079,1.5501806644289464,2.8397543449654833e-07,1.00-1.50,1.00-1.50,1.6666666666666667e-05,pneumatic_feed,0.00924531783162066,0.36629595730251613,3.258150111343061e-33,-0.26764220078172407,active,
copper,heavily_coated,0.6244012269661163,1.396543341746985,1.396543341746985,0.012,0.09116257913705297,0.10316257913705297,8900.0,,1918.9378628665038,0.197962579137053,1.7832114644582555,1.7627310180895963,3.8609301130949006e-07,1.00-1.50,1.00-1.50,1.6666666666666667e-05,pneumatic_feed,-0.007147703733427563,0.0,0.0,0.0,heavy,2.2439999999999745
copper,partial,0.3355187702213071,1.2199466646290753,1.2199466646290753,0.012,0.04898574045231084,0.06098574045231084,8900.0,,2554.461736414121,0.15578574045231083,1.6159882896399795,1.5637176798065153,2.3185122284016278e-07,1.00-1.50,1.00-1.50,1.6666666666666667e-05,pneumatic_feed,-0.032458506571766,0.309310869423187,3.6260718753846194e-33,-0.2706072527995098,active,
copper,heavily_coated,0.5231689230918836,1.2474282699902268,1.2474282699902268,0.012,0.07638266277141499,0.08838266277141499,8900.0,,2072.6085527110927,0.18318266277141498,1.7199214077107394,1.6956518141588295,2.850463812351611e-07,1.00-1.50,1.00-1.50,1.6666666666666667e-05,pneumatic_feed,0.003399365263033554,0.0,0.0,0.0,heavy,3.493999999999837
copper,partial,0.13253846126763635,1.0692568169874523,1.0692568169874523,0.012,0.01935061534507491,0.03135061534507491,8900.0,,4023.8640918699793,0.1261506153450749,1.48243231227699,1.4071460686283765,1.4422927777630666e-07,1.00-1.50,1.00-1.50,1.6666666666666667e-05,pneumatic_feed,0.021498371487497826,0.5348911272585141,-9.274227234730255e-36,-0.2917945828649546,active,
aluminum,heavily_coated,0.3542244789042855,1.2285160172691099,1.2285160172691099,0.0218,0.05568408808375368,0.07748408808375368,2700.0,,2233.561993482606,0.17306551424353067,1.6832972579709853,1.648161494382895,2.6119940508798724e-07,1.00-1.50,1.00-1.50,1.6666666666666667e-05,pneumatic_feed,-0.010246818415826418,0.0,0.0,0.0,heavy,4.821999999999691
aluminum,heavily_coated,0.32032707654044434,1.4422953487098333,1.4422953487098333,0.0218,0.05035541643215785,0.07215541643215785,2700.0,,2247.0475643342616,0.16213665274740466,1.6484890678925868,1.5952732999468346,3.372792386256511e-07,1.00-1.50,1.00-1.50,1.6666666666666667e-05,pneumatic_feed,-0.03984487605175413,0.0,0.0,0.0,heavy,9.031999999999686
copper,partial,0.1651599512670472,1.3585138713631584,1.3585138713631584,0.012,0.02411335288498889,0.03611335288498889,8900.0,,3625.0678053049237,0.1309133528849889,1.5140518639254565,1.4334629353013582,2.416084395236139e-07,1.00-1.50,1.00-1.50,1.6666666666666667e-05,pneumatic_feed,-0.027321889954104905,0.5283020691238303,7.480426854114181e-35,-0.291895915122101,active,
aluminum,heavily_coated,0.34901788672826756,1.475880801618893,1.475880801618893,0.0218,0.05486561179368367,0.07666561179368367,2700.0,,2235.5115005314674,0.17138685686006075,1.6919126364715884,1.6401488058330298,3.7331898899195175e-07,1.00-1.50,1.00-1.50,1.6666666666666667e-05,pneumatic_feed,0.02843719996117197,0.0,0.0,0.0,heavy,4.751999999999699
aluminum,partial,0.25021961073660137,1.0419462186938078,1.0419462186938078,0.0218,0.03933452280779374,0.06113452280779374,2700.0,,2282.397870942394,0.13953330469758765,1.5173986365158185,1.4799036287993,1.5148460051868959e-07,1.00-1.50,1.00-1.50,1.6666666666666667e-05,pneumatic_feed,0.02810743532874386,0.5276174326589371,-4.2621909495867797e-35,-0.29184300006210917,active,
copper,partial,0.2857032140165844,1.001944047513035,1.001944047513035,0.012,0.04171266924642132,0.05371266924642132,8900.0,,2764.946731004551,0.1485126692464213,1.5726791957713275,1.5267792428808524,1.490906618940367e-07,1.00-1.50,1.00-1.50,1.6666666666666667e-05,pneumatic_feed,0.021799178038665615,0.516605799937235,7.921301164688482e-34,-0.2919428942069584,active,
copper,partial,0.2781695491027245,1.3078405482068496,1.3078405482068496,0.012,0.040612754168997775,0.05261275416899777,8900.0,,2801.844467132291,0.14741275416899777,1.586133312553118,1.5211149165781621,2.5214168832012886e-07,1.00-1.50,1.00-1.50,1.6666666666666667e-05,pneumatic_feed,0.043151341065086196,0.513629854286877,6.040307697942912e-33,-0.29119813181481896,active,
copper,partial,0.19902159153126164,1.4890714576159123,1.4890714576159123,0.012,0.0290571523635642,0.0410571523635642,8900.0,,3308.976500867347,0.1358571523635642,1.5409038905872534,1.460278693776809,3.0124065670718734e-07,1.00-1.50,1.00-1.50,1.6666666666666667e-05,pneumatic_feed,0.022254660429891514,0.5228636532765416,-8.014892953366597e-34,-0.2919416734751078,active,
copper,partial,0.2312126558810914,1.3268246597009339,1.3268246597009339,0.012,0.033757047758639344,0.04575704775863934,8900.0,,3071.8119862114772,0.14055704775863934,1.5571386665324871,1.4853226658270595,2.4744557720843766e-07,1.00-1.50,1.00-1.50,1.6666666666666667e-05,pneumatic_feed,-0.0038656003136788206,0.5196428356468723,-5.784460987998792e-34,-0.2919504456308292,active,
copper,heavily_coated,0.5532681748868864,1.3649647018162834,1.3649647018162834,0.012,0.08077715353348541,0.09277715353348541,8900.0,,2021.8032822680264,0.18757715353348542,1.744825916139687,1.7158703336387593,3.494803664335261e-07,1.00-1.50,1.00-1.50,1.6666666666666667e-05,pneumatic_feed,-0.041167743253664256,0.0,0.0,0.0,heavy,2.7879999999999145
copper,heavily_coated,0.4821301390225869,1.4327019889094286,1.4327019889094286,0.012,0.07039100029729768,0.08239100029729768,8900.0,,2150.6111062849827,0.17719100029729767,1.711702259821806,1.6676900013690747,3.6370844695057806e-07,1.00-1.50,1.00-1.50,1.6666666666666667e-05,pneumatic_feed,-0.005970727748005372,0.0,0.0,0.0,heavy,3.7439999999998093
aluminum,partial,0.2375176509099732,1.1732760705031915,1.1732760705031915,0.0218,0.03733777472304779,0.05913777472304779,2700.0,,2290.2124143859633,0.13543806582988446,1.5061552065744146,1.4580246504314893,1.8644089080904346e-07,1.00-1.50,1.00-1.50,1.6666666666666667e-05,pneumatic_feed,-0.0032628891253483044,0.5299295119459021,-1.0918630583405495e-34,-0.2918118723327868,active,
copper,partial,0.14030803894767363,1.3906881014036907,1.3906881014036907,0.012,0.020484973686360344,0.032484973686360344,8900.0,,3918.2723346272633,0.12728497368636035,1.4975327929278417,1.4134585055745754,2.461708441407502e-07,1.00-1.50,1.00-1.50,1.6666666666666667e-05,pneumatic_feed,0.03371308577078736,0.5317188024744999,4.0991009538803555e-35,-0.29185189177914317,active,
copper,partial,0.41954900440939125,1.06495687333702,1.06495687333702,0.012,0.061254154643771125,0.07325415464377112,8900.0,,2294.1245511739853,0.16805415464377113,1.6504048721484172,1.6241237672322364,1.905957864436817e-07,1.00-1.50,1.00-1.50,1.6666666666666667e-05,pneumatic_feed,-0.010169732984242522,0.0,0.0,0.0,heavy,8.779999999999601
copper,partial,0.38219377473576843,1.1364032985336268,1.1364032985336268,0.012,0.05580029111142219,0.06780029111142219,8900.0,,2398.224084970473,0.16260029111142218,1.636601563526063,1.5975525560321584,2.0998404143980116e-07,1.00-1.50,1.00-1.50,1.6666666666666667e-05,pneumatic_feed,0.00876624746002305,0.06268867641564689,-7.360647763122822e-32,-0.28855786137524564,active,
copper,partial,0.3699332979981805,1.2993511461928353,1.2993511461928353,0.012,0.054010261507734345,0.06601026150773434,8900.0,,2436.140349010622,0.16081026150773436,1.64061210930936,1.5887346740804138,2.7149811953993524e-07,1.00-1.50,1.00-1.50,1.6666666666666667e-05,pneumatic_feed,0.007665146663569167,0.016489732366303064,1.3916049947869943e-32,-0.29206107965659767,active,
copper,partial,0.20707024817971842,1.2262590141482874,1.2262590141482874,0.012,0.030232256234238888,0.04223225623423889,8900.0,,3244.7297031491053,0.1370322562342389,1.5375728232309582,1.4665804764323755,2.0605693431957047e-07,1.00-1.50,1.00-1.50,1.6666666666666667e-05,pneumatic_feed,0.005713951634629584,0.5235307455302651,-2.9984189012784674e-35,-0.29193429288552225,active,
aluminum,heavily_coated,0.43591000299527904,1.4701556222863819,1.4701556222863819,0.0218,0.06852505247085787,0.09032505247085787,2700.0,,2207.6017517957393,0.1994017440657079,1.8094600822670859,1.7691268396741235,4.309784657653996e-07,1.00-1.50,1.00-1.50,1.6666666666666667e-05,pneumatic_feed,0.01846041428231619,0.0,0.0,0.0,heavy,1.9940000000000015
copper,partial,0.29270663881343817,1.1330853607175988,1.1330853607175988,0.012,0.04273516926676198,0.054735169266761974,8900.0,,2731.97600866044,0.14953516926676197,1.5856913484910957,1.5320261149246432,1.9198557718737942e-07,1.00-1.50,1.00-1.50,1.6666666666666667e-05,pneumatic_feed,-0.00849137345574188,0.5137493311285599,7.52944621992654e-33,-0.29126190320912004,active,
aluminum,partial,0.26171369384974114,1.3368053777773015,1.3368053777773015,0.0218,0.0411413926731793,0.0629413926731793,2700.0,,2275.7537758635003,0.14323911203409503,1.5536151104153022,1.4994269246906153,2.559752572118566e-07,1.00-1.50,1.00-1.50,1.6666666666666667e-05,pneumatic_feed,0.03955326813604663,0.5203382737367626,1.1952868346786332e-33,-0.29190382783958724,active,
copper,partial,0.33510269317028296,1.4838697505324165,1.4838697505324165,0.012,0.04892499320286131,0.06092499320286131,8900.0,,2556.0116631338055,0.15572499320286132,1.6289553824764769,1.5634127712514412,3.4288610303957933e-07,1.00-1.50,1.00-1.50,1.6666666666666667e-05,pneumatic_feed,-0.017270793269233548,0.15515798985725068,-4.964231445767899e-32,-0.2818987187780113,active,
copper,partial,0.2575385936761523,1.055378974713429,1.055378974713429,0.012,0.03760063467671823,0.04960063467671823,8900.0,,2911.2658662107333,0.14440063467671824,1.560113543298715,1.505494059066913,1.6083700518923536e-07,1.00-1.50,1.00-1.50,1.6666666666666667e-05,pneumatic_feed,-0.005553287743984085,0.5190580754464019,-3.484930328974943e-33,-0.2919455413903008,active,
aluminum,heavily_coated,0.30933541367935624,1.4032917648895213,1.4032917648895213,0.0218,0.0486275270303948,0.0704275270303948,2700.0,,2251.858575921833,0.15859283072436123,1.6301390700160145,1.5777430307402958,3.1230540755997844e-07,1.00-1.50,1.00-1.50,1.6666666666666667e-05,pneumatic_feed,-0.03694235019664247,0.13942657567143343,-1.3984931856620489e-32,-0.28291118450521313,active,
aluminum,partial,0.23190819373953064,1.4881498945759728,1.4881498945759728,0.0218,0.036455968055854215,0.058255968055854215,2700.0,,2293.834008825358,0.13362952074356207,1.5116042249166832,1.4482572138922527,2.9593461487255245e-07,1.00-1.50,1.00-1.50,1.6666666666666667e-05,pneumatic_feed,-0.0019940635872009002,0.5288058134874061,-6.569093347869054e-35,-0.29182827966631414,active,
aluminum,partial,0.2581406909306019,1.0479555002674663,1.0479555002674663,0.0218,0.04057971661429062,0.06237971661429062,2700.0,,2277.7779040179944,0.14208714016293536,1.5300551660863946,1.493385332724757,1.5604162199879533e-07,1.00-1.50,1.00-1.50,1.6666666666666667e-05,pneumatic_feed,0.009135060017475298,0.5250447667776557,8.666055660810364e-34,-0.29187097822527763,active,
aluminum,partial,0.21164130458327257,1.410489637556887,1.410489637556887,0.0218,0.03327001308049045,0.05507001308049045,2700.0,,2307.885288222652,0.1270952730106929,1.4743273706110598,1.4124048304844599,2.528536330884989e-07,1.00-1.50,1.00-1.50,1.6666666666666667e-05,pneumatic_feed,-0.03331207845609849,0.5366147581146324,-6.824714398125987e-35,-0.2916879335152587,active,
aluminum,partial,0.24716767183312421,1.3410005979849113,1.3410005979849113,0.0218,0.038854758012167125,0.060654758012167125,2700.0,,2284.2285356727507,0.13854932907571757,1.5305650487289555,1.4746763269180336,2.4915084824445496e-07,1.00-1.50,1.00-1.50,1.6666666666666667e-05,pneumatic_feed,0.031905531588077234,0.5249417740760115,4.192540939186092e-34,-0.29187243346254105,active,
copper,partial,0.3791903825858644,1.0615132683378974,1.0615132683378974,0.012,0.0553617958575362,0.0673617958575362,8900.0,,2407.3259002846808,0.1621617958575362,1.6288799817084707,1.595396987517492,1.8272560111289933e-07,1.00-1.50,1.00-1.50,1.6666666666666667e-05,pneumatic_feed,0.017460150495360705,0.14450400434843266,-3.387846592458409e-32,-0.28182413304015486,active,
copper,partial,0.32976056701071316,1.0925257028475839,1.0925257028475839,0.012,0.048145042783564115,0.06014504278356411,8900.0,,2576.189750851854,0.15494504278356414,1.6042611481326698,1.5594926712013824,1.8494432614867123e-07,1.00-1.50,1.00-1.50,1.6666666666666667e-05,pneumatic_feed,-0.012302237147723025,0.4639443791003239,-6.99276570768991e-33,-0.2604163243864945,active,
aluminum,heavily_coated,0.27867749289323684,1.0100373288372408,1.0100373288372408,0.0218,0.043808101882816836,0.06560810188281684,2700.0,,2266.616564358435,0.14870841048370848,1.5577557221869844,1.52778506700134,1.517086629879912e-07,1.00-1.50,1.00-1.50,1.6666666666666667e-05,pneumatic_feed,-0.01026110946755035,0.5195219769217595,8.420093340031251e-34,-0.29190641200959516,active,
copper,partial,0.11916108839521089,1.2359847216672808,1.2359847216672808,0.012,0.01739751890570079,0.02939751890570079,8900.0,,4224.761936682225,0.12419751890570079,1.4786741775115306,1.396210677778923,1.8973136217448117e-07,1.00-1.50,1.00-1.50,1.6666666666666667e-05,pneumatic_feed,0.023628622399936943,0.5356879819950343,5.597788168913756e-35,-0.29178222017266653,active,
copper,heavily_coated,0.6983699402204273,1.2357613511482928,1.2357613511482928,0.012,0.10196201127218238,0.11396201127218238,8900.0,,1831.856150498989,0.2087620112721824,1.8025848914010625,1.8101736184488424,3.1880174440927213e-07,1.00-1.50,1.00-1.50,1.6666666666666667e-05,pneumatic_feed,-0.03994262856423831,0.0,0.0,0.0,heavy,2.019999999999999
copper,partial,0.1659098048755725,1.4375498315348012,1.4375498315348012,0.012,0.024222831511833586,0.036222831511833586,8900.0,,3617.133891618327,0.13102283151183358,1.5166806575619884,1.4340621895195969,2.707651693268696e-07,1.00-1.50,1.00-1.50,1.6666666666666667e-05,pneumatic_feed,0.012178626847904715,0.5277633868517533,2.4243608703178795e-34,-0.29190267315422364,active,
copper,heavily_coated,0.5682606297837907,1.4676214809075447,1.4676214809075447,0.012,0.08296605194843343,0.09496605194843342,8900.0,,1998.2514599161857,0.18976605194843343,1.7600335532036757,1.7258528185748085,4.0873953042660897e-07,1.00-1.50,1.00-1.50,1.6666666666666667e-05,pneumatic_feed,0.001826181027367639,0.0,0.0,0.0,heavy,2.5539999999999403
aluminum,heavily_coated,0.31939876976259607,1.3652903531691214,1.3652903531691214,0.0218,0.05020948660668011,0.0720094866066801,2700.0,,2247.444954622763,0.1618373573591586,1.6429174111686167,1.5938002262232722,3.016677064807954e-07,1.00-1.50,1.00-1.50,1.6666666666666667e-05,pneumatic_feed,0.026684761270419174,0.0,0.0,0.0,heavy,11.060000000000363
aluminum,heavily_coated,0.27852825979280726,1.066126219423713,1.066126219423713,0.0218,0.0437846424394293,0.0655846424394293,2700.0,,2266.6937061842523,0.14866029623979898,1.5622663612058991,1.5275378914383384,1.6897102641990547e-07,1.00-1.50,1.00-1.50,1.6666666666666667e-05,pneumatic_feed,0.01680830033772262,0.5186363502079734,1.3779254824255304e-33,-0.29190914256871636,active,
copper,heavily_coated,0.7713023963683,1.4119796276575654,1.4119796276575654,0.012,0.11261014986977179,0.12461014986977179,8900.0,,1760.7726986852524,0.2194101498697718,1.8541822011732734,1.8557644549769614,4.3743504693907267e-07,1.00-1.50,1.00-1.50,1.6666666666666667e-05,pneumatic_feed,0.04982029436937919,0.0,0.0,0.0,heavy,1.5800000000000012
aluminum,partial,0.2229484585391731,1.2735484192749604,1.2735484192749604,0.0218,0.035047497682358014,0.056847497682358014,2700.0,,2299.851670660057,0.1307408125176148,1.4876220149827042,1.4325179905594492,2.1205186768042407e-07,1.00-1.50,1.00-1.50,1.6666666666666667e-05,pneumatic_feed,0.014078969219978752,0.5337966786982468,2.963988613421642e-35,-0.29174624644700076,active,
copper,partial,0.2825870441977464,1.2528519219549674,1.2528519219549674,0.012,0.04125770845287097,0.053257708452870964,8900.0,,2780.0240144370996,0.14805770845287097,1.5862521529945381,1.5244388449118786,2.3239699625223537e-07,1.00-1.50,1.00-1.50,1.6666666666666667e-05,pneumatic_feed,0.012767588391738442,0.5135975558952114,-1.1782284509536246e-32,-0.29117876373018153,active,
aluminum,partial,0.25384013999850547,1.0416255299225912,1.0416255299225912,0.0218,0.03990367000776506,0.06170367000776506,2700.0,,2280.2630624598464,0.14070059953691813,1.5229629137886562,1.4860809568564786,1.5265786335113364e-07,1.00-1.50,1.00-1.50,1.6666666666666667e-05,pneumatic_feed,-0.022584015847778815,0.5264825151624708,3.0105921967010317e-34,-0.29185623580737835,active,
copper,partial,0.3410536867953637,1.042303888657758,1.042303888657758,0.012,0.049793838272123095,0.06179383827212309,8900.0,,2534.1335422882594,0.1565938382721231,1.6066510445006885,1.5677681223699007,1.7012313817719354e-07,1.00-1.50,1.00-1.50,1.6666666666666667e-05,pneumatic_feed,-0.007697036522448337,0.439823016973092,-5.9583696793310045e-33,-0.2624894925193119,active,
aluminum,partial,0.23180252464429207,1.2545318654673994,1.2545318654673994,0.0218,0.036439356874082715,0.058239356874082715,2700.0,,2293.9032836404476,0.13359545197056621,1.5013142252702742,1.4480725859327659,2.1025922899976719e-07,1.00-1.50,1.00-1.50,1.6666666666666667e-05,pneumatic_feed,0.028764505131050572,0.5309328483735528,1.5194784278922515e-34,-0.2917965358499755,active,
copper,partial,0.4731870402510501,1.391413772089058,1.391413772089058,0.012,0.0690853078766533,0.0810853078766533,8900.0,,2169.1390522215124,0.1758853078766533,1.7042145333435819,1.6615341683010767,3.405196345343491e-07,1.00-1.50,1.00-1.50,1.6666666666666667e-05,pneumatic_feed,-0.00512868534214837,0.0,0.0,0.0,heavy,3.8299999999998
aluminum,heavily_coated,0.36563827283424755,1.269996414934094,1.269996414934094,0.0218,0.057478336489543716,0.07927833648954372,2700.0,,2229.429165277721,0.17674543554448974,1.7020769027104459,1.6655918936841374,2.850711035361302e-07,1.00-1.50,1.00-1.50,1.6666666666666667e-05,pneumatic_feed,-0.02117631110848546,0.0,0.0,0.0,heavy,4.257999999999753
aluminum,heavily_coated,0.2729472138395602,1.1536716606117086,1.1536716606117086,0.0218,0.042907302015578866,0.06470730201557887,2700.0,,2269.6188318693075,0.1468609112140126,1.5603441274625667,1.5182650830520807,1.9546574879907465e-07,1.00-1.50,1.00-1.50,1.6666666666666667e-05,pneumatic_feed,0.028466527354027063,0.519013301000012,6.580285479393326e-34,-0.29190830549112456,active,
aluminum,partial,0.23979721137877472,1.476471752391854,1.476471752391854,0.0218,0.03769612162874339,0.05949612162874339,2700.0,,2288.7713550532294,0.13617301892063075,1.5242972348151624,1.461975275091279,2.968529374980519e-07,1.00-1.50,1.00-1.50,1.6666666666666667e-05,pneumatic_feed,-0.002402199157198895,0.526211258250644,-1.4007255128983647e-34,-0.2918598474937603,active,
copper,heavily_coated,0.6346367873174469,1.1301033755262253,1.1301033755262253,0.012,0.09265697094834724,0.10465697094834724,8900.0,,1905.8163937000234,0.19945697094834725,1.7613993671888037,1.7693718139512844,2.5473320720612964e-07,1.00-1.50,1.00-1.50,1.6666666666666667e-05,pneumatic_feed,-0.007849559991637672,0.0,0.0,0.0,heavy,2.545999999999941
aluminum,heavily_coated,0.2757313382113049,1.2554008015383853,1.2554008015383853,0.0218,0.04334496636681713,0.06514496636681713,2700.0,,2268.1497741622984,0.1477585407527068,1.571044054802568,1.52289791373371,2.3287206622985332e-07,1.00-1.50,1.00-1.50,1.6666666666666667e-05,pneumatic_feed,0.0104509663331979,0.5169236691195133,-2.220816244557208e-33,-0.2919121245223787,active,
aluminum,partial,0.2639227060148072,1.4248336136357311,1.4248336136357311,0.0218,0.041488649385527696,0.0632886493855277,2700.0,,2274.5203293776012,0.14395131964623398,1.5612801062152282,1.5031499968956155,2.922428905622262e-07,1.00-1.50,1.00-1.50,1.6666666666666667e-05,pneumatic_feed,-0.003426675907780624,0.5188296636718495,1.3556987599049658e-34,-0.29190920466840464,active,
aluminum,partial,0.25610639735898527,1.363122743484773,1.363122743484773,0.0218,0.04025992566483249,0.06205992566483249,2700.0,,2278.94671251041,0.14143126357251043,1.5459799389079654,1.489934600254026,2.627939419491534e-07,1.00-1.50,1.00-1.50,1.6666666666666667e-05,pneumatic_feed,0.03617364092729314,0.5218519490115038,1.2648502300114845e-33,-0.2918960910748667,active,
copper,partial,0.1686467654467666,1.174939113233155,1.174939113233155,0.012,0.02462242775522792,0.03662242775522792,8900.0,,3588.5777052687913,0.13142242775522792,1.5104264338589148,1.436247341527934,1.814262853729858e-07,1.00-1.50,1.00-1.50,1.6666666666666667e-05,pneumatic_feed,0.039077791494923075,0.529047264077155,8.642731775908306e-35,-0.2918846524450414,active,
aluminum,heavily_coated,0.4192349456074098,1.4409935619587304,1.4409935619587304,0.0218,0.06590373344948483,0.08770373344948483,2700.0,,2212.2836871595537,0.194025538813285,1.7858172775367818,1.7451145685064122,4.028867448343545e-07,1.00-1.50,1.00-1.50,1.6666666666666667e-05,pneumatic_feed,-0.014618625117318743,0.0,0.0,0.0,heavy,2.247999999999974
aluminum,heavily_coated,0.3507093328019918,1.2064851562510055,1.2064851562510055,0.0218,0.05513150711647312,0.07693150711647312,2700.0,,2234.873622433881,0.17193219598869017,1.6767443960526476,1.642756143874824,2.502656103926951e-07,1.00-1.50,1.00-1.50,1.6666666666666667e-05,pneumatic_feed,-0.037255058043974686,0.0,0.0,0.0,heavy,5.525999999999613
copper,partial,0.2769804450316169,1.3995973478830392,1.3995973478830392,0.012,0.040439144974616065,0.05243914497461606,8900.0,,2807.8097964009394,0.14723914497461607,1.589266784370316,1.5202189380222753,2.884227467923568e-07,1.00-1.50,1.00-1.50,1.6666666666666667e-05,pneumatic_feed,-0.017668928771207494,0.512737292852188,2.8355619486261607e-33,-0.29064570051512584,active,
copper,partial,0.20897569739805533,1.3875092632356278,1.3875092632356278,0.012,0.030510451820116077,0.04251045182011608,8900.0,,3230.039812353638,0.1373104518201161,1.5446354850870732,1.4680684084090028,2.6434760415452014e-07,1.00-1.50,1.00-1.50,1.6666666666666667e-05,pneumatic_feed,0.015584224097726192,0.5221189431977653,-1.9693865838328307e-34,-0.29194395106805543,active,
copper,partial,0.23701326919214327,1.1332048145008349,1.1332048145008349,0.012,0.034603937302052926,0.04660393730205292,8900.0,,3034.1628945549205,0.14140393730205292,1.5522074942875441,1.4897906563987515,1.8158431173619314e-07,1.00-1.50,1.00-1.50,1.6666666666666667e-05,pneumatic_feed,0.01022922943361017,0.5206159417251692,-1.0575331707315426e-33,-0.2919447357061472,active,
copper,partial,0.39032485020839947,1.2108478243307037,1.2108478243307037,0.012,0.056987428130426315,0.06898742813042631,8900.0,,2374.1634174385067,0.16378742813042632,1.646519228533829,1.6033737779866464,2.401373396364092e-07,1.00-1.50,1.00-1.50,1.6666666666666667e-05,pneumatic_feed,0.04170590400736264,0.0,0.0,0.0,heavy,9.79599999999994
copper,partial,0.3021702154296368,1.2738034843790544,1.2738034843790544,0.012,0.044116851452726966,0.05611685145272696,8900.0,,2689.3321265513246,0.15091685145272699,1.5992071646477595,1.5390876844423136,2.448739580588149e-07,1.00-1.50,1.00-1.50,1.6666666666666667e-05,pneumatic_feed,-0.030664668477806918,0.5084481948918292,-6.85517649035269e-33,-0.28459255922564425,active,
copper,partial,0.13387280917372468,1.4596619630120706,1.4596619630120706,0.012,0.019545430139363797,0.0315454301393638,8900.0,,4005.1896449401825,0.1263454301393638,1.4944976716176215,1.4082321795312924,2.691932217907971e-07,1.00-1.50,1.00-1.50,1.6666666666666667e-05,pneumatic_feed,-0.042963280474173,0.5323526042567988,-6.3055307907518e-35,-0.29184293216917156,active,
copper,partial,0.18640085953280916,1.4314182685642343,1.4314182685642343,0.012,0.027214525491790136,0.039214525491790136,8900.0,,3417.4715570598223,0.13401452549179013,1.530683861713621,1.4503420259094535,2.745901689100215e-07,1.00-1.50,1.00-1.50,1.6666666666666667e-05,pneumatic_feed,-0.03581131470686759,0.52491697902655,-2.5151561695683517e-34,-0.29192810522063145,active,
aluminum,partial,0.2624164443309013,1.4490711943615684,1.4490711943615684,0.0218,0.041251865048817685,0.06305186504881768,2700.0,,2275.3599073659134,0.14346568581672586,1.5599435196270959,1.5006123432050429,3.0125029815469834e-07,1.00-1.50,1.00-1.50,1.6666666666666667e-05,pneumatic_feed,0.024187947721869697,0.5190919414657396,1.2484079146855404e-33,-0.29190849360215004,active,
aluminum,partial,0.24769903238780924,1.3882004576367941,1.3882004576367941,0.0218,0.03893828789136362,0.06073828789136362,2700.0,,2283.9077268735173,0.13872064503215356,1.5335905917208268,1.475587762359353,2.673286258698669e-07,1.00-1.50,1.00-1.50,1.6666666666666667e-05,pneumatic_feed,-0.01688528172066023,0.5243317147716865,-1.6537186847754622e-34,-0.29187798682161614,active,
copper,partial,0.14844488993428817,1.2691011781431147,1.2691011781431147,0.012,0.02167295393040607,0.03367295393040607,8900.0,,3815.3158227795784,0.12847295393040606,1.4999572434197561,1.4200392547009586,2.0692082646568718e-07,1.00-1.50,1.00-1.50,1.6666666666666667e-05,pneumatic_feed,-0.025025962199677714,0.5312138951917461,-5.750491471943181e-35,-0.2918577686255748,active,
copper,partial,0.1733891386765828,1.4372266954935524,1.4372266954935524,0.012,0.025314814246781083,0.03731481424678108,8900.0,,3540.545944381267,0.1321148142467811,1.5218736650636993,1.440025737414952,2.728990784699566e-07,1.00-1.50,1.00-1.50,1.6666666666666667e-05,pneumatic_feed,-0.027697215653457383,0.5267033140461036,-4.2632955724082985e-35,-0.2919132088518595,active,
aluminum,heavily_coated,0.3319764386455384,1.2754904484736826,1.2754904484736826,0.0218,0.052186696155078635,0.07398669615507864,2700.0,,2242.1939646553706,0.165892523583708,1.6555087479369632,1.613644648046738,2.698865459787209e-07,1.00-1.50,1.00-1.50,1.6666666666666667e-05,pneumatic_feed,-0.01468652994724597,0.0,0.0,0.0,heavy,7.803999999999363
copper,partial,0.12564093029931478,1.2249680211438392,1.2249680211438392,0.012,0.018343575823699956,0.030343575823699957,8900.0,,4124.219787107494,0.12514357582369995,1.4828947386611613,1.401518307454025,1.877837738248112e-07,1.00-1.50,1.00-1.50,1.6666666666666667e-05,pneumatic_feed,0.002099566585263642,0.5347932345227403,-1.857037207390619e-35,-0.2917988754825966,active,
aluminum,partial,0.25457568400818753,1.2127426581102083,1.2127426581102083,0.0218,0.04001929752608708,0.06181929752608708,2700.0,,2279.83416054842,0.14093774628107975,1.535632923099369,1.4873328025791093,2.072834510962614e-07,1.00-1.50,1.00-1.50,1.6666666666666667e-05,pneumatic_feed,-0.02386965149391397,0.5239209119299668,-1.625165209208298e-34,-0.29188121278879,active,
copper,heavily_coated,0.5135796789763758,1.2514604770104145,1.2514604770104145,0.012,0.07498263313055087,0.08698263313055087,8900.0,,2089.87273192473,0.18178263313055087,1.715365414044567,1.6891596163823972,2.8469947539903696e-07,1.00-1.50,1.00-1.50,1.6666666666666667e-05,pneumatic_feed,-0.019127650265899746,0.0,0.0,0.0,heavy,3.747999999999809
copper,partial,0.21938273064928182,1.2792346765716016,1.2792346765716016,0.012,0.03202987867479515,0.044029878674795145,8900.0,,3153.0833800427467,0.13882987867479513,1.5476471380420267,1.476168613566751,2.2718695515391245e-07,1.00-1.50,1.00-1.50,1.6666666666666667e-05,pneumatic_feed,-0.04046848754188858,0.5215198483641871,-1.0398567674000921e-33,-0.291944720102352,active,
aluminum,partial,0.2684163908684435,1.4483804025504756,1.4483804025504756,0.0218,0.04219505664451932,0.06399505664451932,2700.0,,2272.0525022356906,0.14540012857989487,1.5694546975361758,1.5106953426121463,3.050212316732252e-07,1.00-1.50,1.00-1.50,1.6666666666666667e-05,pneumatic_feed,-0.02115326837709583,0.517232730051713,1.599871769234178e-33,-0.2919121295329927,active,
aluminum,heavily_coated,0.30053415067955636,1.4752439003572668,1.4752439003572668,0.0218,0.04724396848682626,0.06904396848682626,2700.0,,2255.884459340054,0.15575521552059576,1.620484033326205,1.563564473506376,3.3897701685296584e-07,1.00-1.50,1.00-1.50,1.6666666666666667e-05,pneumatic_feed,-0.02065025201349195,0.25400348107841425,-1.3410086742895843e-33,-0.27450038158005347,active,
copper,heavily_coated,0.6581226051844432,1.1232017830808894,1.1232017830808894,0.012,0.0960859003569287,0.1080859003569287,8900.0,,1877.0801712984296,0.20288590035692872,1.7710627728672848,1.7845159265196693,2.559572497558476e-07,1.00-1.50,1.00-1.50,1.6666666666666667e-05,pneumatic_feed,-0.027527077756746423,0.0,0.0,0.0,heavy,2.4719999999999493
copper,heavily_coated,0.5808529114440012,1.0224204024889179,1.0224204024889179,0.012,0.08480452507082417,0.09680452507082417,8900.0,,1979.2930643546092,0.19160452507082418,1.723386863831476,1.7341927878732677,2.002925409112251e-07,1.00-1.50,1.00-1.50,1.6666666666666667e-05,pneumatic_feed,-0.007653248411074529,0.0,0.0,0.0,heavy,3.3419999999998535
copper,heavily_coated,0.60113571952666,1.0074267376808546,1.0074267376808546,0.012,0.08776581505089236,0.09976581505089235,8900.0,,1950.2252845991468,0.19456581505089238,1.7303305725026419,1.7475425697358011,1.9746652514724196e-07,1.00-1.50,1.00-1.50,1.6666666666666667e-05,pneumatic_feed,-0.010802565511909439,0.0,0.0,0.0,heavy,3.2539999999998632
copper,partial,0.18467880269479353,1.331906022148703,1.331906022148703,0.012,0.02696310519343986,0.03896310519343986,8900.0,,3433.0709662216877,0.13376310519343984,1.52656182427574,1.4489809174437847,2.3729222420092696e-07,1.00-1.50,1.00-1.50,1.6666666666666667e-05,pneumatic_feed,0.021909348293933813,0.5257508829626978,-7.754641021715211e-35,-0.2919202872322993,active,
aluminum,heavily_coated,0.27796721481930575,1.260738853150043,1.260738853150043,0.0218,0.043696446169594866,0.06549644616959487,2700.0,,2266.9842169058074,0.14847940972989238,1.574787218109375,1.5266082716664386,2.36002447231258e-07,1.00-1.50,1.00-1.50,1.6666666666666667e-05,pneumatic_feed,0.0269930734442223,0.5161975979288752,3.413242149918021e-33,-0.2919123105255902,active,
aluminum,partial,0.21901833511286267,1.4456145455793403,1.4456145455793403,0.0218,0.03442968227974201,0.05622968227974201,2700.0,,2302.5863951997435,0.12947370142373804,1.4882598182064877,1.425559264831523,2.705743243617092e-07,1.00-1.50,1.00-1.50,1.6666666666666667e-05,pneumatic_feed,-0.027438165197965648,0.5336624123729742,-1.5606994438310822e-35,-0.2917490240224652,active,
copper,partial,0.4285703473151971,1.2242388108434183,1.2242388108434183,0.012,0.06257127070801878,0.07457127070801878,8900.0,,2271.2670590150747,0.16937127070801877,1.6684436844039534,1.6304758400642014,2.5384699848343424e-07,1.00-1.50,1.00-1.50,1.6666666666666667e-05,pneumatic_feed,-0.03399897790865726,0.0,0.0,0.0,heavy,6.293999999999529
copper,partial,0.18439723779642958,1.4510297610526963,1.4510297610526963,0.012,0.026921996718278714,0.038921996718278715,8900.0,,3435.640717154668,0.13372199671827872,1.5298434227129545,1.4487582477729344,2.815499748419497e-07,1.00-1.50,1.00-1.50,1.6666666666666667e-05,pneumatic_feed,-0.015895021890395714,0.5250867273342882,2.900450567000642e-34,-0.291927063404815,active,
copper,heavily_coated,0.5798446180037363,1.4916143771156312,1.4916143771156312,0.012,0.0846573142285455,0.0966573142285455,8900.0,,1980.7845454493606,0.1914573142285455,1.7677089002541426,1.7335264647911353,4.2597595353142343e-07,1.00-1.50,1.00-1.50,1.6666666666666667e-05,pneumatic_feed,0.03383418493698251,0.0,0.0,0.0,heavy,2.5079999999999454
copper,partial,0.4036901903203008,1.2215160573742496,1.2215160573742496,0.012,0.05893876778676392,0.07093876778676392,8900.0,,2336.363781859885,0.1657387677867639,1.6546586286587979,1.612896679636066,2.4729906044665845e-07,1.00-1.50,1.00-1.50,1.6666666666666667e-05,pneumatic_feed,0.002245585682268262,0.0,0.0,0.0,heavy,8.029999999999351
aluminum,heavily_coated,0.3585762285734251,1.422955343570785,1.422955343570785,0.0218,0.056368183131742425,0.07816818313174242,2700.0,,2231.963886896458,0.17446856185435797,1.7024532740278915,1.6548288572737673,3.532642772421791e-07,1.00-1.50,1.00-1.50,1.6666666666666667e-05,pneumatic_feed,-0.011259750305130482,0.0,0.0,0.0,heavy,4.007999999999781
copper,heavily_coated,0.5152852200523665,1.1682139121578667,1.1682139121578667,0.012,0.0752316421276455,0.0872316421276455,8900.0,,2086.76161181604,0.1820316421276455,1.708806240638303,1.6903161405002096,2.484229042726984e-07,1.00-1.50,1.00-1.50,1.6666666666666667e-05,pneumatic_feed,0.016039012044791183,0.0,0.0,0.0,heavy,3.771999999999806
aluminum,partial,0.23433982260526925,1.348518306129365,1.348518306129365,0.0218,0.03683822011354833,0.05863822011354833,2700.0,,2292.2507188295212,0.13441350220616485,1.5099707217659353,1.4524993392865841,2.444311717760429e-07,1.00-1.50,1.00-1.50,1.6666666666666667e-05,pneumatic_feed,-0.016424924351339645,0.5291420485805254,9.831763198434986e-35,-0.2918234811451505,active,
copper,partial,0.25794597532412644,1.045288997709748,1.045288997709748,0.012,0.03766011239732246,0.04966011239732246,8900.0,,2908.976750626754,0.14446011239732245,1.5597068183559426,1.5058040789519642,1.578413209669603e-07,1.00-1.50,1.00-1.50,1.6666666666666667e-05,pneumatic_feed,-0.010476283106288993,0.5191379407224391,-1.0663012736608091e-33,-0.29194518618484705,active,
aluminum,heavily_coated,0.27200009897630467,1.375022423068437,1.375022423068437,0.0218,0.0427584155590751,0.0645584155590751,2700.0,,2270.1231224741355,0.14655555191095038,1.5716872425690378,1.516685841825616,2.770906275245461e-07,1.00-1.50,1.00-1.50,1.6666666666666667e-05,pneumatic_feed,0.02818613540352168,0.5167987248029173,-8.040777568958048e-34,-0.2919123594531377,active,
aluminum,heavily_coated,0.3763796532684549,1.008661201873064,1.008661201873064,0.0218,0.059166881493801116,0.08096688149380112,2700.0,,2225.707112408417,0.18020856401028254,1.6920331540999514,1.6818304375606343,1.833437281155231e-07,1.00-1.50,1.00-1.50,1.6666666666666667e-05,pneumatic_feed,0.03599683080553847,0.0,0.0,0.0,heavy,4.565999999999719
copper,partial,0.2653798126021797,1.254137344864868,1.254137344864868,0.012,0.03874545263991823,0.050745452639918226,8900.0,,2868.1476874920386,0.14554545263991822,1.5757224139145258,1.5114501065652668,2.2892269046970323e-07,1.00-1.50,1.00-1.50,1.6666666666666667e-05,pneumatic_feed,0.02347575001229138,0.5160161506589288,-2.8253855443639432e-33,-0.29194801027495276,active,
aluminum,heavily_coated,0.2877157676811273,1.380642783754135,1.380642783754135,0.0218,0.04522891867947321,0.0670289186794732,2700.0,,2262.045153721162,0.15162244065807223,1.5962933881864172,1.5426813762307179,2.8901882945408506e-07,1.00-1.50,1.00-1.50,1.6666666666666667e-05,pneumatic_feed,-0.020765425106101916,0.5104112531749715,-5.845648971560597e-33,-0.2888160555711913,active,
copper,partial,0.14166312414392457,1.4460173002041374,1.4460173002041374,0.012,0.02068281612501299,0.03268281612501299,8900.0,,3900.6068399181527,0.12748281612501297,1.4997801318466064,1.414556567231655,2.6656223824352747e-07,1.00-1.50,1.00-1.50,1.6666666666666667e-05,pneumatic_feed,0.03099161584935898,0.5312507073037154,1.3990088995862716e-34,-0.29185932912820445,active,
aluminum,heavily_coated,0.2726958919339959,1.0586386901449691,1.0586386901449691,0.0218,0.04286779421202415,0.06466779421202415,2700.0,,2269.75242169537,0.14677988251843962,1.5529509335242078,1.5178461832509342,1.6449854465573313e-07,1.00-1.50,1.00-1.50,1.6666666666666667e-05,pneumatic_feed,0.033730445949858516,0.5204695178991693,5.656555697068744e-34,-0.2919027889681317,active,
copper,partial,0.13973811216391607,1.4719555691085664,1.4719555691085664,0.012,0.020401764375931743,0.032401764375931744,8900.0,,3925.766600241625,0.12720176437593175,1.4989727420160537,1.4129964237904584,2.756021095038148e-07,1.00-1.50,1.00-1.50,1.6666666666666667e-05,pneumatic_feed,-0.025236247620025833,0.5314187509548547,-9.73791782853366e-35,-0.2918571521088314,active,
copper,partial,0.1713147871381846,1.3145665142073413,1.3145665142073413,0.012,0.025011958922174945,0.037011958922174945,8900.0,,3561.334302767816,0.13181195892217495,1.5169717818796873,1.4383742584051127,2.2778228488774171e-07,1.00-1.50,1.00-1.50,1.6666666666666667e-05,pneumatic_feed,-0.027739705275611305,0.5277038400193486,1.0603744403707557e-34,-0.29190177809221407,active,
copper,partial,0.33252995996547535,1.0491639876468484,1.0491639876468484,0.012,0.0485493741549594,0.060549374154959396,8900.0,,2565.6644073212974,0.1553493741549594,1.6025151691173294,1.5615261050447549,1.7100005819082695e-07,1.00-1.50,1.00-1.50,1.6666666666666667e-05,pneumatic_feed,-0.002881134825304702,0.4804487367227746,7.112336051987984e-33,-0.2588998916310536,active,
copper,partial,0.20967212205501506,1.4549904465842722,1.4549904465842722,0.012,0.030612129820032193,0.042612129820032194,8900.0,,3224.718651716724,0.1374121298200322,1.547177725235579,1.4686118580670748,2.909010940271565e-07,1.00-1.50,1.00-1.50,1.6666666666666667e-05,pneumatic_feed,-0.030441092396553897,0.5216130827548748,1.1359759241809053e-34,-0.29194687768814886,active,
copper,heavily_coated,0.7393184339478667,1.0815387657053677,1.0815387657053677,0.012,0.10794049135638853,0.11994049135638853,8900.0,,1790.3919596119829,0.21474049135638854,1.800034650474412,1.8359103334122489,2.511875578364952e-07,1.00-1.50,1.00-1.50,1.6666666666666667e-05,pneumatic_feed,0.008491574245175184,0.0,0.0,0.0,heavy,2.012
copper,partial,0.31271069650295197,1.394714697107033,1.394714697107033,0.012,0.04565576168943099,0.057655761689430984,8900.0,,2644.241567922569,0.15245576168943098,1.6113607870765148,1.5469148766099927,2.9656138201632147e-07,1.00-1.50,1.00-1.50,1.6666666666666667e-05,pneumatic_feed,0.004130066224716864,0.3711464370034194,-1.4421765952746588e-32,-0.26658814268511627,active,
copper,heavily_coated,0.663531921001612,1.261484608669703,1.261484608669703,0.012,0.09687566046623534,0.10887566046623534,8900.0,,1870.718024524862,0.20367566046623536,1.7894573044334687,1.7879857848087133,3.241179216715284e-07,1.00-1.50,1.00-1.50,1.6666666666666667e-05,pneumatic_feed,0.03202231573404894,0.0,0.0,0.0,heavy,2.221999999999977
copper,partial,0.46674985530566665,1.4651487931941116,1.4651487931941116,0.012,0.06814547887462732,0.08014547887462732,8900.0,,2182.8490057224185,0.17494547887462733,1.705125326451934,1.657089085238374,3.7554863421191713e-07,1.00-1.50,1.00-1.50,1.6666666666666667e-05,pneumatic_feed,0.0009834344359793267,0.0,0.0,0.0,heavy,3.801999999999803
copper,partial,0.18689478316979125,1.2980190669154021,1.2980190669154021,0.012,0.027286638342789517,0.03928663834278952,8900.0,,3413.034151021963,0.13408663834278953,1.5269447329061148,1.4507321859765931,2.2591634165709122e-07,1.00-1.50,1.00-1.50,1.6666666666666667e-05,pneumatic_feed,0.0017332968114678836,0.5256732883122974,4.4785530842433483e-35,-0.2919204419167132,active,
aluminum,partial,0.21821190620165826,1.401944336216098,1.401944336216098,0.0218,0.03430291165490068,0.05610291165490068,2700.0,,2303.15498548977,0.12921370067847662,1.485220618768616,1.4241271873850907,2.5396279947285246e-07,1.00-1.50,1.00-1.50,1.6666666666666667e-05,pneumatic_feed,0.025135682401617992,0.5343029511555172,3.6039327059324693e-35,-0.29173656087644945,active,
copper,partial,0.26629243549453907,1.1363628024259675,1.1363628024259675,0.012,0.03887869558220271,0.050878695582202704,8900.0,,2863.255315711374,0.1456786955822027,1.5701932811799795,1.5121417942303736,1.8811787418032803e-07,1.00-1.50,1.00-1.50,1.6666666666666667e-05,pneumatic_feed,-0.0018903674354545672,0.5170886058477785,-5.601472417026603e-34,-0.2919473372686239,active,
aluminum,partial,0.2251716139494509,1.372848011223885,1.372848011223885,0.0218,0.03539697771285368,0.05719697771285368,2700.0,,2298.330878834188,0.13145758005344246,1.4957836000183613,1.4364394092751818,2.477596341746859e-07,1.00-1.50,1.00-1.50,1.6666666666666667e-05,pneumatic_feed,0.02829406150196869,0.5320849683854336,7.941557812704154e-35,-0.29177755283010964,active,
copper,partial,0.46814767078897607,1.0769139383208146,1.0769139383208146,0.012,0.0683495599351905,0.0803495599351905,8900.0,,2179.8446696716837,0.1751495599351905,1.6763007266948065,1.6580553346443991,2.0312858652841086e-07,1.00-1.50,1.00-1.50,1.6666666666666667e-05,pneumatic_feed,-0.0006032915549649173,0.0,0.0,0.0,heavy,5.313999999999637
copper,partial,0.22907496887069412,1.3527187447564875,1.3527187447564875,0.012,0.03344494545512135,0.045444945455121344,8900.0,,3086.0405717423228,0.14024494545512134,1.5567082010544353,1.483672694317579,2.5662693328993396e-07,1.00-1.50,1.00-1.50,1.6666666666666667e-05,pneumatic_feed,0.0007317497827810124,0.5197275923395944,1.9179336342742394e-33,-0.2919507014357714,active,
copper,heavily_coated,0.613349088127024,1.1194441800846613,1.1194441800846613,0.012,0.08954896686654551,0.1015489668665455,8900.0,,1933.5397781504275,0.19634896686654552,1.7504303702610473,1.7555322224149856,2.460557430444606e-07,1.00-1.50,1.00-1.50,1.6666666666666667e-05,pneumatic_feed,-0.010905148510638209,0.0,0.0,0.0,heavy,2.7619999999999174
copper,partial,0.11405262179320363,1.4008150094943042,1.4008150094943042,0.012,0.01665168278180773,0.02865168278180773,8900.0,,4308.706183924138,0.12345168278180772,1.4789420026638802,1.3920120735623145,2.422471002759016e-07,1.00-1.50,1.00-1.50,1.6666666666666667e-05,pneumatic_feed,0.02911185917144087,0.5356310599142318,-1.1552598920820452e-35,-0.2917851791869843,active,
aluminum,partial,0.2413871761221726,1.4015462080260983,1.4015462080260983,0.0218,0.03794606408640553,0.05974606408640553,2700.0,,2287.776467682844,0.13668563945354967,1.5238776050281033,1.4647244781401436,2.6849594452318685e-07,1.00-1.50,1.00-1.50,1.6666666666666667e-05,pneumatic_feed,0.030491940261491695,0.5262965261222843,2.810749205442595e-34,-0.2918588437898452,active,
copper,heavily_coated,0.6433792244984146,1.4736459671142532,1.4736459671142532,0.012,0.09393336677676851,0.10593336677676851,8900.0,,1894.9021718508236,0.20073336677676853,1.7987535087873037,1.7750242040400912,4.359190903586234e-07,1.00-1.50,1.00-1.50,1.6666666666666667e-05,pneumatic_feed,-0.0198251265101062,0.0,0.0,0.0,heavy,2.0719999999999934
copper,partial,0.3806087589424347,1.222693151893527,1.222693151893527,0.012,0.05556887880559547,0.06756887880559546,8900.0,,2403.012772681223,0.16236887880559547,1.6419040929855677,1.5964153349716441,2.427379899769332e-07,1.00-1.50,1.00-1.50,1.6666666666666667e-05,pneumatic_feed,0.02938106589143161,0.0,0.0,0.0,heavy,11.294000000000441
aluminum,partial,0.26758726118046683,1.1742289594117425,1.1742289594117425,0.0218,0.04206471745756939,0.06386471745756939,2700.0,,2272.5037337496724,0.14513280887719432,1.5535129729876764,1.5093059889023306,2.0011109781517164e-07,1.00-1.50,1.00-1.50,1.6666666666666667e-05,pneumatic_feed,0.012404106282269402,0.5203584534625094,-6.867799141775096e-34,-0.29190349650388986,active,
aluminum,partial,0.24449954912455213,1.334294259208546,1.334294259208546,0.0218,0.0384353291223796,0.0602353291223796,2700.0,,2285.852864744959,0.13768909963324685,1.5259281851970288,1.4700911903155676,2.451335727589023e-07,1.00-1.50,1.00-1.50,1.6666666666666667e-05,pneumatic_feed,-0.010025431708413444,0.5258801880080516,1.4229266860957562e-34,-0.29186317465819656,active,
aluminum,heavily_coated,0.2927561583684591,1.2026568081872753,1.2026568081872753,0.0218,0.046021268095521775,0.06782126809552178,2700.0,,2259.578998194724,0.1532475130195749,1.5934723325533515,1.5509264857997778,2.2165465865908937e-07,1.00-1.50,1.00-1.50,1.6666666666666667e-05,pneumatic_feed,0.010014083493685762,0.5114081994258911,7.186579836111655e-33,-0.2896436404205844,active,
aluminum,partial,0.258734447422691,1.2102112400919596,1.2102112400919596,0.0218,0.04067305513484703,0.06247305513484703,2700.0,,2277.439015691548,0.1422785731935498,1.5420150386660096,1.4943910080183023,2.0838279831358674e-07,1.00-1.50,1.00-1.50,1.6666666666666667e-05,pneumatic_feed,-0.014164491342519516,0.5226423455392983,-7.414102475038667e-34,-0.2918908235534605,active,
aluminum,heavily_coated,0.37925184718762384,1.394205179199491,1.394205179199491,0.0218,0.05961839037789447,0.08141839037789447,2700.0,,2224.738013255305,0.1811345880517618,1.7292813339323905,1.6861460476662316,3.5209087613162566e-07,1.00-1.50,1.00-1.50,1.6666666666666667e-05,pneumatic_feed,0.012081817067776144,0.0,0.0,0.0,heavy,3.2859999999998597
copper,heavily_coated,0.49522201326587934,1.274958670495561,1.274958670495561,0.012,0.07230241393681838,0.08430241393681838,8900.0,,2124.5229593431236,0.1791024139368184,1.7077608477627633,1.6766608151776858,2.911344863162401e-07,1.00-1.50,1.00-1.50,1.6666666666666667e-05,pneumatic_feed,0.0014576509449189545,0.0,0.0,0.0,heavy,3.7699999999998064
copper,partial,0.1091037509303302,1.3322964801169896,1.3322964801169896,0.012,0.015929147635828207,0.027929147635828207,8900.0,,4394.303372093897,0.1227291476358282,1.4738903324162935,1.3879325276438907,2.1784594433043702e-07,1.00-1.50,1.00-1.50,1.6666666666666667e-05,pneumatic_feed,-0.0002015032005829804,0.5367066871450241,-2.0821280077102923e-36,-0.29176311501275715,active,
aluminum,heavily_coated,0.32590437886165946,1.02929771338417,1.02929771338417,0.0218,0.05123216835705287,0.07303216835705287,2700.0,,2244.6934614800616,0.16393483078878762,1.6269458845508402,1.6040951044314082,1.736813766082329e-07,1.00-1.50,1.00-1.50,1.6666666666666667e-05,pneumatic_feed,0.004486448737957572,0.18211621277636378,-5.814337214731287e-33,-0.2801275114357582,active,
copper,partial,0.2132873924025881,1.10122336818266,1.10122336818266,0.012,0.03113995929077786,0.04313995929077786,8900.0,,3197.4985966262984,0.13793995929077785,1.5358644432737072,1.4714297812087564,1.672788101729728e-07,1.00-1.50,1.00-1.50,1.6666666666666667e-05,pneumatic_feed,-0.030294303173801277,0.5238737069116934,1.6625551234309965e-34,-0.2919297457721441,active,
aluminum,partial,0.2389412301390976,1.3077088807649124,1.3077088807649124,0.0218,0.03756156137786614,0.05936156137786614,2700.0,,2289.3104368345967,0.13589704200914646,1.515619170795191,1.460493057626623,2.323978735697866e-07,1.00-1.50,1.00-1.50,1.6666666666666667e-05,pneumatic_feed,-0.008364186330650806,0.5279816689128894,4.823144071148036e-35,-0.29183890330974094,active,
copper,partial,0.3205448633907535,1.478242778738555,1.478242778738555,0.012,0.046799550055050015,0.05879955005505001,8900.0,,2612.2572351530785,0.15359955005505,1.619728187163685,1.552706842151494,3.356459998798409e-07,1.00-1.50,1.00-1.50,1.6666666666666667e-05,pneumatic_feed,-0.010116999497177074,0.25819549100954825,8.90053512848123e-33,-0.2738647336334495,active,
copper,partial,0.4446226096772752,1.4781644349956107,1.4781644349956107,0.012,0.06491490101288218,0.07691490101288218,8900.0,,2232.5310018161804,0.17171490101288217,1.6933948649032204,1.6417177243053078,3.7519192390286867e-07,1.00-1.50,1.00-1.50,1.6666666666666667e-05,pneumatic_feed,0.03464031187753349,0.0,0.0,0.0,heavy,4.511999999999725
copper,partial,0.1879011678383119,1.3499399943824058,1.3499399943824058,0.012,0.027433570504393535,0.039433570504393535,8900.0,,3404.0430219078876,0.13423357050439352,1.5293028623330693,1.4515268246356872,2.446189348531785e-07,1.00-1.50,1.00-1.50,1.6666666666666667e-05,pneumatic_feed,-0.0005021241448637274,0.5251960005940809,-1.6151898741546562e-34,-0.2919249642379322,active,
copper,partial,0.45247020807483074,1.3499400227213891,1.3499400227213891,0.012,0.06606065037892528,0.07806065037892528,8900.0,,2214.4403042995145,0.17286065037892528,1.6901887453608662,1.647185711553986,3.150105431166692e-07,1.00-1.50,1.00-1.50,1.6666666666666667e-05,pneumatic_feed,-0.0043922128276905155,0.0,0.0,0.0,heavy,4.759999999999698
aluminum,partial,0.2428164984268816,1.4202815906706028,1.4202815906706028,0.0218,0.03817075355270579,0.05997075355270579,2700.0,,2286.889177360071,0.1371464672578109,1.5270128549771658,1.4671915178594102,2.766518258839947e-07,1.00-1.50,1.00-1.50,1.6666666666666667e-05,pneumatic_feed,0.00975950084356687,0.5256602937159125,-2.7567837332132114e-34,-0.2918655346592383,active,
copper,partial,0.14876871820182747,1.3106641921337525,1.3106641921337525,0.012,0.02172023285746681,0.03372023285746681,8900.0,,3811.368486116727,0.1285202328574668,1.5013815790910134,1.4203005227524206,2.2077727707810548e-07,1.00-1.50,1.00-1.50,1.6666666666666667e-05,pneumatic_feed,-0.009289439311792595,0.5309178054068671,-1.6533926375871646e-34,-0.2918625074800364,active,
aluminum,partial,0.2613570792853763,1.0441409943840267,1.0441409943840267,0.0218,0.04108533286366116,0.06288533286366116,2700.0,,2275.954175875941,0.14312413593239817,1.534666085356255,1.498825019004861,1.560382862791548e-07,1.00-1.50,1.00-1.50,1.6666666666666667e-05,pneumatic_feed,-0.0022056714155249883,0.5241152913626237,-7.090280809121197e-34,-0.2918792820926336,active,
copper,heavily_coated,0.5727050944968803,1.023251550088109,1.023251550088109,0.012,0.08361494379654452,0.09561494379654452,8900.0,,1991.476815608671,0.19041494379654453,1.7198250835061266,1.7288010174194608,1.993727739064149e-07,1.00-1.50,1.00-1.50,1.6666666666666667e-05,pneumatic_feed,0.013223016575177495,0.0,0.0,0.0,heavy,3.4979999999998364
copper,partial,0.13933192379395687,1.303029474689982,1.303029474689982,0.012,0.020342460873917705,0.032342460873917706,8900.0,,3931.1313189668454,0.1271424608739177,1.4946087549367888,1.4126670045969831,2.158733804092553e-07,1.00-1.50,1.00-1.50,1.6666666666666667e-05,pneumatic_feed,0.011599510312542888,0.5323294019311708,-6.490556432348087e-35,-0.29184156717100207,active,
copper,partial,0.279439475081129,1.2779937173580342,1.2779937173580342,0.012,0.04079816336184483,0.05279816336184483,8900.0,,2795.517002178683,0.14759816336184484,1.585538894262509,1.5220712112537693,2.4106734845891603e-07,1.00-1.50,1.00-1.50,1.6666666666666667e-05,pneumatic_feed,0.02134250790974947,0.5137901014582548,-4.905003953423012e-33,-0.29128727526853,active,
copper,partial,0.2394211672790083,1.308825994145936,1.308825994145936,0.012,0.034955490422735214,0.04695549042273521,8900.0,,3018.933231162657,0.14175549042273522,1.561728299352124,1.4916414373686635,2.428307674425174e-07,1.00-1.50,1.00-1.50,1.6666666666666667e-05,pneumatic_feed,-0.003093767234969146,0.5187412451594772,1.6189385687641515e-33,-0.2919511860839904,active,
aluminum,heavily_coated,0.34896389466708144,1.1996465048479619,1.1996465048479619,0.0218,0.05485712424166521,0.07665712424166521,2700.0,,2235.5319348970547,0.17136944927961373,1.6737981653565857,1.6400655096345442,2.4662664052990166e-07,1.00-1.50,1.00-1.50,1.6666666666666667e-05,pneumatic_feed,-0.036966636095739205,0.0,0.0,0.0,heavy,5.569999999999609
aluminum,partial,0.23453564054382559,1.0996256610050614,1.0996256610050614,0.0218,0.03686900269348938,0.05866900269348938,2700.0,,2292.1241148463896,0.1344766358677348,1.4967948278934178,1.452840416762958,1.626060005769579e-07,1.00-1.50,1.00-1.50,1.6666666666666667e-05,pneumatic_feed,0.0072727752133879406,0.5318738508904468,-7.291145960006885e-35,-0.29178075488300753,active,
copper,partial,0.40500980703508305,1.3748152943910492,1.3748152943910492,0.012,0.05913143182712212,0.07113143182712212,8900.0,,2332.7441549384525,0.1659314318271221,1.6650977961880773,1.6138338681408657,3.136298356771572e-07,1.00-1.50,1.00-1.50,1.6666666666666667e-05,pneumatic_feed,-0.028255160849039968,0.0,0.0,0.0,heavy,6.299999999999528
copper,partial,0.22372665635773537,1.1835442210028386,1.1835442210028386,0.012,0.032664091828229366,0.04466409182822936,8900.0,,3122.5104131655685,0.13946409182822936,1.5463812900065965,1.4795365441028783,1.953580814297897e-07,1.00-1.50,1.00-1.50,1.6666666666666667e-05,pneumatic_feed,-0.0016286954097044584,0.5217714817884332,2.0280149786024018e-34,-0.2919420374987163,active,
copper,heavily_coated,0.5564950535482568,1.187569001188298,1.187569001188298,0.012,0.08124827781804549,0.09324827781804548,8900.0,,2016.6407596822582,0.1880482778180455,1.7310117604198931,1.7180237974580104,2.6520827210442064e-07,1.00-1.50,1.00-1.50,1.6666666666666667e-05,pneumatic_feed,0.015286063659625423,0.0,0.0,0.0,heavy,3.2499999999998637
copper,partial,0.42827351137687497,1.3498262607970444,1.3498262607970444,0.012,0.06252793266102374,0.07452793266102374,8900.0,,2272.0063017336056,0.16932793266102375,1.6767708584273333,1.6302672268825835,3.085207313557736e-07,1.00-1.50,1.00-1.50,1.6666666666666667e-05,pneumatic_feed,0.013783923776187687,0.0,0.0,0.0,heavy,5.28599999999964
copper,partial,0.4206144596798382,1.3071360572969781,1.3071360572969781,0.012,0.06140971111325637,0.07340971111325637,8900.0,,2291.3822784800604,0.1682097111132564,1.6698042708666172,1.6248752646383884,2.8740389833196947e-07,1.00-1.50,1.00-1.50,1.6666666666666667e-05,pneumatic_feed,-0.0217342755906137,0.0,0.0,0.0,heavy,6.043999999999556
aluminum,heavily_coated,0.27947422046704934,1.429857533546039,1.429857533546039,0.0218,0.043933347457420155,0.06573334745742015,2700.0,,2266.2056502945643,0.14896528342078139,1.5859748337222894,1.5291040149618942,3.045584145813783e-07,1.00-1.50,1.00-1.50,1.6666666666666667e-05,pneumatic_feed,-0.01777234951776785,0.5136735112695318,6.473932781922434e-33,-0.2911905596973918,active,
copper,partial,0.4251678786328145,1.364567021412134,1.364567021412134,0.012,0.06207451028039092,0.07407451028039092,8900.0,,2279.7924635769828,0.1688745102803909,1.6759281362507863,1.6280830179573202,3.144516260778864e-07,1.00-1.50,1.00-1.50,1.6666666666666667e-05,pneumatic_feed,0.0340588388553425,0.0,0.0,0.0,heavy,5.541999999999612
aluminum,partial,0.2602072148098822,1.2765400150960484,1.2765400150960484,0.0218,0.04090457416811348,0.06270457416811348,2700.0,,2276.6027840987563,0.1427534081268541,1.5480991675324682,1.4968825919086313,2.3262444577583306e-07,1.00-1.50,1.00-1.50,1.6666666666666667e-05,pneumatic_feed,0.0009450126153784776,0.521430710590044,1.3522873097814788e-33,-0.29189838724145956,active,
copper,partial,0.24763386393846665,1.2666642307354299,1.2666642307354299,0.012,0.036154544135016134,0.04815454413501613,8900.0,,2968.661560458322,0.14295454413501613,1.5651908256992682,1.497936755922363,2.29361741970183e-07,1.00-1.50,1.00-1.50,1.6666666666666667e-05,pneumatic_feed,-0.036575409354949344,0.5180636484775424,-3.4131507475810726e-33,-0.2919506497393929,active,
copper,partial,0.1203501830530741,1.2827936616645634,1.2827936616645634,0.012,0.017571126725748818,0.02957112672574882,8900.0,,4205.829824450134,0.12437112672574882,1.4807421831435874,1.3971861740968359,2.0466009886079924e-07,1.00-1.50,1.00-1.50,1.6666666666666667e-05,pneumatic_feed,0.018604244345502348,0.5352490896896017,-2.3458908404317078e-36,-0.29179116741165845,active,
copper,heavily_coated,0.5062669358663341,1.214826964226266,1.214826964226266,0.012,0.07391497263648478,0.08591497263648477,8900.0,,2103.4165185748093,0.18071497263648478,1.708499121179534,1.6841918567972787,2.666999794142196e-07,1.00-1.50,1.00-1.50,1.6666666666666667e-05,pneumatic_feed,0.03825273003608873,0.0,0.0,0.0,heavy,3.817999999999801
aluminum,partial,0.22586120883717764,1.4951597811407673,1.4951597811407673,0.0218,0.03550538202920433,0.05730538202920433,2700.0,,2297.8629175543565,0.13167991234119444,1.5016789501454944,1.4376536106125801,2.9437080894233196e-07,1.00-1.50,1.00-1.50,1.6666666666666667e-05,pneumatic_feed,0.020905475453318206,0.5308570851079448,1.8738260768317242e-34,-0.29179803768903145,active,
aluminum,partial,0.2678801101222915,1.2484449558863437,1.2484449558863437,0.0218,0.04211075331122423,0.06391075331122423,2700.0,,2272.344148367638,0.145227226304528,1.5585175349563032,1.5097968552344623,2.2635330542529475e-07,1.00-1.50,1.00-1.50,1.6666666666666667e-05,pneumatic_feed,0.010896384307870434,0.5193721307723527,-2.6137601247828555e-33,-0.2919073605553673,active,
copper,partial,0.17673756425441667,1.2667031301937195,1.2667031301937195,0.012,0.025803684381144828,0.03780368438114483,8900.0,,3507.6920821845333,0.13260368438114484,1.5190899743229662,1.44268757187634,2.1276749406285033e-07,1.00-1.50,1.00-1.50,1.6666666666666667e-05,pneumatic_feed,-0.017534232049297705,0.5272709317572842,1.990453898851672e-35,-0.29190549707339375,active,
copper,partial,0.22502884089940955,1.316787530763079,1.316787530763079,0.012,0.0328542107713138,0.044854210771313796,8900.0,,3113.51394595552,0.1396542107713138,1.5527479360548058,1.4805446606794883,2.421505420540097e-07,1.00-1.50,1.00-1.50,1.6666666666666667e-05,pneumatic_feed,0.0355532172673701,0.5205090290438001,8.122568409046516e-34,-0.29194846912840755,active,
copper,heavily_coated,0.5531967367270292,1.4622930837475832,1.4622930837475832,0.012,0.08076672356214626,0.09276672356214626,8900.0,,2021.9181659088306,0.18756672356214626,1.7517791005804542,1.715822628662837,4.0107412433435266e-07,1.00-1.50,1.00-1.50,1.6666666666666667e-05,pneumatic_feed,-0.002077839138471635,0.0,0.0,0.0,heavy,2.781999999999915
copper,heavily_coated,0.617408738515849,1.2179788084287042,1.2179788084287042,0.012,0.09014167582331395,0.10214167582331395,8900.0,,1928.1226221898526,0.19694167582331396,1.763325694497292,1.7581798951537173,2.921575361178664e-07,1.00-1.50,1.00-1.50,1.6666666666666667e-05,pneumatic_feed,-0.03267051377231377,0.0,0.0,0.0,heavy,2.4899999999999474
aluminum,partial,0.23670571654624886,1.1951509031912484,1.1951509031912484,0.0218,0.037210138641070326,0.059010138641070325,2700.0,,2290.7299183600812,0.1351762900716761,1.5061080210399505,1.4566149281690848,1.9308387720300057e-07,1.00-1.50,1.00-1.50,1.6666666666666667e-05,pneumatic_feed,0.032057733135321474,0.529939268086029,-1.2281788768558576e-35,-0.2918117634210171,active,
copper,heavily_coated,0.536890073405148,1.1444222576203673,1.1444222576203673,0.012,0.07838595071715161,0.09038595071715161,8900.0,,2048.8355684464887,0.1851859507171516,1.7171138297636228,1.7048984375781484,2.4253846627396115e-07,1.00-1.50,1.00-1.50,1.6666666666666667e-05,pneumatic_feed,0.008058697576116923,0.0,0.0,0.0,heavy,3.491999999999837
aluminum,partial,0.263813094511129,1.4829718715768347,1.4829718715768347,0.0218,0.04147141845714948,0.06327141845714948,2700.0,,2274.581213929953,0.14391597980133308,1.5636078421148774,1.5029654749733024,3.16500824662827e-07,1.00-1.50,1.00-1.50,1.6666666666666667e-05,pneumatic_feed,-0.007202192854326093,0.5183736800857156,1.6228728206425968e-33,-0.2919103767237199,active,
copper,partial,0.39340206053593685,1.1697875818310204,1.1697875818310204,0.012,0.057436700838246785,0.06943670083824678,8900.0,,2365.272238680193,0.16423670083824676,1.6452571635989313,1.6055713177424171,2.2474199193738392e-07,1.00-1.50,1.00-1.50,1.6666666666666667e-05,pneumatic_feed,-0.003309035532325127,0.0,0.0,0.0,heavy,9.813999999999947
copper,partial,0.3069985790369805,1.2089528854586562,1.2089528854586562,0.012,0.04482179253939916,0.05682179253939916,8900.0,,2668.3739770136162,0.15162179253939917,1.59861226851685,1.5426780790879246,2.2160542047379494e-07,1.00-1.50,1.00-1.50,1.6666666666666667e-05,pneumatic_feed,0.01704083073026886,0.5092597247669163,-1.3906042814309463e-33,-0.2869519120766313,active,
copper,partial,0.19774070140068356,1.4934944868312776,1.4934944868312776,0.012,0.0288701424044998,0.0408701424044998,8900.0,,3319.5417099785423,0.1356701424044998,1.540145867553084,1.459273296946473,3.026157505073611e-07,1.00-1.50,1.00-1.50,1.6666666666666667e-05,pneumatic_feed,0.010377453877915001,0.5230152585214339,-2.0357550706114956e-34,-0.29194092744233413,active,
aluminum,heavily_coated,0.3854938385367343,1.074102273527936,1.074102273527936,0.0218,0.06059963141797463,0.08239963141797463,2700.0,,2222.6685402706407,0.1831470684826285,1.7110238790121648,1.6954870647997693,2.112959842767435e-07,1.00-1.50,1.00-1.50,1.6666666666666667e-05,pneumatic_feed,0.01616445377559078,0.0,0.0,0.0,heavy,3.7519999999998084
copper,heavily_coated,0.51526249900686,1.1791998893966829,1.1791998893966829,0.012,0.07522832485500157,0.08722832485500157,8900.0,,2086.8029411041052,0.1820283248550016,1.7098301006981615,1.690300738603668,2.531126390673906e-07,1.00-1.50,1.00-1.50,1.6666666666666667e-05,pneumatic_feed,0.01612012337485484,0.0,0.0,0.0,heavy,3.7939999999998038
copper,partial,0.46326122730923064,1.142231352428303,1.142231352428303,0.012,0.06763613918714767,0.07963613918714767,8900.0,,2190.414313999034,0.17443613918714768,1.6800511678905201,1.6546750861366923,2.2758551597987251e-07,1.00-1.50,1.00-1.50,1.6666666666666667e-05,pneumatic_feed,-0.0022922177680219772,0.0,0.0,0.0,heavy,5.263999999999642
copper,heavily_coated,0.686698027425134,1.4039675841229677,1.4039675841229677,0.012,0.10025791200406955,0.11225791200406955,8900.0,,1844.4839059233825,0.20705791200406956,1.8140962138269372,1.8027703644158,4.081370220921982e-07,1.00-1.50,1.00-1.50,1.6666666666666667e-05,pneumatic_feed,-0.023013779884326162,0.0,0.0,0.0,heavy,1.9740000000000015
copper,partial,0.2296429577130109,1.0995699921478588,1.0995699921478588,0.012,0.03352787182609959,0.04552787182609959,8900.0,,3082.240970149068,0.1403278718260996,1.5458959440513624,1.4841112748653518,1.6966399826628076e-07,1.00-1.50,1.00-1.50,1.6666666666666667e-05,pneumatic_feed,5.337037881870303e-06,0.5218680582992715,3.0745012874481725e-34,-0.2919398424350543,active,
aluminum,partial,0.25488644332447136,1.0251034392205076,1.0251034392205076,0.0218,0.0400681488906069,0.0618681488906069,2700.0,,2279.6534359161315,0.1410379381922428,1.523269339372796,1.4878613772342648,1.4820789247378148e-07,1.00-1.50,1.00-1.50,1.6666666666666667e-05,pneumatic_feed,0.015887327947410265,0.5264201930884885,5.780393935429319e-35,-0.2918568853049681,active,
copper,partial,0.1339185418362414,1.022786040619979,1.022786040619979,0.012,0.01955210710809124,0.03155210710809124,8900.0,,4004.5536951061326,0.12635210710809125,1.4814762617899142,1.408269389416883,1.3217583807289478e-07,1.00-1.50,1.00-1.50,1.6666666666666667e-05,pneumatic_feed,0.0015054527883013986,0.5350935876464809,-6.473309023642702e-36,-0.2917899292943514,active,
copper,partial,0.28096330110953927,1.1697813360420064,1.1697813360420064,0.012,0.04102064196199273,0.05302064196199273,8900.0,,2787.9828778375854,0.14782064196199274,1.5808849400389597,1.5232179083228499,2.0227604792050892e-07,1.00-1.50,1.00-1.50,1.6666666666666667e-05,pneumatic_feed,0.024889134190789825,0.5149521376295343,4.540075192644761e-33,-0.29180856876297584,active,
aluminum,heavily_coated,0.29298471414318705,1.282511500851648,1.282511500851648,0.0218,0.046057197063309005,0.067857197063309,2700.0,,2259.4685357230455,0.15332120168690494,1.5988680180076855,1.5512993204658023,2.5218819373948496e-07,1.00-1.50,1.00-1.50,1.6666666666666667e-05,pneumatic_feed,-0.02806966592592961,0.508584326601155,-5.8262863708916166e-33,-0.2846379567931718,active,
aluminum,heavily_coated,0.40405216469108274,1.027857651131951,1.027857651131951,0.0218,0.06351700028943821,0.08531700028943821,2700.0,,2216.796860841641,0.18913045841805198,1.7293427136331512,1.7229601490834732,1.998146935275387e-07,1.00-1.50,1.00-1.50,1.6666666666666667e-05,pneumatic_feed,-0.025387527924365754,0.0,0.0,0.0,heavy,3.2439999999998643
aluminum,heavily_coated,0.29162841781542986,1.1365831680404141,1.1365831680404141,0.0218,0.04584398728058557,0.06764398728058557,2700.0,,2260.1257603830186,0.15288391818787272,1.5871339022998783,1.5490855302005924,1.974987016173343e-07,1.00-1.50,1.00-1.50,1.6666666666666667e-05,pneumatic_feed,-0.04063338055392348,0.5133543533054574,-5.5282282507163084e-33,-0.2910050044795444,active,
copper,partial,0.32204855355881107,1.4046793121081915,1.4046793121081915,0.012,0.04701908881958641,0.05901908881958641,8900.0,,2606.2599727656107,0.15381908881958642,1.617532539535943,1.5538160824602856,3.035041311726797e-07,1.00-1.50,1.00-1.50,1.6666666666666667e-05,pneumatic_feed,0.0007658221847320858,0.2891321840371768,1.8571859173077427e-32,-0.27195363177033655,active,
copper,partial,0.2717816781861294,1.0898466256768993,1.0898466256768993,0.012,0.0396801250151749,0.051680125015174896,8900.0,,2834.3608877138695,0.14648012501517488,1.5706927155156516,1.516295499643188,1.739840634640335e-07,1.00-1.50,1.00-1.50,1.6666666666666667e-05,pneumatic_feed,0.033724645552870795,0.5169915221179869,5.041592429049143e-34,-0.2919460541030788,active,
aluminum,partial,0.24382569690418943,1.007084327752537,1.007084327752537,0.0218,0.038329399553338576,0.060129399553338576,2700.0,,2286.266684185554,0.1374718429388797,1.5047580382061585,1.4689309196720777,1.3942653351869968e-07,1.00-1.50,1.00-1.50,1.6666666666666667e-05,pneumatic_feed,-0.00509245024723678,0.530218605045978,1.053382281726109e-34,-0.2918072059835217,active,
copper,partial,0.2878286475339644,1.3309021105974614,1.3309021105974614,0.012,0.0420229825399588,0.0540229825399588,8900.0,,2754.808704422788,0.1488229825399588,1.5931618306514732,1.5283734929483674,2.6361021266819067e-07,1.00-1.50,1.00-1.50,1.6666666666666667e-05,pneumatic_feed,0.006400306859960882,0.5115100796020292,-9.513334428258071e-33,-0.2897527735665868,active,
aluminum,heavily_coated,0.3535399315980375,1.3533843383474813,1.3533843383474813,0.0218,0.0555764772472115,0.0773764772472115,2700.0,,2233.815954095432,0.17284480934652327,1.691104925643714,1.6471102353828748,3.165910511089643e-07,1.00-1.50,1.00-1.50,1.6666666666666667e-05,pneumatic_feed,0.0025907091668000834,0.0,0.0,0.0,heavy,4.513999999999725
aluminum,heavily_coated,0.2898420447701772,1.3456932629105711,1.3456932629105711,0.0218,0.045563169437871864,0.06736316943787186,2700.0,,2260.9977369729377,0.15230797365435284,1.5977013549998957,1.5461649182667165,2.7581304091325795e-07,1.00-1.50,1.00-1.50,1.6666666666666667e-05,pneumatic_feed,0.03730702689066742,0.5097408248856835,8.344327464848098e-33,-0.28772817539792095,active,
copper,heavily_coated,0.5570941680249221,1.2753170737222186,1.2753170737222186,0.012,0.08133574853163862,0.09333574853163862,8900.0,,2015.6880026291858,0.1881357485316386,1.739451557038538,1.7184233206496589,3.0599031002138945e-07,1.00-1.50,1.00-1.50,1.6666666666666667e-05,pneumatic_feed,-0.013196461683744698,0.0,0.0,0.0,heavy,3.0139999999998897
aluminum,partial,0.2673003834245046,1.4708668478512696,1.4708668478512696,0.0218,0.04201962027433212,0.06381962027433212,2700.0,,2272.660288425892,0.14504031661989453,1.568657583424725,1.5088249764852995,3.1378736915809827e-07,1.00-1.50,1.00-1.50,1.6666666666666667e-05,pneumatic_feed,-0.021337528565148353,0.5173879090556333,-5.729730596375768e-34,-0.29191199232555165,active,
aluminum,heavily_coated,0.29792706644596806,1.323164008112495,1.323164008112495,0.0218,0.04683413484530617,0.06863413484530617,2700.0,,2257.1081553224976,0.15491466549284455,1.6086658899814086,1.559339792853273,2.712188633193706e-07,1.00-1.50,1.00-1.50,1.6666666666666667e-05,pneumatic_feed,0.012574380330023147,0.40102149527157355,-1.8555569999257855e-32,-0.26422198196114827,active,
copper,partial,0.31962896036395183,1.1480534137970757,1.1480534137970757,0.012,0.04666582821313697,0.05866582821313697,8900.0,,2615.9321855234894,0.15346582821313698,1.602303910699738,1.5520308114317185,2.0227205005747314e-07,1.00-1.50,1.00-1.50,1.6666666666666667e-05,pneumatic_feed,-0.010584677350350949,0.48216547876531046,1.3045432002725917e-32,-0.25871929372587876,active,
copper,heavily_coated,0.7462651453346169,1.0675795017307634,1.0675795017307634,0.012,0.10895471121885406,0.12095471121885405,8900.0,,1783.7644275671908,0.21575471121885406,1.8007442833112939,1.840240730798863,2.459012523838478e-07,1.00-1.50,1.00-1.50,1.6666666666666667e-05,pneumatic_feed,0.0008362964063889268,0.0,0.0,0.0,heavy,2.0419999999999967
aluminum,partial,0.25084589766455806,1.0101259774200808,1.0101259774200808,0.0218,0.03943297511286853,0.06123297511286853,2700.0,,2282.0257485196703,0.13973522586603015,1.5158586750194345,1.4809740393380328,1.4257946515974177e-07,1.00-1.50,1.00-1.50,1.6666666666666667e-05,pneumatic_feed,-0.03786923380115218,0.5279326155178001,-7.113356957071251e-35,-0.2918390010829331,active,
copper,heavily_coated,0.6220378231648276,1.0154818540616168,1.0154818540616168,0.012,0.09081752218206482,0.10281752218206482,8900.0,,1922.021830404863,0.19761752218206483,1.7406178795531233,1.761194091566767,2.0378385996910494e-07,1.00-1.50,1.00-1.50,1.6666666666666667e-05,pneumatic_feed,-0.030621333987662893,0.0,0.0,0.0,heavy,2.8239999999999106
copper,partial,0.24294316925073645,1.490215881631009,1.490215881631009,0.012,0.03546970271060752,0.04746970271060752,8900.0,,2997.0632758737734,0.14226970271060752,1.5704603239163382,1.4943444227304814,3.1594449959636564e-07,1.00-1.50,1.00-1.50,1.6666666666666667e-05,pneumatic_feed,-0.02816377698380092,0.5170366052795571,6.8929971580123825e-34,-0.2919534031729932,active,
aluminum,partial,0.21422856229792162,1.4828950269792665,1.4828950269792665,0.0218,0.033676729993233276,0.055476729993233276,2700.0,,2306.0016476471665,0.12792943077047292,1.4814016924532334,1.4170322315929667,2.8131396045381255e-07,1.00-1.50,1.00-1.50,1.6666666666666667e-05,pneumatic_feed,0.010620066625185172,0.5351105651030194,3.1549133376485723e-35,-0.29172034131489727,active,
copper,partial,0.2780440923222679,1.41012202487772,1.41012202487772,0.012,0.040594437479051115,0.05259443747905111,8900.0,,2802.471982664703,0.14739443747905112,1.5903548279292803,1.52102041099756,2.9308560326956725e-07,1.00-1.50,1.00-1.50,1.6666666666666667e-05,pneumatic_feed,0.025694987149290756,0.5124081913086856,1.7021356321715556e-33,-0.29041972378214825,active,
copper,partial,0.3620138994223459,1.0395890473323517,1.0395890473323517,0.012,0.05285402931566251,0.0648540293156625,8900.0,,2461.744181515418,0.1596540293156625,1.6177873830819354,1.583012837641767,1.7254535575209152e-07,1.00-1.50,1.00-1.50,1.6666666666666667e-05,pneumatic_feed,-0.019934214277835014,0.2905859413600411,-2.3595922430635978e-32,-0.2721670669402311,active,
aluminum,heavily_coated,0.2788314589964153,1.2832701502904331,1.2832701502904331,0.0218,0.04383230535423649,0.06563230535423649,2700.0,,2266.5370337388595,0.14875805069503426,1.577416625786219,1.5280400399561713,2.4497212168759463e-07,1.00-1.50,1.00-1.50,1.6666666666666667e-05,pneumatic_feed,0.01992988919780836,0.5156890841028864,4.722292525376742e-33,-0.2919121247511779,active,
aluminum,heavily_coated,0.35822562737100855,1.4449347256301985,1.4449347256301985,0.0218,0.05631306862272255,0.07811306862272255,2700.0,,2232.0916025307456,0.17435552452068687,1.7032431343269896,1.654292692626278,3.6402580389340613e-07,1.00-1.50,1.00-1.50,1.6666666666666667e-05,pneumatic_feed,0.0052782162699953365,0.0,0.0,0.0,heavy,4.031999999999778
copper,partial,0.2811090640488776,1.3637010823763112,1.3637010823763112,0.012,0.04104192335113613,0.053041923351136125,8900.0,,2787.2655064264263,0.14784192335113613,1.5904023202951976,1.5233275514213722,2.7493876294314367e-07,1.00-1.50,1.00-1.50,1.6666666666666667e-05,pneumatic_feed,-0.04705271758165423,0.5123936412641871,-1.273999936220031e-32,-0.2904088363143082,active,
aluminum,partial,0.2321166184400758,1.3502739558613415,1.3502739558613415,0.0218,0.036488732418779916,0.058288732418779916,2700.0,,2293.697484973775,0.13369671895126484,1.5063766127770064,1.4486213103012993,2.437611732223182e-07,1.00-1.50,1.00-1.50,1.6666666666666667e-05,pneumatic_feed,-0.02969203329460092,0.529883733017161,1.1677421927030964e-35,-0.2918128091253914,active,
copper,partial,0.31242350561691296,1.457234193891651,1.457234193891651,0.012,0.0456138318200693,0.057613831820069294,8900.0,,2645.438204771119,0.1524138318200693,1.613828117032866,1.5467021381791026,3.236555722726525e-07,1.00-1.50,1.00-1.50,1.6666666666666667e-05,pneumatic_feed,0.004724446543702691,0.33042892918669475,-3.991785107308335e-33,-0.26873340523089295,active,
aluminum,heavily_coated,0.33344385391485126,1.0989456309369627,1.0989456309369627,0.0218,0.05241737383541463,0.07421737383541463,2700.0,,2241.5995654820886,0.16636563294068718,1.6438913645916162,1.6159439887066092,2.0091669709757193e-07,1.00-1.50,1.00-1.50,1.6666666666666667e-05,pneumatic_feed,0.016595525790409876,0.0,0.0,0.0,heavy,10.058000000000028
copper,heavily_coated,0.5329590407373287,1.2966457700606189,1.2966457700606189,0.012,0.07781201994764998,0.08981201994764998,8900.0,,2055.538000985363,0.18461201994764997,1.7290194748931056,1.7022544654364442,3.1038638972759685e-07,1.00-1.50,1.00-1.50,1.6666666666666667e-05,pneumatic_feed,0.00826667273094819,0.0,0.0,0.0,heavy,3.2679999999998617
copper,partial,0.17895646531533793,1.1800226908737907,1.1800226908737907,0.012,0.026127643936039332,0.03812764393603933,8900.0,,3486.38494838629,0.13292764393603934,1.5174146659452008,1.4444487873303344,1.8509556982174714e-07,1.00-1.50,1.00-1.50,1.6666666666666667e-05,pneumatic_feed,-0.04459889062971699,0.5276132811205398,-2.4899339391570314e-34,-0.29190061852264687,active,
copper,partial,0.14737625382411768,1.443509273868417,1.443509273868417,0.012,0.02151693305832118,0.03351693305832118,8900.0,,3828.421080026718,0.12831693305832118,1.5037866604573564,1.4191767265860196,2.6737643448212516e-07,1.00-1.50,1.00-1.50,1.6666666666666667e-05,pneumatic_feed,0.008608385853745456,0.530418767318509,-1.2399380897708855e-34,-0.2918708893453792,active,
aluminum,partial,0.24056035118935656,1.0285224877929982,1.0285224877929982,0.0218,0.03781608720696685,0.05961608720696685,2700.0,,2288.2927950866633,0.13641906282696045,1.5013257436775675,1.4632954623492727,1.4431206625068512e-07,1.00-1.50,1.00-1.50,1.6666666666666667e-05,pneumatic_feed,0.0035578981210699417,0.5309304618844897,1.5148648094556648e-34,-0.2917961695147086,active,
copper,partial,0.45511200291767384,1.0579815087616935,1.0579815087616935,0.012,0.06644635242598038,0.07844635242598037,8900.0,,2208.469190322781,0.17324635242598038,1.6678474963743375,1.6490223611819788,1.939189514064234e-07,1.00-1.50,1.00-1.50,1.6666666666666667e-05,pneumatic_feed,0.02499262767849085,0.0,0.0,0.0,heavy,6.307999999999527
aluminum,heavily_coated,0.32958286155592886,1.2487620652067712,1.2487620652067712,0.0218,0.051810425836592025,0.07361042583659202,2700.0,,2243.1715143286788,0.16512081039424703,1.6502640572563887,1.6098870270761552,2.5749049729508903e-07,1.00-1.50,1.00-1.50,1.6666666666666667e-05,pneumatic_feed,0.008458192787599976,0.0,0.0,0.0,heavy,8.797999999999607
aluminum,heavily_coated,0.35925334593323116,1.147884019622624,1.147884019622624,0.0218,0.05647462598070395,0.07827462598070395,2700.0,,2231.717738330636,0.17468687126233307,1.6835280012490146,1.65586386256044,2.3017401120162343e-07,1.00-1.50,1.00-1.50,1.6666666666666667e-05,pneumatic_feed,0.007473814184429724,0.0,0.0,0.0,heavy,5.017999999999669
copper,heavily_coated,0.5824904207886186,1.2449230539200749,1.2449230539200749,0.012,0.08504360143513831,0.09704360143513831,8900.0,,1976.8804805060963,0.19184360143513832,1.7492424128617063,1.7352743783407658,2.973256230337565e-07,1.00-1.50,1.00-1.50,1.6666666666666667e-05,pneumatic_feed,0.018159246375138993,0.0,0.0,0.0,heavy,2.73799999999992
aluminum,heavily_coated,0.4060260952865416,1.243516330881036,1.243516330881036,0.0218,0.06382730217904434,0.08562730217904434,2700.0,,2216.1958692162993,0.18976687338133386,1.7536551782787975,1.7258565538866248,2.9344275302969956e-07,1.00-1.50,1.00-1.50,1.6666666666666667e-05,pneumatic_feed,0.021218673298820694,0.0,0.0,0.0,heavy,2.563999999999939
copper,partial,0.19011452030990217,1.1693293408804621,1.1693293408804621,0.012,0.027756719965245712,0.03975671996524571,8900.0,,3384.50254655997,0.1345567199652457,1.524260851288776,1.4532729532247193,1.8398358892410297e-07,1.00-1.50,1.00-1.50,1.6666666666666667e-05,pneumatic_feed,-0.02913575604646644,0.5262178502484577,-6.116564034569538e-35,-0.29191369701711234,active,
copper,partial,0.18116689692248877,1.0453994209376525,1.0453994209376525,0.012,0.026450366950683358,0.03845036695068336,8900.0,,3465.5161320460466,0.13325036695068335,1.5129155589395347,1.4462011477169854,1.45623989269501e-07,1.00-1.50,1.00-1.50,1.6666666666666667e-05,pneumatic_feed,0.030793910810901767,0.5285354188840257,-6.591303756931738e-35,-0.29188796234068076,active,
aluminum,heavily_coated,0.33294624569590237,1.1836298443005129,1.1836298443005129,0.0218,0.05233914982339585,0.07413914982339585,2700.0,,2241.8007148817755,0.16620519907481587,1.650234969176537,1.615164637019493,2.3285009470039306e-07,1.00-1.50,1.00-1.50,1.6666666666666667e-05,pneumatic_feed,0.01744497016350681,0.0,0.0,0.0,heavy,9.047999999999691
aluminum,heavily_coated,0.2914298301891097,1.466584888066501,1.466584888066501,0.0218,0.04581276930572804,0.06761276930572804,2700.0,,2260.2223384795484,0.15281989155127085,1.6061703565312067,1.5487611235399563,3.28695908706115e-07,1.00-1.50,1.00-1.50,1.6666666666666667e-05,pneumatic_feed,0.021549143183936244,0.4186842703097269,-7.971411811868545e-33,-0.2620542114632402,active,
copper,heavily_coated,0.49497848169223685,1.3626678507347663,1.3626678507347663,0.012,0.07226685832706657,0.08426685832706657,8900.0,,2124.9974412485035,0.1790668583270666,1.7140862953666354,1.67649438063527,3.3250274398393543e-07,1.00-1.50,1.00-1.50,1.6666666666666667e-05,pneumatic_feed,-0.019422084684833998,0.0,0.0,0.0,heavy,3.55599999999983
aluminum,partial,0.23978629517459937,1.3255779507852896,1.3255779507852896,0.0218,0.037694405601447024,0.059494405601447024,2700.0,,2288.7782145340175,0.13616949942724257,1.5178498403492187,1.4619563820476995,2.392711759794423e-07,1.00-1.50,1.00-1.50,1.6666666666666667e-05,pneumatic_feed,0.02533523011775143,0.5275251674019943,-1.1867584530420618e-34,-0.29184460671652074,active,
aluminum,heavily_coated,0.3049682263804552,1.0186119237530562,1.0186119237530562,0.0218,0.04794100518700756,0.06974100518700756,2700.0,,2253.8362538056076,0.15718480586732256,1.596581365341873,1.5707236271519873,1.6309027851045193e-07,1.00-1.50,1.00-1.50,1.6666666666666667e-05,pneumatic_feed,0.022980886009720935,0.510302770915513,3.0229867078761725e-33,-0.2887176503290227,active,
aluminum,heavily_coated,0.3215161854093519,1.0609099208111663,1.0609099208111663,0.0218,0.05054234434635012,0.07234234434635012,2700.0,,2246.540871826595,0.16252003333782913,1.6238464910170607,1.5971582398969009,1.8292115038220137e-07,1.00-1.50,1.00-1.50,1.6666666666666667e-05,pneumatic_feed,0.01060186993132809,0.2143112538344041,1.0551276186265518e-33,-0.27742753661660985,active,
copper,heavily_coated,0.4898475192148467,1.0662692002782208,1.0662692002782208,0.012,0.07151773780536762,0.08351773780536761,8900.0,,2135.0882158820555,0.17831773780536764,1.6859409180324125,1.6729839247862037,2.0273478697365584e-07,1.00-1.50,1.00-1.50,1.6666666666666667e-05,pneumatic_feed,0.029655133763907042,0.0,0.0,0.0,heavy,5.035999999999667
copper,partial,0.16460409082860905,1.0079968597664477,1.0079968597664477,0.012,0.024032197260976922,0.03603219726097692,8900.0,,3630.9802678247693,0.13083219726097692,1.5005829898789196,1.4330185512435956,1.329330574182578e-07,1.00-1.50,1.00-1.50,1.6666666666666667e-05,pneumatic_feed,-0.03261627179736261,0.5310838445453756,-1.1130659078619044e-34,-0.29185486950326556,active,
copper,partial,0.2030994207652651,1.1493595569489252,1.1493595569489252,0.012,0.029652515431728702,0.0416525154317287,8900.0,,3275.972987883136,0.1364525154317287,1.5317425211846853,1.463474865590938,1.8025751047660847e-07,1.00-1.50,1.00-1.50,1.6666666666666667e-05,pneumatic_feed,0.0016926745895131656,0.524703409753397,5.93265225322522e-34,-0.2919252865164281,active,
copper,heavily_coated,0.4952830251863798,1.0735361342275644,1.0735361342275644,0.012,0.07231132167721145,0.08431132167721145,8900.0,,2124.4041501679308,0.17911132167721144,1.6893806490386678,1.6767025094051453,2.0642218582490924e-07,1.00-1.50,1.00-1.50,1.6666666666666667e-05,pneumatic_feed,0.005993991938427299,0.0,0.0,0.0,heavy,4.7719999999996965
copper,heavily_coated,0.5419764094650192,1.0950329326924324,1.0950329326924324,0.012,0.0791285557818928,0.0911285557818928,8900.0,,2040.2886250814122,0.18592855578189282,1.7142849673204605,1.708313382126532,2.22946396448228e-07,1.00-1.50,1.00-1.50,1.6666666666666667e-05,pneumatic_feed,-0.028062550555265006,0.0,0.0,0.0,heavy,3.563999999999829
copper,partial,0.2581628757777492,1.1499460852380434,1.1499460852380434,0.012,0.03769177986355139,0.04969177986355139,8900.0,,2907.7602021966454,0.14449177986355138,1.56603396472727,1.5059691154662844,1.9107246173774877e-07,1.00-1.50,1.00-1.50,1.6666666666666667e-05,pneumatic_feed,-0.01798741817358477,0.5178990131378995,-1.822907776661557e-33,-0.29194825007070213,active,
aluminum,heavily_coated,0.3523255997337187,1.4732923190790683,1.4732923190790683,0.0218,0.05538558427814058,0.07718558427814058,2700.0,,2234.268202060991,0.17245329661014824,1.6964855923610551,1.6452437337953567,3.743254454883954e-07,1.00-1.50,1.00-1.50,1.6666666666666667e-05,pneumatic_feed,-0.01170170260985539,0.0,0.0,0.0,heavy,4.293999999999749
aluminum,heavily_coated,0.29960870038083076,1.1119063501081916,1.1119063501081916,0.0218,0.04709848769986659,0.06889848769986659,2700.0,,2256.3171744346523,0.15545684108978364,1.5969413984536318,1.562066124639173,1.9219684733156886e-07,1.00-1.50,1.00-1.50,1.6666666666666667e-05,pneumatic_feed,0.03077493330521982,0.5101371545306016,5.333522028619567e-33,-0.28845258435017296,active,
copper,partial,0.4467887555080309,1.1070032001427221,1.1070032001427221,0.012,0.0652311583041725,0.0772311583041725,8900.0,,2227.483856018748,0.1720311583041725,1.6683694178064485,1.6432288522120988,2.1081662977516157e-07,1.00-1.50,1.00-1.50,1.6666666666666667e-05,pneumatic_feed,-0.006194298492834392,0.0,0.0,0.0,heavy,6.291999999999529
aluminum,heavily_coated,0.3346000452598672,1.3893172248112347,1.3893172248112347,0.0218,0.052599127114851124,0.07439912711485112,2700.0,,2241.133828557384,0.16673840059223377,1.6663901377453323,1.6177533605885976,3.2183885285131914e-07,1.00-1.50,1.00-1.50,1.6666666666666667e-05,pneumatic_feed,0.019050335676784422,0.0,0.0,0.0,heavy,6.519999999999504
aluminum,heavily_coated,0.2897066206626262,1.139774696825964,1.139774696825964,0.0218,0.045541880768164844,0.06734188076816484,2700.0,,2261.0641376654075,0.15226431156783732,1.5845260608159575,1.5459432830375035,1.9780449020019927e-07,1.00-1.50,1.00-1.50,1.6666666666666667e-05,pneumatic_feed,0.020028197698679893,0.5140580652316535,-2.383210549109611e-33,-0.29139588820844076,active,
copper,partial,0.4426707605669023,1.304001737371322,1.304001737371322,0.012,0.06462993104276774,0.07662993104276773,8900.0,,2237.1145153072293,0.17142993104276774,1.68176795257594,1.6403548999065058,2.9150297438459533e-07,1.00-1.50,1.00-1.50,1.6666666666666667e-05,pneumatic_feed,-0.026949207892256122,0.0,0.0,0.0,heavy,5.0439999999996665
aluminum,partial,0.2310151944371025,1.2899396959133473,1.2899396959133473,0.0218,0.036315588565512515,0.058115588565512515,2700.0,,2294.42069038246,0.1333416088384662,1.5017714487971514,1.4466961990440723,2.218730258596502e-07,1.00-1.50,1.00-1.50,1.6666666666666667e-05,pneumatic_feed,-0.007551696868408401,0.5308378800327911,-1.0063891720938582e-34,-0.29179809797041223,active,
copper,partial,0.21105332213021988,1.1864714963460128,1.1864714963460128,0.012,0.030813785031012102,0.0428137850310121,8900.0,,3214.2401082112165,0.1376137850310121,1.5384632414216532,1.4696890725070955,1.937209359514545e-07,1.00-1.50,1.00-1.50,1.6666666666666667e-05,pneumatic_feed,0.0044051563902644105,0.5233522430916049,-2.4973932204688715e-35,-0.2919345837216707,active,
aluminum,heavily_coated,0.3601006909833953,1.3989596192185338,1.3989596192185338,0.0218,0.05660782862258974,0.07840782862258974,2700.0,,2231.4106493385216,0.1749600637799565,1.7031415512359491,1.6571581581400725,3.4241224413805175e-07,1.00-1.50,1.00-1.50,1.6666666666666667e-05,pneumatic_feed,-0.023962488316021484,0.0,0.0,0.0,heavy,4.0639999999997745
copper,partial,0.17925960592433354,1.4623778490503618,1.4623778490503618,0.012,0.026171902464952695,0.038171902464952695,8900.0,,3483.502101762941,0.1329719024649527,1.5265954523919898,1.4446892333958532,2.843669255065604e-07,1.00-1.50,1.00-1.50,1.6666666666666667e-05,pneumatic_feed,-0.038906919656151034,0.5257440427157306,-6.1674458723136614e-34,-0.291921967149459,active,
copper,partial,0.4374221424070806,1.3146323364582861,1.3146323364582861,0.012,0.06386363279143377,0.07586363279143377,8900.0,,2249.6106040772734,0.17066363279143376,1.6795984944263016,1.6366845695778844,2.9495081941085395e-07,1.00-1.50,1.00-1.50,1.6666666666666667e-05,pneumatic_feed,-0.02622381442607678,0.0,0.0,0.0,heavy,5.293999999999639
copper,partial,0.14576615221581624,1.1655522720605087,1.1655522720605087,0.012,0.021281858223509167,0.03328185822350917,8900.0,,3848.3986489984063,0.12808185822350918,1.4948074904100521,1.4178761746627242,1.7400075404692513e-07,1.00-1.50,1.00-1.50,1.6666666666666667e-05,pneumatic_feed,0.02887421084377766,0.5322878795375073,-1.6748334269421617e-35,-0.2918402371069457,active,
copper,partial,0.22570867698765285,1.1850124482001623,1.1850124482001623,0.012,0.032953466840197315,0.04495346684019731,8900.0,,3108.847362918626,0.13975346684019732,1.5476993399083878,1.481070699029502,1.9624943503486675e-07,1.00-1.50,1.00-1.50,1.6666666666666667e-05,pneumatic_feed,-0.019005058314973965,0.5215095022254246,-2.211706298667938e-34,-0.2919430488294105,active,
copper,partial,0.28998453557488235,1.3184611396488637,1.3184611396488637,0.012,0.042337742193932826,0.05433774219393282,8900.0,,2744.643707529406,0.14913774219393283,1.593928063319594,1.52998888933089,2.5925206947251504e-07,1.00-1.50,1.00-1.50,1.6666666666666667e-05,pneumatic_feed,-0.016874929096698275,0.5112517558464387,-5.384966398645394e-33,-0.28954910140252854,active,
copper,partial,0.45941206376104643,1.4996152226744506,1.4996152226744506,0.012,0.06707416130911277,0.07907416130911277,8900.0,,2198.874555613844,0.17387416130911276,1.7029289977010245,1.6520075169041557,3.9101618018388554e-07,1.00-1.50,1.00-1.50,1.6666666666666667e-05,pneumatic_feed,0.006962336728212648,0.0,0.0,0.0,heavy,4.0359999999997775
copper,partial,0.2930076546738489,1.4027562644364377,1.4027562644364377,0.012,0.04277911758238194,0.054779117582381937,8900.0,,2730.5864749907832,0.14957911758238193,1.5994810055036606,1.5322512292613986,2.9433058969930705e-07,1.00-1.50,1.00-1.50,1.6666666666666667e-05,pneumatic_feed,-0.02557901027933085,0.506152551253632,4.697553657408465e-33,-0.2776901918759613,active,
copper,partial,0.1858943428246873,1.3699865635069637,1.3699865635069637,0.012,0.027140574052404342,0.03914057405240434,8900.0,,3422.039080803328,0.13394057405240434,1.5285607897952664,1.4499418092897862,2.5138813230818116e-07,1.00-1.50,1.00-1.50,1.6666666666666667e-05,pneumatic_feed,-0.024067951819324584,0.5253460725980298,-1.182090081088604e-34,-0.29192406610922594,active,
copper,partial,0.19134728165307624,1.4086629304634495,1.4086629304634495,0.012,0.02793670312134913,0.03993670312134913,8900.0,,3373.756284086515,0.13473670312134914,1.5334110710853515,1.454244577845383,2.67362250749581e-07,1.00-1.50,1.00-1.50,1.6666666666666667e-05,pneumatic_feed,0.0049466106307147276,0.5243670859705868,4.9638796502983606e-34,-0.2919317275015201,active,
copper,partial,0.20626613230697466,1.3219481278898684,1.3219481278898684,0.012,0.0301148553168183,0.0421148553168183,8900.0,,3250.9871941111055,0.1369148553168183,1.5406403019986237,1.4659521032601237,2.392651245147897e-07,1.00-1.50,1.00-1.50,1.6666666666666667e-05,pneumatic_feed,-0.0040337686081257365,0.5229163895180357,4.194683584282787e-35,-0.29193922468391326,active,
aluminum,heavily_coated,0.3761602108808024,1.112107331613874,1.112107331613874,0.0218,0.05913238515046214,0.08093238515046214,2700.0,,2225.7815984934045,0.1801378135900795,1.702737355594814,1.6815002593249542,2.2279133453166177e-07,1.00-1.50,1.00-1.50,1.6666666666666667e-05,pneumatic_feed,0.0036259787148123627,0.0,0.0,0.0,heavy,4.01599999999978
copper,partial,0.1818107918849775,1.2977904898998065,1.2977904898998065,0.012,0.02654437561520671,0.03854437561520671,8900.0,,3459.502806489854,0.1333443756152067,1.5235303227874162,1.4467112081048812,2.2458661883197102e-07,1.00-1.50,1.00-1.50,1.6666666666666667e-05,pneumatic_feed,0.029192920421341178,0.5263662796378916,-1.7062366572033145e-34,-0.2919144999115818,active,
aluminum,partial,0.21190363386269948,1.4853680385734715,1.4853680385734715,0.0218,0.03331125124321636,0.05511125124321636,2700.0,,2307.6930340848953,0.12717985059367293,1.4774795036187116,1.4128747060225442,2.8059922031188414e-07,1.00-1.50,1.00-1.50,1.6666666666666667e-05,pneumatic_feed,0.01768223801720547,0.5359432174866859,1.7103918249940495e-35,-0.29170276250171845,active,
aluminum,partial,0.24281068057043229,1.0133078699995677,1.0133078699995677,0.0218,0.03816983898567196,0.05996983898567196,2700.0,,2286.892775474681,0.13714459152271308,1.5036703085888419,1.4671814845275635,1.408190845383795e-07,1.00-1.50,1.00-1.50,1.6666666666666667e-05,pneumatic_feed,-0.02854100650441469,0.5304439407440416,1.2766389489705518e-35,-0.29180377241677735,active,
copper,partial,0.2851003702970748,1.0632937974511307,1.0632937974511307,0.012,0.041624654063372915,0.05362465406337291,8900.0,,2767.843572248813,0.1484246540633729,1.5767425942857052,1.5263267573421824,1.6780797876391145e-07,1.00-1.50,1.00-1.50,1.6666666666666667e-05,pneumatic_feed,-0.007179323876125191,0.5158189390557676,-2.4202455100297197e-33,-0.2919430770599955,active,
copper,partial,0.1159005879950259,1.33848048358125,1.33848048358125,0.012,0.01692148584727378,0.02892148584727378,8900.0,,4277.839890405773,0.12372148584727377,1.4789168765690164,1.3935323612528019,2.2165075414965313e-07,1.00-1.50,1.00-1.50,1.6666666666666667e-05,pneumatic_feed,0.002123703157456266,0.5356364074454064,-3.2873759202314787e-35,-0.29178443447157637,active,
aluminum,heavily_coated,0.31652629930907117,1.089657629866759,1.089657629866759,0.0218,0.049757934251385985,0.07155793425138599,2700.0,,2248.6848711276343,0.16091124416023764,1.6193831198923812,1.5892334278950624,1.9105856922341642e-07,1.00-1.50,1.00-1.50,1.6666666666666667e-05,pneumatic_feed,-0.003898482038269743,0.2665652449682312,-2.7551881392743386e-32,-0.2735415756762773,active,
aluminum,partial,0.26079713359973217,1.1269958539032838,1.1269958539032838,0.0218,0.0409973094018779,0.0627973094018779,2700.0,,2276.269560039702,0.14294360384388966,1.5399031404095564,1.4978794363812102,1.8155548075794626e-07,1.00-1.50,1.00-1.50,1.6666666666666667e-05,pneumatic_feed,0.0121646203709887,0.5230645723558942,1.323524804482001e-33,-0.2918877030374794,active,
aluminum,heavily_coated,0.35661564496581627,1.2252653250637686,1.2252653250637686,0.0218,0.05605997938862632,0.07785997938862632,2700.0,,2232.6804021582184,0.17383645009342882,1.6863323016693632,1.6518283569022718,2.609763369187394e-07,1.00-1.50,1.00-1.50,1.6666666666666667e-05,pneumatic_feed,-0.02879800423616026,0.0,0.0,0.0,heavy,4.775999999999696
aluminum,partial,0.23204056926706623,1.3334122555024202,1.3334122555024202,0.0218,0.036476777488782815,0.058276777488782815,2700.0,,2293.7472814642883,0.13367219993739482,1.5054945846645897,1.4484884708610384,2.3766759992121557e-07,1.00-1.50,1.00-1.50,1.6666666666666667e-05,pneumatic_feed,-0.02324037690935344,0.530066148170937,-5.845964321854239e-35,-0.29181006859136605,active,
copper,heavily_coated,0.5208205605206341,1.356184012162902,1.356184012162902,0.012,0.07603980183601257,0.08803980183601257,8900.0,,2076.785703999872,0.18283980183601256,1.727314154352024,1.6940642046917977,3.3628537661473507e-07,1.00-1.50,1.00-1.50,1.6666666666666667e-05,pneumatic_feed,-0.025198773142627813,0.0,0.0,0.0,heavy,3.257999999999863
copper,partial,0.34237590378408805,1.0922433655553196,1.0922433655553196,0.012,0.04998688195247686,0.061986881952476855,8900.0,,2529.3558413323613,0.15678688195247686,1.611294570691533,1.5687341709563407,1.870460555406422e-07,1.00-1.50,1.00-1.50,1.6666666666666667e-05,pneumatic_feed,-0.03120209130339645,0.3658426613712745,4.9104620019918314e-33,-0.2665242231221011,active,
copper,heavily_coated,0.7382089048774497,1.2989274908477362,1.2989274908477362,0.012,0.10777850011210766,0.11977850011210765,8900.0,,1791.460904179558,0.21457850011210766,1.827520797549554,1.8352177357903998,3.620395547602873e-07,1.00-1.50,1.00-1.50,1.6666666666666667e-05,pneumatic_feed,0.027481321426409848,0.0,0.0,0.0,heavy,1.7940000000000014
aluminum,heavily_coated,0.2865953388572815,1.3423119833097088,1.3423119833097088,0.0218,0.04505278726836466,0.06685278726836466,2700.0,,2262.6012972918224,0.15126120320097614,1.5925698403201372,1.5408425764634497,2.725426568500791e-07,1.00-1.50,1.00-1.50,1.6666666666666667e-05,pneumatic_feed,0.01637679922075525,0.5117075227062272,-1.3414822056152337e-33,-0.28987537546443454,active,
copper,partial,0.43076491194198097,1.197127530954526,1.197127530954526,0.012,0.06289167714352922,0.07489167714352922,8900.0,,2265.828241745964,0.16969167714352923,1.6675733785293367,1.6320173297011387,2.4318757341033043e-07,1.00-1.50,1.00-1.50,1.6666666666666667e-05,pneumatic_feed,-0.04576138950971893,0.0,0.0,0.0,heavy,6.291999999999529
copper,partial,0.23133855763093214,1.2506647680707483,1.2506647680707483,0.012,0.0337754294141161,0.045775429414116095,8900.0,,3070.9800260391626,0.1405754294141161,1.5541688215281377,1.48541978581274,2.1988279572468611e-07,1.00-1.50,1.00-1.50,1.6666666666666667e-05,pneumatic_feed,0.016150762534513162,0.520228341252753,-1.289180925720239e-33,-0.2919480329143371,active,
aluminum,partial,0.2545701297556585,1.0929416892730275,1.0929416892730275,0.0218,0.04001842439758952,0.06181842439758952,2700.0,,2279.83739326778,0.14093595553452185,1.5278965020358384,1.4873233535683674,1.6835103410400306e-07,1.00-1.50,1.00-1.50,1.6666666666666667e-05,pneumatic_feed,0.04305951646870353,0.5254813310652005,4.1141273298433215e-34,-0.2918668384083932,active,
copper,heavily_coated,0.5787896448328149,1.4246484521966767,1.4246484521966767,0.012,0.08450328814559098,0.09650328814559098,8900.0,,1982.3499470502886,0.191303288145591,1.7624204006742297,1.732829019474569,3.8827359421848086e-07,1.00-1.50,1.00-1.50,1.6666666666666667e-05,pneumatic_feed,0.0008388554189346742,0.0,0.0,0.0,heavy,2.5319999999999427
copper,partial,0.19792851854949833,1.0104730449600396,1.0104730449600396,0.012,0.028897563708226753,0.04089756370822675,8900.0,,3317.986486342473,0.13569756370822675,1.521508079259511,1.4594207617970656,1.3855478102218984e-07,1.00-1.50,1.00-1.50,1.6666666666666667e-05,pneumatic_feed,0.012978783240005214,0.5267778788051143,1.1580643992115289e-35,-0.2919051321673264,active,
aluminum,heavily_coated,0.3790999444101039,1.1885921223940308,1.1885921223940308,0.0218,0.05959451126126834,0.08139451126126834,2700.0,,2224.788997085991,0.1810856130772616,1.7136465261054383,1.6859180830813514,2.5582892322900144e-07,1.00-1.50,1.00-1.50,1.6666666666666667e-05,pneumatic_feed,0.025653415976621057,0.0,0.0,0.0,heavy,3.581999999999827
copper,partial,0.39911232581096306,1.0010256779920435,1.0010256779920435,0.012,0.058270399568400605,0.0702703995684006,8900.0,,2349.0744407639595,0.1650703995684006,1.633671009813708,1.6096412617802813,1.654091913769439e-07,1.00-1.50,1.00-1.50,1.6666666666666667e-05,pneumatic_feed,-0.0076271793792956006,0.09860953670732935,1.5908653293489773e-32,-0.28599788822588545,active,
copper,partial,0.324009430949132,1.0467128626579458,1.0467128626579458,0.012,0.04730537691857327,0.059305376918573266,8900.0,,2598.505985893338,0.15410537691857326,1.5976001285687023,1.5552613915718239,1.6883905557115798e-07,1.00-1.50,1.00-1.50,1.6666666666666667e-05,pneumatic_feed,0.012539228605147642,0.5098927969764794,2.901160545055881e-33,-0.2882975532195096,active,
copper,partial,0.4563483696304048,1.0836354498854357,1.0836354498854357,0.012,0.0666268619660391,0.0786268619660391,8900.0,,2205.6948176431924,0.1734268619660391,1.6710292200681784,1.6498812155482436,2.0364923076999918e-07,1.00-1.50,1.00-1.50,1.6666666666666667e-05,pneumatic_feed,-0.03063904866703921,0.0,0.0,0.0,heavy,6.017999999999559
aluminum,partial,0.22180434758552317,1.302422966288729,1.302422966288729,0.0218,0.03486764344044425,0.05666764344044425,2700.0,,2300.6416323287726,0.1303719397050485,1.4870623795488103,1.4304957062537593,2.211506492033796e-07,1.00-1.50,1.00-1.50,1.6666666666666667e-05,pneumatic_feed,0.005294611677474687,0.5339145557190949,-7.8044977334411e-37,-0.2917440185758973,active,
copper,partial,0.11315733099354086,1.3414140048150078,1.3414140048150078,0.012,0.016520970325056963,0.028520970325056964,8900.0,,4323.870082944335,0.12332097032505696,1.4770130658149603,1.3912749369632496,2.2190270975963355e-07,1.00-1.50,1.00-1.50,1.6666666666666667e-05,pneumatic_feed,-0.012328339219250601,0.5360411451335423,-2.546807441633466e-36,-0.2917765797173771,active,
copper,partial,0.17244106279486815,1.190876532015408,1.190876532015408,0.012,0.025176395168050748,0.03717639516805075,8900.0,,3550.005173214609,0.13197639516805074,1.513535241004768,1.439271169223411,1.8716719665087644e-07,1.00-1.50,1.00-1.50,1.6666666666666667e-05,pneumatic_feed,0.02946029343569374,0.5284081302710681,3.8604334602620814e-35,-0.291892284642436,active,
copper,partial,0.4480387282292754,1.0337970808274466,1.0337970808274466,0.012,0.0654136543214742,0.07741365432147419,8900.0,,2224.5901686326015,0.1722136543214742,1.661808161653109,1.6441002153852604,1.8405100169560557e-07,1.00-1.50,1.00-1.50,1.6666666666666667e-05,pneumatic_feed,0.027209022835024653,0.0,0.0,0.0,heavy,6.793999999999474
aluminum,heavily_coated,0.3560158572211698,1.3040612654762809,1.3040612654762809,0.0218,0.0559656927551679,0.0777656927551679,2700.0,,2232.900735204187,0.17364307252667735,1.6912744828221158,1.6509093452938983,2.9529320421829624e-07,1.00-1.50,1.00-1.50,1.6666666666666667e-05,pneumatic_feed,0.003052768035180938,0.0,0.0,0.0,heavy,4.545999999999721
copper,partial,0.1972830889384315,1.1613285042599422,1.1613285042599422,0.012,0.028803330985010995,0.040803330985010995,8900.0,,3323.3397301515542,0.13560333098501098,1.5285481419470994,1.4589139395936734,1.8288602858161775e-07,1.00-1.50,1.00-1.50,1.6666666666666667e-05,pneumatic_feed,-0.030781454174970975,0.5253486799252308,-7.918056492899482e-34,-0.291920727867889,active,
copper,partial,0.22506828828419567,1.3956670292579128,1.3956670292579128,0.012,0.03285997008949257,0.044859970089492565,8900.0,,3113.2426038376866,0.13965997008949257,1.5555801888447083,1.4805751890818228,2.720417642605631e-07,1.00-1.50,1.00-1.50,1.6666666666666667e-05,pneumatic_feed,0.007186545448554898,0.519949862184568,-1.992569663361965e-33,-0.29195090993225276,active,
aluminum,partial,0.2695922438660616,1.0240817773777833,1.0240817773777833,0.0218,0.042379900735744894,0.0641799007357449,2700.0,,2271.4157185298573,0.14577923534485693,1.5454675195745753,1.5126635045418644,1.5288502357236948e-07,1.00-1.50,1.00-1.50,1.6666666666666667e-05,pneumatic_feed,-0.007204042073393539,0.5219539384057706,-4.6199962271802786e-34,-0.29189490627161,active,
copper,partial,0.33327982194993583,1.1879257559449092,1.1879257559449092,0.012,0.04865885400469064,0.060658854004690635,8900.0,,2562.838625218163,0.15545885400469062,1.612721799080162,1.56207623772261,2.1937849815907994e-07,1.00-1.50,1.00-1.50,1.6666666666666667e-05,pneumatic_feed,-0.03708583696523338,0.34587955356652045,-1.875405882071102e-32,-0.2677669172491502,active,
aluminum,heavily_coated,0.42570718838960997,1.1903342586695664,1.1903342586695664,0.0218,0.0669211700148467,0.0887211700148467,2700.0,,2210.4335929730923,0.19611225460869414,1.7739045982487136,1.7544736955389395,2.778705999494906e-07,1.00-1.50,1.00-1.50,1.6666666666666667e-05,pneumatic_feed,0.012918014085233132,0.0,0.0,0.0,heavy,2.2899999999999694
copper,heavily_coated,0.5644256553303975,1.3783275770732537,1.3783275770732537,0.012,0.08240614567823802,0.09440614567823802,8900.0,,2004.1719140097546,0.189206145678238,1.7515752260485489,1.7233048664022348,3.594513587982104e-07,1.00-1.50,1.00-1.50,1.6666666666666667e-05,pneumatic_feed,0.023411616328996555,0.0,0.0,0.0,heavy,2.7799999999999154
copper,partial,0.1729306488652349,1.021119888184404,1.021119888184404,0.012,0.025247874734324296,0.037247874734324296,8900.0,,3545.1116520385203,0.13204787473432428,1.506504817651281,1.439660877370068,1.3768444734494192e-07,1.00-1.50,1.00-1.50,1.6666666666666667e-05,pneumatic_feed,0.005773651829829471,0.5298563140233888,-1.1828669668936564e-34,-0.2918715882104634,active,
copper,partial,0.26853755340176233,1.2479250760538798,1.2479250760538798,0.012,0.039206482796657297,0.05120648279665729,8900.0,,2851.328090164952,0.1460064827966573,1.577381283807169,1.513842050537748,2.2737837710424832e-07,1.00-1.50,1.00-1.50,1.6666666666666667e-05,pneumatic_feed,0.003398181883492128,0.5156954808032781,2.0511913194100797e-33,-0.29194710055977185,active,
aluminum,heavily_coated,0.3292813384102888,1.2298970863973846,1.2298970863973846,0.0218,0.05176302639809739,0.07356302639809739,2700.0,,2243.2953672108483,0.1650235963168612,1.6485022177335893,1.609413050708069,2.4962242201045755e-07,1.00-1.50,1.00-1.50,1.6666666666666667e-05,pneumatic_feed,0.021434629845890157,0.0,0.0,0.0,heavy,9.293999999999773
aluminum,heavily_coated,0.35399345124384546,1.2441000638398445,1.2441000638398445,0.0218,0.055647770535532506,0.0774477705355325,2700.0,,2233.6476236738295,0.1729910286155282,1.68416063760564,1.6478067802838203,2.6775291383637566e-07,1.00-1.50,1.00-1.50,1.6666666666666667e-05,pneumatic_feed,-0.019548839276874855,0.0,0.0,0.0,heavy,5.037999999999667
aluminum,heavily_coated,0.3087674281456576,1.4936352402771984,1.4936352402771984,0.0218,0.048538239704497374,0.07033823970449737,2700.0,,2252.113603836931,0.15840970650844147,1.6338001226385563,1.5768318722541403,3.5340353768849484e-07,1.00-1.50,1.00-1.50,1.6666666666666667e-05,pneumatic_feed,-0.007633955132910925,0.1009543399119678,4.198836858332599e-32,-0.2861038041275971,active,
copper,partial,0.2695691361287893,1.3534047665287965,1.3534047665287965,0.012,0.03935709387480324,0.051357093874803236,8900.0,,2845.8988398194915,0.14615709387480325,1.5827153240269165,1.5146226412736976,2.677166010126183e-07,1.00-1.50,1.00-1.50,1.6666666666666667e-05,pneumatic_feed,0.030332515140073086,0.5145150550920496,-1.9467767778212772e-33,-0.2916440584640449,active,
copper,partial,0.31406091082400217,1.0950851774583115,1.0950851774583115,0.012,0.045852892980304316,0.05785289298030431,8900.0,,2638.638884182925,0.15265289298030432,1.5955561771061488,1.5479146643852357,1.8306311177532378e-07,1.00-1.50,1.00-1.50,1.6666666666666667e-05,pneumatic_feed,0.016886216417140106,0.5106797797712499,-2.9611642482052308e-33,-0.28907359607307287,active,
copper,partial,0.36434844683246315,1.0090858318184948,1.0090858318184948,0.012,0.05319487323753962,0.06519487323753961,8900.0,,2454.1020680352144,0.1599948732375396,1.6163199666005186,1.5847017165184185,1.6291545420880215e-07,1.00-1.50,1.00-1.50,1.6666666666666667e-05,pneumatic_feed,0.03153095078102519,0.31306772256698473,-3.3923954991285002e-34,-0.2708898754218466,active,
copper,partial,0.46941425611651844,1.1482183891649171,1.1482183891649171,0.012,0.06853448139301169,0.08053448139301168,8900.0,,2177.1355369803896,0.1753344813930117,1.683750084475877,1.6589303842972771,2.3116193921078127e-07,1.00-1.50,1.00-1.50,1.6666666666666667e-05,pneumatic_feed,-0.032119986883718886,0.0,0.0,0.0,heavy,5.033999999999668
copper,partial,0.14153773306978512,1.039919190740082,1.039919190740082,0.012,0.020664509028188626,0.032664509028188626,8900.0,,3902.232509240841,0.12746450902818862,1.4871913037870577,1.414454995291985,1.3784418914695746e-07,1.00-1.50,1.00-1.50,1.6666666666666667e-05,pneumatic_feed,0.025316388998247764,0.5338862695014247,8.630568864874518e-36,-0.2918118383914747,active,
