material,liberation_state,residual_coating_fraction,size_mm,aerodynamic_size_mm,metal_thickness_mm,coating_thickness_mm,total_thickness_mm,metal_density_kg_m3,coating_density_kg_m3,effective_density_kg_m3,areal_density_kg_m2,suspension_velocity_m_s,eq9_velocity_m_s,physical_particle_mass_kg,source_subfraction,pneumatic_fraction,statistical_mass,mill_fraction,x_m,z_m,vx_m_s,vz_m_s,dynamic_stream,exit_time_s
copper,partial,0.24985923116437092,1.6691284147919387,1.6691284147919387,0.012,0.03647944774999816,0.048479447749998156,8900.0,,2955.467819866071,0.14327944774999815,1.58019826771069,1.4996380269531615,3.991750606478374e-07,1.50-2.00,1.50-2.00,1.6666666666666667e-05,pneumatic_feed,-0.02055984841684229,0.5390221054301844,1.8473366444023753e-33,-0.291254473110676,active,
copper,heavily_coated,0.711677791313105,1.6678407307498992,1.6678407307498992,0.012,0.10390495753171333,0.11590495753171333,8900.0,,1817.9115200836973,0.21070495753171334,1.8467293535712548,1.8185777446724056,5.861164428831517e-07,1.50-2.00,1.50-2.00,1.6666666666666667e-05,pneumatic_feed,0.010078764164291508,0.0,0.0,0.0,heavy,3.5159999999998344
copper,partial,0.377603898999633,1.9751438496358065,1.9751438496358065,0.012,0.05513016925394641,0.06713016925394641,8900.0,,2412.181751566595,0.1619301692539464,1.6720307380815604,1.5942571739245657,6.317208795006495e-07,1.50-2.00,1.50-2.00,1.6666666666666667e-05,pneumatic_feed,0.016243246576179156,0.5213933679707229,8.38849991271382e-32,-0.2910264896862513,active,
copper,heavily_coated,0.5396677828924734,1.7523754494120347,1.7523754494120347,0.012,0.07879149630230112,0.09079149630230111,8900.0,,2044.1506513380075,0.18559149630230112,1.7608016328319278,1.7067642268224743,5.699180259117468e-07,1.50-2.00,1.50-2.00,1.6666666666666667e-05,pneumatic_feed,0.02186021937125822,0.07485997621230296,-4.214666101013737e-30,-0.2857482697111396,active,
copper,partial,0.3715325553822505,1.8993953342420276,1.8993953342420276,0.012,0.054243753085808574,0.06624375308580857,8900.0,,2431.0783369595806,0.16104375308580857,1.6660654002921542,1.5898876527713683,5.809979724771952e-07,1.50-2.00,1.50-2.00,1.6666666666666667e-05,pneumatic_feed,0.01167064698846104,0.5224948875317716,-1.1897196600166146e-31,-0.29104887702302107,active,
copper,partial,0.3903509564543176,1.7251681952470834,1.7251681952470834,0.012,0.05699123964233037,0.06899123964233037,8900.0,,2374.0874999705666,0.16379123964233036,1.6722308691151362,1.60339243400548,4.874763558269797e-07,1.50-2.00,1.50-2.00,1.6666666666666667e-05,pneumatic_feed,0.0355205331759585,0.5213565355412602,1.4326388720841128e-31,-0.2910231522855212,active,
aluminum,heavily_coated,0.3741209572745534,1.534122314963802,1.534122314963802,0.0218,0.05881181448355981,0.08061181448355981,2700.0,,2226.476838224408,0.17948033783488876,1.7304582705180303,1.6784288434891763,4.2241258874937794e-07,1.50-2.00,1.50-2.00,1.6666666666666667e-05,pneumatic_feed,0.01871422743901164,0.4514862508085201,-2.21367876396344e-30,-0.25898413849658364,active,
copper,heavily_coated,0.7072058364106047,1.5853407800676766,1.5853407800676766,0.012,0.10325205211594829,0.11525205211594829,8900.0,,1822.545006874388,0.2100520521159483,1.8387014974257367,1.8157579712097989,5.279249545420927e-07,1.50-2.00,1.50-2.00,1.6666666666666667e-05,pneumatic_feed,0.02821458513280472,0.0,0.0,0.0,heavy,3.5679999999998286
copper,partial,0.3843201177057071,1.8292814726909516,1.8292814726909516,0.012,0.056110737185033246,0.06811073718503324,8900.0,,2391.8510343304797,0.16291073718503324,1.6720076483933544,1.5990768996068583,5.451434275889636e-07,1.50-2.00,1.50-2.00,1.6666666666666667e-05,pneumatic_feed,-0.045367398821938916,0.5213976323631103,-2.801586573064266e-31,-0.29102519038543406,active,
copper,heavily_coated,0.5913026160929946,1.8826198902705404,1.8826198902705404,0.012,0.08633018194957721,0.09833018194957721,8900.0,,1964.0986940165792,0.1931301819495772,1.7955026477766938,1.7410833799334724,6.845031250605991e-07,1.50-2.00,1.50-2.00,1.6666666666666667e-05,pneumatic_feed,-0.019234677009811806,0.0,0.0,0.0,heavy,6.065999999999554
copper,heavily_coated,0.5019005295773462,1.5399077079503802,1.5399077079503802,0.012,0.07327747731829254,0.08527747731829254,8900.0,,2111.665154518646,0.18007747731829254,1.72888347057709,1.681218630633125,4.2702055800595663e-07,1.50-2.00,1.50-2.00,1.6666666666666667e-05,pneumatic_feed,0.0361148577495793,0.4605101321462185,2.2249335197612656e-30,-0.25758805733327095,active,
copper,partial,0.31713342094267216,1.7075535171056455,1.7075535171056455,0.012,0.046301479457630135,0.05830147945763013,8900.0,,2626.030777982139,0.15310147945763014,1.6256069611260864,1.5501873504731494,4.46403956722028e-07,1.50-2.00,1.50-2.00,1.6666666666666667e-05,pneumatic_feed,-0.02318420180599147,0.5301219472585966,3.782660501582056e-32,-0.2911754489817507,active,
copper,heavily_coated,0.6317707954386464,1.7013358443159785,1.7013358443159785,0.012,0.09223853613404237,0.10423853613404237,8900.0,,1909.4525260609457,0.19903853613404238,1.8080088575659434,1.7675148834337802,5.761257318980049e-07,1.50-2.00,1.50-2.00,1.6666666666666667e-05,pneumatic_feed,-0.029322236121058495,0.0,0.0,0.0,heavy,4.82799999999969
copper,partial,0.3027448299172227,1.8348972262333632,1.8348972262333632,0.012,0.044200745167914515,0.05620074516791451,8900.0,,2686.8103744311584,0.1510007451679145,1.6197616826943397,1.5395154095219659,5.08396531323649e-07,1.50-2.00,1.50-2.00,1.6666666666666667e-05,pneumatic_feed,0.03596802288313657,0.5312469789667132,5.536153552751213e-33,-0.29119098143239136,active,
aluminum,heavily_coated,0.3852794659322331,1.856802851627387,1.856802851627387,0.0218,0.06056593204454705,0.08236593204454705,2700.0,,2222.7387958433446,0.18307795261121126,1.7608079287564766,1.6951671139405615,6.312009383851229e-07,1.50-2.00,1.50-2.00,1.6666666666666667e-05,pneumatic_feed,0.047329430554113865,0.07727325480603152,6.3577676978993e-30,-0.28576838710294344,active,
aluminum,heavily_coated,0.33614183925396335,1.576000348844581,1.576000348844581,0.0218,0.052841497130723045,0.07464149713072304,2700.0,,2240.516292177034,0.1672354903938703,1.678281333051321,1.6201630341487825,4.1537568127368726e-07,1.50-2.00,1.50-2.00,1.6666666666666667e-05,pneumatic_feed,0.02117514714346035,0.5202454577797259,-4.241788824000376e-32,-0.29099078262004474,active,
copper,partial,0.41444685393067715,1.9597598034299322,1.9597598034299322,0.012,0.06050924067387886,0.07250924067387886,8900.0,,2307.41956637468,0.16730924067387887,1.6947833745643541,1.6205202379536032,6.425776551710359e-07,1.50-2.00,1.50-2.00,1.6666666666666667e-05,pneumatic_feed,0.0206191954366695,0.5172445804133597,-2.0460304410718305e-31,-0.29092936420998095,active,
aluminum,heavily_coated,0.3150816679304046,1.9062816767257802,1.9062816767257802,0.0218,0.049530838198659596,0.0713308381986596,2700.0,,2249.314386445227,0.16044548055744173,1.6589960877307293,1.5869317133479959,5.830444091404883e-07,1.50-2.00,1.50-2.00,1.6666666666666667e-05,pneumatic_feed,-0.014943272757088448,0.5238079337901825,-1.1991788113242578e-31,-0.29105954586819155,active,
copper,heavily_coated,0.658253155328983,1.7271797697859972,1.7271797697859972,0.012,0.09610496067803151,0.1081049606780315,8900.0,,1876.9255305715562,0.20290496067803152,1.8233294158453976,1.7845997486277934,6.052959247538175e-07,1.50-2.00,1.50-2.00,1.6666666666666667e-05,pneumatic_feed,0.009568107258345867,0.0,0.0,0.0,heavy,4.2539999999997535
aluminum,heavily_coated,0.337759342905922,1.8034077027983204,1.8034077027983204,0.0218,0.05309576870481095,0.07489576870481095,2700.0,,2239.8727277569474,0.16775698974629832,1.6899216337373262,1.6226871882953593,5.455925923139363e-07,1.50-2.00,1.50-2.00,1.6666666666666667e-05,pneumatic_feed,0.02861283375599271,0.5181242255172162,2.502779859953401e-31,-0.2909445574722832,active,
copper,partial,0.30345465773134794,1.7432539916972583,1.7432539916972583,0.012,0.044304380028776805,0.0563043800287768,8900.0,,2683.705600728546,0.1511043800287768,1.6177738571931828,1.5400436191652758,4.591963104832603e-07,1.50-2.00,1.50-2.00,1.6666666666666667e-05,pneumatic_feed,0.022882044250957606,0.5316309496052486,-2.9270268042815883e-32,-0.2911946913062099,active,
copper,partial,0.4792324761394841,1.7565376426469541,1.7565376426469541,0.012,0.06996794151636468,0.08196794151636468,8900.0,,2156.5497223212983,0.17676794151636468,1.7265309771107127,1.6656979348131702,5.454041358077933e-07,1.50-2.00,1.50-2.00,1.6666666666666667e-05,pneumatic_feed,-0.011775801863228042,0.5070848767835352,1.4366965915293385e-30,-0.2799107140544338,active,
aluminum,heavily_coated,0.3566056701268514,1.7790154208312496,1.7790154208312496,0.0218,0.056058411343941045,0.07785841134394104,2700.0,,2232.6840620685985,0.17383323410559814,1.716714270116102,1.6518130773551434,5.501640842645959e-07,1.50-2.00,1.50-2.00,1.6666666666666667e-05,pneumatic_feed,0.0020202687471010845,0.5122158007325426,1.5019910679413136e-30,-0.2887887973140558,active,
copper,partial,0.34437966848430746,1.6164135121881893,1.6164135121881893,0.012,0.05027943159870889,0.062279431598708884,8900.0,,2522.1718883183466,0.15707943159870888,1.639855551143737,1.5701970444416633,4.1041598315105496e-07,1.50-2.00,1.50-2.00,1.6666666666666667e-05,pneumatic_feed,-0.011454742456606683,0.5274043000925834,-4.3586175638377004e-32,-0.2911348656395792,active,
copper,heavily_coated,0.5016801533991853,1.5499607100950532,1.5499607100950532,0.012,0.07324530239628105,0.08524530239628104,8900.0,,2112.0847405678956,0.18004530239628105,1.7293207348350808,1.6810684300206304,4.325369100002671e-07,1.50-2.00,1.50-2.00,1.6666666666666667e-05,pneumatic_feed,-0.017012585227838946,0.4695911992692915,9.354206995847733e-31,-0.25797315406970217,active,
aluminum,partial,0.2624213178338682,1.7247788694071913,1.7247788694071913,0.0218,0.041252631163484085,0.06305263116348409,2700.0,,2275.3571807468707,0.14346725708281743,1.5700297467566133,1.5006205606921101,4.2679531262378124e-07,1.50-2.00,1.50-2.00,1.6666666666666667e-05,pneumatic_feed,0.03744449226203095,0.5410674492706588,8.545235762216434e-34,-0.29121896686300325,active,
copper,partial,0.2930878617516529,1.7640043164443637,1.7640043164443637,0.012,0.042790827815741325,0.05479082781574132,8900.0,,2730.2166033849207,0.14959082781574132,1.6115323637218375,1.5323112064446556,4.6548345858503126e-07,1.50-2.00,1.50-2.00,1.6666666666666667e-05,pneumatic_feed,0.04097905753532935,0.5328410589989583,2.5044503838348736e-32,-0.29120843685126696,active,
aluminum,heavily_coated,0.31943407677010716,1.6498201166004216,1.6498201166004216,0.0218,0.05021503686826086,0.07201503686826086,2700.0,,2247.42981090914,0.16184874069145025,1.6566578909418022,1.5938562776778222,4.405371258939938e-07,1.50-2.00,1.50-2.00,1.6666666666666667e-05,pneumatic_feed,-0.0020490229396041637,0.5242440051723002,2.049053423288743e-31,-0.29106691170043564,active,
copper,partial,0.3876188189286561,1.8282277161833984,1.8282277161833984,0.012,0.05659234756358379,0.06859234756358379,8900.0,,2382.078371236999,0.16339234756358378,1.6740317547927916,1.6014388178628651,5.461252919045664e-07,1.50-2.00,1.50-2.00,1.6666666666666667e-05,pneumatic_feed,-0.023172149373411367,0.5210251824129981,1.4928637633349302e-31,-0.29101711771196703,active,
copper,heavily_coated,0.5447719640162818,1.6518050148410717,1.6518050148410717,0.012,0.07953670674637714,0.09153670674637714,8900.0,,2035.650105510837,0.18633670674637715,1.7585948639288633,1.7101874017461174,5.08412214936319e-07,1.50-2.00,1.50-2.00,1.6666666666666667e-05,pneumatic_feed,0.028922443882160143,0.11344139359679226,2.5302840052438796e-30,-0.28379639109294524,active,
copper,heavily_coated,0.5775116136375225,1.6250555649881913,1.6250555649881913,0.012,0.08431669559107828,0.09631669559107828,8900.0,,1984.2530354496637,0.1911166955910783,1.7748479712938965,1.7319837337566324,5.047020379252922e-07,1.50-2.00,1.50-2.00,1.6666666666666667e-05,pneumatic_feed,-0.022346226212240753,0.0,0.0,0.0,heavy,9.025999999999684
copper,partial,0.2798344000054772,1.7729839215041656,1.7729839215041656,0.012,0.04085582240079967,0.05285582240079967,8900.0,,2793.5583194816722,0.14765582240079966,1.602969260864017,1.5223684798375694,4.64151941273754e-07,1.50-2.00,1.50-2.00,1.6666666666666667e-05,pneumatic_feed,-0.02815624131329089,0.5345125589748823,-6.605618134741606e-33,-0.29122488883736736,active,
copper,partial,0.4093890590989146,1.7687651921934793,1.7687651921934793,0.012,0.05977080262844153,0.07177080262844153,8900.0,,2320.871392379168,0.16657080262844154,1.6854364765534189,1.6169401096070375,5.21121803970448e-07,1.50-2.00,1.50-2.00,1.6666666666666667e-05,pneumatic_feed,0.02221929268938763,0.5189389596494332,8.58803170230252e-32,-0.29096891751477205,active,
copper,partial,0.4428839627238115,1.873521753964674,1.873521753964674,0.012,0.06466105855767647,0.07666105855767646,8900.0,,2236.6121963822948,0.17146105855767646,1.7094419945121586,1.640503817466235,6.018426775578847e-07,1.50-2.00,1.50-2.00,1.6666666666666667e-05,pneumatic_feed,0.016689052545465988,0.514245517947695,-2.6219810984925517e-31,-0.29015607122179743,active,
copper,partial,0.4182625425848398,1.7463452804114739,1.7463452804114739,0.012,0.06106633121738661,0.07306633121738661,8900.0,,2297.4512120767567,0.16786633121738662,1.6900009046416238,1.6232159236491308,5.119456162483416e-07,1.50-2.00,1.50-2.00,1.6666666666666667e-05,pneumatic_feed,0.0010491562467003302,0.5181098188677506,2.5797509659244175e-31,-0.2909486360678845,active,
aluminum,heavily_coated,0.430803074161198,1.71170177826624,1.71170177826624,0.0218,0.06772224325814033,0.08952224325814033,2700.0,,2209.0065210953007,0.19775521914031183,1.816821820425961,1.7618075716792498,5.794075605232157e-07,1.50-2.00,1.50-2.00,1.6666666666666667e-05,pneumatic_feed,0.035086776007898404,0.0,0.0,0.0,heavy,4.757999999999698
copper,partial,0.2605071341523745,1.5284873172870075,1.5284873172870075,0.012,0.03803404158624668,0.05003404158624668,8900.0,,2894.7100213079443,0.1448340415862467,1.5832298167867533,1.5077516760851994,3.3837193022986223e-07,1.50-2.00,1.50-2.00,1.6666666666666667e-05,pneumatic_feed,0.031809459934590244,0.5384162568323766,5.286372018170401e-33,-0.29124994690618994,active,
aluminum,heavily_coated,0.28344239660886267,1.5464218926904356,1.5464218926904356,0.0218,0.044557144746913205,0.0663571447469132,2700.0,,2264.1821564761117,0.15024466309066342,1.5972554632491833,1.5356562870222794,3.5929819290108593e-07,1.50-2.00,1.50-2.00,1.6666666666666667e-05,pneumatic_feed,-0.0052088915917675475,0.5356356188542182,-1.2687017020697778e-32,-0.29119988369170935,active,
aluminum,heavily_coated,0.3757008958147748,1.718740390785862,1.718740390785862,0.0218,0.0590601808220826,0.0808601808220826,2700.0,,2225.9377111173494,0.17998972581964154,1.7416011304954246,1.6808089529940915,5.317019849324949e-07,1.50-2.00,1.50-2.00,1.6666666666666667e-05,pneumatic_feed,-0.048488770535009384,0.32167131729013515,1.843911041683046e-30,-0.2688056555813389,active,
copper,partial,0.4542038671460835,1.9582528476947876,1.9582528476947876,0.012,0.06631376460332819,0.07831376460332819,8900.0,,2210.515169078862,0.1731137646033282,1.719128323394695,1.6483912306287727,6.638487385745088e-07,1.50-2.00,1.50-2.00,1.6666666666666667e-05,pneumatic_feed,5.6666307033240706e-05,0.5114464889740659,-3.3514298896615824e-31,-0.28818069974558247,active,
aluminum,heavily_coated,0.27477929413063895,1.525465656799737,1.525465656799737,0.0218,0.04319530503733644,0.06499530503733644,2700.0,,2268.649899188195,0.1474515922206593,1.5827821451631465,1.5213152833963999,3.4312655973249804e-07,1.50-2.00,1.50-2.00,1.6666666666666667e-05,pneumatic_feed,0.001531594213369977,0.5385060796888185,3.796964003099671e-33,-0.2912134958870757,active,
copper,partial,0.3044543256104685,1.9082496329676841,1.9082496329676841,0.012,0.044450331539128404,0.0564503315391284,8900.0,,2679.3524044104083,0.1512503315391284,1.622699783279352,1.5407872026461538,5.50765477357453e-07,1.50-2.00,1.50-2.00,1.6666666666666667e-05,pneumatic_feed,0.006681951465758818,0.5306807279334446,3.011760856910225e-32,-0.29118460052089784,active,
copper,partial,0.27396375232856185,1.9940397534706624,1.9940397534706624,0.012,0.03999870783997003,0.05199870783997003,8900.0,,2823.1222262628944,0.14679870783997,1.6039769630562013,1.5179435161613126,5.837002203605988e-07,1.50-2.00,1.50-2.00,1.6666666666666667e-05,pneumatic_feed,-0.0033328439519372667,0.5343151547175568,-1.8183551658924618e-33,-0.29122491989446714,active,
copper,partial,0.4265101918282909,1.7145690870286936,1.7145690870286936,0.012,0.06227048800693047,0.07427048800693047,8900.0,,2276.4154719321873,0.16907048800693047,1.693739372872099,1.6290274337029382,4.970244859766337e-07,1.50-2.00,1.50-2.00,1.6666666666666667e-05,pneumatic_feed,-0.014444888441535705,0.5174331686995209,1.5188763429562682e-31,-0.29093145125341874,active,
aluminum,heavily_coated,0.3215898091361388,1.902407036223563,1.902407036223563,0.0218,0.05055391799620103,0.07235391799620103,2700.0,,2246.5095860063434,0.1625437703635825,1.6688553348671522,1.597274872909103,5.882706979865128e-07,1.50-2.00,1.50-2.00,1.6666666666666667e-05,pneumatic_feed,-0.025538472618189537,0.5219791060601182,-1.9484335901484674e-33,-0.2910258697760207,active,
aluminum,heavily_coated,0.2723597078387787,1.8134193238744611,1.8134193238744611,0.0218,0.04281494607225601,0.06461494607225601,2700.0,,2269.9313753242855,0.14667149340430063,1.5888353582290753,1.5172856555289458,4.823276871595831e-07,1.50-2.00,1.50-2.00,1.6666666666666667e-05,pneumatic_feed,-0.007156335235195114,0.5373008732203306,-3.2042465983349716e-33,-0.29120900609228245,active,
copper,heavily_coated,0.5345296462660265,1.7232349519607246,1.7232349519607246,0.012,0.07804132835483986,0.09004132835483986,8900.0,,2052.8498605263453,0.18484132835483985,1.7565401524694937,1.703311330866312,5.488934778460883e-07,1.50-2.00,1.50-2.00,1.6666666666666667e-05,pneumatic_feed,0.021691951180261036,0.11933351611562808,3.715401672577634e-31,-0.2819817346582865,active,
copper,heavily_coated,0.6569390273182366,1.6381774316751674,1.6381774316751674,0.012,0.09591309798846254,0.10791309798846253,8900.0,,1878.484648917553,0.20271309798846254,1.8171726125648644,1.7837558089679508,5.440059979268106e-07,1.50-2.00,1.50-2.00,1.6666666666666667e-05,pneumatic_feed,0.011098379443348273,0.0,0.0,0.0,heavy,4.5179999999997245
aluminum,heavily_coated,0.2879955795969359,1.5004018809953825,1.5004018809953825,0.0218,0.04527290511263833,0.06707290511263833,2700.0,,2261.906720203496,0.1517126548178481,1.6023951065354554,1.5431402496276687,3.4153640914120735e-07,1.50-2.00,1.50-2.00,1.6666666666666667e-05,pneumatic_feed,0.003923400849331571,0.5346254832541103,1.879006465687308e-32,-0.2911931140770569,active,
copper,partial,0.3645218956376683,1.8982607453357006,1.8982607453357006,0.012,0.05322019676309957,0.06522019676309956,8900.0,,2453.537473128817,0.16002019676309956,1.6615714970212088,1.5848271225574135,5.766157940572819e-07,1.50-2.00,1.50-2.00,1.6666666666666667e-05,pneumatic_feed,0.008634008529646317,0.5233285388487399,-7.54872513961247e-32,-0.29106557898891816,active,
copper,partial,0.3169893867106383,1.7695600714238966,1.7695600714238966,0.012,0.046280450459753195,0.05828045045975319,8900.0,,2626.6174892636795,0.1530804504597532,1.6273370430159741,1.5500808851206076,4.793473734674311e-07,1.50-2.00,1.50-2.00,1.6666666666666667e-05,pneumatic_feed,0.02085645196955999,0.5297900917111499,9.863131796705476e-33,-0.29117165427224356,active,
copper,partial,0.22360794952534946,1.9181301685703878,1.9181301685703878,0.012,0.032646760630701016,0.04464676063070101,8900.0,,3123.3343396208566,0.13944676063070102,1.5675064210017533,1.4794446102708554,5.130557768990688e-07,1.50-2.00,1.50-2.00,1.6666666666666667e-05,pneumatic_feed,0.0038337732487629464,0.5415772980710142,-3.3235114778521964e-33,-0.29126499472691886,active,
copper,heavily_coated,0.6681418991577218,1.9261562531436478,1.9261562531436478,0.012,0.09754871727702738,0.10954871727702738,8900.0,,1865.3684165034015,0.2043487172770274,1.8391684379960171,1.7909375942171246,7.58149662217839e-07,1.50-2.00,1.50-2.00,1.6666666666666667e-05,pneumatic_feed,0.033748468276330774,0.0,0.0,0.0,heavy,3.7439999999998093
copper,partial,0.41324792363162316,1.8605092114033364,1.8605092114033364,0.012,0.06033419685021699,0.07233419685021698,8900.0,,2310.583432567906,0.16713419685021697,1.6909403572034105,1.619672298263141,5.785341074570775e-07,1.50-2.00,1.50-2.00,1.6666666666666667e-05,pneumatic_feed,0.016963203664397446,0.5179395631828614,-7.8440635082732995e-31,-0.2909457238070809,active,
copper,partial,0.22888711715667331,1.6842238239323755,1.6842238239323755,0.012,0.03341751910487431,0.04541751910487431,8900.0,,3087.3002724146118,0.1402175191048743,1.5663156368725923,1.4835276134504902,3.9774240131814996e-07,1.50-2.00,1.50-2.00,1.6666666666666667e-05,pneumatic_feed,-0.01665334087745676,0.5418186238132793,-4.210708078617447e-33,-0.2912635567141617,active,
aluminum,partial,0.25809296274605953,1.9255392611454896,1.9255392611454896,0.0218,0.04057221374368056,0.06237221374368056,2700.0,,2277.805189067087,0.14207175211895706,1.5684749624917302,1.4933044636841981,5.267596407974319e-07,1.50-2.00,1.50-2.00,1.6666666666666667e-05,pneumatic_feed,0.016363126111879477,0.5413818276441402,1.7347276574067488e-33,-0.2912193092620998,active,
copper,heavily_coated,0.48429993120469766,1.801501864172851,1.801501864172851,0.012,0.07070778995588585,0.08270778995588585,8900.0,,2146.2040038860164,0.17750778995588584,1.731332453663551,1.6691801194441493,5.760853731674223e-07,1.50-2.00,1.50-2.00,1.6666666666666667e-05,pneumatic_feed,0.0014929504231960939,0.4456397719523454,-2.0151151914589714e-30,-0.25974782251196726,active,
aluminum,heavily_coated,0.3676573500025476,1.5353359056009706,1.5353359056009706,0.0218,0.05779573542040049,0.07959573542040049,2700.0,,2228.717471826442,0.17739640621432137,1.7214792775765417,1.6686563432714325,4.181688037790014e-07,1.50-2.00,1.50-2.00,1.6666666666666667e-05,pneumatic_feed,-0.005890772722058364,0.5106399800278862,1.8374433733480885e-30,-0.2874997168055551,active,
aluminum,heavily_coated,0.3745101374933958,1.7859178120040529,1.7859178120040529,0.0218,0.058872993613961824,0.08067299361396182,2700.0,,2226.3437289646076,0.17960581342924573,1.7427311384144957,1.679015439948496,5.728531785962216e-07,1.50-2.00,1.50-2.00,1.6666666666666667e-05,pneumatic_feed,-0.025900968149065732,0.31305812830181484,1.6323752900677474e-30,-0.2698025070880894,active,
aluminum,heavily_coated,0.282659232133591,1.813855362878923,1.813855362878923,0.0218,0.044434031291400514,0.06623403129140051,2700.0,,2264.578497000911,0.14999216303219107,1.605395149857308,1.534365338162092,4.934849074340039e-07,1.50-2.00,1.50-2.00,1.6666666666666667e-05,pneumatic_feed,-0.008540541009409746,0.5340380592340713,3.601003297930605e-33,-0.29118902031490984,active,
aluminum,heavily_coated,0.34826437958623757,1.8791619410414317,1.8791619410414317,0.0218,0.054747160470956555,0.07654716047095655,2700.0,,2235.7970899173215,0.17114391862239886,1.7081498153096422,1.6389859507320899,6.043518942904942e-07,1.50-2.00,1.50-2.00,1.6666666666666667e-05,pneumatic_feed,0.02393464426378667,0.5145666898769808,9.297106132459378e-31,-0.29033155518948395,active,
copper,partial,0.35537109746918816,1.5289826720276327,1.5289826720276327,0.012,0.05188418023050147,0.06388418023050146,8900.0,,2483.935454097567,0.15868418023050146,1.643249521204134,1.5781973554970719,3.7096997413547636e-07,1.50-2.00,1.50-2.00,1.6666666666666667e-05,pneumatic_feed,0.014408153961025143,0.526762095156747,5.15627682351519e-33,-0.2911232997043613,active,
copper,partial,0.3531361727326328,1.7443578584929345,1.7443578584929345,0.012,0.05155788121896439,0.06355788121896438,8900.0,,2491.553811767306,0.15835788121896438,1.6497196316661074,1.5765739131461185,4.818488808489e-07,1.50-2.00,1.50-2.00,1.6666666666666667e-05,pneumatic_feed,0.026870528754697344,0.5255431686409032,-2.4851517660688956e-32,-0.29110526576836776,active,
copper,partial,0.41241145335170176,1.7954524100119353,1.7954524100119353,0.012,0.06021207218934846,0.07221207218934846,8900.0,,2312.7998840889563,0.16701207218934846,1.6882240522286276,1.619080444290528,5.383883590605765e-07,1.50-2.00,1.50-2.00,1.6666666666666667e-05,pneumatic_feed,-0.015255421623764349,0.5184321930290977,1.808831516757889e-31,-0.2909570612350273,active,
aluminum,heavily_coated,0.32439042043285343,1.784871197108516,1.784871197108516,0.0218,0.050994174092044556,0.07279417409204456,2700.0,,2245.326875267328,0.16344671545175626,1.6692217588510712,1.6017052305998025,5.207028565497765e-07,1.50-2.00,1.50-2.00,1.6666666666666667e-05,pneumatic_feed,0.027731912255717143,0.5219114441507962,-3.813948311362584e-32,-0.2910244794880933,active,
copper,partial,0.2466932968315928,1.9151458836835626,1.9151458836835626,0.012,0.036017221337412544,0.04801722133741254,8900.0,,2974.2916678549395,0.14281722133741254,1.5836059177990385,1.497217120564692,5.2382268446844e-07,1.50-2.00,1.50-2.00,1.6666666666666667e-05,pneumatic_feed,0.026002321728486964,0.538341164280211,8.854880239613987e-33,-0.29125326243439925,active,
copper,partial,0.27786319198517206,1.665875029108137,1.665875029108137,0.012,0.04056802602983513,0.052568026029835124,8900.0,,2803.3775882357845,0.14736802602983512,1.5987782941036777,1.5208841298942837,4.089668466669529e-07,1.50-2.00,1.50-2.00,1.6666666666666667e-05,pneumatic_feed,0.030553748378741995,0.5353354390438365,1.3323471436490952e-32,-0.2912308846567532,active,
copper,heavily_coated,0.48216712708719767,1.6363746311560998,1.6363746311560998,0.012,0.07039640055473086,0.08239640055473085,8900.0,,2150.5356952702105,0.17719640055473085,1.7228183507096735,1.6677154143039679,4.7448268830110593e-07,1.50-2.00,1.50-2.00,1.6666666666666667e-05,pneumatic_feed,-0.037606375057928736,0.5101466809773946,-3.912204440223387e-31,-0.2870295931813255,active,
aluminum,heavily_coated,0.37975291351179785,1.9951951723098604,1.9951951723098604,0.0218,0.05969715800405463,0.08149715800405463,2700.0,,2224.5700498699466,0.18129613684533874,1.7578991025313353,1.6868977929692235,7.217043460571731e-07,1.50-2.00,1.50-2.00,1.6666666666666667e-05,pneumatic_feed,-0.030774775981090016,0.11250192588972158,-8.234433679836241e-32,-0.2831968124321491,active,
aluminum,heavily_coated,0.3267420292197804,1.9942978596171748,1.9942978596171748,0.0218,0.05136384699334949,0.07316384699334949,2700.0,,2244.3447739383555,0.1642048976407494,1.6794632743031754,1.6054158568324914,6.530796520759535e-07,1.50-2.00,1.50-2.00,1.6666666666666667e-05,pneumatic_feed,0.013470044930804536,0.5200290811828644,-4.7196768007782935e-32,-0.29098656358531255,active,
copper,partial,0.25762181358189185,1.5649704137249705,1.5649704137249705,0.012,0.03761278478295621,0.04961278478295621,8900.0,,2910.797799694712,0.14441278478295622,1.5824614386815423,1.505557395104312,3.5368602958461434e-07,1.50-2.00,1.50-2.00,1.6666666666666667e-05,pneumatic_feed,-0.006599733617080941,0.5385696533831674,2.3807615339615525e-33,-0.2912511704542644,active,
aluminum,heavily_coated,0.371001515997541,1.5887581108498297,1.5887581108498297,0.0218,0.05832143831481344,0.08012143831481344,2700.0,,2227.551108999119,0.1784745987727672,1.7289163874448261,1.6737196008702755,4.504970751931887e-07,1.50-2.00,1.50-2.00,1.6666666666666667e-05,pneumatic_feed,0.02061023184503425,0.4771262907193724,2.508947913540202e-30,-0.25762631629731797,active,
aluminum,heavily_coated,0.4094080432618165,1.6965408828192898,1.6965408828192898,0.0218,0.06435894440075755,0.08615894440075755,2700.0,,2215.1762484495357,0.19085724722804226,1.787308478542773,1.7308077167875557,5.493350564078154e-07,1.50-2.00,1.50-2.00,1.6666666666666667e-05,pneumatic_feed,0.028201824585991648,0.0,0.0,0.0,heavy,7.0419999999994465
copper,heavily_coated,0.49443931401101365,1.9030949595324242,1.9030949595324242,0.012,0.07218813984560798,0.08418813984560798,8900.0,,2126.049348208109,0.178988139845608,1.741202239074613,1.6761258434308157,6.482539513181788e-07,1.50-2.00,1.50-2.00,1.6666666666666667e-05,pneumatic_feed,-0.0021246550737003406,0.3129732617074788,6.100114162429161e-31,-0.268445920893442,active,
aluminum,heavily_coated,0.34889361083144327,1.8817442704559029,1.8817442704559029,0.0218,0.05484607562270288,0.07664607562270288,2700.0,,2235.55854198766,0.1713467890681656,1.7091671394429098,1.6399570729790238,6.067323831350937e-07,1.50-2.00,1.50-2.00,1.6666666666666667e-05,pneumatic_feed,-0.0008775775725093103,0.5143153382001187,-4.112704860034187e-31,-0.2901959073820623,active,
copper,partial,0.27859529927126625,1.5382208949291591,1.5382208949291591,0.012,0.040674913693604875,0.05267491369360487,8900.0,,2799.71818371502,0.14747491369360488,1.595328591988575,1.5214355869818552,3.489438621358763e-07,1.50-2.00,1.50-2.00,1.6666666666666667e-05,pneumatic_feed,-0.003031713891155402,0.5360151682792492,-1.7554023469461684e-32,-0.29123475580238845,active,
copper,partial,0.37271209394335203,1.6876579313549414,1.6876579313549414,0.012,0.0544159657157294,0.0664159657157294,8900.0,,2427.367636356575,0.16121596571572938,1.6600214188577413,1.5907375012471694,4.5917358745495637e-07,1.50-2.00,1.50-2.00,1.6666666666666667e-05,pneumatic_feed,-0.00873007006513823,0.5236168800636835,6.825868781920238e-32,-0.2910689714138373,active,
copper,partial,0.37860000706229585,1.8297739471943915,1.8297739471943915,0.012,0.05527560103109519,0.06727560103109519,8900.0,,2409.128993974842,0.1620756010310952,1.6684439564656341,1.5949729257213334,5.426408947968154e-07,1.50-2.00,1.50-2.00,1.6666666666666667e-05,pneumatic_feed,-0.008986846402047617,0.522054992703339,1.2075881953985503e-31,-0.2910391082844455,active,
aluminum,heavily_coated,0.28609495300183035,1.8383343161677361,1.8383343161677361,0.0218,0.044974126611887724,0.06677412661188772,2700.0,,2262.850619904925,0.15109987379732012,1.6116009932961748,1.5400206554208087,5.106379525652281e-07,1.50-2.00,1.50-2.00,1.6666666666666667e-05,pneumatic_feed,-0.015664931856500194,0.5328280435696171,-3.185950321432253e-32,-0.29117898015546073,active,
copper,partial,0.3305860700985009,1.7724903273424737,1.7724903273424737,0.012,0.048265566234381135,0.06026556623438113,8900.0,,2573.037572256596,0.1550655662343811,1.636211877190787,1.5600990762175477,4.871728947594315e-07,1.50-2.00,1.50-2.00,1.6666666666666667e-05,pneumatic_feed,0.04092952377077662,0.5280959298899247,9.018449395408126e-32,-0.2911473699691211,active,
copper,heavily_coated,0.5444012706271798,1.6779168995355773,1.6779168995355773,0.012,0.07948258551156824,0.09148258551156824,8900.0,,2036.2627976666909,0.18628258551156823,1.759757462191748,1.7099390229448461,5.244609453415585e-07,1.50-2.00,1.50-2.00,1.6666666666666667e-05,pneumatic_feed,0.00706927394045646,0.08347113185783402,3.1023265619440763e-30,-0.28482429234623224,active,
aluminum,heavily_coated,0.3769296678394106,1.9689599974636363,1.9689599974636363,0.0218,0.05925334378435536,0.08105334378435536,2700.0,,2225.520697678136,0.18038589420810436,1.7529641193218573,1.6826577178649276,6.993206608958143e-07,1.50-2.00,1.50-2.00,1.6666666666666667e-05,pneumatic_feed,-0.01007107209265159,0.17195220351480475,-8.054360938549953e-31,-0.2788360343094854,active,
copper,partial,0.31117058708925494,1.8192053198241536,1.8192053198241536,0.012,0.04543090571503122,0.05743090571503122,8900.0,,2650.679173864888,0.15223090571503123,1.6249019792043333,1.5457736885143085,5.038093996529714e-07,1.50-2.00,1.50-2.00,1.6666666666666667e-05,pneumatic_feed,0.027737717857285755,0.5302573077253492,6.670275186133747e-33,-0.2911783571712119,active,
copper,heavily_coated,0.4841433259741487,1.6297178651558895,1.6297178651558895,0.012,0.07068492559222571,0.0826849255922257,8900.0,,2146.520956764499,0.17748492559222573,1.7236202969053387,1.6690726143866765,4.7139646947108357e-07,1.50-2.00,1.50-2.00,1.6666666666666667e-05,pneumatic_feed,-5.712702892852044e-06,0.5097632885552914,-1.8982778464635023e-30,-0.2863472252748224,active,
aluminum,heavily_coated,0.28920094093732684,1.8727745588605338,1.8727745588605338,0.0218,0.04546238791534778,0.06726238791534778,2700.0,,2261.3124523474944,0.15210127536760354,1.6175465280269494,1.5451154061007564,5.334624528758414e-07,1.50-2.00,1.50-2.00,1.6666666666666667e-05,pneumatic_feed,0.008286208116995037,0.5316752002220565,-2.2501544486941162e-32,-0.2911680972651035,active,
copper,partial,0.2730822949017748,1.705205611641587,1.705205611641587,0.012,0.039870015055659125,0.05187001505565912,8900.0,,2827.645507684447,0.14667001505565913,1.5966992735566814,1.5172780089072755,4.264762423011747e-07,1.50-2.00,1.50-2.00,1.6666666666666667e-05,pneumatic_feed,-0.010765292554636615,0.5357448149898913,1.0567115864830471e-32,-0.29123456250234503,active,
aluminum,heavily_coated,0.316409977466942,1.89754296823952,1.89754296823952,0.0218,0.04973964845780328,0.07153964845780328,2700.0,,2248.735411804631,0.16087374083511677,1.6607723519033613,1.5890482170620226,5.792531424258563e-07,1.50-2.00,1.50-2.00,1.6666666666666667e-05,pneumatic_feed,0.014391769712613092,0.5234772680525674,-1.2169840899669922e-32,-0.2910536851221666,active,
copper,partial,0.45129050625067646,1.6264287697571982,1.6264287697571982,0.012,0.06588841391259875,0.07788841391259875,8900.0,,2217.1258244695846,0.17268841391259876,1.7045964945868373,1.6463648881011008,4.5680757445660657e-07,1.50-2.00,1.50-2.00,1.6666666666666667e-05,pneumatic_feed,-4.65717020646741e-05,0.5153914312166751,1.5357155657785731e-31,-0.2907066564395158,active,
copper,partial,0.47722178559183737,1.934968300106703,1.934968300106703,0.012,0.06967438069640824,0.08167438069640824,8900.0,,2160.7066890703586,0.17647438069640825,1.7321699184002084,1.6643142369789499,6.607381386126692e-07,1.50-2.00,1.50-2.00,1.6666666666666667e-05,pneumatic_feed,-0.013580307926335411,0.4294700291787103,1.8815746644798955e-30,-0.26048674098978253,active,
copper,partial,0.2559361818326693,1.790792830845705,1.790792830845705,0.012,0.037366682547569724,0.04936668254756972,8900.0,,2920.3234875799226,0.1441666825475697,1.5872979086056385,1.5042739940804182,4.623337514294606e-07,1.50-2.00,1.50-2.00,1.6666666666666667e-05,pneumatic_feed,-0.00045822902178776435,0.5376058757434112,-1.7568904638879586e-33,-0.29124815295617373,active,
copper,partial,0.3360703205684823,1.9460992760935212,1.9460992760935212,0.012,0.049066266802998415,0.06106626680299841,8900.0,,2552.4119118960984,0.15586626680299842,1.6444694964615114,1.5641217739485194,5.903126851592806e-07,1.50-2.00,1.50-2.00,1.6666666666666667e-05,pneumatic_feed,-0.027261539543511633,0.5265316794277703,-5.613946141635463e-32,-0.29112412613544825,active,
copper,partial,0.39173642181654494,1.5922203737321943,1.5922203737321943,0.012,0.057193517585215556,0.06919351758521555,8900.0,,2370.0705399642197,0.16399351758521558,1.6679177550822328,1.6043822025993508,4.1575074384283897e-07,1.50-2.00,1.50-2.00,1.6666666666666667e-05,pneumatic_feed,-0.03183249570011795,0.5221522562993353,-2.3794153367681187e-31,-0.29103827565659607,active,
copper,partial,0.31607962653916877,1.564477703605046,1.564477703605046,0.012,0.04614762547471864,0.058147625474718634,8900.0,,2630.3331258336084,0.15294762547471863,1.6202104731452305,1.5494082513821796,3.7435315282709047e-07,1.50-2.00,1.50-2.00,1.6666666666666667e-05,pneumatic_feed,-0.027696048309117625,0.5311604200723025,3.949506016356644e-33,-0.29118698227682105,active,
copper,heavily_coated,0.7079601161788431,1.5457665048591858,1.5457665048591858,0.012,0.10336217696211109,0.11536217696211108,8900.0,,1821.7598046120054,0.2101621769621111,1.836088025126471,1.8162338862595027,5.021602630587666e-07,1.50-2.00,1.50-2.00,1.6666666666666667e-05,pneumatic_feed,-0.027590231120496796,0.0,0.0,0.0,heavy,3.7519999999998084
copper,heavily_coated,0.5003620462504184,1.545182501812663,1.545182501812663,0.012,0.07305285875256108,0.08505285875256108,8900.0,,2114.600983322567,0.17985285875256107,1.7283259823015946,1.680169774451439,4.294147006849264e-07,1.50-2.00,1.50-2.00,1.6666666666666667e-05,pneumatic_feed,-0.01775423162539908,0.4809205106069211,2.0960355796823758e-30,-0.25709740516932894,active,
copper,partial,0.23959420373936968,1.907499703690549,1.907499703690549,0.012,0.03498075374594797,0.04698075374594797,8900.0,,3017.847574618285,0.14178075374594798,1.5785195392473526,1.4917743498252005,5.158770874001639e-07,1.50-2.00,1.50-2.00,1.6666666666666667e-05,pneumatic_feed,0.0437095160225745,0.539358317280007,5.00493070084571e-33,-0.2912580017161938,active,
copper,heavily_coated,0.545082248674225,1.815210046602867,1.815210046602867,0.012,0.07958200830643684,0.09158200830643684,8900.0,,2035.137815309702,0.18638200830643686,1.7667205562924952,1.7103952766474284,6.141263900712464e-07,1.50-2.00,1.50-2.00,1.6666666666666667e-05,pneumatic_feed,-0.038630252353305014,0.0,0.0,0.0,heavy,11.05200000000036
aluminum,partial,0.2644859122105302,1.8339925589849786,1.8339925589849786,0.0218,0.041577185399495356,0.06337718539949536,2700.0,,2274.2080142445816,0.14413290295579703,1.5766086664034855,1.5040977510767677,4.847951566303572e-07,1.50-2.00,1.50-2.00,1.6666666666666667e-05,pneumatic_feed,0.02523993601841716,0.5397422355363928,1.2232135534242984e-33,-0.29121712236489145,active,
copper,partial,0.3416662985333988,1.7527538851736684,1.7527538851736684,0.012,0.049883279585876225,0.06188327958587622,8900.0,,2531.916224130378,0.15668327958587622,1.64271106532291,1.5682157875687621,4.81353939161639e-07,1.50-2.00,1.50-2.00,1.6666666666666667e-05,pneumatic_feed,-0.031331449043873846,0.52686382550777,-2.628068863773515e-32,-0.29112775917617895,active,
aluminum,heavily_coated,0.3118781873228732,1.5372694780010132,1.5372694780010132,0.0218,0.049027251047155676,0.07082725104715568,2700.0,,2250.724742495415,0.15941264637476754,1.6404915645352707,1.5818156964382264,3.767235590907422e-07,1.50-2.00,1.50-2.00,1.6666666666666667e-05,pneumatic_feed,0.022694465943215447,0.5272839860556092,-4.275641598867791e-32,-0.29111451633284857,active,
copper,heavily_coated,0.5788265396179859,1.7306738569940503,1.7306738569940503,0.012,0.08450867478422594,0.09650867478422594,8900.0,,1982.2951171172313,0.19130867478422595,1.781331137790108,1.7328534154432136,5.730138644540738e-07,1.50-2.00,1.50-2.00,1.6666666666666667e-05,pneumatic_feed,-0.04388065156222763,0.0,0.0,0.0,heavy,7.527999999999393
copper,partial,0.2986389850078869,1.6304797004744116,1.6304797004744116,0.012,0.04360129181115148,0.055601291811151476,8900.0,,2704.9963573146115,0.15040129181115147,1.611282391968145,1.5364565325019233,3.9983642790384294e-07,1.50-2.00,1.50-2.00,1.6666666666666667e-05,pneumatic_feed,0.017616630510530973,0.5328896834827116,1.8619406093528794e-32,-0.2912075358667235,active,
copper,heavily_coated,0.591445973172178,1.5350841984782746,1.5350841984782746,0.012,0.08635111208313798,0.09835111208313797,8900.0,,1963.8935238461142,0.19315111208313798,1.7766574295380062,1.741177720755964,4.551574079386374e-07,1.50-2.00,1.50-2.00,1.6666666666666667e-05,pneumatic_feed,-0.029949730741426848,0.0,0.0,0.0,heavy,8.56399999999953
copper,partial,0.37241991051735873,1.7523948068079993,1.7523948068079993,0.012,0.05437330693553437,0.06637330693553437,8900.0,,2428.285019640129,0.1611733069355344,1.6620810466414235,1.5905270276421422,4.949451030995593e-07,1.50-2.00,1.50-2.00,1.6666666666666667e-05,pneumatic_feed,0.04244664209347442,0.5232338604655591,3.3598001264293214e-31,-0.2910622220146933,active,
aluminum,partial,0.26484205956493795,1.9167650300808428,1.9167650300808428,0.0218,0.04163317176360824,0.06343317176360824,2700.0,,2274.0109695584683,0.14424772842433164,1.5793994019766802,1.5046967619252425,5.299644493008556e-07,1.50-2.00,1.50-2.00,1.6666666666666667e-05,pneumatic_feed,-0.0303245682420139,0.5391825450736354,-5.821468840576332e-35,-0.29121584117896915,active,
copper,partial,0.257536127267735,1.5092175825185519,1.5092175825185519,0.012,0.03760027458108932,0.049600274581089315,8900.0,,2911.279741909808,0.1444002745810893,1.5806654327404184,1.5054921819208422,3.289059509474276e-07,1.50-2.00,1.50-2.00,1.6666666666666667e-05,pneumatic_feed,0.020477739419199233,0.5389286516459043,7.917811772867145e-33,-0.29125224267169286,active,
aluminum,heavily_coated,0.36452719784051457,1.80789395442611,1.80789395442611,0.0218,0.057303675500528894,0.0791036755005289,2700.0,,2229.8232381702787,0.17638721385576028,1.7292951398169896,1.6639031548380494,5.765181778357013e-07,1.50-2.00,1.50-2.00,1.6666666666666667e-05,pneumatic_feed,-0.03132515375092763,0.45529870494848285,5.429473042819748e-31,-0.25796002166852733,active,
aluminum,heavily_coated,0.3953885418121373,1.9766578546021139,1.9766578546021139,0.0218,0.06215507877286798,0.08395507877286798,2700.0,,2219.487164913129,0.18633721976565118,1.7794965032192511,1.7101897559749506,7.280523640613333e-07,1.50-2.00,1.50-2.00,1.6666666666666667e-05,pneumatic_feed,-0.039420265802836175,0.0,0.0,0.0,heavy,8.029999999999351
copper,partial,0.42211958334086425,1.5354254607345,1.5354254607345,0.012,0.061629459167766173,0.07362945916776617,8900.0,,2287.528131695173,0.1684294591677662,1.6833602355675679,1.6259362813767513,3.970777294888633e-07,1.50-2.00,1.50-2.00,1.6666666666666667e-05,pneumatic_feed,-0.02629183928389698,0.5193172355418997,1.534058430209389e-31,-0.29097469968502643,active,
aluminum,partial,0.2659145560244913,1.5155270804827001,1.5155270804827001,0.0218,0.04180176820705005,0.06360176820705005,2700.0,,2273.4196875964926,0.14459351200785625,1.56829359164327,1.5064991750662566,3.3210560739516636e-07,1.50-2.00,1.50-2.00,1.6666666666666667e-05,pneumatic_feed,-0.008198847709071866,0.5414185353946808,-1.3699308740665912e-33,-0.2912189963834572,active,
aluminum,heavily_coated,0.2735009586703453,1.7691792324617384,1.7691792324617384,0.0218,0.04299435070297829,0.06479435070297829,2700.0,,2269.325064448054,0.14703944408490602,1.5893552481380224,1.5191876494879377,4.602327478110754e-07,1.50-2.00,1.50-2.00,1.6666666666666667e-05,pneumatic_feed,0.028755202214282533,0.5371976780838935,3.98660542243915e-33,-0.2912085014327652,active,
copper,partial,0.3803627703995532,1.7695989640912972,1.7695989640912972,0.012,0.055532964478334765,0.06753296447833476,8900.0,,2403.758901038807,0.16233296447833476,1.6676005431299754,1.5962387698749654,5.083425117505094e-07,1.50-2.00,1.50-2.00,1.6666666666666667e-05,pneumatic_feed,-0.0010880897351636168,0.5222108773212212,-2.0063584516624994e-31,-0.29104170633449944,active,
aluminum,heavily_coated,0.3393964844283716,1.5646156452260782,1.5646156452260782,0.0218,0.053353127352140026,0.07515312735214003,2700.0,,2239.2257843912503,0.1682848205445513,1.6825061715878498,1.625237995884688,4.119649626966035e-07,1.50-2.00,1.50-2.00,1.6666666666666667e-05,pneumatic_feed,0.009286375590731758,0.5194730613483534,-3.8120056107178054e-31,-0.2909743521720678,active,
aluminum,heavily_coated,0.28804901819057915,1.9302317752837341,1.9302317752837341,0.0218,0.045281305659559054,0.06708130565955905,2700.0,,2261.880302760672,0.15172988395482462,1.617326346428164,1.5432278699385025,5.653143984286741e-07,1.50-2.00,1.50-2.00,1.6666666666666667e-05,pneumatic_feed,-0.025659339872182652,0.5317177818695898,-5.101674263528151e-32,-0.291168560987094,active,
copper,partial,0.4374454652024189,1.7634377488495685,1.7634377488495685,0.012,0.06386703791955316,0.07586703791955315,8900.0,,2249.5545180045483,0.17066703791955318,1.7021745362068745,1.6367008972885997,5.307254542773568e-07,1.50-2.00,1.50-2.00,1.6666666666666667e-05,pneumatic_feed,-0.033292514246373826,0.5159004501331416,8.915559077889371e-32,-0.2908655161140264,active,
aluminum,heavily_coated,0.4070557939199223,1.5414694638451012,1.5414694638451012,0.0218,0.06398917080421179,0.08578917080421179,2700.0,,2215.884088116041,0.19009885851772212,1.775921554541548,1.7273655326230655,4.516992410163832e-07,1.50-2.00,1.50-2.00,1.6666666666666667e-05,pneumatic_feed,0.02306432804924201,0.0,0.0,0.0,heavy,8.80599999999961
aluminum,heavily_coated,0.28887289721545667,1.9902814216483002,1.9902814216483002,0.0218,0.04541081944226978,0.06721081944226978,2700.0,,2261.4738527595364,0.15199551079123538,1.6202319259716575,1.544578109834278,6.020876781343142e-07,1.50-2.00,1.50-2.00,1.6666666666666667e-05,pneumatic_feed,-0.03106517070065779,0.5311565421880767,2.4643408154831173e-33,-0.2911628454046347,active,
copper,partial,0.272426130884889,1.5578760052066156,1.5578760052066156,0.012,0.039774215109193795,0.05177421510919379,8900.0,,2831.0272748715392,0.14657421510919377,1.5919590332618403,1.5167824103522252,3.5573234378431106e-07,1.50-2.00,1.50-2.00,1.6666666666666667e-05,pneumatic_feed,-0.008715982987384553,0.536681178183845,-2.9710158044278494e-33,-0.29123981096736445,active,
copper,heavily_coated,0.5804736560909256,1.7046908801535527,1.7046908801535527,0.012,0.08474915378927514,0.09674915378927514,8900.0,,1979.8535313960422,0.19154915378927515,1.7808626204132227,1.7339421898888276,5.566362853882902e-07,1.50-2.00,1.50-2.00,1.6666666666666667e-05,pneumatic_feed,0.040623206468973085,0.0,0.0,0.0,heavy,8.041999999999355
aluminum,heavily_coated,0.3063820554648677,1.7328187478270747,1.7328187478270747,0.0218,0.04816325911907719,0.06996325911907719,2700.0,,2253.1917536049064,0.157640638502428,1.6399271827839934,1.5729995111042183,4.7334136773932044e-07,1.50-2.00,1.50-2.00,1.6666666666666667e-05,pneumatic_feed,0.007009184377010312,0.5273909091703206,-1.2633171113421078e-31,-0.29111621116888037,active,
aluminum,heavily_coated,0.3069165076171485,1.894877329327469,1.894877329327469,0.0218,0.048247274997415754,0.07004727499741575,2700.0,,2252.949186483943,0.15781295122084485,1.6460230366519968,1.5738589779145973,5.666368848435578e-07,1.50-2.00,1.50-2.00,1.6666666666666667e-05,pneumatic_feed,-0.03519743242719059,0.5262388775322727,-4.244303181139224e-32,-0.2910994018583908,active,
copper,heavily_coated,0.4806756027494786,1.8208397973002153,1.8208397973002153,0.012,0.07017863800142388,0.08217863800142387,8900.0,,2153.5844631345367,0.17697863800142388,1.7299851168041445,1.6666903437862564,5.867651646356805e-07,1.50-2.00,1.50-2.00,1.6666666666666667e-05,pneumatic_feed,-0.012729970948203185,0.4722773538053776,1.948294911931027e-30,-0.25856169375148935,active,
aluminum,partial,0.2613190628441806,1.9069379497572407,1.9069379497572407,0.0218,0.041079356679105186,0.06287935667910519,2700.0,,2275.975560340749,0.14311187905159226,1.5733460525710694,1.4987608393582321,5.204138035883521e-07,1.50-2.00,1.50-2.00,1.6666666666666667e-05,pneumatic_feed,0.03889398731106811,0.540398413672894,2.3517208567601397e-33,-0.29121834282908576,active,
copper,heavily_coated,0.645800106093955,1.9118164079975406,1.9118164079975406,0.012,0.09428681548971743,0.10628681548971743,8900.0,,1891.9262428101565,0.20108681548971744,1.826538579220972,1.7765862365577993,7.349807518148606e-07,1.50-2.00,1.50-2.00,1.6666666666666667e-05,pneumatic_feed,-0.01207928169379176,0.0,0.0,0.0,heavy,4.053999999999776
copper,partial,0.41121132896892804,1.828657758123747,1.828657758123747,0.012,0.06003685402946349,0.07203685402946348,8900.0,,2315.993060458002,0.1668368540294635,1.6886305086556037,1.6182309046753678,5.579006374269087e-07,1.50-2.00,1.50-2.00,1.6666666666666667e-05,pneumatic_feed,0.012807679059139538,0.5183584017266958,5.435893193066255e-31,-0.29095563589844387,active,
copper,heavily_coated,0.7821809797711703,1.6616552843272543,1.6616552843272543,0.012,0.11419842304659085,0.12619842304659085,8900.0,,1751.197976261566,0.22099842304659087,1.8806507336824962,1.8624691267613782,6.101983666257724e-07,1.50-2.00,1.50-2.00,1.6666666666666667e-05,pneumatic_feed,0.025690135398136627,0.0,0.0,0.0,heavy,2.7259999999999214
copper,partial,0.3516647834832409,1.5957854106183351,1.5957854106183351,0.012,0.05134305838855317,0.06334305838855317,8900.0,,2496.612295201892,0.15814305838855316,1.6436178987057903,1.5755041873847022,4.027162127575272e-07,1.50-2.00,1.50-2.00,1.6666666666666667e-05,pneumatic_feed,-0.0062566135926886675,0.5266924980819514,1.0191076687492735e-31,-0.29112307882774024,active,
copper,heavily_coated,0.4958142878844208,1.9418338209963972,1.9418338209963972,0.012,0.07238888603112544,0.08438888603112543,8900.0,,2123.3706766200776,0.17918888603112543,1.7434261849434673,1.6770655190375077,6.75670863386066e-07,1.50-2.00,1.50-2.00,1.6666666666666667e-05,pneumatic_feed,0.037373653943402856,0.28882153557481427,3.280095883135754e-30,-0.27040756965766827,active,
aluminum,heavily_coated,0.3591246568159169,1.6115386715069038,1.6115386715069038,0.0218,0.056454396051462144,0.07825439605146214,2700.0,,2231.76446840339,0.17464538060401974,1.7131843553086812,1.6556672050749492,4.5356398896281743e-07,1.50-2.00,1.50-2.00,1.6666666666666667e-05,pneumatic_feed,0.02656490510054008,0.5132510097864027,1.5899511008326257e-30,-0.2895357589500133,active,
aluminum,heavily_coated,0.4090292676023779,1.9984832791311278,1.9984832791311278,0.0218,0.0642994008670938,0.0860994008670938,2700.0,,2215.2898190558653,0.19073512616768265,1.799362892740328,1.7302538947587858,7.617837756607207e-07,1.50-2.00,1.50-2.00,1.6666666666666667e-05,pneumatic_feed,0.023432277835533446,0.0,0.0,0.0,heavy,5.569999999999609
copper,partial,0.33439722375483355,1.9254255653089167,1.9254255653089167,0.012,0.04882199466820569,0.06082199466820569,8900.0,,2558.6466790040363,0.1556219946682057,1.6428566583706523,1.5628956549661774,5.769317573670262e-07,1.50-2.00,1.50-2.00,1.6666666666666667e-05,pneumatic_feed,0.02142804275149087,0.526836290054612,-3.888708624769372e-33,-0.2911289701369005,active,
aluminum,heavily_coated,0.4172753963759036,1.6510336607568448,1.6510336607568448,0.0218,0.06559569231029205,0.08739569231029205,2700.0,,2212.852320671877,0.19339376054555507,1.7956461283853549,1.7422710654553821,5.271744014026712e-07,1.50-2.00,1.50-2.00,1.6666666666666667e-05,pneumatic_feed,-0.005228718022805498,0.0,0.0,0.0,heavy,6.027999999999558
copper,heavily_coated,0.6110362632043536,1.822565181635099,1.822565181635099,0.012,0.08921129442783561,0.10121129442783561,8900.0,,1936.6543579540235,0.1960112944278356,1.8034543822007945,1.754022028749727,6.51099310092586e-07,1.50-2.00,1.50-2.00,1.6666666666666667e-05,pneumatic_feed,-0.01725430728514087,0.0,0.0,0.0,heavy,5.299999999999638
copper,heavily_coated,0.7463697510535214,1.749177524688648,1.749177524688648,0.012,0.10896998365381412,0.12096998365381412,8900.0,,1783.6654774732708,0.21576998365381414,1.869333155594949,1.8403058613801857,6.601745917050841e-07,1.50-2.00,1.50-2.00,1.6666666666666667e-05,pneumatic_feed,0.040710658927726906,0.0,0.0,0.0,heavy,2.7999999999999132
copper,partial,0.32322888544435857,1.763959666000905,1.763959666000905,0.012,0.04719141727487636,0.059191417274876354,8900.0,,2601.583546475371,0.15399141727487636,1.6312182158207011,1.5546862337933207,4.79152564694673e-07,1.50-2.00,1.50-2.00,1.6666666666666667e-05,pneumatic_feed,0.00794241990975771,0.5290475265253328,6.419704639478352e-32,-0.29116127789432195,active,
copper,heavily_coated,0.6111917379598448,1.596958370118499,1.596958370118499,0.012,0.08923399374213734,0.10123399374213733,8900.0,,1936.4443355013145,0.19603399374213737,1.790934566417617,1.7541235890827616,4.999407964606837e-07,1.50-2.00,1.50-2.00,1.6666666666666667e-05,pneumatic_feed,0.00958296936189927,0.0,0.0,0.0,heavy,6.767999999999477
copper,partial,0.30708633355665366,1.6304516365950144,1.6304516365950144,0.012,0.04483460469927143,0.05683460469927143,8900.0,,2667.9978773779567,0.15163460469927142,1.6167249547661804,1.5427432564622554,4.031012691364177e-07,1.50-2.00,1.50-2.00,1.6666666666666667e-05,pneumatic_feed,-0.01870714446976169,0.5318338452736839,-3.4992856864217595e-33,-0.29119583050302333,active,
aluminum,heavily_coated,0.2846840062039657,1.7305617113892882,1.7305617113892882,0.0218,0.044752325775263405,0.0665523257752634,2700.0,,2263.5568131596874,0.15064497044022057,1.6059816133702003,1.5377007043081246,4.5115816128688775e-07,1.50-2.00,1.50-2.00,1.6666666666666667e-05,pneumatic_feed,-0.005068852057282424,0.5339234168184768,-3.442119105752434e-33,-0.2911880654484106,active,
copper,partial,0.4610791295827599,1.793943311226374,1.793943311226374,0.012,0.06731755291908294,0.07931755291908293,8900.0,,2195.1957229027444,0.17411755291908293,1.7174004901281157,1.653163364770078,5.603507857144049e-07,1.50-2.00,1.50-2.00,1.6666666666666667e-05,pneumatic_feed,-0.016026951671390146,0.5120026488638386,6.843000752988254e-31,-0.2886226500246507,active,
aluminum,heavily_coated,0.3320488496990116,1.8472223161580081,1.8472223161580081,0.0218,0.052198079172684625,0.07399807917268462,2700.0,,2242.164546518444,0.16591586963145832,1.6829104392305911,1.6137581881234158,5.661431551703656e-07,1.50-2.00,1.50-2.00,1.6666666666666667e-05,pneumatic_feed,-0.035450073162877425,0.5193992997744612,-4.2615964801454975e-31,-0.2909729938976161,active,
aluminum,heavily_coated,0.29469866965197833,1.6503093971211094,1.6503093971211094,0.0218,0.046326630869290994,0.068126630869291,2700.0,,2258.643883002514,0.15387379808249432,1.6188605283169721,1.554092382937009,4.1907853677286796e-07,1.50-2.00,1.50-2.00,1.6666666666666667e-05,pneumatic_feed,0.02951013288871259,0.5314212580720276,-6.345363368603196e-33,-0.29116534945421557,active,
copper,partial,0.4656958121601896,1.5641037229640327,1.5641037229640327,0.012,0.06799158857538769,0.07999158857538768,8900.0,,2185.1246073286343,0.17479158857538768,1.7098700452366495,1.6563600980098758,4.2761371786076556e-07,1.50-2.00,1.50-2.00,1.6666666666666667e-05,pneumatic_feed,0.019820609735311953,0.5141369280876943,9.696014397462935e-31,-0.290089897759525,active,
copper,partial,0.28259795641038543,1.748747187204021,1.748747187204021,0.012,0.041259301635916276,0.05325930163591627,8900.0,,2779.970767323582,0.14805930163591627,1.6041816687498016,1.5244470467934732,4.5278262658818916e-07,1.50-2.00,1.50-2.00,1.6666666666666667e-05,pneumatic_feed,-0.036880424246311286,0.534275104071359,-2.241612264411899e-32,-0.29122249789038657,active,
aluminum,heavily_coated,0.3012152621791026,1.867950655996718,1.867950655996718,0.0218,0.04735103921455493,0.06915103921455493,2700.0,,2255.567153448286,0.15597481267916447,1.6363284999524905,1.5646663094130215,5.442335013065986e-07,1.50-2.00,1.50-2.00,1.6666666666666667e-05,pneumatic_feed,-0.017973274044496515,0.5280739725071338,6.693922564261004e-33,-0.2911257497282296,active,
copper,partial,0.2734726595186019,1.8334166517605293,1.8334166517605293,0.012,0.039927008289715876,0.05192700828971587,8900.0,,2825.639549097134,0.14672700828971588,1.6001741155510476,1.517572773251873,4.932106041142747e-07,1.50-2.00,1.50-2.00,1.6666666666666667e-05,pneumatic_feed,-0.02259172872271685,0.5350610079008363,9.253356743894806e-33,-0.2912302079737703,active,
aluminum,heavily_coated,0.4169793130296298,1.5817553372128097,1.5817553372128097,0.0218,0.06554914800825781,0.08734914800825781,2700.0,,2212.938588658116,0.19329830031388293,1.7914985960944692,1.7418410150546768,4.836226721870836e-07,1.50-2.00,1.50-2.00,1.6666666666666667e-05,pneumatic_feed,0.0032264315090691086,0.0,0.0,0.0,heavy,6.8059999999994725
copper,heavily_coated,0.5729924877643245,1.8681029328534895,1.8681029328534895,0.012,0.08365690321359137,0.09565690321359137,8900.0,,1991.0419093154417,0.19045690321359138,1.7846974861762617,1.7289914843169503,6.646581326192209e-07,1.50-2.00,1.50-2.00,1.6666666666666667e-05,pneumatic_feed,0.02409554563372747,0.0,0.0,0.0,heavy,7.293999999999419
aluminum,heavily_coated,0.29285734058506996,1.6676463224118088,1.6676463224118088,0.0218,0.04603717393997299,0.06783717393997299,2700.0,,2259.530081746407,0.1532801351780324,1.6166351400821597,1.5510915516997688,4.262788395959591e-07,1.50-2.00,1.50-2.00,1.6666666666666667e-05,pneumatic_feed,-0.0041753838756827324,0.5318515154614163,1.8575946605601393e-32,-0.29116969195904907,active,
aluminum,partial,0.2610790707320249,1.6764855278115152,1.6764855278115152,0.0218,0.04104162991907433,0.06284162991907433,2700.0,,2276.1106511544644,0.14303450319471214,1.5663074166862279,1.4983556193855323,4.0201330747706904e-07,1.50-2.00,1.50-2.00,1.6666666666666667e-05,pneumatic_feed,0.00880104700313067,0.5418208784032834,-2.4224107035084397e-33,-0.29121924374676916,active,
aluminum,heavily_coated,0.30117053654821113,1.914993704210691,1.914993704210691,0.0218,0.04734400834537879,0.06914400834537879,2700.0,,2255.587959400278,0.15596039268850875,1.6376456844146345,1.564593980443116,5.719380904301481e-07,1.50-2.00,1.50-2.00,1.6666666666666667e-05,pneumatic_feed,-0.026864914408853108,0.5278237016196956,-1.9045487325679604e-33,-0.29112237512466027,active,
aluminum,heavily_coated,0.32081605206060737,1.688803666027883,1.688803666027883,0.0218,0.05043228338392748,0.07223228338392748,2700.0,,2246.838888952703,0.16229430334486042,1.6602792559934116,1.5960486788631885,4.6287273738391757e-07,1.50-2.00,1.50-2.00,1.6666666666666667e-05,pneumatic_feed,-0.03082591571219265,0.5235690110126132,-4.4622132314723623e-32,-0.2910551620689228,active,
copper,partial,0.2701764321683159,1.6038872448258605,1.6038872448258605,0.012,0.03944575909657412,0.05144575909657412,8900.0,,2842.717488569683,0.1462457590965741,1.5919054651038615,1.5150819894579395,3.7621053098410307e-07,1.50-2.00,1.50-2.00,1.6666666666666667e-05,pneumatic_feed,0.020132099534432797,0.5366917764666147,7.473992090561544e-33,-0.29124042456665994,active,
copper,partial,0.24742553876095974,1.8170444311216034,1.8170444311216034,0.012,0.03612412865910013,0.048124128659100124,8900.0,,2969.9057965608195,0.14292412865910012,1.5820715327300754,1.4977773944859882,4.718855157998772e-07,1.50-2.00,1.50-2.00,1.6666666666666667e-05,pneumatic_feed,0.016158823456454554,0.5386475065614846,-1.8643308826087226e-33,-0.2912540435863205,active,
copper,partial,0.3434439790690157,1.6124737257158994,1.6124737257158994,0.012,0.050142820944076294,0.06214282094407629,8900.0,,2525.51813000753,0.1569428209440763,1.639128497008684,1.569514102369973,4.0806255839685974e-07,1.50-2.00,1.50-2.00,1.6666666666666667e-05,pneumatic_feed,0.0061877538051121825,0.527542130354979,-9.019659991468348e-32,-0.29113699004712984,active,
aluminum,heavily_coated,0.2725154755293578,1.7131498907851714,1.7131498907851714,0.0218,0.04283943275321504,0.06463943275321504,2700.0,,2269.848422488246,0.14672171446542023,1.5860016514516992,1.5175453964376935,4.3061099924081325e-07,1.50-2.00,1.50-2.00,1.6666666666666667e-05,pneumatic_feed,0.03374244366315549,0.5378642260378398,2.2174756258144505e-33,-0.2912113218056602,active,
aluminum,heavily_coated,0.3492268819023149,1.9893664585075088,1.9893664585075088,0.0218,0.0548984658350439,0.0766984658350439,2700.0,,2235.432444801094,0.17145423899412535,1.7131553028989466,1.6404711930575897,6.785436796276747e-07,1.50-2.00,1.50-2.00,1.6666666666666667e-05,pneumatic_feed,-0.022700100936861835,0.5132592181448383,-1.2576082148443918e-30,-0.2895417077748518,active,
copper,partial,0.4029447039744025,1.7211711484752736,1.7211711484752736,0.012,0.05882992678026276,0.07082992678026276,8900.0,,2338.41730902956,0.16562992678026278,1.679779176749076,1.6123669962955098,4.906670842554307e-07,1.50-2.00,1.50-2.00,1.6666666666666667e-05,pneumatic_feed,-0.021855026803960467,0.5199712294509494,-3.1606734073445358e-31,-0.2909923944313432,active,
copper,partial,0.27927505382072193,1.951225850594568,1.951225850594568,0.012,0.0407741578578254,0.052774157857825396,8900.0,,2796.3337331766247,0.1475741578578254,1.6067245453235688,1.5219474306744067,5.61856482105193e-07,1.50-2.00,1.50-2.00,1.6666666666666667e-05,pneumatic_feed,0.033416691776895595,0.533777903096264,5.9940430157550954e-33,-0.29121954703384817,active,
copper,partial,0.3156913083412603,1.5435007511932064,1.5435007511932064,0.012,0.04609093101782401,0.058090931017824005,8900.0,,2631.924266645211,0.152890931017824,1.6192045867534428,1.5491210582958859,3.642465236961256e-07,1.50-2.00,1.50-2.00,1.6666666666666667e-05,pneumatic_feed,-0.0028718860063528394,0.5313545504797447,2.2806429228322553e-32,-0.29118906657102966,active,
aluminum,heavily_coated,0.3341274312577103,1.9875852228473863,1.9875852228473863,0.0218,0.052524832193712054,0.07432483219371205,2700.0,,2241.3239316521685,0.16658602511179837,1.690481035327711,1.6170139919477466,6.58097262286125e-07,1.50-2.00,1.50-2.00,1.6666666666666667e-05,pneumatic_feed,0.017231860466901627,0.518022825735563,-7.475262666147879e-32,-0.2909423605877957,active,
aluminum,heavily_coated,0.38510124863813844,1.6051840590167137,1.6051840590167137,0.0218,0.06053791628591536,0.08233791628591536,2700.0,,2222.797246142231,0.1830204935734222,1.7494216865423962,1.6949010788622547,4.71573507054187e-07,1.50-2.00,1.50-2.00,1.6666666666666667e-05,pneumatic_feed,0.01285907851377284,0.21292641912790103,3.8501463340927295e-30,-0.2757072370536041,active,
copper,partial,0.41025725184068096,1.8840195161405653,1.8840195161405653,0.012,0.05989755876873942,0.07189755876873942,8900.0,,2318.5426824424867,0.16669755876873943,1.6898560904302684,1.6175552177388364,5.916979086285283e-07,1.50-2.00,1.50-2.00,1.6666666666666667e-05,pneumatic_feed,-0.03541971249960928,0.5181360622511558,-7.493749022442767e-32,-0.2909507920968175,active,
copper,partial,0.46223918229730115,1.7764710422892611,1.7764710422892611,0.012,0.06748692061540597,0.07948692061540596,8900.0,,2192.6490454786353,0.17428692061540596,1.7173986288183498,1.653967202207895,5.500232675937329e-07,1.50-2.00,1.50-2.00,1.6666666666666667e-05,pneumatic_feed,-0.0150332415330771,0.5120032385327515,8.294392009520529e-31,-0.28862289814846964,active,
aluminum,heavily_coated,0.3175165493593459,1.7738410346321463,1.7738410346321463,0.0218,0.049913601559289186,0.07171360155928919,2700.0,,2248.255661035926,0.16123051067894673,1.6584123630942778,1.5908092580874515,5.073137392204753e-07,1.50-2.00,1.50-2.00,1.6666666666666667e-05,pneumatic_feed,-0.01122562548617315,0.5239167134856344,-9.38296166293979e-32,-0.2910613545682087,active,
copper,heavily_coated,0.5292319633368903,1.5123189920899334,1.5123189920899334,0.012,0.07726786664718598,0.08926786664718597,8900.0,,2061.972281410944,0.184067866647186,1.7422081265158513,1.6997438733215753,4.20983225427323e-07,1.50-2.00,1.50-2.00,1.6666666666666667e-05,pneumatic_feed,0.006771375770518235,0.30036000499229193,9.979426719394578e-31,-0.2693277376600701,active,
copper,partial,0.2950256636569535,1.8645091268015164,1.8645091268015164,0.012,0.043073746893915216,0.05507374689391521,8900.0,,2721.328316059678,0.1498737468939152,1.6153717135138224,1.5337595415341,5.210202370126018e-07,1.50-2.00,1.50-2.00,1.6666666666666667e-05,pneumatic_feed,0.013597372487124674,0.5320958541266259,-3.947895342337438e-33,-0.2912011941950703,active,
aluminum,heavily_coated,0.3707159168197272,1.736018231592889,1.736018231592889,0.0218,0.05827654212406112,0.08007654212406112,2700.0,,2227.650120874144,0.17838251874184824,1.7352674738197882,1.6732877858192983,5.376019748911077e-07,1.50-2.00,1.50-2.00,1.6666666666666667e-05,pneumatic_feed,0.010717729944501188,0.40430847375350276,1.3535637846145531e-30,-0.263221384026668,active,
copper,partial,0.33901029783638076,1.9516502970216751,1.9516502970216751,0.012,0.049495503484111594,0.06149550348411159,8900.0,,2541.5761255535244,0.1562955034841116,1.646528158960527,1.5662739934911183,5.953200202812667e-07,1.50-2.00,1.50-2.00,1.6666666666666667e-05,pneumatic_feed,0.018793561148821383,0.5261435077016807,-8.316452920687502e-32,-0.2911176474293313,active,
aluminum,heavily_coated,0.38017033106540365,1.8627785326297648,1.8627785326297648,0.0218,0.05976277604348146,0.08156277604348146,2700.0,,2224.4303742441934,0.1814307164387968,1.7537930137336049,1.6875237850837406,6.295544008172648e-07,1.50-2.00,1.50-2.00,1.6666666666666667e-05,pneumatic_feed,0.03620366848752094,0.16299609713264798,5.0789182717246e-31,-0.27956821960779793,active,
copper,partial,0.30390788820958453,1.6690576562901114,1.6690576562901114,0.012,0.04437055167859934,0.056370551678599334,8900.0,,2681.7291507187806,0.15117055167859933,1.6158898409363527,1.540380790307155,4.211238873918869e-07,1.50-2.00,1.50-2.00,1.6666666666666667e-05,pneumatic_feed,0.006323116508001908,0.5319955095170498,-3.201316253930914e-32,-0.29119813359717917,active,
copper,heavily_coated,0.5087906623113687,1.618826137159499,1.618826137159499,0.012,0.07428343669745983,0.08628343669745983,8900.0,,2098.704497972215,0.18108343669745985,1.7369556960323111,1.6859079519366797,4.7454690333317703e-07,1.50-2.00,1.50-2.00,1.6666666666666667e-05,pneumatic_feed,0.02088515080681266,0.36801334871912567,-5.261732673432906e-31,-0.2646990995362842,active,
copper,partial,0.37306478153085376,1.604609767683348,1.604609767683348,0.012,0.054467458103504646,0.06646745810350464,8900.0,,2426.2618536182817,0.16126745810350465,1.657111125855486,1.59099152178527,4.152270173252705e-07,1.50-2.00,1.50-2.00,1.6666666666666667e-05,pneumatic_feed,0.01694913133832071,0.5241592882778153,1.0254003133501105e-31,-0.2910783051484061,active,
aluminum,heavily_coated,0.2950433840440436,1.9709379898841548,1.9709379898841548,0.0218,0.04638081997172365,0.06818081997172365,2700.0,,2258.4788143278656,0.1539849374496401,1.6295435967895675,1.5546535235252745,5.981693583038509e-07,1.50-2.00,1.50-2.00,1.6666666666666667e-05,pneumatic_feed,-0.028881572004829995,0.5293678465310957,-1.073099100161496e-32,-0.29114246820934125,active,
copper,heavily_coated,0.5898117618015546,1.651688520470777,1.651688520470777,0.012,0.08611251722302697,0.09811251722302697,8900.0,,1966.2375676744996,0.192912517223027,1.7829524738706188,1.7401019712455452,5.262798093763558e-07,1.50-2.00,1.50-2.00,1.6666666666666667e-05,pneumatic_feed,-0.03441786968377857,0.0,0.0,0.0,heavy,7.537999999999392
aluminum,heavily_coated,0.3206779813780644,1.8923030627116555,1.8923030627116555,0.0218,0.050410578672631726,0.07221057867263173,2700.0,,2246.8977670386053,0.16224978797610173,1.667148296098594,1.5958297754061657,5.809858062487667e-07,1.50-2.00,1.50-2.00,1.6666666666666667e-05,pneumatic_feed,-0.03248050548732513,0.5222946107960281,-1.1720478143020587e-31,-0.29103189700700666,active,
copper,partial,0.2602265745353154,1.7246274799791559,1.7246274799791559,0.012,0.03799307988215604,0.04999307988215604,8900.0,,2896.262447191953,0.14479307988215603,1.5886020841943642,1.507538451194636,4.306638412095266e-07,1.50-2.00,1.50-2.00,1.6666666666666667e-05,pneumatic_feed,-0.0314735320427836,0.537346743610482,2.383418655600529e-33,-0.29124597135153085,active,
aluminum,heavily_coated,0.3420185411369951,1.7133343058814177,1.7133343058814177,0.0218,0.053765314666735634,0.07556531466673563,2700.0,,2238.1988163999645,0.1691301978479786,1.692805272681565,1.6293150663459393,4.96484138650298e-07,1.50-2.00,1.50-2.00,1.6666666666666667e-05,pneumatic_feed,-0.0025242714424569194,0.5176020573977489,-3.7001107496610407e-32,-0.2909324272090659,active,
aluminum,heavily_coated,0.29831779888769216,1.9568214288025363,1.9568214288025363,0.0218,0.046895557985145206,0.0686955579851452,2700.0,,2256.9238257429533,0.15504064153938082,1.6343363746798352,1.559973688753154,5.936738887089796e-07,1.50-2.00,1.50-2.00,1.6666666666666667e-05,pneumatic_feed,0.01849861164386779,0.5284530481101115,-1.841661084364085e-32,-0.29113085302816344,active,
copper,heavily_coated,0.6022182689050153,1.788041445003183,1.788041445003183,0.012,0.08792386726013222,0.09992386726013222,8900.0,,1948.7222882717979,0.19472386726013224,1.796955888071262,1.748252218793111,6.225501589332742e-07,1.50-2.00,1.50-2.00,1.6666666666666667e-05,pneumatic_feed,0.03737286968096679,0.0,0.0,0.0,heavy,6.023999999999559
aluminum,heavily_coated,0.30393599831333645,1.709698237221131,1.709698237221131,0.0218,0.0477787389348565,0.0695787389348565,2700.0,,2254.309399931154,0.1568520052162028,1.6353344058585044,1.5690599331681119,4.5848908696414266e-07,1.50-2.00,1.50-2.00,1.6666666666666667e-05,pneumatic_feed,-0.01268088406453046,0.5282630522427337,-7.232621712872537e-32,-0.29112816421110127,active,
aluminum,heavily_coated,0.35693679911420495,1.8596338471021072,1.8596338471021072,0.0218,0.05611046482075302,0.07791046482075302,2700.0,,2232.5626448589537,0.17393999340241081,1.7202006245737866,1.6523202281774076,6.015259027813231e-07,1.50-2.00,1.50-2.00,1.6666666666666667e-05,pneumatic_feed,-0.012208218751569203,0.5110857719042831,-1.647368726088233e-31,-0.28788210846303025,active,
aluminum,heavily_coated,0.39194498237767744,1.6773687776650341,1.6773687776650341,0.0218,0.061613751229770905,0.0834137512297709,2700.0,,2220.5808878941566,0.18522698176838698,1.7624401731934622,1.7050873015293389,5.211483412026658e-07,1.50-2.00,1.50-2.00,1.6666666666666667e-05,pneumatic_feed,0.02145689431933277,0.05696123755315434,5.9738332260677255e-30,-0.2872117229000164,active,
copper,partial,0.3052371412212322,1.9940002788754851,1.9940002788754851,0.012,0.044564622618299896,0.05656462261829989,8900.0,,2675.9592058045505,0.1513646226182999,1.625177421963213,1.5413692343552323,6.018313569977741e-07,1.50-2.00,1.50-2.00,1.6666666666666667e-05,pneumatic_feed,0.004024664666264102,0.5302043905030143,3.906511022219592e-32,-0.29117914729208205,active,
copper,partial,0.4443376475717315,1.6193627463714457,1.6193627463714457,0.012,0.06487329654547279,0.07687329654547279,8900.0,,2233.198057844743,0.1716732965454728,1.7002308979416576,1.6415188279693114,4.501850150121991e-07,1.50-2.00,1.50-2.00,1.6666666666666667e-05,pneumatic_feed,-0.006909149370716889,0.5162634536408156,-8.601457591721822e-31,-0.29090027404941815,active,
aluminum,heavily_coated,0.3137900679359617,1.7934191032450615,1.7934191032450615,0.0218,0.04932779867953317,0.07112779867953317,2700.0,,2249.8806201531065,0.1600290558032334,1.6533972704469904,1.5848709915597394,5.147097864746537e-07,1.50-2.00,1.50-2.00,1.6666666666666667e-05,pneumatic_feed,-0.01227089751925971,0.5248536191425944,-2.2337045472570444e-32,-0.29107730077537136,active,
aluminum,heavily_coated,0.3007857160559209,1.7528156638371246,1.7528156638371246,0.0218,0.04728351456399077,0.06908351456399077,2700.0,,2255.767149328241,0.15583632271358946,1.631969662018374,1.563971521899456,4.787857132192568e-07,1.50-2.00,1.50-2.00,1.6666666666666667e-05,pneumatic_feed,0.0006666134598399301,0.5289042901616224,-2.515862018349545e-32,-0.29113653586973537,active,
copper,heavily_coated,0.5341645413029397,1.7719534820105152,1.7719534820105152,0.012,0.07798802303022918,0.08998802303022918,8900.0,,2053.4735268954,0.18478802303022918,1.7586238804584662,1.7030657090912487,5.802009719982637e-07,1.50-2.00,1.50-2.00,1.6666666666666667e-05,pneumatic_feed,-0.0031051447505219755,0.10026903584745527,6.124807007376015e-30,-0.28382362275055706,active,
copper,partial,0.42039494417870676,1.6364395015892068,1.6364395015892068,0.012,0.06137766185009119,0.07337766185009119,8900.0,,2291.9463173094036,0.1681776618500912,1.686902394360403,1.6247204622331288,4.503687194686578e-07,1.50-2.00,1.50-2.00,1.6666666666666667e-05,pneumatic_feed,0.024988213378487036,0.5186723244557467,5.403405171339797e-31,-0.29096088026524447,active,
aluminum,heavily_coated,0.3775784840611317,1.65892958379504,1.65892958379504,0.0218,0.05935533769440991,0.08115533769440991,2700.0,,2225.301307058563,0.18059507904614946,1.741546653273757,1.6836330837532156,4.970062112385908e-07,1.50-2.00,1.50-2.00,1.6666666666666667e-05,pneumatic_feed,0.01302343849103339,0.31173420618285774,-8.091374792534248e-31,-0.26875755495269293,active,
copper,partial,0.23477195407585982,1.677275292356377,1.677275292356377,0.012,0.03427670529507554,0.046276705295075535,8900.0,,3048.5468746213446,0.14107670529507554,1.5701739056871578,1.4880658474380446,3.968843806511839e-07,1.50-2.00,1.50-2.00,1.6666666666666667e-05,pneumatic_feed,-0.020695926528011464,0.541037762882317,6.512315256796543e-34,-0.29126177483182325,active,
aluminum,heavily_coated,0.31321202793918557,1.724814041648093,1.724814041648093,0.0218,0.049236930792039973,0.07103693079203997,2700.0,,2250.1350796786387,0.15984268992787282,1.650104724366448,1.5839478719667173,4.755293616570854e-07,1.50-2.00,1.50-2.00,1.6666666666666667e-05,pneumatic_feed,-0.00381619110594341,0.5254710022884072,1.6130689740715374e-31,-0.2910872904263902,active,
copper,partial,0.4408145813586134,1.58728235542717,1.58728235542717,0.012,0.06435892887835755,0.07635892887835755,8900.0,,2241.5051048060104,0.17115892887835754,1.6966992785392483,1.639057823163875,4.3122897796077436e-07,1.50-2.00,1.50-2.00,1.6666666666666667e-05,pneumatic_feed,-0.03150285457034414,0.516899009358711,8.527285535826096e-32,-0.29091618188162277,active,
copper,partial,0.4137392987709187,1.8088370518189223,1.8088370518189223,0.012,0.06040593762055413,0.07240593762055413,8900.0,,2309.284888993535,0.16720593762055413,1.689500737897018,1.6200198754620938,5.470796827116154e-07,1.50-2.00,1.50-2.00,1.6666666666666667e-05,pneumatic_feed,0.02503292899242282,0.5182005092098652,5.741994353119722e-31,-0.2909515739789975,active,
copper,heavily_coated,0.6026395184852451,1.8478878771134963,1.8478878771134963,0.012,0.08798536969884578,0.09998536969884578,8900.0,,1948.138715549445,0.1947853696988458,1.8001183847882587,1.7485282848135697,6.651315773861235e-07,1.50-2.00,1.50-2.00,1.6666666666666667e-05,pneumatic_feed,0.009248613283569487,0.0,0.0,0.0,heavy,5.777999999999586
aluminum,heavily_coated,0.3357364015412976,1.6088210354267583,1.6088210354267583,0.0218,0.05277776232229199,0.07457776232229199,2700.0,,2240.6782936014774,0.16710477322092976,1.6791688310805934,1.6195297220105946,4.325181407778754e-07,1.50-2.00,1.50-2.00,1.6666666666666667e-05,pneumatic_feed,0.007885962257412714,0.5200829653472715,-1.8546929406705326e-31,-0.2909874062723447,active,
aluminum,heavily_coated,0.42186250636012856,1.5747304579127108,1.5747304579127108,0.0218,0.06631678599981221,0.08811678599981221,2700.0,,2211.5274458147433,0.19487269067556903,1.7975917329308586,1.7489201676588135,4.832406243309856e-07,1.50-2.00,1.50-2.00,1.6666666666666667e-05,pneumatic_feed,0.02326017958948637,0.0,0.0,0.0,heavy,5.785999999999585
copper,heavily_coated,0.5751268935840846,1.9635403538560487,1.9635403538560487,0.012,0.08396852646327635,0.09596852646327635,8900.0,,1987.8238574005459,0.19076852646327636,1.7899434013749893,1.7304053835351951,7.355062836801909e-07,1.50-2.00,1.50-2.00,1.6666666666666667e-05,pneumatic_feed,0.018827551979712497,0.0,0.0,0.0,heavy,6.531999999999503
copper,partial,0.45302338979588913,1.6277527023752103,1.6277527023752103,0.012,0.06614141491019981,0.07814141491019981,8900.0,,2213.18509664746,0.17294141491019982,1.70566259220478,1.6475704684263117,4.5822191698008446e-07,1.50-2.00,1.50-2.00,1.6666666666666667e-05,pneumatic_feed,0.0011218027805200684,0.5151533611579,-9.403755147232914e-33,-0.2906106247398192,active,
aluminum,heavily_coated,0.2909845109415549,1.8540842676725895,1.8540842676725895,0.0218,0.045742765120012435,0.06754276512001244,2700.0,,2260.439232853229,0.15267631617266672,1.6198256493434156,1.5480334165147007,5.24844451418896e-07,1.50-2.00,1.50-2.00,1.6666666666666667e-05,pneumatic_feed,0.010442032990552201,0.5312349300426638,9.915194009892866e-34,-0.29116357906890733,active,
copper,heavily_coated,0.629298976953269,1.6999676319886694,1.6999676319886694,0.012,0.09187765063517726,0.10387765063517726,8900.0,,1912.6120914395888,0.19867765063517728,1.8066322837622932,1.765911777062983,5.741565458222951e-07,1.50-2.00,1.50-2.00,1.6666666666666667e-05,pneumatic_feed,-0.02337272266150327,0.0,0.0,0.0,heavy,5.059999999999665
copper,partial,0.4067036085077739,1.5367974352751184,1.5367974352751184,0.012,0.05937872684213498,0.07137872684213498,8900.0,,2328.1267990344627,0.16617872684213497,1.6743872956057018,1.6150360047113967,3.924720027416407e-07,1.50-2.00,1.50-2.00,1.6666666666666667e-05,pneumatic_feed,0.017170545339430233,0.5209598603609541,-1.3308615783710224e-31,-0.2910119860007143,active,
aluminum,heavily_coated,0.3275568178772489,1.6653084139319818,1.6653084139319818,0.0218,0.05149193177030352,0.07329193177030352,2700.0,,2244.0068051043363,0.1644675936518038,1.6694526353641852,1.6066995207439108,4.561101016992051e-07,1.50-2.00,1.50-2.00,1.6666666666666667e-05,pneumatic_feed,-0.009989278392959806,0.5218688233369533,-7.002981327515532e-32,-0.2910235566717166,active,
aluminum,heavily_coated,0.3144837377849635,1.9032084453047469,1.9032084453047469,0.0218,0.04943684357979626,0.07123684357979626,2700.0,,2249.5761160408842,0.1602527018992501,1.6579821582472807,1.5859780606964995,5.804677192271708e-07,1.50-2.00,1.50-2.00,1.6666666666666667e-05,pneumatic_feed,0.04786826732957956,0.5239969186773598,2.5847802835126883e-31,-0.2910628436607803,active,
aluminum,heavily_coated,0.29723293739972123,1.8584470661320585,1.8584470661320585,0.0218,0.04672501775923618,0.06852501775923618,2700.0,,2257.4364284085727,0.15469087134704412,1.6298039472079744,1.5582130523979076,5.342752757066803e-07,1.50-2.00,1.50-2.00,1.6666666666666667e-05,pneumatic_feed,0.007224644814206999,0.5293180524492149,-5.356404092668202e-32,-0.291141783544908,active,
copper,heavily_coated,0.6389475813340086,1.8464712143123734,1.8464712143123734,0.012,0.09328634687476525,0.10528634687476525,8900.0,,1900.4016457400846,0.2000863468747653,1.819658629270611,1.7721611948539886,6.821855849223673e-07,1.50-2.00,1.50-2.00,1.6666666666666667e-05,pneumatic_feed,0.02756560348794021,0.0,0.0,0.0,heavy,4.293999999999749
aluminum,partial,0.2640437189185544,1.7725552981339303,1.7725552981339303,0.0218,0.04150767261399675,0.06330767261399675,2700.0,,2274.4531503231437,0.1439903354165311,1.5741239111487688,1.5033536858297425,4.5241076337163097e-07,1.50-2.00,1.50-2.00,1.6666666666666667e-05,pneumatic_feed,-0.032235210119748406,0.5402417897187662,-2.1262352093313677e-33,-0.29121800861695246,active,
copper,partial,0.2956287840316786,1.6985413849309219,1.6985413849309219,0.012,0.04316180246862507,0.055161802468625065,8900.0,,2718.580535034553,0.14996180246862506,1.6113817695950938,1.5342100415352322,4.326462239341996e-07,1.50-2.00,1.50-2.00,1.6666666666666667e-05,pneumatic_feed,0.003372357310748353,0.5328703490950722,1.5583519507779698e-33,-0.2912080841865674,active,
copper,partial,0.3005389035038757,1.9200570409166149,1.9200570409166149,0.012,0.043878679911565854,0.05587867991156585,8900.0,,2696.532562151279,0.15067867991156586,1.6203666469565934,1.5378727385229045,5.554948903403178e-07,1.50-2.00,1.50-2.00,1.6666666666666667e-05,pneumatic_feed,0.034019211204859706,0.5311302559763211,2.2930857450341968e-32,-0.2911902959986084,active,
aluminum,heavily_coated,0.2746791994157454,1.586667682117858,1.586667682117858,0.0218,0.04317957014815518,0.06497957014815518,2700.0,,2268.7026144911456,0.14741932068363048,1.5850256489610726,1.5211487953025056,3.711302528525199e-07,1.50-2.00,1.50-2.00,1.6666666666666667e-05,pneumatic_feed,0.009121168341210793,0.5380586037372936,3.362394070997838e-33,-0.2912119645173996,active,
copper,partial,0.3341937926819046,1.9207139230855077,1.9207139230855077,0.012,0.048792293731558065,0.06079229373155806,8900.0,,2559.4081779281196,0.15559229373155806,1.6426041665455358,1.5627465061264847,5.740020616880768e-07,1.50-2.00,1.50-2.00,1.6666666666666667e-05,pneumatic_feed,-0.013965965516046569,0.5268840172137829,-5.09183695513386e-32,-0.2911297080594378,active,
aluminum,heavily_coated,0.39446098506365085,1.5037822956192342,1.5037822956192342,0.0218,0.06200926685200592,0.08380926685200592,2700.0,,2219.7803796910193,0.18603816619437166,1.756728760882575,1.708816858702786,4.2069948937774276e-07,1.50-2.00,1.50-2.00,1.6666666666666667e-05,pneumatic_feed,-0.015081491032512984,0.12171424988390107,4.6439829237573935e-31,-0.28216201708791583,active,
copper,heavily_coated,0.6312320949590091,1.51843902731309,1.51843902731309,0.012,0.09215988586401533,0.10415988586401533,8900.0,,1910.139246156289,0.19895988586401533,1.795965572313013,1.7671656313208406,4.587332694122093e-07,1.50-2.00,1.50-2.00,1.6666666666666667e-05,pneumatic_feed,-0.016039529492027818,0.0,0.0,0.0,heavy,6.029999999999558
copper,partial,0.35516712437552433,1.6952402057760914,1.6952402057760914,0.012,0.05185440015882656,0.06385440015882655,8900.0,,2484.6275239325983,0.15865440015882654,1.6493715274070733,1.5780492593366473,4.5594725906473985e-07,1.50-2.00,1.50-2.00,1.6666666666666667e-05,pneumatic_feed,0.009188813646601533,0.5256085738900172,-2.2314832981121614e-32,-0.2911058578040255,active,
copper,heavily_coated,0.7570942961458709,1.9994162612883555,1.9994162612883555,0.012,0.11053576723729713,0.12253576723729713,8900.0,,1773.6516621829664,0.21733576723729714,1.8892109504997312,1.8469710887170423,8.688356738034976e-07,1.50-2.00,1.50-2.00,1.6666666666666667e-05,pneumatic_feed,-0.013874959874676645,0.0,0.0,0.0,heavy,2.547999999999941
copper,partial,0.4157859198944153,1.6203534211770063,1.6203534211770063,0.012,0.06070474430458464,0.07270474430458464,8900.0,,2303.9039048518057,0.16750474430458465,1.6834803385633519,1.6214667639531686,4.3979127898077963e-07,1.50-2.00,1.50-2.00,1.6666666666666667e-05,pneumatic_feed,0.02255519060877295,0.5192953261355736,2.249568706059676e-31,-0.29097544754213134,active,
aluminum,partial,0.2624551379227367,1.8833107712330972,1.8833107712330972,0.0218,0.041257947681454216,0.06305794768145422,2700.0,,2275.338260967023,0.14347816101766955,1.5746070884382655,1.5006775854037873,5.088968728585153e-07,1.50-2.00,1.50-2.00,1.6666666666666667e-05,pneumatic_feed,-0.027916925493367398,0.5401445562651168,-4.758954698621305e-34,-0.2912179248677087,active,
copper,heavily_coated,0.5940453445086779,1.8747173452344894,1.8747173452344894,0.012,0.08673062029826696,0.09873062029826696,8900.0,,1960.1884371191786,0.19353062029826695,1.7966565087800177,1.7428874364690332,6.80175968627602e-07,1.50-2.00,1.50-2.00,1.6666666666666667e-05,pneumatic_feed,0.009034505721961905,0.0,0.0,0.0,heavy,6.027999999999558
aluminum,heavily_coated,0.44173584504464886,1.5002541541915624,1.5002541541915624,0.0218,0.06944087484101881,0.09124087484101881,2700.0,,2206.029415561418,0.2012800538008452,1.8189701964146556,1.777439654238103,4.530336025615108e-07,1.50-2.00,1.50-2.00,1.6666666666666667e-05,pneumatic_feed,-0.026795087970464412,0.0,0.0,0.0,heavy,4.513999999999725
aluminum,heavily_coated,0.3893673224997648,1.6066883749134528,1.6066883749134528,0.0218,0.06120854309696304,0.08300854309696304,2700.0,,2221.408924521836,0.18439591844714914,1.755394697680457,1.701257868739026,4.760083889701847e-07,1.50-2.00,1.50-2.00,1.6666666666666667e-05,pneumatic_feed,-0.014520652808987575,0.1434331294438634,-6.954843142854902e-30,-0.28098318461389865,active,
copper,partial,0.342038678491424,1.9162031747594344,1.9162031747594344,0.012,0.0499376470597479,0.0619376470597479,8900.0,,2530.571542515194,0.1567376470597479,1.647593177479072,1.5684878412821068,5.755147166871724e-07,1.50-2.00,1.50-2.00,1.6666666666666667e-05,pneumatic_feed,0.03805468069832848,0.5259429762960429,7.248810655489384e-32,-0.2911139126379084,active,
copper,partial,0.261101731022901,1.6040335253309739,1.6040335253309739,0.012,0.038120852729343555,0.05012085272934355,8900.0,,2891.4283145166596,0.14492085272934355,1.5859196364163515,1.508203469177742,3.728702749293075e-07,1.50-2.00,1.50-2.00,1.6666666666666667e-05,pneumatic_feed,-0.01210505985548179,0.5378801018998366,-4.019482458209718e-33,-0.29124790804698286,active,
aluminum,partial,0.2623780895131212,1.8749891320200434,1.8749891320200434,0.0218,0.04124583567146266,0.06304583567146266,2700.0,,2275.381368366234,0.1434533198399254,1.5742610677032014,1.5005476694218913,5.043222311499138e-07,1.50-2.00,1.50-2.00,1.6666666666666667e-05,pneumatic_feed,-0.03387110738159063,0.5402141835432505,-4.140018325298322e-34,-0.2912180360984624,active,
copper,partial,0.29155916689045513,1.5008728631629389,1.5008728631629389,0.012,0.04256763836600645,0.05456763836600645,8900.0,,2737.2934368927495,0.14936763836600644,1.6023595088516658,1.5311676759234558,3.3646843265303416e-07,1.50-2.00,1.50-2.00,1.6666666666666667e-05,pneumatic_feed,-0.016750975733941062,0.5346321182827452,1.4988367448038298e-33,-0.2912228824299316,active,
aluminum,heavily_coated,0.2991889495698691,1.6084020880003211,1.6084020880003211,0.0218,0.04703250287238342,0.06883250287238342,2700.0,,2256.5140413212944,0.1553215092308215,1.6241871831229748,1.561386053763442,4.018101085301826e-07,1.50-2.00,1.50-2.00,1.6666666666666667e-05,pneumatic_feed,0.04274255001545237,0.5303949282750132,4.865664804136959e-32,-0.29115426568976055,active,
copper,partial,0.42681631431389133,1.9167600267785982,1.9167600267785982,0.012,0.06231518188982814,0.07431518188982814,8900.0,,2275.6478230860084,0.16911518188982813,1.7010947213530976,1.6292427366548985,6.213239357359329e-07,1.50-2.00,1.50-2.00,1.6666666666666667e-05,pneumatic_feed,0.03334767900571669,0.516108271575086,5.600991449246957e-31,-0.2908997776939745,active,
copper,heavily_coated,0.6854203849251219,1.8969427766745097,1.8969427766745097,0.012,0.1000713761990678,0.11207137619906779,8900.0,,1845.8894966330267,0.2068713761990678,1.8468255104898874,1.8019581351464768,7.444042840382015e-07,1.50-2.00,1.50-2.00,1.6666666666666667e-05,pneumatic_feed,-0.013349196879163704,0.0,0.0,0.0,heavy,3.5079999999998353
copper,heavily_coated,0.49499160811818654,1.9387070187629911,1.9387070187629911,0.012,0.07226877478525523,0.08426877478525523,8900.0,,2124.9718563202305,0.17906877478525524,1.7428290990735014,1.6765033519290578,6.730451937932359e-07,1.50-2.00,1.50-2.00,1.6666666666666667e-05,pneumatic_feed,-0.022827994267961643,0.3073172979229282,-1.919975277348213e-30,-0.26988092218557064,active,
aluminum,heavily_coated,0.2997352515214271,1.8184048318817632,1.8184048318817632,0.0218,0.04711838153916835,0.06891838153916835,2700.0,,2256.2578947773086,0.1554976424430233,1.6324856149017555,1.562271101885231,5.141679031322202e-07,1.50-2.00,1.50-2.00,1.6666666666666667e-05,pneumatic_feed,0.037096166430803934,0.5288058352954927,6.258972374592943e-32,-0.2911353308776404,active,
copper,heavily_coated,0.6368806375717194,1.5058661563378162,1.5058661563378162,0.012,0.09298457308547103,0.10498457308547103,8900.0,,1902.989812825362,0.19978457308547104,1.7979112630688463,1.770824288050498,4.530380670059297e-07,1.50-2.00,1.50-2.00,1.6666666666666667e-05,pneumatic_feed,0.008190500377588275,0.0,0.0,0.0,heavy,5.82999999999958
aluminum,heavily_coated,0.30903576148047907,1.9072509184545834,1.9072509184545834,0.0218,0.048580421704731314,0.07038042170473131,2700.0,,2251.9930403921744,0.15849621985892126,1.6496824059114021,1.577262396339185,5.765468107882993e-07,1.50-2.00,1.50-2.00,1.6666666666666667e-05,pneumatic_feed,0.022308872776264466,0.5255503208407963,-7.269238512244243e-32,-0.29108868840623253,active,
copper,partial,0.25908352547046654,1.5258391971657672,1.5258391971657672,0.012,0.037826194718688116,0.04982619471868811,8900.0,,2902.613686138944,0.1446261947186881,1.5822122062471644,1.506669423697358,3.36716574118665e-07,1.50-2.00,1.50-2.00,1.6666666666666667e-05,pneumatic_feed,-0.007584383599345734,0.5386194405639828,2.1448754488413556e-33,-0.29125095048382477,active,
copper,partial,0.2820251008503425,1.8834477521888908,1.8834477521888908,0.012,0.041175664724150005,0.05317566472415,8900.0,,2782.7703798678813,0.14797566472415,1.6070991625760576,1.5240164151052502,5.249252380535972e-07,1.50-2.00,1.50-2.00,1.6666666666666667e-05,pneumatic_feed,0.018773366867180404,0.5337047623052362,-1.0186045028926478e-32,-0.29121829726246407,active,
aluminum,heavily_coated,0.356482748315296,1.5595553248046443,1.5595553248046443,0.0218,0.05603908803516454,0.07783908803516454,2700.0,,2232.7291759356394,0.1737936028843346,1.7068991177769073,1.6516247730257971,4.2270302742711347e-07,1.50-2.00,1.50-2.00,1.6666666666666667e-05,pneumatic_feed,-0.005438869410513343,0.5148669072362722,5.367905305451646e-31,-0.2904820712324557,active,
copper,partial,0.2692973447004029,1.9808448304971746,1.9808448304971746,0.012,0.03931741232625882,0.05131741232625882,8900.0,,2847.3261940273514,0.14611741232625883,1.6005124727248368,1.5144170178233467,5.733276475800598e-07,1.50-2.00,1.50-2.00,1.6666666666666667e-05,pneumatic_feed,0.003259295605744753,0.5349945277923047,-2.2784024361086193e-33,-0.29123081260884387,active,
copper,heavily_coated,0.5178801711543954,1.5731921166169824,1.5731921166169824,0.012,0.07561050498854173,0.08761050498854173,8900.0,,2082.0620199871983,0.18241050498854172,1.7395522939877694,1.6920742555514965,4.5145385783471825e-07,1.50-2.00,1.50-2.00,1.6666666666666667e-05,pneumatic_feed,0.008233152770099152,0.32773316475849606,-3.5352145227794465e-30,-0.2669870607920691,active,
copper,partial,0.45606087302616477,1.6112152522621597,1.6112152522621597,0.012,0.06658488746182005,0.07858488746182005,8900.0,,2206.3388147760343,0.17338488746182007,1.706651236237184,1.6496815430866432,4.5010969738419833e-07,1.50-2.00,1.50-2.00,1.6666666666666667e-05,pneumatic_feed,-0.018112785599797735,0.5149254212629422,1.3688362576537512e-30,-0.290508105535004,active,
copper,heavily_coated,0.599743010552331,1.652823630018307,1.652823630018307,0.012,0.08756247954064032,0.09956247954064032,8900.0,,1952.1659207101577,0.19436247954064034,1.7882999445010825,1.7466291761189296,5.309644656938684e-07,1.50-2.00,1.50-2.00,1.6666666666666667e-05,pneumatic_feed,-0.0030657612071522274,0.0,0.0,0.0,heavy,6.779999999999475
copper,partial,0.37521182894196475,1.5901840130936447,1.5901840130936447,0.012,0.05478092702552685,0.06678092702552685,8900.0,,2419.566996483336,0.16158092702552684,1.657842847883499,1.5925370421414597,4.085872980443907e-07,1.50-2.00,1.50-2.00,1.6666666666666667e-05,pneumatic_feed,0.024222643700500465,0.524022785356479,-3.212206693743689e-32,-0.2910755174071966,active,
copper,partial,0.23291809660923146,1.9708422344418384,1.9708422344418384,0.012,0.0340060421049478,0.0460060421049478,8900.0,,3060.5989053295366,0.1408060421049478,1.5750203810914074,1.4866376952301663,5.469215199783268e-07,1.50-2.00,1.50-2.00,1.6666666666666667e-05,pneumatic_feed,-0.03552130871826386,0.5400608641231552,-3.740485063535662e-33,-0.29126116510007993,active,
copper,partial,0.45090678406478474,1.6625269849071722,1.6625269849071722,0.012,0.06583239047345857,0.07783239047345857,8900.0,,2218.0019067039643,0.17263239047345857,1.7059922953323046,1.6460978102383241,4.771552325172719e-07,1.50-2.00,1.50-2.00,1.6666666666666667e-05,pneumatic_feed,-0.03584228265960106,0.5150776480110143,-5.222542188125635e-31,-0.2905776947588824,active,
aluminum,heavily_coated,0.36553861981219216,1.834017376684396,1.834017376684396,0.0218,0.05746267103447661,0.07926267103447661,2700.0,,2229.464439026847,0.17671330641364888,1.7317474240882382,1.6654404995281678,5.943963654167126e-07,1.50-2.00,1.50-2.00,1.6666666666666667e-05,pneumatic_feed,0.02024397297751857,0.4389789467059289,1.362810534290908e-30,-0.260119909516837,active,
copper,heavily_coated,0.49242955611213796,1.7431617081436934,1.7431617081436934,0.012,0.07189471519237214,0.08389471519237214,8900.0,,2129.9877445512725,0.17869471519237212,1.733590199825589,1.6747513993603567,5.429840382861686e-07,1.50-2.00,1.50-2.00,1.6666666666666667e-05,pneumatic_feed,-0.03791072949411228,0.42209115415423804,-6.802256880085693e-31,-0.26173558312184936,active,
copper,heavily_coated,0.6227795560599869,1.6351772772603144,1.6351772772603144,0.012,0.09092581518475809,0.10292581518475809,8900.0,,1921.0517286632928,0.1977258151847581,1.799355554711188,1.7616765864198694,5.286802195021957e-07,1.50-2.00,1.50-2.00,1.6666666666666667e-05,pneumatic_feed,0.00622182838152392,0.0,0.0,0.0,heavy,5.783999999999585
copper,partial,0.36283442214955564,1.89961668820285,1.89961668820285,0.012,0.052973825633835125,0.06497382563383512,8900.0,,2459.0490720717685,0.15977382563383513,1.6605324576013667,1.5836066327054446,5.765508098828662e-07,1.50-2.00,1.50-2.00,1.6666666666666667e-05,pneumatic_feed,0.006397928241612861,0.5235217605143365,-1.603296182111952e-32,-0.29106937217291584,active,
copper,partial,0.3162817794389832,1.8091707937210146,1.8091707937210146,0.012,0.04617713979809156,0.058177139798091554,8900.0,,2629.5060281239507,0.15297713979809155,1.6279772600282156,1.5495577389277384,5.007093173074169e-07,1.50-2.00,1.50-2.00,1.6666666666666667e-05,pneumatic_feed,0.03391263663736052,0.5296674185962664,7.625133743856446e-33,-0.2911703751945076,active,
copper,heavily_coated,0.6718017487063124,1.8240217193183677,1.8240217193183677,0.012,0.0980830553111216,0.1100830553111216,8900.0,,1861.1679584298604,0.2048830553111216,1.835846756096917,1.7932775680756632,6.816572412327012e-07,1.50-2.00,1.50-2.00,1.6666666666666667e-05,pneumatic_feed,-0.005312180816057804,0.0,0.0,0.0,heavy,3.7679999999998066
copper,heavily_coated,0.6503280848151903,1.7189042731053934,1.7189042731053934,0.012,0.09494790038301779,0.10694790038301778,8900.0,,1886.4129137691166,0.2017479003830178,1.8187272496310225,1.7795041568964787,5.960907822498576e-07,1.50-2.00,1.50-2.00,1.6666666666666667e-05,pneumatic_feed,0.023736333933910662,0.0,0.0,0.0,heavy,4.575999999999718
copper,partial,0.4600002696267434,1.5632874013786466,1.5632874013786466,0.012,0.06716003936550453,0.07916003936550453,8900.0,,2197.5739370502497,0.17396003936550453,1.7065829830379593,1.6524154374372564,4.251352863839059e-07,1.50-2.00,1.50-2.00,1.6666666666666667e-05,pneumatic_feed,-0.005785871934360625,0.5149413422710187,-8.291076371865666e-31,-0.2905148928186381,active,
copper,partial,0.454327483191458,1.688160213459846,1.688160213459846,0.012,0.06633181254595286,0.07833181254595285,8900.0,,2210.236261855759,0.17313181254595286,1.7091052879398516,1.6484771547465487,4.934057393765943e-07,1.50-2.00,1.50-2.00,1.6666666666666667e-05,pneumatic_feed,0.006843541228250326,0.5143310973367025,6.612190837459923e-31,-0.2902029300362234,active,
copper,heavily_coated,0.6565278831051746,1.824654297100926,1.824654297100926,0.012,0.09585307093335549,0.10785307093335549,8900.0,,1878.9735811841535,0.2026530709333555,1.8278627339903142,1.783491688057432,6.747056977940091e-07,1.50-2.00,1.50-2.00,1.6666666666666667e-05,pneumatic_feed,-0.0040702397731569445,0.0,0.0,0.0,heavy,4.037999999999777
copper,heavily_coated,0.5255460184248673,1.714065179567479,1.714065179567479,0.012,0.07672971869003062,0.08872971869003062,8900.0,,2068.4131697878515,0.18352971869003062,1.7510709868500351,1.6972573359861258,5.392138812933804e-07,1.50-2.00,1.50-2.00,1.6666666666666667e-05,pneumatic_feed,-0.02902296547070777,0.211519743174152,1.7364136694148755e-30,-0.2771511879103085,active,
copper,partial,0.24560507834440082,1.553102335537679,1.553102335537679,0.012,0.03585834143828252,0.04785834143828252,8900.0,,2980.8459121437127,0.14265834143828252,1.574141333503876,1.49638408412255,3.4411001785006356e-07,1.50-2.00,1.50-2.00,1.6666666666666667e-05,pneumatic_feed,-0.0070406997882989574,0.5402377661262142,-4.857768479481657e-34,-0.29125807374166784,active,
copper,partial,0.3415972684769302,1.8884697911184603,1.8884697911184603,0.012,0.04987320119763182,0.061873201197631816,8900.0,,2532.165754559802,0.1566732011976318,1.6465734438381472,1.5681653503371478,5.587464813578925e-07,1.50-2.00,1.50-2.00,1.6666666666666667e-05,pneumatic_feed,-0.015134400353150043,0.5261349824181969,-5.003424381293686e-32,-0.29111694660164156,active,
aluminum,heavily_coated,0.2845650325828848,1.8607403868799803,1.8607403868799803,0.0218,0.044733623122029484,0.06653362312202948,2700.0,,2263.6165759201167,0.1506066121550479,1.6098191008713851,1.5375049217435475,5.214535246040434e-07,1.50-2.00,1.50-2.00,1.6666666666666667e-05,pneumatic_feed,-0.023930184859109645,0.5331747738192941,-6.571332828380672e-33,-0.2911820235112828,active,
copper,partial,0.2747511406617542,1.6707684858966754,1.6707684858966754,0.012,0.04011366653661612,0.052113666536616116,8900.0,,2819.1005603758776,0.1469136665366161,1.59686105727262,1.5185377538799378,4.101047009766029e-07,1.50-2.00,1.50-2.00,1.6666666666666667e-05,pneumatic_feed,0.02604160929834476,0.5357129341409473,-9.053124444174701e-33,-0.2912339597635225,active,
aluminum,heavily_coated,0.27528273497430306,1.6252800610530174,1.6252800610530174,0.0218,0.04327444593796044,0.06507444593796044,2700.0,,2268.385146510424,0.14761390658306506,1.5874137825464094,1.522152383215225,3.899273415937663e-07,1.50-2.00,1.50-2.00,1.6666666666666667e-05,pneumatic_feed,-0.02999853502424463,0.5375833047311501,2.9112674923547962e-33,-0.2912100934290375,active,
copper,partial,0.23671535356738116,1.8077304920236912,1.8077304920236912,0.012,0.034560441620837656,0.04656044162083765,8900.0,,3036.0631622010483,0.14136044162083766,1.5744899710020317,1.489561509868145,4.619503073822601e-07,1.50-2.00,1.50-2.00,1.6666666666666667e-05,pneumatic_feed,0.009352884233100505,0.5401675748546072,5.857690394937982e-33,-0.2912603164926646,active,
copper,partial,0.25493573324685703,1.9953767798608197,1.9953767798608197,0.012,0.03722061705404113,0.04922061705404113,8900.0,,2926.0221767621397,0.14402061705404112,1.590872137998311,1.5035117576128993,5.734221904676327e-07,1.50-2.00,1.50-2.00,1.6666666666666667e-05,pneumatic_feed,-0.02569425723090421,0.5368964034994318,-9.081457301365714e-33,-0.2912452856250486,active,
copper,heavily_coated,0.7040861602869211,1.526403701621089,1.526403701621089,0.012,0.10279657940189046,0.11479657940189046,8900.0,,1825.8085780423423,0.20959657940189047,1.8326984513375517,1.813788276037772,4.883408016838184e-07,1.50-2.00,1.50-2.00,1.6666666666666667e-05,pneumatic_feed,0.0032137565477955796,0.0,0.0,0.0,heavy,4.001999999999781
copper,partial,0.31565947659151544,1.9812992997770056,1.9812992997770056,0.012,0.04608628358236125,0.058086283582361245,8900.0,,2632.054835554799,0.15288628358236125,1.6318536229007348,1.549097513750746,6.00162278907938e-07,1.50-2.00,1.50-2.00,1.6666666666666667e-05,pneumatic_feed,0.01756273237726139,0.528926184755009,2.422522408080518e-32,-0.2911614982339296,active,
copper,heavily_coated,0.5179788728341872,1.658060207645797,1.658060207645797,0.012,0.07562491543379132,0.08762491543379132,8900.0,,2081.884068369003,0.18242491543379133,1.7440863001782336,1.692141091235831,5.015159467623019e-07,1.50-2.00,1.50-2.00,1.6666666666666667e-05,pneumatic_feed,-0.02668804479099541,0.28589702997780503,-3.3581496998946676e-30,-0.270986501099521,active,
copper,partial,0.3451194241758157,1.8567107429112,1.8567107429112,0.012,0.0503874359296691,0.0623874359296691,8900.0,,2519.536723818405,0.1571874359296691,1.6479768526393475,1.5707367680015918,5.418840028035118e-07,1.50-2.00,1.50-2.00,1.6666666666666667e-05,pneumatic_feed,-0.007812825309167782,0.5258707853646508,6.330472187049326e-32,-0.29111212304878387,active,
copper,partial,0.2614699170570879,1.8410591137164172,1.8410591137164172,0.012,0.03817460789033483,0.05017460789033483,8900.0,,2889.4019103687187,0.14497460789033484,1.5922095039633297,1.5084831604783315,4.913912392070608e-07,1.50-2.00,1.50-2.00,1.6666666666666667e-05,pneumatic_feed,0.02425109807395888,0.5366315654141612,1.2489572600933244e-32,-0.29124231929494293,active,
copper,heavily_coated,0.7024986773207,1.7888922952028015,1.7888922952028015,0.012,0.1025648068888222,0.1145648068888222,8900.0,,1827.4792458036202,0.2093648068888222,1.8497251840456985,1.8127851524455272,6.699957810897497e-07,1.50-2.00,1.50-2.00,1.6666666666666667e-05,pneumatic_feed,0.02192182543417536,0.0,0.0,0.0,heavy,3.4979999999998364
copper,partial,0.23652397786055546,1.6530706868686371,1.6530706868686371,0.012,0.0345325007676411,0.046532500767641094,8900.0,,3037.285734402745,0.1413325007676411,1.5707640946586914,1.489414291608918,3.862112258996301e-07,1.50-2.00,1.50-2.00,1.6666666666666667e-05,pneumatic_feed,-0.04988058518745613,0.5409185687281758,2.3830196888911838e-33,-0.29126122330520515,active,
copper,heavily_coated,0.6620695311293123,1.9021713857377458,1.9021713857377458,0.012,0.09666215154487959,0.10866215154487958,8900.0,,1872.4288876320086,0.20346215154487962,1.8347631842602636,1.787048385088784,7.36178146677309e-07,1.50-2.00,1.50-2.00,1.6666666666666667e-05,pneumatic_feed,0.03471416823409985,0.0,0.0,0.0,heavy,3.8259999999998002
aluminum,heavily_coated,0.3224471772120211,1.6400271367478583,1.6400271367478583,0.0218,0.05068869625772972,0.07248869625772972,2700.0,,2246.145989797211,0.1628201944049277,1.6607829710086603,1.598632469137214,4.379356873780376e-07,1.50-2.00,1.50-2.00,1.6666666666666667e-05,pneumatic_feed,0.02349886411587354,0.5234752946078625,-6.311620799979647e-32,-0.29105344927225124,active,
copper,partial,0.25186942781605526,1.5404756209458021,1.5404756209458021,0.012,0.03677293646114407,0.04877293646114407,8900.0,,2943.700889847473,0.14357293646114405,1.577917875658579,1.5011731448084584,3.40707930380802e-07,1.50-2.00,1.50-2.00,1.6666666666666667e-05,pneumatic_feed,0.0031367892900277822,0.5394789983432009,3.1674541345108614e-33,-0.2912550612722906,active,
copper,heavily_coated,0.7900566381091091,1.6608965233452329,1.6608965233452329,0.012,0.11534826916392991,0.1273482691639299,8900.0,,1744.4153000459557,0.22214826916392993,1.8843454405910094,1.8673080176545713,6.128131639439457e-07,1.50-2.00,1.50-2.00,1.6666666666666667e-05,pneumatic_feed,0.009056351314519285,0.0,0.0,0.0,heavy,2.575999999999938
aluminum,partial,0.2686764741870012,1.9460346253241785,1.9460346253241785,0.0218,0.042235941742196595,0.0640359417421966,2700.0,,2271.911337360158,0.14548398204263105,1.586432351867789,1.5111308951050988,5.509552251930944e-07,1.50-2.00,1.50-2.00,1.6666666666666667e-05,pneumatic_feed,0.0394257815582001,0.537778503617636,3.1167515779586655e-33,-0.2912111429760345,active,
copper,partial,0.24533714850467547,1.7801867055708205,1.7801867055708205,0.012,0.035819223681682624,0.04781922368168262,8900.0,,2982.4663116878155,0.14261922368168262,1.5798187940925688,1.496178911396525,4.519695482653026e-07,1.50-2.00,1.50-2.00,1.6666666666666667e-05,pneumatic_feed,-0.008956211544381738,0.5390980523255319,-7.733944660429496e-34,-0.29125585130985654,active,
aluminum,heavily_coated,0.3094044805546699,1.5385327075779758,1.5385327075779758,0.0218,0.048638384343194105,0.0704383843431941,2700.0,,2251.8276086915503,0.1586150985756311,1.6368184672726214,1.5778537914658335,3.75455086296827e-07,1.50-2.00,1.50-2.00,1.6666666666666667e-05,pneumatic_feed,0.02683666857249577,0.5279808448118515,2.4964425590192643e-32,-0.29112421334665933,active,
copper,partial,0.34042386292930693,1.9257243557997876,1.9257243557997876,0.012,0.049701883987678816,0.06170188398767881,8900.0,,2536.419860679303,0.1565018839876788,1.6467910951129798,1.5673077461272904,5.803738236992981e-07,1.50-2.00,1.50-2.00,1.6666666666666667e-05,pneumatic_feed,-0.007704535777917113,0.5260939833634531,6.967261527051266e-32,-0.2911165812465404,active,
copper,partial,0.37725082861149045,1.7876247342101441,1.7876247342101441,0.012,0.0550786209772776,0.0670786209772776,8900.0,,2413.266978641568,0.16187862097727762,1.666256379361592,1.5940033986348179,5.172996757674266e-07,1.50-2.00,1.50-2.00,1.6666666666666667e-05,pneumatic_feed,0.0042924206778140765,0.5224595428621035,-5.777570792312357e-33,-0.2910470264645539,active,
copper,partial,0.28310448894100404,1.977594160469919,1.977594160469919,0.012,0.0413332553853866,0.053333255385386594,8900.0,,2777.502597862709,0.14813325538538658,1.6098819213517415,1.5248277202782705,5.793311878451672e-07,1.50-2.00,1.50-2.00,1.6666666666666667e-05,pneumatic_feed,-0.0054503932782278535,0.5331621831554879,6.280045490749002e-33,-0.29121360900346593,active,
copper,heavily_coated,0.4896625811486298,1.819860044983898,1.819860044983898,0.012,0.07149073684769995,0.08349073684769995,8900.0,,2135.455304136672,0.17829073684769997,1.7351963586969175,1.672857257975557,5.904794124606497e-07,1.50-2.00,1.50-2.00,1.6666666666666667e-05,pneumatic_feed,0.026453317702386864,0.38315691561445125,6.519150077872274e-31,-0.26315143760520904,active,
aluminum,heavily_coated,0.34225320170456386,1.5098514599955801,1.5098514599955801,0.0218,0.053802203307957444,0.07560220330795744,2700.0,,2238.10745398949,0.16920585476156844,1.683973137809952,1.6296794458842445,3.8573036898322183e-07,1.50-2.00,1.50-2.00,1.6666666666666667e-05,pneumatic_feed,0.019856508447145572,0.5192055345773018,6.374069773752365e-31,-0.2909684789123972,active,
copper,partial,0.35535349217715256,1.5043023365011587,1.5043023365011587,0.012,0.051881609857864275,0.06388160985786427,8900.0,,2483.9951624720907,0.15868160985786428,1.6422002279495171,1.5781845735936713,3.5908466443902346e-07,1.50-2.00,1.50-2.00,1.6666666666666667e-05,pneumatic_feed,-0.008442466739413318,0.5269604403765002,4.359482172025377e-32,-0.29112618224141146,active,
aluminum,heavily_coated,0.34305537989624846,1.7065607420010083,1.7065607420010083,0.0218,0.05392830571969026,0.07572830571969026,2700.0,,2237.795807285395,0.16946448503234945,1.6940561411661705,1.6309244486081376,4.935398194599375e-07,1.50-2.00,1.50-2.00,1.6666666666666667e-05,pneumatic_feed,0.020046818431869545,0.5173759580858719,3.462013651483275e-31,-0.29092712768093293,active,
copper,heavily_coated,0.6136157650550359,1.9464844213991535,1.9464844213991535,0.012,0.08958790169803524,0.10158790169803524,8900.0,,1933.1819873766867,0.19638790169803524,1.810639368349849,1.7557062695828027,7.440747967141462e-07,1.50-2.00,1.50-2.00,1.6666666666666667e-05,pneumatic_feed,0.013348159418209778,0.0,0.0,0.0,heavy,5.0079999999996705
aluminum,partial,0.2607004904999261,1.7248170178920892,1.7248170178920892,0.0218,0.040982117106588375,0.06278211710658838,2700.0,,2276.3240828507182,0.14291244514208118,1.567221446449392,1.4977161743635228,4.251636304103815e-07,1.50-2.00,1.50-2.00,1.6666666666666667e-05,pneumatic_feed,-0.004858150793220103,0.5416356270804497,-6.666191410180349e-34,-0.291219257673251,active,
copper,heavily_coated,0.49747782823320424,1.9916993648014103,1.9916993648014103,0.012,0.07263176292204782,0.08463176292204781,8900.0,,2120.1468187223973,0.17943176292204782,1.7461593409136589,1.678201701472282,7.117818242061703e-07,1.50-2.00,1.50-2.00,1.6666666666666667e-05,pneumatic_feed,0.017833444652909806,0.2489096470118553,1.3593944369934095e-30,-0.27281916026343395,active,
aluminum,heavily_coated,0.32506874704122685,1.8024660893598985,1.8024660893598985,0.0218,0.05110080703488086,0.07290080703488086,2700.0,,2245.0425638669944,0.16366541473356194,1.6708617958332297,1.6027764503067756,5.317299478200801e-07,1.50-2.00,1.50-2.00,1.6666666666666667e-05,pneumatic_feed,0.017298411816982537,0.5216088679738601,2.6008922669290595e-31,-0.2910185989139629,active,
aluminum,heavily_coated,0.3284135477991457,1.539831713782367,1.539831713782367,0.0218,0.051626609714025704,0.0734266097140257,2700.0,,2243.6527110205634,0.16474381194592258,1.6652405046489316,1.608048156089612,3.9062103880852433e-07,1.50-2.00,1.50-2.00,1.6666666666666667e-05,pneumatic_feed,0.03761130760289969,0.5226477856303628,9.063805336238389e-32,-0.29103824664651395,active,
copper,heavily_coated,0.5343490002402502,1.5110061452863814,1.5110061452863814,0.012,0.07801495403507652,0.09001495403507652,8900.0,,2053.158344813006,0.18481495403507653,1.7448864974552412,1.7031898069606222,4.2195833488725583e-07,1.50-2.00,1.50-2.00,1.6666666666666667e-05,pneumatic_feed,0.020219294534343648,0.2683101604763332,8.143059439220877e-32,-0.2716900953332244,active,
aluminum,heavily_coated,0.3699115442054971,1.8597785680302215,1.8597785680302215,0.0218,0.05815009474910414,0.07995009474910414,2700.0,,2227.929579399157,0.17812318096729432,1.7390082091645764,1.6720710058076638,6.160882407476198e-07,1.50-2.00,1.50-2.00,1.6666666666666667e-05,pneumatic_feed,0.028712387189973636,0.3484061580912988,6.332988430564718e-31,-0.2665190562044487,active,
aluminum,heavily_coated,0.31679029193660857,1.565282310442902,1.565282310442902,0.0218,0.049799433892434866,0.07159943389243487,2700.0,,2248.57026474748,0.16099635802328197,1.6491200940720885,1.5896536841505555,3.9445857929417706e-07,1.50-2.00,1.50-2.00,1.6666666666666667e-05,pneumatic_feed,0.012119703617189054,0.5256559832804588,4.397471776225934e-32,-0.29109008624398086,active,
copper,partial,0.32984461637321294,1.8624072072369846,1.8624072072369846,0.012,0.04815731399048909,0.060157313990489084,8900.0,,2575.8682313340646,0.1549573139904891,1.638250339404555,1.55955442367194,5.374788348520827e-07,1.50-2.00,1.50-2.00,1.6666666666666667e-05,pneumatic_feed,-8.27497503501619e-05,0.5277086980957313,9.861212795452587e-33,-0.29114230418525117,active,
aluminum,heavily_coated,0.3415310445519916,1.5443385207143963,1.5443385207143963,0.0218,0.05368868020357308,0.07548868020357308,2700.0,,2238.3889030558207,0.1689730240740076,1.6846400236669878,1.6285578239244758,4.0299753076549844e-07,1.50-2.00,1.50-2.00,1.6666666666666667e-05,pneumatic_feed,-0.0022235431128922877,0.5190840292684524,1.885773873392041e-31,-0.2909658513610573,active,
aluminum,heavily_coated,0.3727322168206229,1.6806216008868957,1.6806216008868957,0.0218,0.05859350448420193,0.08039350448420193,2700.0,,2226.9534730920777,0.17903259402513702,1.7357126437524304,1.676333975023638,5.056755862651426e-07,1.50-2.00,1.50-2.00,1.6666666666666667e-05,pneumatic_feed,0.001425904361317851,0.38092021327227943,-2.793975513518919e-30,-0.26361368602140656,active,
aluminum,heavily_coated,0.28614431484661884,1.9471419997759938,1.9471419997759938,0.0218,0.04498188629388848,0.06678188629388848,2700.0,,2262.825998724862,0.15111578854969837,1.6147383072205426,1.5401017554291878,5.729346533646144e-07,1.50-2.00,1.50-2.00,1.6666666666666667e-05,pneumatic_feed,0.009891820320645853,0.5322189366939833,-6.653936255489889e-33,-0.2911734507627926,active,
aluminum,heavily_coated,0.37369010746665665,1.5064598104455746,1.5064598104455746,0.0218,0.05874408489375843,0.08054408489375843,2700.0,,2226.6244353621355,0.17934142754832477,1.7283503764707322,1.677779200848105,4.07001230630243e-07,1.50-2.00,1.50-2.00,1.6666666666666667e-05,pneumatic_feed,0.0039124313224969615,0.4818268173743547,2.1388122303841854e-30,-0.25712784237734176,active,
aluminum,heavily_coated,0.3528848728754068,1.889961255301827,1.889961255301827,0.0218,0.05547350201601396,0.07727350201601396,2700.0,,2234.059637001876,0.17263361186375992,1.7153271320944954,1.6461036333759718,6.166392421491224e-07,1.50-2.00,1.50-2.00,1.6666666666666667e-05,pneumatic_feed,0.01841960431111847,0.5126344740622406,3.472505930745802e-31,-0.28910129995813677,active,
copper,heavily_coated,0.7696201450213895,1.5500230023585013,1.5500230023585013,0.012,0.11236454117312286,0.12436454117312286,8900.0,,1762.27515581015,0.2191645411731229,1.8659047729371543,1.854725488651444,5.265584383185648e-07,1.50-2.00,1.50-2.00,1.6666666666666667e-05,pneumatic_feed,-0.0011609388635478136,0.0,0.0,0.0,heavy,2.993999999999892
copper,partial,0.24417270835948912,1.7883984972344051,1.7883984972344051,0.012,0.03564921542048541,0.047649215420485405,8900.0,,2989.5395792654226,0.14244921542048541,1.579205014779912,1.4952868906132828,4.556051810155267e-07,1.50-2.00,1.50-2.00,1.6666666666666667e-05,pneumatic_feed,0.03892282405868376,0.53922096967164,2.5890010702997174e-33,-0.2912564659895253,active,
copper,partial,0.43342653003135034,1.762343705499196,1.762343705499196,0.012,0.06328027338457715,0.07528027338457714,8900.0,,2259.2940452766998,0.17008027338457715,1.6997272329106257,1.6338849320084703,5.282447246930011e-07,1.50-2.00,1.50-2.00,1.6666666666666667e-05,pneumatic_feed,-0.040222379018997334,0.5163539600821542,-6.51761284903592e-31,-0.2909045068698562,active,
aluminum,heavily_coated,0.38838779329008327,1.9125751676176184,1.9125751676176184,0.0218,0.06105456110520109,0.08285456110520109,2700.0,,2221.7257080262334,0.18408010843465572,1.7673062870781275,1.6998003947494413,6.733546861585277e-07,1.50-2.00,1.50-2.00,1.6666666666666667e-05,pneumatic_feed,-0.019575793459739022,0.0,0.0,0.0,heavy,11.788000000000606
copper,partial,0.22707217783520817,1.9995797215566968,1.9995797215566968,0.012,0.033152537963940396,0.04515253796394039,8900.0,,3099.54975456106,0.1399525379639404,1.5713883650819378,1.4821251755104927,5.595749004369666e-07,1.50-2.00,1.50-2.00,1.6666666666666667e-05,pneumatic_feed,-0.016138395022767406,0.5407925236688562,-3.4874311057953676e-33,-0.29126366075158955,active,
copper,heavily_coated,0.5209404412386878,1.6865888397730666,1.6865888397730666,0.012,0.0760573044208484,0.0880573044208484,8900.0,,2076.571678221338,0.1828573044208484,1.7471584414972703,1.6941452860335318,5.201525810800855e-07,1.50-2.00,1.50-2.00,1.6666666666666667e-05,pneumatic_feed,-0.01215591690121775,0.24529072406350994,1.4850453846814669e-30,-0.27369733611735547,active,
aluminum,heavily_coated,0.3434588577267028,1.695886832944716,1.695886832944716,0.0218,0.05399173243463769,0.07579173243463769,2700.0,,2237.6394478899597,0.16959457031966624,1.694213444191142,1.6315502982554604,4.87759436731127e-07,1.50-2.00,1.50-2.00,1.6666666666666667e-05,pneumatic_feed,-0.018640091577855067,0.5173475425216439,-1.5159657807935966e-30,-0.2909264507225707,active,
copper,partial,0.3905381997431083,1.8873631154209707,1.8873631154209707,0.012,0.05701857716249381,0.06901857716249381,8900.0,,2373.5432386096245,0.16381857716249382,1.6776950311256067,1.6035262352523276,5.835446293690285e-07,1.50-2.00,1.50-2.00,1.6666666666666667e-05,pneumatic_feed,-0.003138073584479736,0.5203527910091501,4.656325737807675e-31,-0.2910028374176328,active,
copper,heavily_coated,0.7598331093244186,1.5232358456208774,1.5232358456208774,0.012,0.1109356339613651,0.1229356339613651,8900.0,,1771.1352432590274,0.21773563396136514,1.8590579292950613,1.8486693892250143,5.052005475970568e-07,1.50-2.00,1.50-2.00,1.6666666666666667e-05,pneumatic_feed,0.007436474416786967,0.0,0.0,0.0,heavy,3.047999999999886
copper,partial,0.27277665152715247,1.5379567069928297,1.5379567069928297,0.012,0.039825391122964265,0.05182539112296426,8900.0,,2829.2191905522022,0.14662539112296424,1.591544833858518,1.5170471776006331,3.4681462595504676e-07,1.50-2.00,1.50-2.00,1.6666666666666667e-05,pneumatic_feed,-0.048531417858625525,0.5367631932957891,6.177888380042618e-33,-0.291240128144927,active,
aluminum,heavily_coated,0.281012066627644,1.9788946075362643,1.9788946075362643,0.0218,0.04417509687386563,0.06597509687386563,2700.0,,2265.4169146150043,0.1494611004014187,1.6073155712652227,1.531646640678152,5.852932364700581e-07,1.50-2.00,1.50-2.00,1.6666666666666667e-05,pneumatic_feed,0.01971451614946719,0.5336628793253486,-6.090751358649904e-33,-0.29118616375743406,active,
copper,partial,0.2803727289689807,1.7348767151451656,1.7348767151451656,0.012,0.04093441842947118,0.05293441842947118,8900.0,,2790.8952778296743,0.1477344184294712,1.602337127421243,1.522773598296536,4.446506414076277e-07,1.50-2.00,1.50-2.00,1.6666666666666667e-05,pneumatic_feed,0.025577000986067654,0.5346364753400786,-2.4238737923193582e-33,-0.29122562887239634,active,
copper,heavily_coated,0.5809876554086356,1.9461627070721148,1.9461627070721148,0.012,0.08482419768966079,0.09682419768966079,8900.0,,1979.094092820178,0.1916241976896608,1.792520813719884,1.734281813009903,7.257860924496175e-07,1.50-2.00,1.50-2.00,1.6666666666666667e-05,pneumatic_feed,-0.009978106551008987,0.0,0.0,0.0,heavy,6.315999999999526
copper,partial,0.3648746575370654,1.7365296472804235,1.7365296472804235,0.012,0.05327170000041155,0.06527170000041155,8900.0,,2452.3905459701873,0.16007170000041154,1.6568393927470306,1.5850821439933198,4.827018484176394e-07,1.50-2.00,1.50-2.00,1.6666666666666667e-05,pneumatic_feed,-0.007173409216501364,0.5242099883904424,5.966425425828977e-32,-0.2910808892050543,active,
copper,partial,0.30919483149172877,1.9949840811250175,1.9949840811250175,0.012,0.0451424453977924,0.057142445397792396,8900.0,,2659.011954074728,0.1519424453977924,1.6278495578778682,1.5443084610801527,6.04725080459209e-07,1.50-2.00,1.50-2.00,1.6666666666666667e-05,pneumatic_feed,0.04401534311066267,0.5296918646065307,4.21208926618414e-32,-0.29117230615238704,active,
copper,partial,0.46101110896971026,1.8377005837918503,1.8377005837918503,0.012,0.06730762190957769,0.07930762190957769,8900.0,,2195.3453869551895,0.17410762190957768,1.7190236089662745,1.6531162189914934,5.879864124318542e-07,1.50-2.00,1.50-2.00,1.6666666666666667e-05,pneumatic_feed,-0.04103903159471684,0.5114809461561765,-2.0701121251162734e-30,-0.28820752119543636,active,
copper,partial,0.4752574690707749,1.8435278320404018,1.8435278320404018,0.012,0.06938759048433313,0.08138759048433312,8900.0,,2164.7967391078955,0.17618759048433313,1.727677833230226,1.6629613405735242,5.987902407385826e-07,1.50-2.00,1.50-2.00,1.6666666666666667e-05,pneumatic_feed,-0.0013691032159595944,0.4940378805598013,6.830222597533619e-31,-0.2565762944384319,active,
copper,partial,0.22699456774858873,1.8128344885283358,1.8128344885283358,0.012,0.03314120689129396,0.04514120689129396,8900.0,,3100.076770838029,0.13994120689129397,1.5678485964446578,1.4820651751410092,4.5989842774871656e-07,1.50-2.00,1.50-2.00,1.6666666666666667e-05,pneumatic_feed,-0.01754595290148376,0.5415080199505063,5.9771075822177835e-34,-0.29126406264210636,active,
aluminum,heavily_coated,0.39256759549925785,1.9878227474438637,1.9878227474438637,0.0218,0.06171162601248334,0.08351162601248334,2700.0,,2220.3820871263833,0.1854277184649157,1.7759043781865993,1.7060109815078324,7.327063694632448e-07,1.50-2.00,1.50-2.00,1.6666666666666667e-05,pneumatic_feed,-0.006159482347917506,0.0,0.0,0.0,heavy,8.549999999999525
copper,heavily_coated,0.5774738821190728,1.7761345286374273,1.7761345286374273,0.012,0.08431118678938462,0.09631118678938462,8900.0,,1984.3093326978794,0.19111118678938463,1.7828814295695379,1.7319587719822263,6.028896438239941e-07,1.50-2.00,1.50-2.00,1.6666666666666667e-05,pneumatic_feed,-0.02005989444117246,0.0,0.0,0.0,heavy,7.807999999999362
aluminum,heavily_coated,0.28885713747091013,1.7656239072254882,1.7656239072254882,0.0218,0.04540834201042708,0.06720834201042708,2700.0,,2261.4816129285778,0.15199042969199614,1.6137247679358049,1.5445522925578052,4.73819188084411e-07,1.50-2.00,1.50-2.00,1.6666666666666667e-05,pneumatic_feed,0.03288433015709714,0.5324155249741905,-1.5457295435294672e-33,-0.2911751722141193,active,
