material,liberation_state,residual_coating_fraction,size_mm,aerodynamic_size_mm,metal_thickness_mm,coating_thickness_mm,total_thickness_mm,metal_density_kg_m3,coating_density_kg_m3,effective_density_kg_m3,areal_density_kg_m2,suspension_velocity_m_s,eq9_velocity_m_s,physical_particle_mass_kg,source_subfraction,pneumatic_fraction,statistical_mass,mill_fraction,x_m,z_m,vx_m_s,vz_m_s,dynamic_stream,exit_time_s
aluminum,partial,0.08591546136881895,1.9339929592395741,1.9339929592395741,0.0218,0.013505910527178339,0.03530591052717834,2700.0,,2451.7142486181565,0.08656000389992091,1.240893056625329,1.1656096350035714,3.237628726055529e-07,1.50-2.00,1.50-2.00,1.6666666666666667e-05,pneumatic_feed,-0.002476830243059716,2.25,0.0,0.0,light,2.049999999999996
copper,partial,0.18074390325740552,1.6561441973653985,1.6561441973653985,0.012,0.02638860987558121,0.03838860987558121,8900.0,,3469.482492521871,0.1331886098755812,1.5321000776311346,1.445865976018221,3.653115308604254e-07,1.50-2.00,1.50-2.00,1.6666666666666667e-05,pneumatic_feed,0.022744981018412398,2.25,0.0,0.0,light,3.4039999999998467
copper,partial,0.2950256636569535,1.8645091268015164,1.8645091268015164,0.012,0.043073746893915216,0.05507374689391521,8900.0,,2721.328316059678,0.1498737468939152,1.6153717135138224,1.5337595415341,5.210202370126018e-07,1.50-2.00,1.50-2.00,1.6666666666666667e-05,pneumatic_feed,0.015054734824620764,0.6149077698300904,8.396713887078997e-33,-0.2890930866475865,active,
copper,partial,0.37521182894196475,1.5901840130936447,1.5901840130936447,0.012,0.05478092702552685,0.06678092702552685,8900.0,,2419.566996483336,0.16158092702552684,1.657842847883499,1.5925370421414597,4.085872980443907e-07,1.50-2.00,1.50-2.00,1.6666666666666667e-05,pneumatic_feed,0.004505851545471976,0.6057764754129421,-5.199457545441053e-34,-0.28893059434265916,active,
aluminum,partial,0.2421379178348776,1.8861959299606634,1.8861959299606634,0.0218,0.03806408068364276,0.05986408068364276,2700.0,,2287.3095940911517,0.13692768608914288,1.5407663243261978,1.466020791412996,4.871524330715469e-07,1.50-2.00,1.50-2.00,1.6666666666666667e-05,pneumatic_feed,0.001081233631607506,2.25,0.0,0.0,light,3.5699999999998284
copper,partial,0.25493573324685703,1.9953767798608197,1.9953767798608197,0.012,0.03722061705404113,0.04922061705404113,8900.0,,2926.0221767621397,0.14402061705404112,1.590872137998311,1.5035117576128993,5.734221904676327e-07,1.50-2.00,1.50-2.00,1.6666666666666667e-05,pneumatic_feed,-0.034420467490548834,0.6208924897354324,2.5809000625034034e-34,-0.28629555802711126,active,
aluminum,partial,0.06849542764019095,1.542937837399214,1.542937837399214,0.0218,0.010767481225038018,0.03256748122503802,2700.0,,2485.4120669069175,0.08094361082547397,1.1966764723034873,1.1271605544538186,1.9269898748368107e-07,1.50-2.00,1.50-2.00,1.6666666666666667e-05,pneumatic_feed,0.014909179533052569,2.25,0.0,0.0,light,1.9120000000000015
copper,partial,0.3027448299172227,1.8348972262333632,1.8348972262333632,0.012,0.044200745167914515,0.05620074516791451,8900.0,,2686.8103744311584,0.1510007451679145,1.6197616826943397,1.5395154095219659,5.08396531323649e-07,1.50-2.00,1.50-2.00,1.6666666666666667e-05,pneumatic_feed,0.03665620828154346,0.6139476235663558,1.210852900123879e-32,-0.2890789700622042,active,
aluminum,partial,0.18116250319587746,1.928218660813591,1.928218660813591,0.0218,0.028478745502391933,0.05027874550239193,2700.0,,2332.369304039298,0.11726860265538286,1.433537797665648,1.3567048268797783,4.360078548371975e-07,1.50-2.00,1.50-2.00,1.6666666666666667e-05,pneumatic_feed,0.026637570365657306,2.25,0.0,0.0,light,2.6599999999999286
aluminum,partial,0.19163122076585265,1.8300080494468367,1.8300080494468367,0.0218,0.030124427904392043,0.05192442790439204,2700.0,,2323.4501901351496,0.12064382188711856,1.450853771898194,1.3760906323132256,4.0402764941025977e-07,1.50-2.00,1.50-2.00,1.6666666666666667e-05,pneumatic_feed,-0.0005340941968247392,2.25,0.0,0.0,light,2.773999999999916
copper,partial,0.0923646606631785,1.9723817649676376,1.9723817649676376,0.012,0.01348524045682406,0.02548524045682406,8900.0,,4719.800100007134,0.12028524045682405,1.4705501260829204,1.374044080155477,4.6794444726059014e-07,1.50-2.00,1.50-2.00,1.6666666666666667e-05,pneumatic_feed,0.02523975633945405,2.25,0.0,0.0,light,2.883999999999904
aluminum,heavily_coated,0.3267420292197804,1.9942978596171748,1.9942978596171748,0.0218,0.05136384699334949,0.07316384699334949,2700.0,,2244.3447739383555,0.1642048976407494,1.6794632743031754,1.6054158568324914,6.530796520759535e-07,1.50-2.00,1.50-2.00,1.6666666666666667e-05,pneumatic_feed,0.0023750659648592723,0.6012592733830937,-2.229392933524142e-31,-0.28882373353109164,active,
aluminum,partial,0.0648751465446456,1.5192627929312097,1.5192627929312097,0.0218,0.010198373036818288,0.03199837303681829,2700.0,,2493.1391325948375,0.07977639599745918,1.1880700028538076,1.1190041606607724,1.8413664103086977e-07,1.50-2.00,1.50-2.00,1.6666666666666667e-05,pneumatic_feed,0.03589969466871124,2.25,0.0,0.0,light,1.8940000000000015
copper,partial,0.11979402236460435,1.9632492347282673,1.9632492347282673,0.012,0.017489927265232234,0.029489927265232235,8900.0,,4214.6569622695015,0.12428992726523223,1.4917559841590187,1.396730001952806,4.790565775966271e-07,1.50-2.00,1.50-2.00,1.6666666666666667e-05,pneumatic_feed,0.003582935136749844,2.25,0.0,0.0,light,3.0219999999998888
aluminum,partial,0.1930295112178967,1.61084206377465,1.61084206377465,0.0218,0.030344239163453357,0.05214423916345336,2700.0,,2322.301497815973,0.12109464471176207,1.448095056753307,1.3786593282590944,3.1421785593395093e-07,1.50-2.00,1.50-2.00,1.6666666666666667e-05,pneumatic_feed,-0.042613340897900406,2.25,0.0,0.0,light,2.7419999999999196
aluminum,partial,0.07194142780025148,1.8359877365982185,1.8359877365982185,0.0218,0.011309192450199533,0.03310919245019953,2700.0,,2478.3037478337706,0.08205463573707908,1.2084299028811583,1.1348698438716192,2.7659394838027374e-07,1.50-2.00,1.50-2.00,1.6666666666666667e-05,pneumatic_feed,-0.018142716243439588,2.25,0.0,0.0,light,1.9460000000000015
copper,partial,0.3715325553822505,1.8993953342420276,1.8993953342420276,0.012,0.054243753085808574,0.06624375308580857,8900.0,,2431.0783369595806,0.16104375308580857,1.6660654002921542,1.5898876527713683,5.809979724771952e-07,1.50-2.00,1.50-2.00,1.6666666666666667e-05,pneumatic_feed,0.03072417368721923,0.604048298558777,5.845006719551335e-32,-0.2888970099312148,active,
aluminum,partial,0.09893634689560099,1.8917448914473411,1.8917448914473411,0.0218,0.015552793731988479,0.03735279373198848,2700.0,,2429.7531331608698,0.09075806760261071,1.2688026911347148,1.1935403759783654,3.247957816585299e-07,1.50-2.00,1.50-2.00,1.6666666666666667e-05,pneumatic_feed,-0.024672299338827405,2.25,0.0,0.0,light,2.119999999999988
aluminum,bare_like,0.038532106797082306,1.780189349446767,1.780189349446767,0.0218,0.006057247188501338,0.027857247188501338,2700.0,,2558.872241399032,0.07128313655244731,1.1289342766475454,1.0577618405516493,2.2590154323249682e-07,1.50-2.00,1.50-2.00,1.6666666666666667e-05,pneumatic_feed,-0.014889506554638202,2.25,0.0,0.0,light,1.7920000000000014
aluminum,partial,0.2225236666515349,1.7622399689755377,1.7622399689755377,0.0218,0.03498072039762128,0.05678072039762128,2700.0,,2300.14438792842,0.13060385536512137,1.5040861771858958,1.4317674789612123,4.0558892869479645e-07,1.50-2.00,1.50-2.00,1.6666666666666667e-05,pneumatic_feed,-0.013628681298184168,2.25,0.0,0.0,light,3.127999999999877
copper,partial,0.3434439790690157,1.6124737257158994,1.6124737257158994,0.012,0.050142820944076294,0.06214282094407629,8900.0,,2525.51813000753,0.1569428209440763,1.639128497008684,1.569514102369973,4.0806255839685974e-07,1.50-2.00,1.50-2.00,1.6666666666666667e-05,pneumatic_feed,-0.013064281497228724,0.6097571400448478,-2.160209683381155e-32,-0.28900804476916564,active,
aluminum,partial,0.1281399602823265,1.8862337564505858,1.8862337564505858,0.0218,0.020143601756381725,0.041943601756381725,2700.0,,2388.2928599326465,0.10017360459462488,1.329804461097797,1.2539238006024258,3.5640544232778035e-07,1.50-2.00,1.50-2.00,1.6666666666666667e-05,pneumatic_feed,-0.006096844859806426,2.25,0.0,0.0,light,2.303999999999968
aluminum,partial,0.09540531621939391,1.5667701868021773,1.5667701868021773,0.0218,0.01499771570968872,0.03679771570968872,2700.0,,2435.467155334814,0.08961962800229478,1.2563071588705663,1.1860310624616959,2.199954683233886e-07,1.50-2.00,1.50-2.00,1.6666666666666667e-05,pneumatic_feed,-0.010563472278134055,2.25,0.0,0.0,light,2.0899999999999914
copper,heavily_coated,0.6681418991577218,1.9261562531436478,1.9261562531436478,0.012,0.09754871727702738,0.10954871727702738,8900.0,,1865.3684165034015,0.2043487172770274,1.8391684379960171,1.7909375942171246,7.58149662217839e-07,1.50-2.00,1.50-2.00,1.6666666666666667e-05,pneumatic_feed,0.006983056849083073,0.5703537904370152,5.728944938521046e-29,-0.28775862027611343,active,
copper,heavily_coated,0.5444012706271798,1.6779168995355773,1.6779168995355773,0.012,0.07948258551156824,0.09148258551156824,8900.0,,2036.2627976666909,0.18628258551156823,1.759757462191748,1.7099390229448461,5.244609453415585e-07,1.50-2.00,1.50-2.00,1.6666666666666667e-05,pneumatic_feed,-0.016576978607427996,0.5852047502991716,-1.4388617788268452e-29,-0.2883527383136061,active,
copper,partial,0.0998318182334198,1.9844250070622111,1.9844250070622111,0.012,0.014575445462079287,0.026575445462079288,8900.0,,4567.202669670048,0.12137544546207929,1.476515247879278,1.380256857245345,4.779695383294645e-07,1.50-2.00,1.50-2.00,1.6666666666666667e-05,pneumatic_feed,-0.02177275693593524,2.25,0.0,0.0,light,2.9079999999999013
copper,partial,0.12510092319728616,1.6356141725738609,1.6356141725738609,0.012,0.01826473478680378,0.03026473478680378,8900.0,,4132.358524461126,0.12506473478680377,1.4913603604375043,1.4010767563605044,3.345773958751726e-07,1.50-2.00,1.50-2.00,1.6666666666666667e-05,pneumatic_feed,0.04684339767481859,2.25,0.0,0.0,light,3.0159999999998894
aluminum,partial,0.10614104026150922,1.9051026244058804,1.9051026244058804,0.0218,0.016685371529109247,0.03848537152910925,2700.0,,2418.6055400377104,0.0930809327907132,1.284372164680178,1.2087176349681652,3.3782942765149956e-07,1.50-2.00,1.50-2.00,1.6666666666666667e-05,pneumatic_feed,0.0003701905676378492,2.25,0.0,0.0,light,2.1459999999999853
aluminum,partial,0.206918050010682,1.9357361392822519,1.9357361392822519,0.0218,0.032527517461679215,0.054327517461679214,2700.0,,2311.3967722253924,0.12557244850394397,1.4806228317108368,1.403917786666265,4.7052930725039506e-07,1.50-2.00,1.50-2.00,1.6666666666666667e-05,pneumatic_feed,-0.013075833838601251,2.25,0.0,0.0,light,2.927999999999899
copper,partial,0.32984461637321294,1.8624072072369846,1.8624072072369846,0.012,0.04815731399048909,0.060157313990489084,8900.0,,2575.8682313340646,0.1549573139904891,1.638250339404555,1.55955442367194,5.374788348520827e-07,1.50-2.00,1.50-2.00,1.6666666666666667e-05,pneumatic_feed,-0.02969194136737457,0.609945541579263,-2.792945958813813e-32,-0.28901408390243594,active,
aluminum,partial,0.25809296274605953,1.9255392611454896,1.9255392611454896,0.0218,0.04057221374368056,0.06237221374368056,2700.0,,2277.805189067087,0.14207175211895706,1.5684749624917302,1.4933044636841981,5.267596407974319e-07,1.50-2.00,1.50-2.00,1.6666666666666667e-05,pneumatic_feed,0.030277914266400686,0.6290155654530861,-3.8022909269879924e-34,-0.27295521524576244,active,
aluminum,partial,0.24153737676544562,1.8761187582113938,1.8761187582113938,0.0218,0.03796967562752805,0.05976967562752805,2700.0,,2287.6829129046146,0.13673406564294732,1.5395027293275232,1.4649839228918866,4.812795170102515e-07,1.50-2.00,1.50-2.00,1.6666666666666667e-05,pneumatic_feed,0.028829451777603963,2.25,0.0,0.0,light,3.5599999999998295
aluminum,partial,0.12987417526434397,1.5368397852046727,1.5368397852046727,0.0218,0.020416220351554874,0.042216220351554874,2700.0,,2386.114436776362,0.10073273284697715,1.3268791148962098,1.2574183769796565,2.3791827704945044e-07,1.50-2.00,1.50-2.00,1.6666666666666667e-05,pneumatic_feed,-0.003983429566694687,2.25,0.0,0.0,light,2.2999999999999683
copper,partial,0.25186942781605526,1.5404756209458021,1.5404756209458021,0.012,0.03677293646114407,0.04877293646114407,8900.0,,2943.700889847473,0.14357293646114405,1.577917875658579,1.5011731448084584,3.40707930380802e-07,1.50-2.00,1.50-2.00,1.6666666666666667e-05,pneumatic_feed,-3.2724178157776204e-05,0.625072433444177,-1.9457324190495785e-33,-0.2800278251099153,active,
copper,partial,0.13326629711481408,1.5960546968284577,1.5960546968284577,0.012,0.019456879378762854,0.031456879378762855,8900.0,,4013.6492198905557,0.12625687937876284,1.496706066821192,1.4077386045459797,3.216255871173695e-07,1.50-2.00,1.50-2.00,1.6666666666666667e-05,pneumatic_feed,0.02509061633795017,2.25,0.0,0.0,light,3.0779999999998826
aluminum,heavily_coated,0.38838779329008327,1.9125751676176184,1.9125751676176184,0.0218,0.06105456110520109,0.08285456110520109,2700.0,,2221.7257080262334,0.18408010843465572,1.7673062870781275,1.6998003947494413,6.733546861585277e-07,1.50-2.00,1.50-2.00,1.6666666666666667e-05,pneumatic_feed,0.04145681322034175,0.5837507745706615,1.4321636023047663e-29,-0.288318951071006,active,
aluminum,partial,0.19462517468607216,1.9952463496443962,1.9952463496443962,0.0218,0.030595077460650544,0.052395077460650544,2700.0,,2321.0024388620614,0.12160910257053653,1.4595686646947619,1.3815847690051963,4.841268096916335e-07,1.50-2.00,1.50-2.00,1.6666666666666667e-05,pneumatic_feed,0.032232347940660634,2.25,0.0,0.0,light,2.8339999999999095
aluminum,heavily_coated,0.39446098506365085,1.5037822956192342,1.5037822956192342,0.0218,0.06200926685200592,0.08380926685200592,2700.0,,2219.7803796910193,0.18603816619437166,1.756728760882575,1.708816858702786,4.2069948937774276e-07,1.50-2.00,1.50-2.00,1.6666666666666667e-05,pneumatic_feed,0.007731980187003693,0.5857905461169668,-1.3648820503484277e-30,-0.2883883723572958,active,
aluminum,partial,0.12187975339274515,1.7669818029055246,1.7669818029055246,0.0218,0.01915949723333954,0.04095949723333954,2700.0,,2396.397854499546,0.09815525129135497,1.315152751180565,1.2412271445102656,3.0646274921162946e-07,1.50-2.00,1.50-2.00,1.6666666666666667e-05,pneumatic_feed,0.03293969843184732,2.25,0.0,0.0,light,2.247999999999974
copper,heavily_coated,0.599743010552331,1.652823630018307,1.652823630018307,0.012,0.08756247954064032,0.09956247954064032,8900.0,,1952.1659207101577,0.19436247954064034,1.7882999445010825,1.7466291761189296,5.309644656938684e-07,1.50-2.00,1.50-2.00,1.6666666666666667e-05,pneumatic_feed,0.0047621105986370505,0.5797552475760107,-1.0356868459396765e-29,-0.2881499946750986,active,
copper,partial,0.29155916689045513,1.5008728631629389,1.5008728631629389,0.012,0.04256763836600645,0.05456763836600645,8900.0,,2737.2934368927495,0.14936763836600644,1.6023595088516658,1.5311676759234558,3.3646843265303416e-07,1.50-2.00,1.50-2.00,1.6666666666666667e-05,pneumatic_feed,0.025076145973565302,0.6178189734167174,8.892950631181152e-34,-0.2889044743382466,active,
aluminum,partial,0.177826885770681,1.506361851560791,1.506361851560791,0.0218,0.027954386443151055,0.049754386443151055,2700.0,,2335.33512415205,0.11619316624132525,1.4176107929588087,1.3504695247667906,2.6365693777505857e-07,1.50-2.00,1.50-2.00,1.6666666666666667e-05,pneumatic_feed,-0.023507131286312672,2.25,0.0,0.0,light,2.6159999999999335
aluminum,heavily_coated,0.3357364015412976,1.6088210354267583,1.6088210354267583,0.0218,0.05277776232229199,0.07457776232229199,2700.0,,2240.6782936014774,0.16710477322092976,1.6791688310805934,1.6195297220105946,4.325181407778754e-07,1.50-2.00,1.50-2.00,1.6666666666666667e-05,pneumatic_feed,-0.017998999989954533,0.601320220798608,-9.523832574217805e-32,-0.2888248226729092,active,
aluminum,partial,0.07592402941851828,1.878063259889589,1.878063259889589,0.0218,0.011935257424591075,0.033735257424591075,2700.0,,2470.372918040203,0.08333866632482448,1.2179303621954662,1.1437148712132954,2.939456107884503e-07,1.50-2.00,1.50-2.00,1.6666666666666667e-05,pneumatic_feed,0.028135958084407307,2.25,0.0,0.0,light,1.9540000000000015
aluminum,bare_like,0.026532023321451277,1.7848110185362849,1.7848110185362849,0.0218,0.00417083406613214,0.02597083406613214,2700.0,,2595.765290687453,0.0674141896390691,1.099043835039223,1.028655977756815,2.147512968753005e-07,1.50-2.00,1.50-2.00,1.6666666666666667e-05,pneumatic_feed,-0.02329477167503607,2.25,0.0,0.0,light,1.7040000000000013
copper,partial,0.22797650325337981,1.607519116258886,1.607519116258886,0.012,0.03328456947499346,0.04528456947499346,8900.0,,3093.4283156285587,0.14008456947499345,1.5637880220392804,1.4828241306640169,3.61995016757268e-07,1.50-2.00,1.50-2.00,1.6666666666666667e-05,pneumatic_feed,-0.04064822091453722,2.25,0.0,0.0,light,4.497999999999727
copper,heavily_coated,0.49242955611213796,1.7431617081436934,1.7431617081436934,0.012,0.07189471519237214,0.08389471519237214,8900.0,,2129.9877445512725,0.17869471519237212,1.733590199825589,1.6747513993603567,5.429840382861686e-07,1.50-2.00,1.50-2.00,1.6666666666666667e-05,pneumatic_feed,-0.011977115221319902,0.5903163497251033,3.9014444120425236e-30,-0.28852511354670174,active,
aluminum,heavily_coated,0.30393599831333645,1.709698237221131,1.709698237221131,0.0218,0.0477787389348565,0.0695787389348565,2700.0,,2254.309399931154,0.1568520052162028,1.6353344058585044,1.5690599331681119,4.5848908696414266e-07,1.50-2.00,1.50-2.00,1.6666666666666667e-05,pneumatic_feed,0.0044869745709608996,0.6105725614731183,-1.2539793490819014e-32,-0.28900276242718353,active,
aluminum,partial,0.08229999381389375,1.745905132691905,1.745905132691905,0.0218,0.012937559027544093,0.03473755902754409,2700.0,,2458.271202585842,0.08539434100553749,1.2305634318732392,1.157734674449598,2.602977264830176e-07,1.50-2.00,1.50-2.00,1.6666666666666667e-05,pneumatic_feed,0.0021245052551218326,2.25,0.0,0.0,light,2.002000000000001
aluminum,bare_like,0.044973013797799055,1.6973129631374364,1.6973129631374364,0.0218,0.007069757769014012,0.02886975776901401,2700.0,,2541.0587080604328,0.07335974937854839,1.1437503463066008,1.0730585381262738,2.1133999618090464e-07,1.50-2.00,1.50-2.00,1.6666666666666667e-05,pneumatic_feed,-0.009348595467688821,2.25,0.0,0.0,light,1.8300000000000014
copper,heavily_coated,0.5447719640162818,1.6518050148410717,1.6518050148410717,0.012,0.07953670674637714,0.09153670674637714,8900.0,,2035.650105510837,0.18633670674637715,1.7585948639288633,1.7101874017461174,5.08412214936319e-07,1.50-2.00,1.50-2.00,1.6666666666666667e-05,pneumatic_feed,-0.004353338232870266,0.5854294790619885,-4.869818997998217e-30,-0.28836026447931107,active,
aluminum,heavily_coated,0.31679029193660857,1.565282310442902,1.565282310442902,0.0218,0.049799433892434866,0.07159943389243487,2700.0,,2248.57026474748,0.16099635802328197,1.6491200940720885,1.5896536841505555,3.9445857929417706e-07,1.50-2.00,1.50-2.00,1.6666666666666667e-05,pneumatic_feed,0.03548773505659999,0.6076237558751079,8.358663535464369e-32,-0.2889527599945377,active,
aluminum,heavily_coated,0.34305537989624846,1.7065607420010083,1.7065607420010083,0.0218,0.05392830571969026,0.07572830571969026,2700.0,,2237.795807285395,0.16946448503234945,1.6940561411661705,1.6309244486081376,4.935398194599375e-07,1.50-2.00,1.50-2.00,1.6666666666666667e-05,pneumatic_feed,0.0028679703601167533,0.5982583763980074,5.200007165971573e-31,-0.28875237059966913,active,
copper,partial,0.35537109746918816,1.5289826720276327,1.5289826720276327,0.012,0.05188418023050147,0.06388418023050146,8900.0,,2483.935454097567,0.15868418023050146,1.643249521204134,1.5781973554970719,3.7096997413547636e-07,1.50-2.00,1.50-2.00,1.6666666666666667e-05,pneumatic_feed,0.04009570454431034,0.608874857052599,5.69416776895929e-32,-0.2889908157009974,active,
aluminum,partial,0.05312202629602353,1.831831016105658,1.831831016105658,0.0218,0.008350782533734898,0.030150782533734898,2700.0,,2520.2355001261094,0.07598707249810094,1.1646685189056971,1.0921048896192125,2.5498259065071855e-07,1.50-2.00,1.50-2.00,1.6666666666666667e-05,pneumatic_feed,0.021327830703863418,2.25,0.0,0.0,light,1.8640000000000014
aluminum,partial,0.12928719176502973,1.510198243608908,1.510198243608908,0.0218,0.02032394654546267,0.04212394654546267,2700.0,,2386.848615631271,0.10054348349696324,1.325100372296945,1.2562366484736605,2.293093956239602e-07,1.50-2.00,1.50-2.00,1.6666666666666667e-05,pneumatic_feed,0.01781611658114084,2.25,0.0,0.0,light,2.2999999999999683
aluminum,partial,0.09760803220040964,1.5441419751328813,1.5441419751328813,0.0218,0.015343982661904398,0.0371439826619044,2700.0,,2431.8826143104493,0.09032980566173407,1.260590376989405,1.1907210545155311,2.1538007973285215e-07,1.50-2.00,1.50-2.00,1.6666666666666667e-05,pneumatic_feed,-0.009384860549268284,2.25,0.0,0.0,light,2.091999999999991
aluminum,partial,0.17446320003824128,1.8931793502549843,1.8931793502549843,0.0218,0.02742561504601153,0.04922561504601153,2700.0,,2338.3898853622545,0.11510868032432937,1.4203749703875017,1.3441524639603477,4.125642502058213e-07,1.50-2.00,1.50-2.00,1.6666666666666667e-05,pneumatic_feed,-0.03419738291430789,2.25,0.0,0.0,light,2.621999999999933
copper,partial,0.05673022321572772,1.5945692953683681,1.5945692953683681,0.012,0.008282612589496249,0.02028261258949625,8900.0,,5673.954086619691,0.11508261258949624,1.438709294998767,1.3440002556564985,2.9261494734206586e-07,1.50-2.00,1.50-2.00,1.6666666666666667e-05,pneumatic_feed,-0.00956959677861984,2.25,0.0,0.0,light,2.685999999999926
aluminum,partial,0.061655200964700285,1.6663814746611845,1.6663814746611845,0.0218,0.009692197591650888,0.03149219759165089,2700.0,,2500.246390042461,0.07873825334302902,1.1827729649808036,1.1116994308140054,2.1864252506684083e-07,1.50-2.00,1.50-2.00,1.6666666666666667e-05,pneumatic_feed,0.02760996331585303,2.25,0.0,0.0,light,1.8860000000000015
copper,bare_like,0.03655707957459683,1.9621717599684134,1.9621717599684134,0.012,0.005337333617891137,0.017337333617891137,8900.0,,6467.968840501045,0.11213733361789113,1.4256082051024042,1.3266904644514559,4.317419683855571e-07,1.50-2.00,1.50-2.00,1.6666666666666667e-05,pneumatic_feed,-0.029331407574109434,2.25,0.0,0.0,light,2.6359999999999313
aluminum,partial,0.08075830155449265,1.5438251853620741,1.5438251853620741,0.0218,0.012695205004366245,0.034495205004366244,2700.0,,2461.132902194321,0.08489728400418398,1.2240993508274902,1.1543603292428546,2.0234386433703966e-07,1.50-2.00,1.50-2.00,1.6666666666666667e-05,pneumatic_feed,-0.025465244195579866,2.25,0.0,0.0,light,1.9760000000000015
copper,partial,0.342038678491424,1.9162031747594344,1.9162031747594344,0.012,0.0499376470597479,0.0619376470597479,8900.0,,2530.571542515194,0.1567376470597479,1.647593177479072,1.5684878412821068,5.755147166871724e-07,1.50-2.00,1.50-2.00,1.6666666666666667e-05,pneumatic_feed,0.009914646785848703,0.6079483669101611,1.320617879729906e-31,-0.2889776474322482,active,
aluminum,partial,0.1476729108651032,1.5166424113946273,1.5166424113946273,0.0218,0.023214181587994223,0.04501418158799422,2700.0,,2365.281772009712,0.10647122319201792,1.3612974518695493,1.2927383026822998,2.4490555519565763e-07,1.50-2.00,1.50-2.00,1.6666666666666667e-05,pneumatic_feed,-0.032250286281070926,2.25,0.0,0.0,light,2.391999999999958
aluminum,bare_like,0.030339349968043508,1.9507067975402246,1.9507067975402246,0.0218,0.004769345814976442,0.02656934581497644,2700.0,,2583.4926573354087,0.06864170982319691,1.1100077954804244,1.0379789387963991,2.6119934748102185e-07,1.50-2.00,1.50-2.00,1.6666666666666667e-05,pneumatic_feed,0.001658995927955439,2.25,0.0,0.0,light,1.7460000000000013
aluminum,partial,0.11028402384728975,1.7372538063402727,1.7372538063402727,0.0218,0.01733664854879395,0.03913664854879395,2700.0,,2412.4874160057393,0.09441667212860469,1.2906709481384309,1.217359472682814,2.849543116844386e-07,1.50-2.00,1.50-2.00,1.6666666666666667e-05,pneumatic_feed,0.010193661278162664,2.25,0.0,0.0,light,2.1599999999999837
aluminum,partial,0.2233749980315174,1.7947973599617293,1.7947973599617293,0.0218,0.03511454969055453,0.05691454969055453,2700.0,,2299.5584402745776,0.13087833311534153,1.5063875452308146,1.4332711943586953,4.21598055556565e-07,1.50-2.00,1.50-2.00,1.6666666666666667e-05,pneumatic_feed,0.0013036346854625063,2.25,0.0,0.0,light,3.1439999999998753
aluminum,partial,0.08321682808441122,1.5053615240425797,1.5053615240425797,0.0218,0.013081685374869444,0.034881685374869444,2700.0,,2456.588224502204,0.08568993754269502,1.2288268442583825,1.1597367199800743,1.94183108689899e-07,1.50-2.00,1.50-2.00,1.6666666666666667e-05,pneumatic_feed,0.0017983682171028234,2.25,0.0,0.0,light,2.0000000000000013
aluminum,bare_like,0.047306306544940224,1.6288528361985493,1.6288528361985493,0.0218,0.007436551388864603,0.029236551388864603,2700.0,,2534.9099935699464,0.07411202629315418,1.148555366441138,1.0785464128619353,1.9663117944234143e-07,1.50-2.00,1.50-2.00,1.6666666666666667e-05,pneumatic_feed,0.015456938083013662,2.25,0.0,0.0,light,1.8360000000000014
aluminum,heavily_coated,0.34826437958623757,1.8791619410414317,1.8791619410414317,0.0218,0.054747160470956555,0.07654716047095655,2700.0,,2235.7970899173215,0.17114391862239886,1.7081498153096422,1.6389859507320899,6.043518942904942e-07,1.50-2.00,1.50-2.00,1.6666666666666667e-05,pneumatic_feed,0.03071069130686312,0.5953960403424039,8.182012464216286e-31,-0.28867863320488746,active,
aluminum,partial,0.058603903762521226,1.6562263380141813,1.6562263380141813,0.0218,0.009212533671468338,0.031012533671468338,2700.0,,2507.1954918539573,0.07775448461207447,1.175558459806659,1.1047327235449853,2.132872135075766e-07,1.50-2.00,1.50-2.00,1.6666666666666667e-05,pneumatic_feed,0.027534577607469277,2.25,0.0,0.0,light,1.8800000000000014
copper,partial,0.30708633355665366,1.6304516365950144,1.6304516365950144,0.012,0.04483460469927143,0.05683460469927143,8900.0,,2667.9978773779567,0.15163460469927142,1.6167249547661804,1.5427432564622554,4.031012691364177e-07,1.50-2.00,1.50-2.00,1.6666666666666667e-05,pneumatic_feed,0.015882374784595824,0.6146114165697453,-3.7323229165732836e-33,-0.28908654601935935,active,
copper,partial,0.13825120956550563,1.5254496230893873,1.5254496230893873,0.012,0.02018467659656382,0.03218467659656382,8900.0,,3945.501090109486,0.12698467659656382,1.4990074882038908,1.4117901699118272,2.954929046711415e-07,1.50-2.00,1.50-2.00,1.6666666666666667e-05,pneumatic_feed,-0.04234817048308946,2.25,0.0,0.0,light,3.093999999999881
aluminum,bare_like,0.033955998972246805,1.7930217160397044,1.7930217160397044,0.0218,0.0053378830384371995,0.0271378830384372,2700.0,,2572.336004609081,0.0698077536286421,1.1177478604325581,1.0467580909432543,2.2442682316755362e-07,1.50-2.00,1.50-2.00,1.6666666666666667e-05,pneumatic_feed,-0.02129498899279949,2.25,0.0,0.0,light,1.7720000000000014
aluminum,partial,0.0903014932893203,1.9171826410130963,1.9171826410130963,0.0218,0.01419539474508115,0.03599539474508115,2700.0,,2444.037774121969,0.08797410445140975,1.2503602788290815,1.175092142544289,3.233566751513995e-07,1.50-2.00,1.50-2.00,1.6666666666666667e-05,pneumatic_feed,-0.032770875646925865,2.25,0.0,0.0,light,2.0779999999999927
aluminum,partial,0.1567821450585577,1.9950814424283754,1.9950814424283754,0.0218,0.024646153203205276,0.046446153203205276,2700.0,,2355.590804466865,0.10940813138832958,1.3883561913797864,1.3104465003468175,4.354826516055043e-07,1.50-2.00,1.50-2.00,1.6666666666666667e-05,pneumatic_feed,0.018565598506904046,2.25,0.0,0.0,light,2.4699999999999496
aluminum,partial,0.2613190628441806,1.9069379497572407,1.9069379497572407,0.0218,0.041079356679105186,0.06287935667910519,2700.0,,2275.975560340749,0.14311187905159226,1.5733460525710694,1.4987608393582321,5.204138035883521e-07,1.50-2.00,1.50-2.00,1.6666666666666667e-05,pneumatic_feed,0.03222895821922655,0.6268262847831408,1.8095282971697635e-34,-0.27686151631053174,active,
aluminum,heavily_coated,0.3741209572745534,1.534122314963802,1.534122314963802,0.0218,0.05881181448355981,0.08061181448355981,2700.0,,2226.476838224408,0.17948033783488876,1.7304582705180303,1.6784288434891763,4.2241258874937794e-07,1.50-2.00,1.50-2.00,1.6666666666666667e-05,pneumatic_feed,2.8721012793298842e-05,0.5909357107649479,-1.6314695687265837e-30,-0.2885517002698161,active,
aluminum,partial,0.16812380092078716,1.8287643362812274,1.8287643362812274,0.0218,0.026429061504747747,0.04822906150474775,2700.0,,2344.3291477637545,0.11306479465487099,1.4072131391603404,1.3321655365992828,3.781315246178261e-07,1.50-2.00,1.50-2.00,1.6666666666666667e-05,pneumatic_feed,-0.005667064869724479,2.25,0.0,0.0,light,2.5779999999999377
aluminum,partial,0.07368335069874438,1.6863028747654634,1.6863028747654634,0.0218,0.011583022729842615,0.033383022729842615,2700.0,,2474.7983358896895,0.08261624909878218,1.2104996947411508,1.1387469630495113,2.3492900225732594e-07,1.50-2.00,1.50-2.00,1.6666666666666667e-05,pneumatic_feed,-0.0009825568110738668,2.25,0.0,0.0,light,1.9380000000000015
aluminum,partial,0.21397152866583014,1.7205985585020773,1.7205985585020773,0.0218,0.0336363243062685,0.0554363243062685,2700.0,,2306.187543222341,0.1278465605571503,1.488127624847046,1.416573194192602,3.7848455189764515e-07,1.50-2.00,1.50-2.00,1.6666666666666667e-05,pneumatic_feed,0.008182625793614553,2.25,0.0,0.0,light,2.973999999999894
aluminum,partial,0.13886635060118308,1.686908609605673,1.686908609605673,0.0218,0.02182979031450598,0.04362979031450598,2700.0,,2375.255515790825,0.10363190009732744,1.3478896443595958,1.2753847670125482,2.949012209338811e-07,1.50-2.00,1.50-2.00,1.6666666666666667e-05,pneumatic_feed,0.034450442328709655,2.25,0.0,0.0,light,2.3599999999999617
aluminum,partial,0.09642042351525315,1.8688140400077842,1.8688140400077842,0.0218,0.015157290576597794,0.036957290576597794,2700.0,,2433.8068982391587,0.08994690874555276,1.2630832279949713,1.1881947145439573,3.1413651305511785e-07,1.50-2.00,1.50-2.00,1.6666666666666667e-05,pneumatic_feed,0.01200579101473781,2.25,0.0,0.0,light,2.1059999999999897
aluminum,partial,0.2501694818768634,1.6548944173733122,1.6548944173733122,0.0218,0.03932664255104293,0.06112664255104293,2700.0,,2282.427707941226,0.13951714265191953,1.5477182864670105,1.479817918213092,3.8209218496651974e-07,1.50-2.00,1.50-2.00,1.6666666666666667e-05,pneumatic_feed,-0.004499494964192805,2.25,0.0,0.0,light,3.6699999999998174
aluminum,heavily_coated,0.2991889495698691,1.6084020880003211,1.6084020880003211,0.0218,0.04703250287238342,0.06883250287238342,2700.0,,2256.5140413212944,0.1553215092308215,1.6241871831229748,1.561386053763442,4.018101085301826e-07,1.50-2.00,1.50-2.00,1.6666666666666667e-05,pneumatic_feed,-0.012311314415583611,0.6129838847349144,-1.2642463926625946e-32,-0.28903866944722734,active,
aluminum,partial,0.19980025711752314,1.522439764485532,1.522439764485532,0.0218,0.03140860041887464,0.05320860041887464,2700.0,,2316.8735867281052,0.12327760089726064,1.4575622762540865,1.3910302741793232,2.857356385869717e-07,1.50-2.00,1.50-2.00,1.6666666666666667e-05,pneumatic_feed,-0.006242815467419069,2.25,0.0,0.0,light,2.82999999999991
copper,partial,0.4093890590989146,1.7687651921934793,1.7687651921934793,0.012,0.05977080262844153,0.07177080262844153,8900.0,,2320.871392379168,0.16657080262844154,1.6854364765534189,1.6169401096070375,5.21121803970448e-07,1.50-2.00,1.50-2.00,1.6666666666666667e-05,pneumatic_feed,-0.014802220724088303,0.6000262562805494,-2.4626015632143155e-31,-0.28880110793094227,active,
aluminum,partial,0.1453177904253164,1.6497023055003184,1.6497023055003184,0.0218,0.022843956654859734,0.044643956654859734,2700.0,,2367.888438479589,0.10571190881102627,1.35980006873684,1.2881203828438816,2.876968305888686e-07,1.50-2.00,1.50-2.00,1.6666666666666667e-05,pneumatic_feed,0.027892359531165967,2.25,0.0,0.0,light,2.385999999999959
copper,partial,0.37241991051735873,1.7523948068079993,1.7523948068079993,0.012,0.05437330693553437,0.06637330693553437,8900.0,,2428.285019640129,0.1611733069355344,1.6620810466414235,1.5905270276421422,4.949451030995593e-07,1.50-2.00,1.50-2.00,1.6666666666666667e-05,pneumatic_feed,-0.03549418335504007,0.6048841371163097,-1.4360660446046074e-31,-0.2889137079959378,active,
aluminum,partial,0.18988686170567093,1.657570538393708,1.657570538393708,0.0218,0.02985021466013147,0.05165021466013147,2700.0,,2324.89688324985,0.12008142308252537,1.4436668811757944,1.3728794618258802,3.299285239535664e-07,1.50-2.00,1.50-2.00,1.6666666666666667e-05,pneumatic_feed,0.0067409004111866335,2.25,0.0,0.0,light,2.7139999999999227
aluminum,partial,0.16684853604329847,1.704464780196853,1.704464780196853,0.0218,0.02622858986600652,0.04802858986600652,2700.0,,2345.553696662941,0.11265363650571986,1.4022493286067474,1.3297411321733938,3.272813658349313e-07,1.50-2.00,1.50-2.00,1.6666666666666667e-05,pneumatic_feed,-0.0028317320742382132,2.25,0.0,0.0,light,2.5539999999999403
aluminum,partial,0.1833392555682255,1.828591493044381,1.828591493044381,0.0218,0.02882093097532505,0.05062093097532505,2700.0,,2330.4670047505792,0.11797040938775158,1.4356285717510409,1.3607584450409076,3.94463184598796e-07,1.50-2.00,1.50-2.00,1.6666666666666667e-05,pneumatic_feed,0.015034732699266107,2.25,0.0,0.0,light,2.673999999999927
aluminum,heavily_coated,0.37369010746665665,1.5064598104455746,1.5064598104455746,0.0218,0.05874408489375843,0.08054408489375843,2700.0,,2226.6244353621355,0.17934142754832477,1.7283503764707322,1.677779200848105,4.07001230630243e-07,1.50-2.00,1.50-2.00,1.6666666666666667e-05,pneumatic_feed,0.03689180994888773,0.5913535318098182,3.0463018598281297e-30,-0.28856412611812055,active,
aluminum,partial,0.2585261697972675,1.5857064835256451,1.5857064835256451,0.0218,0.04064031389213045,0.06244031389213045,2700.0,,2277.5577754143924,0.142211422404337,1.5590517903938843,1.4940383147893075,3.575856516160211e-07,1.50-2.00,1.50-2.00,1.6666666666666667e-05,pneumatic_feed,-0.037808915383884506,2.25,0.0,0.0,light,4.177999999999762
aluminum,partial,0.12542656395889257,1.639418919450986,1.639418919450986,0.0218,0.019717055854337917,0.04151705585433792,2700.0,,2391.7586746607253,0.09929877848598656,1.320089002908479,1.248436472999746,2.668847702136007e-07,1.50-2.00,1.50-2.00,1.6666666666666667e-05,pneumatic_feed,0.017349709637891786,2.25,0.0,0.0,light,2.2619999999999725
aluminum,partial,0.10471837596272243,1.824351412681356,1.824351412681356,0.0218,0.016461728701339967,0.03826172870133997,2700.0,,2420.7544911816176,0.09262225159414134,1.2802548918743315,1.2057358172591717,3.082707569737237e-07,1.50-2.00,1.50-2.00,1.6666666666666667e-05,pneumatic_feed,-0.021176464183339176,2.25,0.0,0.0,light,2.137999999999986
aluminum,partial,0.05456222553464546,1.9473419838243435,1.9473419838243435,0.0218,0.008577181854046267,0.030377181854046267,2700.0,,2516.737974640055,0.07645140713462505,1.169195125040394,1.0954365734195086,2.899145003628444e-07,1.50-2.00,1.50-2.00,1.6666666666666667e-05,pneumatic_feed,0.007570097366779531,2.25,0.0,0.0,light,1.8720000000000014
copper,partial,0.41444685393067715,1.9597598034299322,1.9597598034299322,0.012,0.06050924067387886,0.07250924067387886,8900.0,,2307.41956637468,0.16730924067387887,1.6947833745643541,1.6205202379536032,6.425776551710359e-07,1.50-2.00,1.50-2.00,1.6666666666666667e-05,pneumatic_feed,0.009408567651592512,0.5981097752956225,1.4501480614091682e-30,-0.28875393828326584,active,
copper,partial,0.36283442214955564,1.89961668820285,1.89961668820285,0.012,0.052973825633835125,0.06497382563383512,8900.0,,2459.0490720717685,0.15977382563383513,1.6605324576013667,1.5836066327054446,5.765508098828662e-07,1.50-2.00,1.50-2.00,1.6666666666666667e-05,pneumatic_feed,-0.005488662568665529,0.6052097752609047,2.49586236064883e-33,-0.28892213895735647,active,
aluminum,bare_like,0.04333627370847507,1.54758812905794,1.54758812905794,0.0218,0.0068124622269722795,0.02861246222697228,2700.0,,2545.465938184531,0.07283204800634945,1.1380027687180614,1.0691921368527086,1.744348683573872e-07,1.50-2.00,1.50-2.00,1.6666666666666667e-05,pneumatic_feed,0.018158066671310417,2.25,0.0,0.0,light,1.8220000000000014
aluminum,partial,0.17588886428132178,1.63165548463094,1.63165548463094,0.0218,0.02764972946502378,0.04944972946502378,2700.0,,2337.087178903242,0.11556832873294096,1.4174194152647714,1.3468335041096362,3.07677517730559e-07,1.50-2.00,1.50-2.00,1.6666666666666667e-05,pneumatic_feed,-0.00035595643388258973,2.25,0.0,0.0,light,2.6159999999999335
copper,heavily_coated,0.711677791313105,1.6678407307498992,1.6678407307498992,0.012,0.10390495753171333,0.11590495753171333,8900.0,,1817.9115200836973,0.21070495753171334,1.8467293535712548,1.8185777446724056,5.861164428831517e-07,1.50-2.00,1.50-2.00,1.6666666666666667e-05,pneumatic_feed,-0.02851180508740256,0.56898906307721,-4.2694785646769204e-30,-0.28769283165240406,active,
aluminum,partial,0.13218035174327203,1.7633524988688543,1.7633524988688543,0.0218,0.020778751294042365,0.042578751294042365,2700.0,,2383.2607608609446,0.10147626720554834,1.3359816744900908,1.2620505101057908,3.1553152654290534e-07,1.50-2.00,1.50-2.00,1.6666666666666667e-05,pneumatic_feed,-0.0250482077206326,2.25,0.0,0.0,light,2.3319999999999648
aluminum,partial,0.17596243463974143,1.7344522528221347,1.7344522528221347,0.0218,0.027661294725367352,0.04946129472536735,2700.0,,2337.0202740146838,0.11559204855219904,1.4199627185738064,1.346971712425809,3.477384052260033e-07,1.50-2.00,1.50-2.00,1.6666666666666667e-05,pneumatic_feed,-0.00232512503157024,2.25,0.0,0.0,light,2.619999999999933
aluminum,partial,0.057074797553209766,1.898109941870262,1.898109941870262,0.0218,0.008972158175364578,0.030772158175364578,2700.0,,2510.7594026662705,0.07726148547913037,1.1746747876062835,1.1012248980478194,2.783593295271571e-07,1.50-2.00,1.50-2.00,1.6666666666666667e-05,pneumatic_feed,-0.04201342207026057,2.25,0.0,0.0,light,1.8800000000000014
aluminum,partial,0.25546844771651567,1.740003373078329,1.740003373078329,0.0218,0.04015963998103626,0.06195963998103626,2700.0,,2279.3157331370257,0.14122558222828183,1.5590942731602067,1.488850811416346,4.2757623050598207e-07,1.50-2.00,1.50-2.00,1.6666666666666667e-05,pneumatic_feed,0.013529576927939636,2.25,0.0,0.0,light,4.071999999999774
aluminum,partial,0.23820393368680523,1.68801216784633,1.68801216784633,0.0218,0.037445658375565787,0.059245658375565786,2700.0,,2289.7767360436956,0.13565933025996288,1.5287917513217737,1.4592151478655837,3.865456714423687e-07,1.50-2.00,1.50-2.00,1.6666666666666667e-05,pneumatic_feed,0.03761631439329064,2.25,0.0,0.0,light,3.3779999999998496
copper,partial,0.11664924612184457,1.6967589253744182,1.6967589253744182,0.012,0.017030789933789307,0.029030789933789308,8900.0,,4265.498466153037,0.1238307899337893,1.485990599927452,1.394147796612955,3.565077112713908e-07,1.50-2.00,1.50-2.00,1.6666666666666667e-05,pneumatic_feed,0.002669441910281491,2.25,0.0,0.0,light,2.957999999999896
aluminum,partial,0.10600313249474486,1.9932149716158567,1.9932149716158567,0.0218,0.016663692428173893,0.03846369242817389,2700.0,,2418.8127575469925,0.09303646994763068,1.2851824387785673,1.2084289107341033,3.69625142516801e-07,1.50-2.00,1.50-2.00,1.6666666666666667e-05,pneumatic_feed,-0.030762909983980027,2.25,0.0,0.0,light,2.1519999999999846
copper,partial,0.4610791295827599,1.793943311226374,1.793943311226374,0.012,0.06731755291908294,0.07931755291908293,8900.0,,2195.1957229027444,0.17411755291908293,1.7174004901281157,1.653163364770078,5.603507857144049e-07,1.50-2.00,1.50-2.00,1.6666666666666667e-05,pneumatic_feed,-0.027732839069684215,0.5935361433586304,1.009174460374965e-30,-0.2886244801274829,active,
copper,partial,0.3162817794389832,1.8091707937210146,1.8091707937210146,0.012,0.04617713979809156,0.058177139798091554,8900.0,,2629.5060281239507,0.15297713979809155,1.6279772600282156,1.5495577389277384,5.007093173074169e-07,1.50-2.00,1.50-2.00,1.6666666666666667e-05,pneumatic_feed,0.021514553100355206,0.612161013143287,3.178539239038714e-32,-0.28905111638953634,active,
copper,heavily_coated,0.5913026160929946,1.8826198902705404,1.8826198902705404,0.012,0.08633018194957721,0.09833018194957721,8900.0,,1964.0986940165792,0.1931301819495772,1.7955026477766938,1.7410833799334724,6.845031250605991e-07,1.50-2.00,1.50-2.00,1.6666666666666667e-05,pneumatic_feed,-0.03771636202119218,0.5784002444882288,-3.546868678762881e-29,-0.2880997747697508,active,
copper,partial,0.05749643096357103,1.9086882205169005,1.9086882205169005,0.012,0.008394478920681372,0.020394478920681372,8900.0,,5648.316849314861,0.11519447892068137,1.4422723584301407,1.3446533163380867,4.1966393751287737e-07,1.50-2.00,1.50-2.00,1.6666666666666667e-05,pneumatic_feed,-0.027396478634249093,2.25,0.0,0.0,light,2.6959999999999247
aluminum,partial,0.05272691931415202,1.5062029146929898,1.5062029146929898,0.0218,0.0082886717161847,0.0300886717161847,2700.0,,2521.204218372685,0.07585968605607575,1.159749675954704,1.0911890910085957,1.7209886589861082e-07,1.50-2.00,1.50-2.00,1.6666666666666667e-05,pneumatic_feed,-0.013882540662506576,2.25,0.0,0.0,light,1.8540000000000014
copper,partial,0.3903509564543176,1.7251681952470834,1.7251681952470834,0.012,0.05699123964233037,0.06899123964233037,8900.0,,2374.0874999705666,0.16379123964233036,1.6722308691151362,1.60339243400548,4.874763558269797e-07,1.50-2.00,1.50-2.00,1.6666666666666667e-05,pneumatic_feed,-0.022517897606291772,0.6027607304085063,5.707711646283886e-32,-0.28886618538073205,active,
aluminum,partial,0.05457356306079053,1.6286955638451703,1.6286955638451703,0.0218,0.00857896411315627,0.03037896411315627,2700.0,,2516.7106482514637,0.07645506246642947,1.1657767046974126,1.095462760879199,2.0280846332194432e-07,1.50-2.00,1.50-2.00,1.6666666666666667e-05,pneumatic_feed,-0.0003187183685390928,2.25,0.0,0.0,light,1.8720000000000014
aluminum,partial,0.05419729384130101,1.8956221325344753,1.8956221325344753,0.0218,0.008519814591852519,0.03031981459185252,2700.0,,2517.619270926746,0.07633374950737386,1.1678475399087327,1.0945933182089775,2.742964183668985e-07,1.50-2.00,1.50-2.00,1.6666666666666667e-05,pneumatic_feed,-0.02618293587233262,2.25,0.0,0.0,light,1.8700000000000014
aluminum,partial,0.05540414213578898,1.906116635211883,1.906116635211883,0.0218,0.008709531143746028,0.03050953114374603,2700.0,,2514.717420746949,0.07672284946599972,1.1708068867474115,1.0973795356294611,2.7875564261546865e-07,1.50-2.00,1.50-2.00,1.6666666666666667e-05,pneumatic_feed,0.02410143830857829,2.25,0.0,0.0,light,1.8700000000000014
aluminum,partial,0.229092514838883,1.9817998980029081,1.9817998980029081,0.0218,0.03601334333267241,0.05781334333267241,2700.0,,2295.6935208796067,0.13272171770920427,1.52059276528199,1.443329512330317,5.212686388732005e-07,1.50-2.00,1.50-2.00,1.6666666666666667e-05,pneumatic_feed,0.02098410583781475,2.25,0.0,0.0,light,3.3159999999998564
copper,heavily_coated,0.7072058364106047,1.5853407800676766,1.5853407800676766,0.012,0.10325205211594829,0.11525205211594829,8900.0,,1822.545006874388,0.2100520521159483,1.8387014974257367,1.8157579712097989,5.279249545420927e-07,1.50-2.00,1.50-2.00,1.6666666666666667e-05,pneumatic_feed,-0.017275145315367148,0.5704383620023676,1.51166003867825e-29,-0.28775732049177916,active,
copper,partial,0.3415972684769302,1.8884697911184603,1.8884697911184603,0.012,0.04987320119763182,0.061873201197631816,8900.0,,2532.165754559802,0.1566732011976318,1.6465734438381472,1.5681653503371478,5.587464813578925e-07,1.50-2.00,1.50-2.00,1.6666666666666667e-05,pneumatic_feed,0.02873358051559621,0.6081655414389395,8.530010704831832e-33,-0.28898155715971297,active,
aluminum,partial,0.24545369821648005,1.5771665529354553,1.5771665529354553,0.0218,0.038585321359630664,0.060385321359630664,2700.0,,2285.2693955228356,0.13799672684197534,1.537330513557555,1.4717325247855484,3.4326055649524637e-07,1.50-2.00,1.50-2.00,1.6666666666666667e-05,pneumatic_feed,-0.009150484395584371,2.25,0.0,0.0,light,3.453999999999841
copper,partial,0.2692973447004029,1.9808448304971746,1.9808448304971746,0.012,0.03931741232625882,0.05131741232625882,8900.0,,2847.3261940273514,0.14611741232625883,1.6005124727248368,1.5144170178233467,5.733276475800598e-07,1.50-2.00,1.50-2.00,1.6666666666666667e-05,pneumatic_feed,0.01741598328013926,0.6182777169162064,-1.547858637953926e-32,-0.2886600387723414,active,
aluminum,bare_like,0.033586551449478745,1.9453870199567636,1.9453870199567636,0.0218,0.00527980588785806,0.02707980588785806,2700.0,,2573.4541946651534,0.06968864005282645,1.1181136196297004,1.045864663457545,2.637387947535682e-07,1.50-2.00,1.50-2.00,1.6666666666666667e-05,pneumatic_feed,-0.003661777043122678,2.25,0.0,0.0,light,1.7500000000000013
aluminum,partial,0.14477950521882177,1.7351633883214133,1.7351633883214133,0.0218,0.022759338220398787,0.044559338220398786,2700.0,,2368.4902983879147,0.10553836027760033,1.3604678186118941,1.287062587024118,3.1775404914635514e-07,1.50-2.00,1.50-2.00,1.6666666666666667e-05,pneumatic_feed,-0.004005385066227187,2.25,0.0,0.0,light,2.3899999999999584
copper,heavily_coated,0.6110362632043536,1.822565181635099,1.822565181635099,0.012,0.08921129442783561,0.10121129442783561,8900.0,,1936.6543579540235,0.1960112944278356,1.8034543822007945,1.754022028749727,6.51099310092586e-07,1.50-2.00,1.50-2.00,1.6666666666666667e-05,pneumatic_feed,-0.013196486118521896,0.5769136175497226,-3.9595395285625497e-29,-0.2880390757641211,active,
aluminum,partial,0.0914936666564326,1.7726248911014828,1.7726248911014828,0.0218,0.014382804398391208,0.03618280439839121,2700.0,,2442.0017888560656,0.08835847306670044,1.2511163182454987,1.1776563986388093,2.776399061139689e-07,1.50-2.00,1.50-2.00,1.6666666666666667e-05,pneumatic_feed,0.031263088582146444,2.25,0.0,0.0,light,2.0779999999999927
aluminum,partial,0.1226767983005852,1.943801547667042,1.943801547667042,0.0218,0.019284792692851993,0.04108479269285199,2700.0,,2395.3443619836885,0.09841222654009167,1.3194532605058356,1.24285087913767,3.718372588650493e-07,1.50-2.00,1.50-2.00,1.6666666666666667e-05,pneumatic_feed,0.0031311397882715494,2.25,0.0,0.0,light,2.267999999999972
aluminum,partial,0.2452620241278901,1.8466103972176295,1.8466103972176295,0.0218,0.03855519019290433,0.06035519019290433,2700.0,,2285.386372873851,0.13793492919907305,1.5450483316613266,1.4714029525281818,4.703539648811144e-07,1.50-2.00,1.50-2.00,1.6666666666666667e-05,pneumatic_feed,-0.019037892065689583,2.25,0.0,0.0,light,3.6339999999998214
copper,heavily_coated,0.545082248674225,1.815210046602867,1.815210046602867,0.012,0.07958200830643684,0.09158200830643684,8900.0,,2035.137815309702,0.18638200830643686,1.7667205562924952,1.7103952766474284,6.141263900712464e-07,1.50-2.00,1.50-2.00,1.6666666666666667e-05,pneumatic_feed,-0.009044211715838196,0.583863357085356,1.4463030855174162e-29,-0.2883066453737906,active,
copper,partial,0.28259795641038543,1.748747187204021,1.748747187204021,0.012,0.041259301635916276,0.05325930163591627,8900.0,,2779.970767323582,0.14805930163591627,1.6041816687498016,1.5244470467934732,4.5278262658818916e-07,1.50-2.00,1.50-2.00,1.6666666666666667e-05,pneumatic_feed,-0.0264416692073489,0.6173822044206991,-6.612770439548498e-33,-0.28907454779669295,active,
copper,partial,0.2009894378064363,1.611319288643531,1.611319288643531,0.012,0.029344457919739702,0.0413444579197397,8900.0,,3292.9312601952925,0.1361444579197397,1.5453360733891686,1.4618219493181221,3.5347864289207944e-07,1.50-2.00,1.50-2.00,1.6666666666666667e-05,pneumatic_feed,0.005251213382645438,2.25,0.0,0.0,light,3.6399999999998207
aluminum,heavily_coated,0.30903576148047907,1.9072509184545834,1.9072509184545834,0.0218,0.048580421704731314,0.07038042170473131,2700.0,,2251.9930403921744,0.15849621985892126,1.6496824059114021,1.577262396339185,5.765468107882993e-07,1.50-2.00,1.50-2.00,1.6666666666666667e-05,pneumatic_feed,-0.010677912605858927,0.6075042430836408,4.706995357429767e-32,-0.28895087672459785,active,
copper,partial,0.21222444722100997,1.9900127152468259,1.9900127152468259,0.012,0.03098476929426745,0.04298476929426745,8900.0,,3205.4323323457443,0.13778476929426745,1.560646191081312,1.470601828790792,5.4564843773456e-07,1.50-2.00,1.50-2.00,1.6666666666666667e-05,pneumatic_feed,-0.03439977768570128,2.25,0.0,0.0,light,4.315999999999747
copper,heavily_coated,0.5003620462504184,1.545182501812663,1.545182501812663,0.012,0.07305285875256108,0.08505285875256108,8900.0,,2114.600983322567,0.17985285875256107,1.7283259823015946,1.680169774451439,4.294147006849264e-07,1.50-2.00,1.50-2.00,1.6666666666666667e-05,pneumatic_feed,-0.015842180008351827,0.5913584432199683,-3.997194609656675e-30,-0.2885549697450184,active,
aluminum,heavily_coated,0.3144837377849635,1.9032084453047469,1.9032084453047469,0.0218,0.04943684357979626,0.07123684357979626,2700.0,,2249.5761160408842,0.1602527018992501,1.6579821582472807,1.5859780606964995,5.804677192271708e-07,1.50-2.00,1.50-2.00,1.6666666666666667e-05,pneumatic_feed,0.03455473330555215,0.6057472194080606,2.68517511777495e-31,-0.28891796113288387,active,
aluminum,partial,0.12965898137467075,1.762474180714269,1.762474180714269,0.0218,0.02038239187209824,0.04218239187209824,2700.0,,2386.383220994917,0.1006633521850076,1.3308904179357022,1.2569852727442272,3.1269210476868376e-07,1.50-2.00,1.50-2.00,1.6666666666666667e-05,pneumatic_feed,0.026585638964277205,2.25,0.0,0.0,light,2.311999999999967
aluminum,bare_like,0.024316275759724438,1.7897003561030516,1.7897003561030516,0.0218,0.00382251854942868,0.02562251854942868,2700.0,,2603.1715164542247,0.06669981046769276,1.0934548962033057,1.0231911967471699,2.1364131814401388e-07,1.50-2.00,1.50-2.00,1.6666666666666667e-05,pneumatic_feed,0.008059694393418505,2.25,0.0,0.0,light,1.6920000000000013
aluminum,partial,0.06316850801930607,1.8489127316834248,1.8489127316834248,0.0218,0.009930089460634915,0.031730089460634915,2700.0,,2496.877885226081,0.07922615867050448,1.1884223254277297,1.115138460682008,2.708329033661789e-07,1.50-2.00,1.50-2.00,1.6666666666666667e-05,pneumatic_feed,-0.007866648068173958,2.25,0.0,0.0,light,1.8900000000000015
copper,partial,0.05585373635825295,1.5040891821521354,1.5040891821521354,0.012,0.008154645508304931,0.02015464550830493,8900.0,,5703.630235567113,0.11495464550830492,1.4369572679210085,1.3432528116100686,2.6006008605167526e-07,1.50-2.00,1.50-2.00,1.6666666666666667e-05,pneumatic_feed,0.0034639457916699093,2.25,0.0,0.0,light,2.681999999999926
copper,partial,0.07375348187342028,1.7446231047566603,1.7446231047566603,0.012,0.010768008353519359,0.02276800835351936,8900.0,,5163.737052799627,0.11756800835351935,1.453678130642504,1.3584356661678314,3.578428965645341e-07,1.50-2.00,1.50-2.00,1.6666666666666667e-05,pneumatic_feed,0.04487408619054648,2.25,0.0,0.0,light,2.803999999999913
aluminum,bare_like,0.014733638175451412,1.8262022132424107,1.8262022132424107,0.0218,0.0023161279211809625,0.024116127921180962,2700.0,,2637.665237638709,0.0636102722841473,1.0689886826653008,0.9992131072859163,2.1214118192105642e-07,1.50-2.00,1.50-2.00,1.6666666666666667e-05,pneumatic_feed,-0.020939682203095233,2.25,0.0,0.0,light,1.6600000000000013
aluminum,partial,0.2610790707320249,1.6764855278115152,1.6764855278115152,0.0218,0.04104162991907433,0.06284162991907433,2700.0,,2276.1106511544644,0.14303450319471214,1.5663074166862279,1.4983556193855323,4.0201330747706904e-07,1.50-2.00,1.50-2.00,1.6666666666666667e-05,pneumatic_feed,0.003846565561711615,0.6301805352241198,-1.7367500806145274e-33,-0.2708858505012088,active,
aluminum,partial,0.2253806592577253,1.6413082786789095,1.6413082786789095,0.0218,0.03542983963531442,0.05722983963531442,2700.0,,2298.1888327732445,0.1315249783512832,1.505640089965378,1.4368075933129465,3.543142008365979e-07,1.50-2.00,1.50-2.00,1.6666666666666667e-05,pneumatic_feed,-0.0172581030844957,2.25,0.0,0.0,light,3.135999999999876
aluminum,partial,0.2065011252026898,1.809932464546803,1.809932464546803,0.0218,0.032461976881862836,0.054261976881862836,2700.0,,2311.7113489930202,0.1254380277765992,1.4771548354901611,1.4031661640666444,4.109168564901686e-07,1.50-2.00,1.50-2.00,1.6666666666666667e-05,pneumatic_feed,0.01829721123345089,2.25,0.0,0.0,light,2.911999999999901
aluminum,partial,0.11787787335977101,1.5065191638814193,1.5065191638814193,0.0218,0.018530401692156,0.040330401692156,2700.0,,2401.7862725320533,0.09686500514992377,1.3020214408837016,1.233042221837194,2.1984481483023394e-07,1.50-2.00,1.50-2.00,1.6666666666666667e-05,pneumatic_feed,0.03771560833993008,2.25,0.0,0.0,light,2.185999999999981
copper,heavily_coated,0.6389475813340086,1.8464712143123734,1.8464712143123734,0.012,0.09328634687476525,0.10528634687476525,8900.0,,1900.4016457400846,0.2000863468747653,1.819658629270611,1.7721611948539886,6.821855849223673e-07,1.50-2.00,1.50-2.00,1.6666666666666667e-05,pneumatic_feed,0.025351648953382034,0.5739137892816433,2.4710850155251838e-29,-0.28791399349860486,active,
copper,partial,0.4600002696267434,1.5632874013786466,1.5632874013786466,0.012,0.06716003936550453,0.07916003936550453,8900.0,,2197.5739370502497,0.17396003936550453,1.7065829830379593,1.6524154374372564,4.251352863839059e-07,1.50-2.00,1.50-2.00,1.6666666666666667e-05,pneumatic_feed,0.010763810310240646,0.5957125597777757,9.715173967767288e-31,-0.28868402480745914,active,
aluminum,partial,0.1296196337364115,1.6057747082587208,1.6057747082587208,0.0218,0.020376206423363893,0.04217620642336389,2700.0,,2386.432414111101,0.10065066611295642,1.3278551022272123,1.2569060646321044,2.5952899201775925e-07,1.50-2.00,1.50-2.00,1.6666666666666667e-05,pneumatic_feed,0.033331763160790305,2.25,0.0,0.0,light,2.2999999999999683
copper,partial,0.10237033449660693,1.9020169034284562,1.9020169034284562,0.012,0.014946068836504612,0.026946068836504612,8900.0,,4518.138418453519,0.1217460688365046,1.4776506877246878,1.3823625777840547,4.40436893992369e-07,1.50-2.00,1.50-2.00,1.6666666666666667e-05,pneumatic_feed,-0.023318539417097436,2.25,0.0,0.0,light,2.9139999999999007
aluminum,heavily_coated,0.30117053654821113,1.914993704210691,1.914993704210691,0.0218,0.04734400834537879,0.06914400834537879,2700.0,,2255.587959400278,0.15596039268850875,1.6376456844146345,1.564593980443116,5.719380904301481e-07,1.50-2.00,1.50-2.00,1.6666666666666667e-05,pneumatic_feed,-0.032184902779637176,0.610075620482551,6.140420338336114e-33,-0.2889949566647879,active,
aluminum,heavily_coated,0.3118781873228732,1.5372694780010132,1.5372694780010132,0.0218,0.049027251047155676,0.07082725104715568,2700.0,,2250.724742495415,0.15941264637476754,1.6404915645352707,1.5818156964382264,3.767235590907422e-07,1.50-2.00,1.50-2.00,1.6666666666666667e-05,pneumatic_feed,0.013896110901106484,0.609465158626845,6.251842361321721e-32,-0.2889846295500069,active,
aluminum,heavily_coated,0.29469866965197833,1.6503093971211094,1.6503093971211094,0.0218,0.046326630869290994,0.068126630869291,2700.0,,2258.643883002514,0.15387379808249432,1.6188605283169721,1.554092382937009,4.1907853677286796e-07,1.50-2.00,1.50-2.00,1.6666666666666667e-05,pneumatic_feed,0.022481035767569452,0.6141447459679553,-1.1514639789678292e-34,-0.28905448936718214,active,
aluminum,heavily_coated,0.3893673224997648,1.6066883749134528,1.6066883749134528,0.0218,0.06120854309696304,0.08300854309696304,2700.0,,2221.408924521836,0.18439591844714914,1.755394697680457,1.701257868739026,4.760083889701847e-07,1.50-2.00,1.50-2.00,1.6666666666666667e-05,pneumatic_feed,0.018880055577618033,0.5860490904477567,5.479677943416309e-30,-0.28839711789104144,active,
aluminum,partial,0.05853673968252837,1.5521476621324621,1.5521476621324621,0.0218,0.009201975478093462,0.03100197547809346,2700.0,,2507.3508717523937,0.07773283024104397,1.1739824923374198,1.1045788805981338,1.87271009146575e-07,1.50-2.00,1.50-2.00,1.6666666666666667e-05,pneumatic_feed,-0.0013918619116879821,2.25,0.0,0.0,light,1.8760000000000014
aluminum,bare_like,0.047076006692328254,1.6669248318676901,1.6669248318676901,0.0218,0.007400348252034002,0.029200348252034002,2700.0,,2535.5100109984587,0.07403777531767355,1.148458608801877,1.0780059932051418,2.0572420518526215e-07,1.50-2.00,1.50-2.00,1.6666666666666667e-05,pneumatic_feed,0.02534565233463271,2.25,0.0,0.0,light,1.8300000000000014
aluminum,partial,0.2624551379227367,1.8833107712330972,1.8833107712330972,0.0218,0.041257947681454216,0.06305794768145422,2700.0,,2275.338260967023,0.14347816101766955,1.5746070884382655,1.5006775854037873,5.088968728585153e-07,1.50-2.00,1.50-2.00,1.6666666666666667e-05,pneumatic_feed,0.015784194629424434,0.626321404172108,-4.9724666939240426e-33,-0.2777648290341081,active,
copper,partial,0.21618305685119332,1.9688609551867162,1.9688609551867162,0.012,0.03156272630027422,0.04356272630027422,8900.0,,3176.1723393194347,0.1383627263002742,1.5631258675238557,1.4736829211228257,5.363511347114979e-07,1.50-2.00,1.50-2.00,1.6666666666666667e-05,pneumatic_feed,-0.01027263071959391,2.25,0.0,0.0,light,4.309999999999747
copper,partial,0.08182678361420836,1.9750751342170938,1.9750751342170938,0.012,0.011946710407674421,0.02394671040767442,8900.0,,4958.790096263851,0.11874671040767441,1.4622600992118555,1.365228320303552,4.632216296216979e-07,1.50-2.00,1.50-2.00,1.6666666666666667e-05,pneumatic_feed,-0.04312206743492191,2.25,0.0,0.0,light,2.8499999999999077
aluminum,bare_like,0.022739828752387396,1.9590271910295254,1.9590271910295254,0.0218,0.0035747010798753004,0.0253747010798753,2700.0,,2608.5646479025445,0.06619154818805723,1.0907285524644006,1.0192853086156723,2.54029098571255e-07,1.50-2.00,1.50-2.00,1.6666666666666667e-05,pneumatic_feed,0.011659558571893056,2.25,0.0,0.0,light,1.6880000000000013
copper,partial,0.3648746575370654,1.7365296472804235,1.7365296472804235,0.012,0.05327170000041155,0.06527170000041155,8900.0,,2452.3905459701873,0.16007170000041154,1.6568393927470306,1.5850821439933198,4.827018484176394e-07,1.50-2.00,1.50-2.00,1.6666666666666667e-05,pneumatic_feed,0.014348565196483852,0.6059882170444211,7.81956912230956e-32,-0.28893678941490425,active,
copper,partial,0.23959420373936968,1.907499703690549,1.907499703690549,0.012,0.03498075374594797,0.04698075374594797,8900.0,,3017.847574618285,0.14178075374594798,1.5785195392473526,1.4917743498252005,5.158770874001639e-07,1.50-2.00,1.50-2.00,1.6666666666666667e-05,pneumatic_feed,0.013248269810122736,0.6248549434609928,1.4199174654107718e-33,-0.28041853540112077,active,
copper,heavily_coated,0.5809876554086356,1.9461627070721148,1.9461627070721148,0.012,0.08482419768966079,0.09682419768966079,8900.0,,1979.094092820178,0.1916241976896608,1.792520813719884,1.734281813009903,7.257860924496175e-07,1.50-2.00,1.50-2.00,1.6666666666666667e-05,pneumatic_feed,-0.031393997623015306,0.578960216417382,-1.0546490228475553e-29,-0.2881227054816244,active,
aluminum,partial,0.07243769219158824,1.7478164512502876,1.7478164512502876,0.0218,0.011387205212517675,0.033187205212517674,2700.0,,2477.299182411418,0.08221463633948997,1.2084947084571973,1.1359757620586077,2.511543969472761e-07,1.50-2.00,1.50-2.00,1.6666666666666667e-05,pneumatic_feed,-0.015246381858803936,2.25,0.0,0.0,light,1.9460000000000015
copper,heavily_coated,0.5209404412386878,1.6865888397730666,1.6865888397730666,0.012,0.0760573044208484,0.0880573044208484,8900.0,,2076.571678221338,0.1828573044208484,1.7471584414972703,1.6941452860335318,5.201525810800855e-07,1.50-2.00,1.50-2.00,1.6666666666666667e-05,pneumatic_feed,0.03686739421784399,0.5876518170341962,1.5333502253379367e-30,-0.28843719594391654,active,
aluminum,bare_like,0.03258313623638888,1.925501227956984,1.925501227956984,0.0218,0.005122069016360333,0.026922069016360333,2700.0,,2576.5155312476727,0.06936512895397415,1.1154485280610962,1.0434342643701031,2.571750292128401e-07,1.50-2.00,1.50-2.00,1.6666666666666667e-05,pneumatic_feed,0.005434949058388697,2.25,0.0,0.0,light,1.7380000000000013
aluminum,bare_like,0.015356419669268736,1.5565991557290868,1.5565991557290868,0.0218,0.002414029172009044,0.024214029172009044,2700.0,,2635.293069661174,0.06381106326556893,1.0682312410926385,1.0007889133160748,1.5461426573991332e-07,1.50-2.00,1.50-2.00,1.6666666666666667e-05,pneumatic_feed,-0.03814706666546431,2.25,0.0,0.0,light,1.6520000000000012
aluminum,partial,0.1862097802136624,1.7309796866499354,1.7309796866499354,0.0218,0.02927217744958773,0.05107217744958773,2700.0,,2327.9973789260607,0.1188958952386869,1.4387670296993949,1.3660856384818743,3.5624666227016284e-07,1.50-2.00,1.50-2.00,1.6666666666666667e-05,pneumatic_feed,-0.03949279208838264,2.25,0.0,0.0,light,2.681999999999926
aluminum,bare_like,0.02765364369947935,1.9836860556398663,1.9836860556398663,0.0218,0.004347152789558155,0.026147152789558155,2700.0,,2592.0914529636802,0.06777581126514914,1.103457156030605,1.0314112339982444,2.666985199832446e-07,1.50-2.00,1.50-2.00,1.6666666666666667e-05,pneumatic_feed,0.025567811813141623,2.25,0.0,0.0,light,1.7220000000000013
copper,heavily_coated,0.5804736560909256,1.7046908801535527,1.7046908801535527,0.012,0.08474915378927514,0.09674915378927514,8900.0,,1979.8535313960422,0.19154915378927515,1.7808626204132227,1.7339421898888276,5.566362853882902e-07,1.50-2.00,1.50-2.00,1.6666666666666667e-05,pneumatic_feed,-0.03471918279882979,0.5811628256183663,-6.582457592790552e-30,-0.2882049578183044,active,
aluminum,partial,0.07162629678563304,1.974230791201906,1.974230791201906,0.0218,0.011259653854701512,0.03305965385470151,2700.0,,2478.9441143831323,0.08195303434665595,1.2091855877168496,1.134167019051917,3.194190990581272e-07,1.50-2.00,1.50-2.00,1.6666666666666667e-05,pneumatic_feed,0.01725416718757873,2.25,0.0,0.0,light,1.9360000000000015
copper,partial,0.3005389035038757,1.9200570409166149,1.9200570409166149,0.012,0.043878679911565854,0.05587867991156585,8900.0,,2696.532562151279,0.15067867991156586,1.6203666469565934,1.5378727385229045,5.554948903403178e-07,1.50-2.00,1.50-2.00,1.6666666666666667e-05,pneumatic_feed,0.023407855229558832,0.6138156004752059,-6.363561017075134e-33,-0.28907773865940944,active,
aluminum,partial,0.15864021830075775,1.5605093596329396,1.5605093596329396,0.0218,0.02493824231687912,0.04673824231687912,2700.0,,2353.686987981128,0.1100071927823473,1.383362662427165,1.3140292606756225,2.6788835655299183e-07,1.50-2.00,1.50-2.00,1.6666666666666667e-05,pneumatic_feed,-0.0006499266589067547,2.25,0.0,0.0,light,2.4499999999999518
copper,partial,0.19970095374489438,1.5474579306799008,1.5474579306799008,0.012,0.029156339246754575,0.041156339246754575,8900.0,,3303.4118615755056,0.13595633924675457,1.542893959265144,1.4608116582287602,3.255645912455174e-07,1.50-2.00,1.50-2.00,1.6666666666666667e-05,pneumatic_feed,-0.03967053839941844,2.25,0.0,0.0,light,3.6239999999998225
aluminum,partial,0.06971920266174614,1.5676227764418966,1.5676227764418966,0.0218,0.010959858658426497,0.0327598586584265,2700.0,,2482.8607772168075,0.08133816813017357,1.1998305953271005,1.1299043707195775,1.998837629919779e-07,1.50-2.00,1.50-2.00,1.6666666666666667e-05,pneumatic_feed,0.020286595995162096,2.25,0.0,0.0,light,1.9220000000000015
aluminum,heavily_coated,0.430803074161198,1.71170177826624,1.71170177826624,0.0218,0.06772224325814033,0.08952224325814033,2700.0,,2209.0065210953007,0.19775521914031183,1.816821820425961,1.7618075716792498,5.794075605232157e-07,1.50-2.00,1.50-2.00,1.6666666666666667e-05,pneumatic_feed,-0.01751387780223463,0.5744359863698036,-1.5008481462927694e-29,-0.28796458643485967,active,
aluminum,bare_like,0.007436447018240793,1.6903979956135358,1.6903979956135358,0.0218,0.0011690094712674542,0.022969009471267454,2700.0,,2666.966764926444,0.061257584883151014,1.0486457505372107,0.9805605806506493,1.750402031332682e-07,1.50-2.00,1.50-2.00,1.6666666666666667e-05,pneumatic_feed,0.02572651588917187,2.25,0.0,0.0,light,1.6260000000000012
copper,partial,0.2798344000054772,1.7729839215041656,1.7729839215041656,0.012,0.04085582240079967,0.05285582240079967,8900.0,,2793.5583194816722,0.14765582240079966,1.602969260864017,1.5223684798375694,4.64151941273754e-07,1.50-2.00,1.50-2.00,1.6666666666666667e-05,pneumatic_feed,0.02297933348885334,0.6176708731215717,2.847519297940621e-32,-0.2889731564142078,active,
aluminum,bare_like,0.04660895206884347,1.5895617190402764,1.5895617190402764,0.0218,0.007326927265222195,0.029126927265222195,2700.0,,2536.7314431666045,0.07388719223651583,1.1463974483070516,1.0769091741388188,1.8669124583465264e-07,1.50-2.00,1.50-2.00,1.6666666666666667e-05,pneumatic_feed,0.03052861559305024,2.25,0.0,0.0,light,1.8340000000000014
aluminum,partial,0.09331512449987972,1.7128174072289744,1.7128174072289744,0.0218,0.014669137571381094,0.036469137571381094,2700.0,,2438.9315243858623,0.08894572929000621,1.2542068313852648,1.1815634417736263,2.609439525340022e-07,1.50-2.00,1.50-2.00,1.6666666666666667e-05,pneumatic_feed,0.0021497819920576976,2.25,0.0,0.0,light,2.085999999999992
aluminum,partial,0.1947834937055115,1.5350835903443567,1.5350835903443567,0.0218,0.03061996521050641,0.05241996521050641,2700.0,,2320.874226395135,0.12166014620559396,1.44905552381391,1.3818746885456015,2.8668989955685067e-07,1.50-2.00,1.50-2.00,1.6666666666666667e-05,pneumatic_feed,0.03633827308098378,2.25,0.0,0.0,light,2.7499999999999187
copper,partial,0.22298088687329742,1.6624803218574926,1.6624803218574926,0.012,0.03255520948350142,0.04455520948350142,8900.0,,3127.6973242624745,0.1393552094835014,1.5617418756797807,1.4789588797708468,3.8515561652866394e-07,1.50-2.00,1.50-2.00,1.6666666666666667e-05,pneumatic_feed,0.012274964867366499,2.25,0.0,0.0,light,4.307999999999748
copper,partial,0.13530800967966172,1.939537007911944,1.939537007911944,0.012,0.01975496941323061,0.03175496941323061,8900.0,,3985.3595122816228,0.1265549694132306,1.5033038950950497,1.4093994465409967,4.760749654879449e-07,1.50-2.00,1.50-2.00,1.6666666666666667e-05,pneumatic_feed,-0.008137643873224526,2.25,0.0,0.0,light,3.1239999999998775
aluminum,partial,0.2538335744436364,1.851980748952833,1.851980748952833,0.0218,0.039902637902539645,0.061702637902539645,2700.0,,2280.266898128544,0.1406984827363728,1.5595222955020884,1.4860697779815415,4.825722561546151e-07,1.50-2.00,1.50-2.00,1.6666666666666667e-05,pneumatic_feed,0.017554862829252515,2.25,0.0,0.0,light,4.19599999999976
aluminum,partial,0.16032622778607036,1.729578212428776,1.729578212428776,0.0218,0.025203283007970263,0.04700328300797026,2700.0,,2351.979947480712,0.11055077910050695,1.3904204946509913,1.3172718127863958,3.307061102890531e-07,1.50-2.00,1.50-2.00,1.6666666666666667e-05,pneumatic_feed,0.012049224870923867,2.25,0.0,0.0,light,2.483999999999948
copper,partial,0.2730822949017748,1.705205611641587,1.705205611641587,0.012,0.039870015055659125,0.05187001505565912,8900.0,,2827.645507684447,0.14667001505565913,1.5966992735566814,1.5172780089072755,4.264762423011747e-07,1.50-2.00,1.50-2.00,1.6666666666666667e-05,pneumatic_feed,0.03246000498871836,0.6192686458397212,-8.414496049615748e-34,-0.287929522531183,active,
copper,partial,0.2986389850078869,1.6304797004744116,1.6304797004744116,0.012,0.04360129181115148,0.055601291811151476,8900.0,,2704.9963573146115,0.15040129181115147,1.611282391968145,1.5364565325019233,3.9983642790384294e-07,1.50-2.00,1.50-2.00,1.6666666666666667e-05,pneumatic_feed,-0.031345922692065015,0.6158056545398563,-7.488338886593187e-33,-0.2891031180454809,active,
copper,partial,0.4443376475717315,1.6193627463714457,1.6193627463714457,0.012,0.06487329654547279,0.07687329654547279,8900.0,,2233.198057844743,0.1716732965454728,1.7002308979416576,1.6415188279693114,4.501850150121991e-07,1.50-2.00,1.50-2.00,1.6666666666666667e-05,pneumatic_feed,0.009646868768059131,0.5970000256045292,1.12699042108313e-30,-0.2887203820631646,active,
aluminum,bare_like,0.039059188889352496,1.9880165786230761,1.9880165786230761,0.0218,0.006140104493406212,0.027940104493406212,2700.0,,2557.365993626791,0.07145307308981613,1.1320302735627275,1.059021923860764,2.8239754405713716e-07,1.50-2.00,1.50-2.00,1.6666666666666667e-05,pneumatic_feed,0.00905331084497651,2.25,0.0,0.0,light,1.8000000000000014
aluminum,partial,0.08912137520884233,1.70469605835632,1.70469605835632,0.0218,0.014009880182830017,0.03580988018283002,2700.0,,2446.0741598091663,0.08759362258108286,1.2449790459696652,1.1725482932624467,2.5454607315350197e-07,1.50-2.00,1.50-2.00,1.6666666666666667e-05,pneumatic_feed,-0.02027180056575045,2.25,0.0,0.0,light,2.055999999999995
copper,partial,0.06422626418251275,1.9840510229943509,1.9840510229943509,0.012,0.009377034570646859,0.02137703457064686,8900.0,,5434.665607463224,0.11617703457064685,1.4482774787297712,1.3503757753384327,4.573260708076738e-07,1.50-2.00,1.50-2.00,1.6666666666666667e-05,pneumatic_feed,0.00045671546531054526,2.25,0.0,0.0,light,2.7519999999999185
aluminum,bare_like,0.03385758196784279,1.7024866739121154,1.7024866739121154,0.0218,0.005322411885344887,0.027122411885344887,2700.0,,2572.6334109672016,0.06977602300225219,1.1166316790125004,1.0465201656171517,2.022430726745456e-07,1.50-2.00,1.50-2.00,1.6666666666666667e-05,pneumatic_feed,0.005934754619427324,2.25,0.0,0.0,light,1.7580000000000013
copper,partial,0.09184776625773905,1.586361368833311,1.586361368833311,0.012,0.013409773873629901,0.0254097738736299,8900.0,,4730.847841128678,0.1202097738736299,1.4656715780105152,1.3736129770501206,3.025129919490377e-07,1.50-2.00,1.50-2.00,1.6666666666666667e-05,pneumatic_feed,0.01678415854809348,2.25,0.0,0.0,light,2.865999999999906
aluminum,partial,0.13202024901771875,1.7644742834471332,1.7644742834471332,0.0218,0.020753583145585383,0.04255358314558538,2700.0,,2383.457302263035,0.10142464848580271,1.3356796017079662,1.2617294807656512,3.157724068341963e-07,1.50-2.00,1.50-2.00,1.6666666666666667e-05,pneumatic_feed,-0.03749172919574471,2.25,0.0,0.0,light,2.327999999999965
copper,heavily_coated,0.49443931401101365,1.9030949595324242,1.9030949595324242,0.012,0.07218813984560798,0.08418813984560798,8900.0,,2126.049348208109,0.178988139845608,1.741202239074613,1.6761258434308157,6.482539513181788e-07,1.50-2.00,1.50-2.00,1.6666666666666667e-05,pneumatic_feed,0.006448890358077395,0.5888177157072108,2.80223313975667e-30,-0.28847859224571526,active,
aluminum,partial,0.154378608778733,1.9032219225387133,1.9032219225387133,0.0218,0.02426831730001683,0.04606831730001683,2700.0,,2358.0893252272454,0.10863320725635131,1.382209787753027,1.3057973889909913,3.9349703545324523e-07,1.50-2.00,1.50-2.00,1.6666666666666667e-05,pneumatic_feed,-0.023488726614439168,2.25,0.0,0.0,light,2.4339999999999535
aluminum,partial,0.1409310313443098,1.6994800267112287,1.6994800267112287,0.0218,0.022154358127325496,0.043954358127325496,2700.0,,2372.8608096970324,0.10429757381571891,1.3522118515432349,1.2794743915419036,3.0123562788820376e-07,1.50-2.00,1.50-2.00,1.6666666666666667e-05,pneumatic_feed,-0.009987529778116823,2.25,0.0,0.0,light,2.3699999999999606
aluminum,partial,0.12112690292917155,1.5526325733485642,1.5526325733485642,0.0218,0.01904114914046577,0.04084114914046577,2700.0,,2397.3988693766114,0.0979125247733942,1.3096216473461826,1.2396914893808038,2.360345812451443e-07,1.50-2.00,1.50-2.00,1.6666666666666667e-05,pneumatic_feed,-0.012603483467014953,2.25,0.0,0.0,light,2.2139999999999778
copper,partial,0.17551088029224593,1.5232215283701045,1.5232215283701045,0.012,0.02562458852266791,0.03762458852266791,8900.0,,3519.62888425704,0.1324245885226679,1.5254870891544434,1.4417129885839954,3.0725203674682945e-07,1.50-2.00,1.50-2.00,1.6666666666666667e-05,pneumatic_feed,0.025176885596615912,2.25,0.0,0.0,light,3.3579999999998518
copper,bare_like,0.03588535287600681,1.9052123632582665,1.9052123632582665,0.012,0.005239261519896992,0.017239261519896992,8900.0,,6499.0754615901005,0.11203926151989699,1.4246875894912827,1.3261101948240588,4.0668393750622874e-07,1.50-2.00,1.50-2.00,1.6666666666666667e-05,pneumatic_feed,-0.0021317730742476952,2.25,0.0,0.0,light,2.6339999999999315
aluminum,partial,0.09128653174474832,1.5543992081470814,1.5543992081470814,0.0218,0.014350242790274435,0.036150242790274435,2700.0,,2442.3540171513755,0.08829169069982432,1.2472392107477939,1.1772112712782028,2.1332657754591519e-07,1.50-2.00,1.50-2.00,1.6666666666666667e-05,pneumatic_feed,-0.01607143392614702,2.25,0.0,0.0,light,2.0639999999999943
copper,heavily_coated,0.49499160811818654,1.9387070187629911,1.9387070187629911,0.012,0.07226877478525523,0.08426877478525523,8900.0,,2124.9718563202305,0.17906877478525524,1.7428290990735014,1.6765033519290578,6.730451937932359e-07,1.50-2.00,1.50-2.00,1.6666666666666667e-05,pneumatic_feed,0.025392807880006304,0.5884986754920827,4.623832560998184e-30,-0.28846846650357055,active,
aluminum,bare_like,0.043541080641661886,1.9272569544477478,1.9272569544477478,0.0218,0.006844657876869248,0.028644657876869248,2700.0,,2544.910123312867,0.07289807980967822,1.1425199835600728,1.069676708493136,2.7076674976115614e-07,1.50-2.00,1.50-2.00,1.6666666666666667e-05,pneumatic_feed,0.028357066741361958,2.25,0.0,0.0,light,1.8220000000000014
copper,partial,0.42681631431389133,1.9167600267785982,1.9167600267785982,0.012,0.06231518188982814,0.07431518188982814,8900.0,,2275.6478230860084,0.16911518188982813,1.7010947213530976,1.6292427366548985,6.213239357359329e-07,1.50-2.00,1.50-2.00,1.6666666666666667e-05,pneumatic_feed,-0.017338908392853635,0.59682449474634,-8.995285950275414e-31,-0.28871913214231826,active,
copper,partial,0.15233862745204585,1.8032879457332875,1.8032879457332875,0.012,0.02224143960799869,0.03424143960799869,8900.0,,3768.5751850764773,0.1290414396079987,1.5141564041857853,1.4231775841711207,4.19623071846439e-07,1.50-2.00,1.50-2.00,1.6666666666666667e-05,pneumatic_feed,-0.0011297832997096463,2.25,0.0,0.0,light,3.211999999999868
copper,partial,0.2010389918320109,1.7726192420251419,1.7726192420251419,0.012,0.02935169280747359,0.04135169280747359,8900.0,,3292.530089188188,0.13615169280747358,1.548814596322721,1.4618607903306338,4.278129868495348e-07,1.50-2.00,1.50-2.00,1.6666666666666667e-05,pneumatic_feed,-0.009377744830570113,2.25,0.0,0.0,light,3.655999999999819
copper,partial,0.2803727289689807,1.7348767151451656,1.7348767151451656,0.012,0.04093441842947118,0.05293441842947118,8900.0,,2790.8952778296743,0.1477344184294712,1.602337127421243,1.522773598296536,4.446506414076277e-07,1.50-2.00,1.50-2.00,1.6666666666666667e-05,pneumatic_feed,0.004035324521474077,0.617824420741713,7.74138344581227e-33,-0.28890453133085015,active,
aluminum,partial,0.24235601975611046,1.6751100914654968,1.6751100914654968,0.0218,0.03809836630566057,0.05989836630566057,2700.0,,2287.174305063156,0.13699800432956757,1.5353692039171396,1.4663971753781078,3.8441555329965046e-07,1.50-2.00,1.50-2.00,1.6666666666666667e-05,pneumatic_feed,0.026563937039126087,2.25,0.0,0.0,light,3.4419999999998425
copper,partial,0.37725082861149045,1.7876247342101441,1.7876247342101441,0.012,0.0550786209772776,0.0670786209772776,8900.0,,2413.266978641568,0.16187862097727762,1.666256379361592,1.5940033986348179,5.172996757674266e-07,1.50-2.00,1.50-2.00,1.6666666666666667e-05,pneumatic_feed,-0.02382363175891433,0.6040083210260988,-2.7067208492398616e-31,-0.28889501472934087,active,
copper,partial,0.4182625425848398,1.7463452804114739,1.7463452804114739,0.012,0.06106633121738661,0.07306633121738661,8900.0,,2297.4512120767567,0.16786633121738662,1.6900009046416238,1.6232159236491308,5.119456162483416e-07,1.50-2.00,1.50-2.00,1.6666666666666667e-05,pneumatic_feed,0.024599432350097584,0.5990884312496307,2.631268619076601e-31,-0.288777125476339,active,
aluminum,partial,0.07410190482941476,1.5877410213490826,1.5877410213490826,0.0218,0.011648819439184,0.033448819439184,2700.0,,2473.964597958629,0.08275119513605161,1.2100101221664783,1.1396766027498617,2.086092711791042e-07,1.50-2.00,1.50-2.00,1.6666666666666667e-05,pneumatic_feed,0.02680912995506945,2.25,0.0,0.0,light,1.9400000000000015
copper,heavily_coated,0.5178801711543954,1.5731921166169824,1.5731921166169824,0.012,0.07561050498854173,0.08761050498854173,8900.0,,2082.0620199871983,0.18241050498854172,1.7395522939877694,1.6920742555514965,4.5145385783471825e-07,1.50-2.00,1.50-2.00,1.6666666666666667e-05,pneumatic_feed,0.00527737970480492,0.5891417606251647,-2.041888298720043e-30,-0.2884848185479526,active,
aluminum,bare_like,0.03912551656158583,1.9827158819829953,1.9827158819829953,0.0218,0.006150531203481295,0.027950531203481295,2700.0,,2557.177080975069,0.07147445779462089,1.1321524742051927,1.0591803857437927,2.8097769165568895e-07,1.50-2.00,1.50-2.00,1.6666666666666667e-05,pneumatic_feed,0.01962804966318812,2.25,0.0,0.0,light,1.8020000000000014
aluminum,partial,0.09565078470196892,1.5871871131007995,1.5871871131007995,0.0218,0.015036303355149515,0.036836303355149515,2700.0,,2435.0643611263017,0.0896987694957618,1.2571953284840236,1.1865546283275277,2.2596581515912998e-07,1.50-2.00,1.50-2.00,1.6666666666666667e-05,pneumatic_feed,0.02008523882381875,2.25,0.0,0.0,light,2.0959999999999908
aluminum,heavily_coated,0.27477929413063895,1.525465656799737,1.525465656799737,0.0218,0.04319530503733644,0.06499530503733644,2700.0,,2268.649899188195,0.1474515922206593,1.5827821451631465,1.5213152833963999,3.4312655973249804e-07,1.50-2.00,1.50-2.00,1.6666666666666667e-05,pneumatic_feed,0.0224336671023349,0.6233933183108975,-4.923876105138415e-33,-0.2828400797196797,active,
copper,partial,0.0629963740737137,1.8830081376691512,1.8830081376691512,0.012,0.009197470614762199,0.0211974706147622,8900.0,,5472.231697964003,0.11599747061476219,1.4464754477322397,1.3493317971386087,4.1129451050634515e-07,1.50-2.00,1.50-2.00,1.6666666666666667e-05,pneumatic_feed,-0.00782488202957285,2.25,0.0,0.0,light,2.727999999999921
aluminum,partial,0.08658428075850971,1.8582599349851159,1.8582599349851159,0.0218,0.013611048935237728,0.03541104893523773,2700.0,,2450.5243580344836,0.08677563795935112,1.2414790543999472,1.1670605868634136,2.996475574891889e-07,1.50-2.00,1.50-2.00,1.6666666666666667e-05,pneumatic_feed,-0.034117322331912794,2.25,0.0,0.0,light,2.0439999999999965
copper,partial,0.2614699170570879,1.8410591137164172,1.8410591137164172,0.012,0.03817460789033483,0.05017460789033483,8900.0,,2889.4019103687187,0.14497460789033484,1.5922095039633297,1.5084831604783315,4.913912392070608e-07,1.50-2.00,1.50-2.00,1.6666666666666667e-05,pneumatic_feed,-0.018174074184123402,0.6205078866390061,1.111984755121069e-33,-0.2867267821795384,active,
copper,partial,0.25908352547046654,1.5258391971657672,1.5258391971657672,0.012,0.037826194718688116,0.04982619471868811,8900.0,,2902.613686138944,0.1446261947186881,1.5822122062471644,1.506669423697358,3.36716574118665e-07,1.50-2.00,1.50-2.00,1.6666666666666667e-05,pneumatic_feed,0.011268766875317754,0.6235824028939798,-3.803077931150494e-33,-0.2825719175473657,active,
aluminum,partial,0.12388918232896595,1.7088500631198644,1.7088500631198644,0.0218,0.019475379462113446,0.041275379462113446,2700.0,,2393.7541595558923,0.09880311127468192,1.318259710537101,1.2453166804341005,2.8852173702304665e-07,1.50-2.00,1.50-2.00,1.6666666666666667e-05,pneumatic_feed,-0.00012691970109285778,2.25,0.0,0.0,light,2.2599999999999727
aluminum,bare_like,0.044242209920917944,1.8993022144750877,1.8993022144750877,0.0218,0.006954875399568301,0.0287548753995683,2700.0,,2543.0167887877883,0.07312413090060316,1.1439823821525177,1.0713339155538142,2.637842533074119e-07,1.50-2.00,1.50-2.00,1.6666666666666667e-05,pneumatic_feed,0.009084780098836334,2.25,0.0,0.0,light,1.8280000000000014
aluminum,heavily_coated,0.2846840062039657,1.7305617113892882,1.7305617113892882,0.0218,0.044752325775263405,0.0665523257752634,2700.0,,2263.5568131596874,0.15064497044022057,1.6059816133702003,1.5377007043081246,4.5115816128688775e-07,1.50-2.00,1.50-2.00,1.6666666666666667e-05,pneumatic_feed,-0.018054337845432356,0.6169748869168233,4.626656163413974e-33,-0.28908879706147306,active,
aluminum,partial,0.22825262054375478,1.62393884256387,1.62393884256387,0.0218,0.03588131194947825,0.05768131194947825,2700.0,,2296.2537243522256,0.13245092738951197,1.5100117930483197,1.441856357722842,3.4929658760377746e-07,1.50-2.00,1.50-2.00,1.6666666666666667e-05,pneumatic_feed,0.0025061210945259544,2.25,0.0,0.0,light,3.1679999999998727
aluminum,bare_like,0.049151615108214586,1.5712025480976748,1.5712025480976748,0.0218,0.0077266338950113325,0.029526633895011332,2700.0,,2530.155401143155,0.07470697222703947,1.1522182265992313,1.0828668598103885,1.8442741748165106e-07,1.50-2.00,1.50-2.00,1.6666666666666667e-05,pneumatic_feed,0.031010561382766054,2.25,0.0,0.0,light,1.8340000000000014
copper,partial,0.15091611919230496,1.5151731003162918,1.5151731003162918,0.012,0.022033753402076525,0.034033753402076525,8900.0,,3785.470026771009,0.12883375340207653,1.507900690998348,1.4220318538622803,2.957700280379123e-07,1.50-2.00,1.50-2.00,1.6666666666666667e-05,pneumatic_feed,0.008459970934205717,2.25,0.0,0.0,light,3.1539999999998742
copper,partial,0.32322888544435857,1.763959666000905,1.763959666000905,0.012,0.04719141727487636,0.059191417274876354,8900.0,,2601.583546475371,0.15399141727487636,1.6312182158207011,1.5546862337933207,4.79152564694673e-07,1.50-2.00,1.50-2.00,1.6666666666666667e-05,pneumatic_feed,-0.015004244989759769,0.6114598650378428,6.75954989746923e-32,-0.2890391864407017,active,
copper,partial,0.37271209394335203,1.6876579313549414,1.6876579313549414,0.012,0.0544159657157294,0.0664159657157294,8900.0,,2427.367636356575,0.16121596571572938,1.6600214188577413,1.5907375012471694,4.5917358745495637e-07,1.50-2.00,1.50-2.00,1.6666666666666667e-05,pneumatic_feed,-0.0068556180252470275,0.6053173634533967,-1.3050075157608815e-32,-0.28892219711947853,active,
aluminum,partial,0.12281340308596411,1.7947893601201674,1.7947893601201674,0.0218,0.01930626696511356,0.04110626696511356,2700.0,,2395.164449559588,0.09845626928894569,1.3175169579119117,1.243128956608803,3.1715411307206995e-07,1.50-2.00,1.50-2.00,1.6666666666666667e-05,pneumatic_feed,0.02880664065718495,2.25,0.0,0.0,light,2.2459999999999742
aluminum,partial,0.18465338978641233,1.65404585706253,1.65404585706253,0.0218,0.029027512874424018,0.05082751287442402,2700.0,,2329.3309608429045,0.11839409940103719,1.4340707903677896,1.3631998328193413,3.2391059209816437e-07,1.50-2.00,1.50-2.00,1.6666666666666667e-05,pneumatic_feed,0.020630865413152375,2.25,0.0,0.0,light,2.6679999999999278
copper,partial,0.1135505877421974,1.920876846862336,1.920876846862336,0.012,0.016578385810360818,0.028578385810360818,8900.0,,4317.192252532022,0.12337838581036081,1.4864873658050028,1.391598772520091,4.552376026819068e-07,1.50-2.00,1.50-2.00,1.6666666666666667e-05,pneumatic_feed,0.01355378656971999,2.25,0.0,0.0,light,2.9619999999998954
aluminum,bare_like,0.04403407402210301,1.8879571341366375,1.8879571341366375,0.0218,0.006922156436274595,0.028722156436274595,2700.0,,2543.5773239226214,0.07305702580546623,1.1433756838424827,1.070842227894753,2.604031580071743e-07,1.50-2.00,1.50-2.00,1.6666666666666667e-05,pneumatic_feed,0.019770660206671085,2.25,0.0,0.0,light,1.8240000000000014
aluminum,partial,0.2483749566344495,1.8864693550118745,1.8864693550118745,0.0218,0.039044543182935466,0.060844543182935466,2700.0,,2283.5009106860994,0.13893856976851285,1.5512868090147627,1.4767463529958615,4.944499453507197e-07,1.50-2.00,1.50-2.00,1.6666666666666667e-05,pneumatic_feed,-0.014110239011083029,2.25,0.0,0.0,light,3.7039999999998137
copper,partial,0.2602265745353154,1.7246274799791559,1.7246274799791559,0.012,0.03799307988215604,0.04999307988215604,8900.0,,2896.262447191953,0.14479307988215603,1.5886020841943642,1.507538451194636,4.306638412095266e-07,1.50-2.00,1.50-2.00,1.6666666666666667e-05,pneumatic_feed,0.01377779212041198,0.6215633219389334,-4.209135561886634e-33,-0.2854769326256576,active,
copper,partial,0.12114352639806425,1.9837674093957398,1.9837674093957398,0.012,0.01768695485411738,0.02968695485411738,8900.0,,4193.3217962519275,0.12448695485411737,1.493018050106202,1.3978366297211655,4.89897638260458e-07,1.50-2.00,1.50-2.00,1.6666666666666667e-05,pneumatic_feed,0.03404159007059588,2.25,0.0,0.0,light,3.0419999999998866
copper,partial,0.24417270835948912,1.7883984972344051,1.7883984972344051,0.012,0.03564921542048541,0.047649215420485405,8900.0,,2989.5395792654226,0.14244921542048541,1.579205014779912,1.4952868906132828,4.556051810155267e-07,1.50-2.00,1.50-2.00,1.6666666666666667e-05,pneumatic_feed,-0.024395546768784252,0.6246127918916649,3.084283246896325e-33,-0.2808460316126685,active,
aluminum,partial,0.19670539278667093,1.5680631262902518,1.5680631262902518,0.0218,0.03092208774606467,0.05272208774606467,2700.0,,2319.327456782625,0.12227978568835057,1.4534559268030216,1.3853893013028327,3.0066422329665843e-07,1.50-2.00,1.50-2.00,1.6666666666666667e-05,pneumatic_feed,0.02770876261265683,2.25,0.0,0.0,light,2.801999999999913
aluminum,partial,0.07159969975182195,1.7318445044844848,1.7318445044844848,0.0218,0.011255472800986412,0.03305547280098641,2700.0,,2478.99824910505,0.08194445919698493,1.206392456440565,1.1341076807586992,2.4577481907357007e-07,1.50-2.00,1.50-2.00,1.6666666666666667e-05,pneumatic_feed,-0.031345825023305816,2.25,0.0,0.0,light,1.9340000000000015
aluminum,partial,0.23876260393911336,1.759818562825408,1.759818562825408,0.0218,0.037533481339228625,0.059333481339228625,2700.0,,2289.4232408068497,0.13583945113600954,1.5317859226238448,1.4601835586770608,4.2068953324239583e-07,1.50-2.00,1.50-2.00,1.6666666666666667e-05,pneumatic_feed,-0.027284778217800492,2.25,0.0,0.0,light,3.3899999999998482
aluminum,partial,0.16026398453611684,1.9437939267078554,1.9437939267078554,0.0218,0.02519349836907757,0.04699349836907757,2700.0,,2352.042624837233,0.11053071125428943,1.3942671099812798,1.3171522477858537,4.1762203606219057e-07,1.50-2.00,1.50-2.00,1.6666666666666667e-05,pneumatic_feed,-0.02335027763315512,2.25,0.0,0.0,light,2.511999999999945
aluminum,partial,0.062081610758219496,1.913805467823489,1.913805467823489,0.0218,0.009759229211192107,0.03155922921119211,2700.0,,2499.292096037162,0.07887573212455755,1.18656164732201,1.112669533791168,2.888943082209445e-07,1.50-2.00,1.50-2.00,1.6666666666666667e-05,pneumatic_feed,-0.0005735898998486689,2.25,0.0,0.0,light,1.8940000000000015
aluminum,partial,0.1395103940050607,1.7720560783543857,1.7720560783543857,0.0218,0.021931033937595545,0.043731033937595545,2700.0,,2374.5047116734377,0.10383954613117162,1.3507628230081143,1.2766618644241199,3.260751509923668e-07,1.50-2.00,1.50-2.00,1.6666666666666667e-05,pneumatic_feed,0.04098096265987312,2.25,0.0,0.0,light,2.365999999999961
copper,partial,0.27786319198517206,1.665875029108137,1.665875029108137,0.012,0.04056802602983513,0.052568026029835124,8900.0,,2803.3775882357845,0.14736802602983512,1.5987782941036777,1.5208841298942837,4.089668466669529e-07,1.50-2.00,1.50-2.00,1.6666666666666667e-05,pneumatic_feed,-0.011840076409518095,0.6187211823172886,-1.0267963024177946e-32,-0.2883606288643089,active,
aluminum,heavily_coated,0.31943407677010716,1.6498201166004216,1.6498201166004216,0.0218,0.05021503686826086,0.07201503686826086,2700.0,,2247.42981090914,0.16184874069145025,1.6566578909418022,1.5938562776778222,4.405371258939938e-07,1.50-2.00,1.50-2.00,1.6666666666666667e-05,pneumatic_feed,0.006434780954905195,0.6060266942792492,-4.033065913162976e-33,-0.2889231547214274,active,
copper,partial,0.47722178559183737,1.934968300106703,1.934968300106703,0.012,0.06967438069640824,0.08167438069640824,8900.0,,2160.7066890703586,0.17647438069640825,1.7321699184002084,1.6643142369789499,6.607381386126692e-07,1.50-2.00,1.50-2.00,1.6666666666666667e-05,pneumatic_feed,-0.0032252657499196443,0.5905970237948392,-3.215087147092777e-30,-0.2885362000549285,active,
copper,partial,0.08584388638062956,1.625968926077445,1.625968926077445,0.012,0.012533207411571917,0.024533207411571917,8900.0,,4864.15026823131,0.11933320741157191,1.4616397842339417,1.368595639161558,3.1549014428715483e-07,1.50-2.00,1.50-2.00,1.6666666666666667e-05,pneumatic_feed,0.012325013127313116,2.25,0.0,0.0,light,2.845999999999908
aluminum,partial,0.19594595441465312,1.9584609148062353,1.9584609148062353,0.0218,0.03080270403398347,0.05260270403398347,2700.0,,2319.936539459812,0.12203493516282832,1.4612899594041955,1.3840015687548022,4.680734331214516e-07,1.50-2.00,1.50-2.00,1.6666666666666667e-05,pneumatic_feed,-0.03283694650650634,2.25,0.0,0.0,light,2.847999999999908
aluminum,partial,0.12131099571828058,1.8286459517025833,1.8286459517025833,0.0218,0.019070088526913706,0.040870088526913706,2700.0,,2397.1535580358372,0.09797187812953084,1.3149679935007252,1.2400671752454042,3.276126716177313e-07,1.50-2.00,1.50-2.00,1.6666666666666667e-05,pneumatic_feed,0.022764171922115068,2.25,0.0,0.0,light,2.2339999999999756
aluminum,partial,0.09873274399676762,1.7151300917056802,1.7151300917056802,0.0218,0.015520787356291872,0.03732078735629187,2700.0,,2430.077991822113,0.09069242399199785,1.2658928045028253,1.1931086652012877,2.6678729456993284e-07,1.50-2.00,1.50-2.00,1.6666666666666667e-05,pneumatic_feed,0.028347723522563435,2.25,0.0,0.0,light,2.109999999999989
aluminum,partial,0.1159447541666555,1.543847746240009,1.543847746240009,0.0218,0.018226515354998245,0.040026515354998245,2700.0,,2404.449833748852,0.0962417481908714,1.2988673529701782,1.2290689482709738,2.2938892146327604e-07,1.50-2.00,1.50-2.00,1.6666666666666667e-05,pneumatic_feed,0.02307619360021059,2.25,0.0,0.0,light,2.1779999999999817
copper,heavily_coated,0.5774738821190728,1.7761345286374273,1.7761345286374273,0.012,0.08431118678938462,0.09631118678938462,8900.0,,1984.3093326978794,0.19111118678938463,1.7828814295695379,1.7319587719822263,6.028896438239941e-07,1.50-2.00,1.50-2.00,1.6666666666666667e-05,pneumatic_feed,-0.018709061557398494,0.5807798870093136,-1.7778924570467313e-29,-0.28819135138554447,active,
aluminum,partial,0.09660808248019376,1.6058645240054528,1.6058645240054528,0.0218,0.015186790565886461,0.03698679056588646,2700.0,,2433.5015419114147,0.09000741187243927,1.259568333264878,1.1885942691893676,2.3211119199442405e-07,1.50-2.00,1.50-2.00,1.6666666666666667e-05,pneumatic_feed,-0.027790193290278906,2.25,0.0,0.0,light,2.093999999999991
aluminum,partial,0.1590080333047666,1.528757136778034,1.528757136778034,0.0218,0.024996062835509314,0.046796062835509314,2700.0,,2353.3129358529127,0.1101257800177898,1.3832470917653719,1.3147373285790698,2.5737478243369666e-07,1.50-2.00,1.50-2.00,1.6666666666666667e-05,pneumatic_feed,-0.003912262595967074,2.25,0.0,0.0,light,2.4499999999999518
copper,partial,0.11816482579579268,1.7944516242832145,1.7944516242832145,0.012,0.01725206456618573,0.02925206456618573,8900.0,,4240.796894369814,0.12405206456618573,1.4884800345477556,1.395392849856574,3.9945467320632357e-07,1.50-2.00,1.50-2.00,1.6666666666666667e-05,pneumatic_feed,-0.02166647470311661,2.25,0.0,0.0,light,2.9779999999998936
aluminum,partial,0.23916359605345716,1.726964339709141,1.726964339709141,0.0218,0.03759651729960347,0.05939651729960347,2700.0,,2289.1701598892037,0.13596873500359513,1.5315422744299916,1.4608782511271874,4.0551394805770355e-07,1.50-2.00,1.50-2.00,1.6666666666666667e-05,pneumatic_feed,0.007362891664908008,2.25,0.0,0.0,light,3.401999999999847
aluminum,heavily_coated,0.3699115442054971,1.8597785680302215,1.8597785680302215,0.0218,0.05815009474910414,0.07995009474910414,2700.0,,2227.929579399157,0.17812318096729432,1.7390082091645764,1.6720710058076638,6.160882407476198e-07,1.50-2.00,1.50-2.00,1.6666666666666667e-05,pneumatic_feed,0.03921950390597218,0.5892486178031338,4.3332626351814836e-30,-0.28850045215889863,active,
copper,partial,0.45090678406478474,1.6625269849071722,1.6625269849071722,0.012,0.06583239047345857,0.07783239047345857,8900.0,,2218.0019067039643,0.17263239047345857,1.7059922953323046,1.6460978102383241,4.771552325172719e-07,1.50-2.00,1.50-2.00,1.6666666666666667e-05,pneumatic_feed,-0.029947450980561317,0.5958319732442482,-1.2562646408762878e-30,-0.28868881730003026,active,
copper,partial,0.1519677451255158,1.987981423505722,1.987981423505722,0.012,0.022187290788325303,0.0341872907883253,8900.0,,3772.960296472907,0.1289872907883253,1.516458344885563,1.422878953464965,5.097668203903298e-07,1.50-2.00,1.50-2.00,1.6666666666666667e-05,pneumatic_feed,0.002640287815373938,2.25,0.0,0.0,light,3.2419999999998645
copper,partial,0.41241145335170176,1.7954524100119353,1.7954524100119353,0.012,0.06021207218934846,0.07221207218934846,8900.0,,2312.7998840889563,0.16701207218934846,1.6882240522286276,1.619080444290528,5.383883590605765e-07,1.50-2.00,1.50-2.00,1.6666666666666667e-05,pneumatic_feed,7.356169223861358e-05,0.5994530622192333,1.6298520634748775e-31,-0.28878698401566083,active,
aluminum,partial,0.19251225886823375,1.7209452619671701,1.7209452619671701,0.0218,0.030262927094086345,0.052062927094086345,2700.0,,2322.7252890174714,0.12092787738170724,1.449985234695241,1.3777096803692994,3.581463618175551e-07,1.50-2.00,1.50-2.00,1.6666666666666667e-05,pneumatic_feed,-0.006025551125865169,2.25,0.0,0.0,light,2.765999999999917
copper,partial,0.23477195407585982,1.677275292356377,1.677275292356377,0.012,0.03427670529507554,0.046276705295075535,8900.0,,3048.5468746213446,0.14107670529507554,1.5701739056871578,1.4880658474380446,3.968843806511839e-07,1.50-2.00,1.50-2.00,1.6666666666666667e-05,pneumatic_feed,0.030498511323825073,0.6282005506355941,1.649573861874983e-33,-0.27444435351583474,active,
aluminum,partial,0.06939348791605626,1.6866660734945245,1.6866660734945245,0.0218,0.010908656300404045,0.032708656300404045,2700.0,,2483.5368867785696,0.0812331544390157,1.2007921838281526,1.1291747393892544,2.3109552556566945e-07,1.50-2.00,1.50-2.00,1.6666666666666667e-05,pneumatic_feed,-0.018890020720993664,2.25,0.0,0.0,light,1.9140000000000015
copper,partial,0.41121132896892804,1.828657758123747,1.828657758123747,0.012,0.06003685402946349,0.07203685402946348,8900.0,,2315.993060458002,0.1668368540294635,1.6886305086556037,1.6182309046753678,5.579006374269087e-07,1.50-2.00,1.50-2.00,1.6666666666666667e-05,pneumatic_feed,0.0024969490929877772,0.5993695982184166,2.2342135778765043e-31,-0.28878522438231385,active,
copper,partial,0.07694943131528362,1.6361272064957038,1.6361272064957038,0.012,0.011234616972031406,0.023234616972031406,8900.0,,5080.1189068068215,0.11803461697203141,1.4549266487206947,1.3611287036841906,3.1596831042457987e-07,1.50-2.00,1.50-2.00,1.6666666666666667e-05,pneumatic_feed,-0.02250785526634569,2.25,0.0,0.0,light,2.811999999999912
aluminum,partial,0.10625669559874396,1.8321904114338259,1.8321904114338259,0.0218,0.01670355254812255,0.03850355254812255,2700.0,,2418.4319384973614,0.09311822122799104,1.283625681181926,1.208959718267961,3.1259057785484195e-07,1.50-2.00,1.50-2.00,1.6666666666666667e-05,pneumatic_feed,-0.01407507008291518,2.25,0.0,0.0,light,2.149999999999985
aluminum,partial,0.13549387477225666,1.9369942294571079,1.9369942294571079,0.0218,0.021299637114198744,0.043099637114198744,2700.0,,2379.2446301488926,0.10254458016532328,1.3454303363815636,1.268676369400374,3.8474179350910485e-07,1.50-2.00,1.50-2.00,1.6666666666666667e-05,pneumatic_feed,0.008407617366168,2.25,0.0,0.0,light,2.3539999999999623
aluminum,partial,0.07361360055519495,1.720321490562612,1.720321490562612,0.0218,0.011572058007276648,0.03337205800727665,2700.0,,2474.9375941091544,0.0825937609550004,1.2107984008023487,1.138591969034424,2.4443673366034015e-07,1.50-2.00,1.50-2.00,1.6666666666666667e-05,pneumatic_feed,0.030576943636322868,2.25,0.0,0.0,light,1.9480000000000015
aluminum,partial,0.2536140576179102,1.775406266274897,1.775406266274897,0.0218,0.03986812985753549,0.06166812985753549,2700.0,,2280.3952161589114,0.14062770831659044,1.557062076117237,1.4856959681365511,4.4326801637386057e-07,1.50-2.00,1.50-2.00,1.6666666666666667e-05,pneumatic_feed,0.025396236370376885,2.25,0.0,0.0,light,3.9579999999997857
aluminum,partial,0.17755950057821418,1.7696478799799604,1.7696478799799604,0.0218,0.02791235349089527,0.04971235349089527,2700.0,,2335.5755748455326,0.11610695858142203,1.4236945500657907,1.3499684521847168,3.6360677704624394e-07,1.50-2.00,1.50-2.00,1.6666666666666667e-05,pneumatic_feed,0.006694818391601177,2.25,0.0,0.0,light,2.6319999999999317
aluminum,heavily_coated,0.2723597078387787,1.8134193238744611,1.8134193238744611,0.0218,0.04281494607225601,0.06461494607225601,2700.0,,2269.9313753242855,0.14667149340430063,1.5888353582290753,1.5172856555289458,4.823276871595831e-07,1.50-2.00,1.50-2.00,1.6666666666666667e-05,pneumatic_feed,-0.030584671546823115,0.6214935594516505,-3.138079091236435e-33,-0.28553188827381537,active,
aluminum,bare_like,0.03343424620321688,1.722640911491641,1.722640911491641,0.0218,0.005255863503145695,0.027055863503145695,2700.0,,2573.9165674857286,0.06963953531837916,1.115782508531749,1.0454961245061023,2.0665474374169489e-07,1.50-2.00,1.50-2.00,1.6666666666666667e-05,pneumatic_feed,0.019112413537940163,2.25,0.0,0.0,light,1.7340000000000013
copper,partial,0.4792324761394841,1.7565376426469541,1.7565376426469541,0.012,0.06996794151636468,0.08196794151636468,8900.0,,2156.5497223212983,0.17676794151636468,1.7265309771107127,1.6656979348131702,5.454041358077933e-07,1.50-2.00,1.50-2.00,1.6666666666666667e-05,pneumatic_feed,-0.019212649059259634,0.5917148163917053,1.8660457837979832e-30,-0.2885690584820656,active,
aluminum,partial,0.13714370983703522,1.9422138810355798,1.9422138810355798,0.0218,0.021558991186381937,0.04335899118638194,2700.0,,2377.2809437718765,0.10307650348855853,1.3488198586953946,1.271962577577035,3.8882464630642907e-07,1.50-2.00,1.50-2.00,1.6666666666666667e-05,pneumatic_feed,0.024472833398149752,2.25,0.0,0.0,light,2.367999999999961
copper,partial,0.3876188189286561,1.8282277161833984,1.8282277161833984,0.012,0.05659234756358379,0.06859234756358379,8900.0,,2382.078371236999,0.16339234756358378,1.6740317547927916,1.6014388178628651,5.461252919045664e-07,1.50-2.00,1.50-2.00,1.6666666666666667e-05,pneumatic_feed,0.003072926087139734,0.6023859429742529,1.7925596599137655e-31,-0.2888586469969732,active,
copper,partial,0.23671535356738116,1.8077304920236912,1.8077304920236912,0.012,0.034560441620837656,0.04656044162083765,8900.0,,3036.0631622010483,0.14136044162083766,1.5744899710020317,1.489561509868145,4.619503073822601e-07,1.50-2.00,1.50-2.00,1.6666666666666667e-05,pneumatic_feed,-0.0012433667409170862,0.6263677130907789,8.98579358665354e-34,-0.27772062958886146,active,
aluminum,partial,0.08048578902891712,1.7003081730108713,1.7003081730108713,0.0218,0.012652366035345773,0.03445236603534577,2700.0,,2461.642929075016,0.08480942324081317,1.2259109222607654,1.1537628470304473,2.4518810353640753e-07,1.50-2.00,1.50-2.00,1.6666666666666667e-05,pneumatic_feed,-0.0139020312158102,2.25,0.0,0.0,light,1.9860000000000015
copper,partial,0.22707217783520817,1.9995797215566968,1.9995797215566968,0.012,0.033152537963940396,0.04515253796394039,8900.0,,3099.54975456106,0.1399525379639404,1.5713883650819378,1.4821251755104927,5.595749004369666e-07,1.50-2.00,1.50-2.00,1.6666666666666667e-05,pneumatic_feed,0.006718672133342397,0.6276552195726137,-1.93703412277395e-33,-0.275420635000158,active,
aluminum,heavily_coated,0.3528848728754068,1.889961255301827,1.889961255301827,0.0218,0.05547350201601396,0.07727350201601396,2700.0,,2234.059637001876,0.17263361186375992,1.7153271320944954,1.6461036333759718,6.166392421491224e-07,1.50-2.00,1.50-2.00,1.6666666666666667e-05,pneumatic_feed,0.04231928804723257,0.5939516992478017,1.6408298449731765e-30,-0.28863916287274843,active,
aluminum,heavily_coated,0.3393964844283716,1.5646156452260782,1.5646156452260782,0.0218,0.053353127352140026,0.07515312735214003,2700.0,,2239.2257843912503,0.1682848205445513,1.6825061715878498,1.625237995884688,4.119649626966035e-07,1.50-2.00,1.50-2.00,1.6666666666666667e-05,pneumatic_feed,0.010673757965661838,0.6006303699297062,-4.965241340258735e-31,-0.28880902477213455,active,
copper,partial,0.23291809660923146,1.9708422344418384,1.9708422344418384,0.012,0.0340060421049478,0.0460060421049478,8900.0,,3060.5989053295366,0.1408060421049478,1.5750203810914074,1.4866376952301663,5.469215199783268e-07,1.50-2.00,1.50-2.00,1.6666666666666667e-05,pneumatic_feed,-0.02709945720014481,0.6261581854948243,-7.077789830616985e-34,-0.2780956023808328,active,
copper,heavily_coated,0.5898117618015546,1.651688520470777,1.651688520470777,0.012,0.08611251722302697,0.09811251722302697,8900.0,,1966.2375676744996,0.192912517223027,1.7829524738706188,1.7401019712455452,5.262798093763558e-07,1.50-2.00,1.50-2.00,1.6666666666666667e-05,pneumatic_feed,0.010491049964547382,0.5807664328712272,-9.002628462798194e-31,-0.2881890315113809,active,
aluminum,partial,0.13819008132458444,1.7115108740609821,1.7115108740609821,0.0218,0.021723480784224675,0.043523480784224675,2700.0,,2376.047647304491,0.10341386411985927,1.3470269048409036,1.2740423898855608,3.029270751508576e-07,1.50-2.00,1.50-2.00,1.6666666666666667e-05,pneumatic_feed,-0.0059126398215679325,2.25,0.0,0.0,light,2.355999999999962
aluminum,partial,0.07345399206435937,1.7778198038005595,1.7778198038005595,0.0218,0.011546967552517294,0.033346967552517294,2700.0,,2475.256601712774,0.0825423015814701,1.2111693775940264,1.138237218519389,2.608867687279407e-07,1.50-2.00,1.50-2.00,1.6666666666666667e-05,pneumatic_feed,0.005648015557979823,2.25,0.0,0.0,light,1.9460000000000015
aluminum,partial,0.10473195476771241,1.8892508323826793,1.8892508323826793,0.0218,0.01646386328948439,0.03826386328948439,2700.0,,2420.733861499909,0.09262662953665815,1.2811699296698096,1.205764312462177,3.306093303010841e-07,1.50-2.00,1.50-2.00,1.6666666666666667e-05,pneumatic_feed,-0.009669336825389847,2.25,0.0,0.0,light,2.1439999999999855
copper,heavily_coated,0.5016801533991853,1.5499607100950532,1.5499607100950532,0.012,0.07324530239628105,0.08524530239628104,8900.0,,2112.0847405678956,0.18004530239628105,1.7293207348350808,1.6810684300206304,4.325369100002671e-07,1.50-2.00,1.50-2.00,1.6666666666666667e-05,pneumatic_feed,-0.03107832402760016,0.5911611698238963,-1.798091122590926e-30,-0.28854890260354277,active,
aluminum,partial,0.07577690495231815,1.7432486608409172,1.7432486608409172,0.0218,0.011912129458504415,0.033712129458504415,2700.0,,2470.6606572627934,0.08329123192567689,1.2159697897529749,1.1433893371487354,2.531150484901041e-07,1.50-2.00,1.50-2.00,1.6666666666666667e-05,pneumatic_feed,0.004431714042483232,2.25,0.0,0.0,light,1.9580000000000015
aluminum,partial,0.1866968237977492,1.7607705451997022,1.7607705451997022,0.0218,0.029348740701006182,0.05114874070100618,2700.0,,2327.5826800226646,0.11905292296063233,1.4403366930273698,1.36698744646397,3.6910131436653423e-07,1.50-2.00,1.50-2.00,1.6666666666666667e-05,pneumatic_feed,0.004630032777698094,2.25,0.0,0.0,light,2.693999999999925
copper,partial,0.20380217417889834,1.7228766684445749,1.7228766684445749,0.012,0.029755117430119157,0.04175511743011916,8900.0,,3270.3803948978493,0.13655511743011917,1.5497621865445002,1.4640249735517323,4.053371032916485e-07,1.50-2.00,1.50-2.00,1.6666666666666667e-05,pneumatic_feed,-0.0023768511893368796,2.25,0.0,0.0,light,3.699999999999814
aluminum,heavily_coated,0.33614183925396335,1.576000348844581,1.576000348844581,0.0218,0.052841497130723045,0.07464149713072304,2700.0,,2240.516292177034,0.1672354903938703,1.678281333051321,1.6201630341487825,4.1537568127368726e-07,1.50-2.00,1.50-2.00,1.6666666666666667e-05,pneumatic_feed,-0.032907660138537985,0.6015040129234674,5.714675958267106e-32,-0.2888289312528622,active,
aluminum,partial,0.06567283209809172,1.9067236205010263,1.9067236205010263,0.0218,0.010323769205820017,0.03212376920582002,2700.0,,2491.4130494451965,0.08003357779674575,1.1948247549404827,1.1208064226697318,2.909696724669072e-07,1.50-2.00,1.50-2.00,1.6666666666666667e-05,pneumatic_feed,0.015732721409013037,2.25,0.0,0.0,light,1.9100000000000015
aluminum,heavily_coated,0.29831779888769216,1.9568214288025363,1.9568214288025363,0.0218,0.046895557985145206,0.0686955579851452,2700.0,,2256.9238257429533,0.15504064153938082,1.6343363746798352,1.559973688753154,5.936738887089796e-07,1.50-2.00,1.50-2.00,1.6666666666666667e-05,pneumatic_feed,0.02368019062268319,0.6107874621099469,3.549981920663171e-32,-0.28900632087295486,active,
copper,heavily_coated,0.5343490002402502,1.5110061452863814,1.5110061452863814,0.012,0.07801495403507652,0.09001495403507652,8900.0,,2053.158344813006,0.18481495403507653,1.7448864974552412,1.7031898069606222,4.2195833488725583e-07,1.50-2.00,1.50-2.00,1.6666666666666667e-05,pneumatic_feed,-0.003440559277468177,0.5880958752615577,4.4113294403344955e-30,-0.28844924939507777,active,
aluminum,bare_like,0.04914105808657554,1.5998061671329475,1.5998061671329475,0.0218,0.007724974331209673,0.029524974331209673,2700.0,,2530.1823364746047,0.07470356853769282,1.1525664255639065,1.082842191534679,1.9119480224121498e-07,1.50-2.00,1.50-2.00,1.6666666666666667e-05,pneumatic_feed,-0.0011356608114141428,2.25,0.0,0.0,light,1.8500000000000014
aluminum,partial,0.06871808787817602,1.9375526263796061,1.9375526263796061,0.0218,0.010802483414449268,0.03260248341444927,2700.0,,2484.9456307643445,0.08101539871280272,1.2021549003941907,1.1276602760566463,3.041407330437227e-07,1.50-2.00,1.50-2.00,1.6666666666666667e-05,pneumatic_feed,0.023629223982852415,2.25,0.0,0.0,light,1.9220000000000015
aluminum,partial,0.07408881783424498,1.5889586164941005,1.5889586164941005,0.0218,0.011646762163543309,0.03344676216354331,2700.0,,2473.990616889441,0.08274697575793892,1.209999523494625,1.1396475470497927,2.089186943034718e-07,1.50-2.00,1.50-2.00,1.6666666666666667e-05,pneumatic_feed,-0.005412738355069746,2.25,0.0,0.0,light,1.9360000000000015
aluminum,partial,0.053855651563815166,1.8040460179106752,1.8040460179106752,0.0218,0.008466108425831745,0.030266108425831745,2700.0,,2518.447352010203,0.07622360062068964,1.1661212643310703,1.093803289144051,2.4807596120324476e-07,1.50-2.00,1.50-2.00,1.6666666666666667e-05,pneumatic_feed,0.0006700172211919743,2.25,0.0,0.0,light,1.8660000000000014
aluminum,bare_like,0.014193088838326557,1.92246778175371,1.92246778175371,0.0218,0.002231153565384933,0.024031153565384933,2700.0,,2639.7398526777188,0.06343599377236486,1.068257942044181,0.9978433535635937,2.344519711260381e-07,1.50-2.00,1.50-2.00,1.6666666666666667e-05,pneumatic_feed,0.009283460780402498,2.25,0.0,0.0,light,1.6460000000000012
copper,heavily_coated,0.6022182689050153,1.788041445003183,1.788041445003183,0.012,0.08792386726013222,0.09992386726013222,8900.0,,1948.7222882717979,0.19472386726013224,1.796955888071262,1.748252218793111,6.225501589332742e-07,1.50-2.00,1.50-2.00,1.6666666666666667e-05,pneumatic_feed,0.007260866434077846,0.5781278342749963,-9.09821970096149e-30,-0.28808769911720983,active,
aluminum,partial,0.22112756291653787,1.8705290685597167,1.8705290685597167,0.0218,0.03476125289047975,0.05656125289047975,2700.0,,2301.1112892414044,0.13015373755992096,1.5042968003279993,1.4292981021258369,4.5539217864184855e-07,1.50-2.00,1.50-2.00,1.6666666666666667e-05,pneumatic_feed,0.013967222425981965,2.25,0.0,0.0,light,3.129999999999877
aluminum,partial,0.09948173533448712,1.73804981287026,1.73804981287026,0.0218,0.01563852879458137,0.03743852879458137,2700.0,,2428.8856751858584,0.09093390628919198,1.2678431981766427,1.1946960254035992,2.7469470381842006e-07,1.50-2.00,1.50-2.00,1.6666666666666667e-05,pneumatic_feed,0.03230606387871488,2.25,0.0,0.0,light,2.119999999999988
aluminum,bare_like,0.020086160932208615,1.505721041976205,1.505721041976205,0.0218,0.0031575444985431945,0.024957544498543194,2700.0,,2617.8849105114136,0.06533597914615338,1.0798511134411457,1.0126764185454422,1.481294611841894e-07,1.50-2.00,1.50-2.00,1.6666666666666667e-05,pneumatic_feed,-0.0006380866726851236,2.25,0.0,0.0,light,1.6640000000000013
aluminum,bare_like,0.022867550177115628,1.5178754873192015,1.5178754873192015,0.0218,0.003594778887842577,0.025394778887842577,2700.0,,2608.1237858035424,0.06623272685260385,1.0870720694819997,1.0196023149632754,1.5259662577028392e-07,1.50-2.00,1.50-2.00,1.6666666666666667e-05,pneumatic_feed,-0.019143226185291136,2.25,0.0,0.0,light,1.6860000000000013
aluminum,partial,0.06602315366417627,1.5964958922433539,1.5964958922433539,0.0218,0.010378839756008507,0.03217883975600851,2700.0,,2490.6592524953276,0.08014652497286708,1.1918590658181962,1.1215970113967502,2.0427739343993787e-07,1.50-2.00,1.50-2.00,1.6666666666666667e-05,pneumatic_feed,0.023064946733560663,2.25,0.0,0.0,light,1.9020000000000015
aluminum,partial,0.12794328835804092,1.8603834679548812,1.8603834679548812,0.0218,0.020112684929884037,0.041912684929884036,2700.0,,2388.5416972687594,0.10011019559951598,1.329011594425851,1.2535268765088379,3.464840546903825e-07,1.50-2.00,1.50-2.00,1.6666666666666667e-05,pneumatic_feed,0.02095394229155894,2.25,0.0,0.0,light,2.3139999999999668
aluminum,partial,0.2522434770636195,1.6195828051081693,1.6195828051081693,0.0218,0.039652674594400986,0.061452674594400986,2700.0,,2281.1996445286372,0.14018581944008154,1.5499703343171267,1.483359909776289,3.67714198160914e-07,1.50-2.00,1.50-2.00,1.6666666666666667e-05,pneumatic_feed,-0.00900823757287015,2.25,0.0,0.0,light,3.671999999999817
copper,partial,0.46223918229730115,1.7764710422892611,1.7764710422892611,0.012,0.06748692061540597,0.07948692061540596,8900.0,,2192.6490454786353,0.17428692061540596,1.7173986288183498,1.653967202207895,5.500232675937329e-07,1.50-2.00,1.50-2.00,1.6666666666666667e-05,pneumatic_feed,-0.03161629348656922,0.5935365177879283,1.5678226379079064e-31,-0.2886242841146215,active,
aluminum,partial,0.1540715917408425,1.5852172500792496,1.5852172500792496,0.0218,0.024220054221660445,0.046020054221660445,2700.0,,2358.4114301647387,0.10853422189316503,1.3752647983103048,1.305202339422941,2.727371363646461e-07,1.50-2.00,1.50-2.00,1.6666666666666667e-05,pneumatic_feed,0.033809453640653624,2.25,0.0,0.0,light,2.427999999999954
aluminum,partial,0.18087262094997747,1.50652800191926,1.50652800191926,0.0218,0.02843317601333646,0.05023317601333646,2700.0,,2332.6245923485562,0.11717514172048224,1.4231686969744477,1.3561640846316088,2.6594382091749836e-07,1.50-2.00,1.50-2.00,1.6666666666666667e-05,pneumatic_feed,0.0116213137428866,2.25,0.0,0.0,light,2.629999999999932
copper,heavily_coated,0.5179788728341872,1.658060207645797,1.658060207645797,0.012,0.07562491543379132,0.08762491543379132,8900.0,,2081.884068369003,0.18242491543379133,1.7440863001782336,1.692141091235831,5.015159467623019e-07,1.50-2.00,1.50-2.00,1.6666666666666667e-05,pneumatic_feed,-0.03346265392900863,0.588252455051038,6.380698591085251e-31,-0.28845685951025823,active,
aluminum,partial,0.16176941151645396,1.8384840324203653,1.8384840324203653,0.0218,0.025430151490386563,0.04723015149038656,2700.0,,2350.5339801761306,0.11101607596701993,1.395311772156562,1.320041032838883,3.7523694980549065e-07,1.50-2.00,1.50-2.00,1.6666666666666667e-05,pneumatic_feed,-0.03263951562231238,2.25,0.0,0.0,light,2.5079999999999454
copper,heavily_coated,0.4896625811486298,1.819860044983898,1.819860044983898,0.012,0.07149073684769995,0.08349073684769995,8900.0,,2135.455304136672,0.17829073684769997,1.7351963586969175,1.672857257975557,5.904794124606497e-07,1.50-2.00,1.50-2.00,1.6666666666666667e-05,pneumatic_feed,0.010474182737272958,0.5899993246966104,-5.04211104076645e-30,-0.28851594481889514,active,
aluminum,partial,0.08258292474507528,1.7451253328420355,1.7451253328420355,0.0218,0.012982035769925834,0.034782035769925834,2700.0,,2457.75035516968,0.08548556076705972,1.2311797436619847,1.1583528658400124,2.6034306339506163e-07,1.50-2.00,1.50-2.00,1.6666666666666667e-05,pneumatic_feed,-0.013133739176906651,2.25,0.0,0.0,light,2.0100000000000002
aluminum,partial,0.07312707263287621,1.9675878985262922,1.9675878985262922,0.0218,0.01149557581788814,0.03329557581788814,2700.0,,2475.9115126423544,0.08243689948756562,1.2125426053283277,1.1375102524183376,3.1914638896146236e-07,1.50-2.00,1.50-2.00,1.6666666666666667e-05,pneumatic_feed,0.017829747534970224,2.25,0.0,0.0,light,1.9480000000000015
aluminum,partial,0.061718489017557276,1.932906555528086,1.932906555528086,0.0218,0.009702146473560005,0.031502146473560005,2700.0,,2500.1044963794257,0.07875865804415064,1.1859018219592528,1.1118434676972242,2.9425240806080445e-07,1.50-2.00,1.50-2.00,1.6666666666666667e-05,pneumatic_feed,0.019383315357012675,2.25,0.0,0.0,light,1.8940000000000015
copper,heavily_coated,0.6136157650550359,1.9464844213991535,1.9464844213991535,0.012,0.08958790169803524,0.10158790169803524,8900.0,,1933.1819873766867,0.19638790169803524,1.810639368349849,1.7557062695828027,7.440747967141462e-07,1.50-2.00,1.50-2.00,1.6666666666666667e-05,pneumatic_feed,-0.006124613125510618,0.5755786053141018,6.470246256859153e-29,-0.2879855094876985,active,
aluminum,bare_like,0.04889107174753993,1.5727423496527366,1.5727423496527366,0.0218,0.007685676478713276,0.029485676478713276,2700.0,,2530.821041056909,0.07462297044212435,1.151619655756373,1.0822578916596468,1.8458129779349514e-07,1.50-2.00,1.50-2.00,1.6666666666666667e-05,pneumatic_feed,0.000347650365729998,2.25,0.0,0.0,light,1.8460000000000014
copper,partial,0.1295711688000749,1.8762833972540829,1.8762833972540829,0.012,0.018917390644810936,0.030917390644810937,8900.0,,4066.2354753379195,0.12571739064481094,1.498172374190792,1.404727789844336,4.425804536331377e-07,1.50-2.00,1.50-2.00,1.6666666666666667e-05,pneumatic_feed,-0.031177538367487205,2.25,0.0,0.0,light,3.0899999999998813
aluminum,partial,0.21716150454328187,1.726014687451257,1.726014687451257,0.0218,0.03413778851420391,0.05593778851420391,2700.0,,2303.8994587187713,0.1288750406797995,1.4938351517084503,1.4222596944686765,3.839350748199871e-07,1.50-2.00,1.50-2.00,1.6666666666666667e-05,pneumatic_feed,-0.011223731121765154,2.25,0.0,0.0,light,3.0519999999998855
aluminum,partial,0.07314756581253196,1.7320508108783212,1.7320508108783212,0.0218,0.011498797345730026,0.033298797345730026,2700.0,,2475.870399691487,0.08244350669361843,1.209898955538782,1.1375558364594833,2.4733052102600827e-07,1.50-2.00,1.50-2.00,1.6666666666666667e-05,pneumatic_feed,-0.028124424592768326,2.25,0.0,0.0,light,1.9420000000000015
aluminum,partial,0.22030701563863364,1.7841713664356051,1.7841713664356051,0.0218,0.03463226285839321,0.05643226285839321,2700.0,,2301.683085755144,0.12988918491205187,1.5007996067202383,1.4278447556998508,4.1347201636105506e-07,1.50-2.00,1.50-2.00,1.6666666666666667e-05,pneumatic_feed,0.0128142798927805,2.25,0.0,0.0,light,3.1079999999998793
aluminum,partial,0.12214495668454328,1.5482030853227327,1.5482030853227327,0.0218,0.01920118719081021,0.04100118719081021,2700.0,,2396.046607808536,0.0982407554846636,1.3115921780619622,1.2417676506042827,2.3547648846985895e-07,1.50-2.00,1.50-2.00,1.6666666666666667e-05,pneumatic_feed,-0.026910092793633447,2.25,0.0,0.0,light,2.2339999999999756
aluminum,partial,0.08268635201123309,1.8110779827584877,1.8110779827584877,0.0218,0.012998294536165841,0.03479829453616584,2700.0,,2457.5602882797,0.08551890675194165,1.2322695881591217,1.1585787674467698,2.8050231001036236e-07,1.50-2.00,1.50-2.00,1.6666666666666667e-05,pneumatic_feed,-0.006992212259247844,2.25,0.0,0.0,light,2.0000000000000013
aluminum,partial,0.2179011287592581,1.6100158180457587,1.6100158180457587,0.0218,0.034254057440955374,0.056054057440955374,2700.0,,2303.3747924362888,0.1291135029232724,1.4918476981252506,1.423574916147262,3.346816872407373e-07,1.50-2.00,1.50-2.00,1.6666666666666667e-05,pneumatic_feed,-0.03524086430255267,2.25,0.0,0.0,light,3.0239999999998886
aluminum,bare_like,0.039603795896194234,1.529670942055398,1.529670942055398,0.0218,0.006225716714881733,0.028025716714881733,2700.0,,2555.819020209284,0.07162865983489199,1.1287450195388002,1.0603223305997402,1.676034134258733e-07,1.50-2.00,1.50-2.00,1.6666666666666667e-05,pneumatic_feed,-0.023754918047252785,2.25,0.0,0.0,light,1.7940000000000014
aluminum,bare_like,0.03771763566062006,1.7391758034067817,1.7391758034067817,0.0218,0.005929212325849472,0.027729212325849472,2700.0,,2561.2174654933992,0.07102054291334052,1.1265305707745812,1.0558117453257436,2.1481814255316474e-07,1.50-2.00,1.50-2.00,1.6666666666666667e-05,pneumatic_feed,0.03301223959662669,2.25,0.0,0.0,light,1.7940000000000014
copper,partial,0.37306478153085376,1.604609767683348,1.604609767683348,0.012,0.054467458103504646,0.06646745810350464,8900.0,,2426.2618536182817,0.16126745810350465,1.657111125855486,1.59099152178527,4.152270173252705e-07,1.50-2.00,1.50-2.00,1.6666666666666667e-05,pneumatic_feed,0.002242989663808427,0.6059308712706589,-1.6964717429692227e-31,-0.28893399698896927,active,
aluminum,heavily_coated,0.3852794659322331,1.856802851627387,1.856802851627387,0.0218,0.06056593204454705,0.08236593204454705,2700.0,,2222.7387958433446,0.18307795261121126,1.7608079287564766,1.6951671139405615,6.312009383851229e-07,1.50-2.00,1.50-2.00,1.6666666666666667e-05,pneumatic_feed,-0.03511893745582266,0.5850017805954361,-3.218645527577026e-30,-0.28836203981489006,active,
aluminum,partial,0.14951611079149268,1.8159182642385705,1.8159182642385705,0.0218,0.023503932616422654,0.045303932616422654,2700.0,,2363.2714225226878,0.10706548928028516,1.3712296171798035,1.296340973564963,3.53054783011222e-07,1.50-2.00,1.50-2.00,1.6666666666666667e-05,pneumatic_feed,0.018170318001900315,2.25,0.0,0.0,light,2.4159999999999555
aluminum,bare_like,0.037980392395987606,1.5433332760457816,1.5433332760457816,0.0218,0.005970517684649252,0.027770517684649252,2700.0,,2560.4585092662974,0.07110525831239037,1.1249694928855565,1.0564412593567516,1.6936402208406096e-07,1.50-2.00,1.50-2.00,1.6666666666666667e-05,pneumatic_feed,0.0063206727873852,2.25,0.0,0.0,light,1.7840000000000014
aluminum,heavily_coated,0.28885713747091013,1.7656239072254882,1.7656239072254882,0.0218,0.04540834201042708,0.06720834201042708,2700.0,,2261.4816129285778,0.15199042969199614,1.6137247679358049,1.5445522925578052,4.73819188084411e-07,1.50-2.00,1.50-2.00,1.6666666666666667e-05,pneumatic_feed,0.008920920560519007,0.615269341271385,8.009451964494509e-33,-0.28906890981452393,active,
aluminum,partial,0.20988214503372396,1.6644362061343771,1.6644362061343771,0.0218,0.03299347319930141,0.05479347319930141,2700.0,,2309.1820064061226,0.12652810238032294,1.4794609435384467,1.4092498341179782,3.505268607326826e-07,1.50-2.00,1.50-2.00,1.6666666666666667e-05,pneumatic_feed,-0.007547403823541894,2.25,0.0,0.0,light,2.9219999999999
aluminum,heavily_coated,0.3069165076171485,1.894877329327469,1.894877329327469,0.0218,0.048247274997415754,0.07004727499741575,2700.0,,2252.949186483943,0.15781295122084485,1.6460230366519968,1.5738589779145973,5.666368848435578e-07,1.50-2.00,1.50-2.00,1.6666666666666667e-05,pneumatic_feed,0.023569661719964614,0.6082830564132649,7.164411592847903e-33,-0.28896473252582283,active,
copper,partial,0.2747511406617542,1.6707684858966754,1.6707684858966754,0.012,0.04011366653661612,0.052113666536616116,8900.0,,2819.1005603758776,0.1469136665366161,1.59686105727262,1.5185377538799378,4.101047009766029e-07,1.50-2.00,1.50-2.00,1.6666666666666667e-05,pneumatic_feed,-0.023313238000360916,0.6192255271619599,-2.246369804987094e-32,-0.2879656643368287,active,
copper,partial,0.28310448894100404,1.977594160469919,1.977594160469919,0.012,0.0413332553853866,0.053333255385386594,8900.0,,2777.502597862709,0.14813325538538658,1.6098819213517415,1.5248277202782705,5.793311878451672e-07,1.50-2.00,1.50-2.00,1.6666666666666667e-05,pneumatic_feed,0.023229682466776636,0.6161138738341816,5.049941794700414e-33,-0.28911040860120657,active,
aluminum,partial,0.0720269906824626,1.5784570772576634,1.5784570772576634,0.0218,0.011322642935283123,0.03312264293528312,2700.0,,2478.1302091837783,0.08208222206593277,1.2052054228519584,1.1350605964206848,2.0451005154535366e-07,1.50-2.00,1.50-2.00,1.6666666666666667e-05,pneumatic_feed,0.015164327605607915,2.25,0.0,0.0,light,1.9280000000000015
aluminum,heavily_coated,0.38017033106540365,1.8627785326297648,1.8627785326297648,0.0218,0.05976277604348146,0.08156277604348146,2700.0,,2224.4303742441934,0.1814307164387968,1.7537930137336049,1.6875237850837406,6.295544008172648e-07,1.50-2.00,1.50-2.00,1.6666666666666667e-05,pneumatic_feed,-0.025496816711202238,0.5863598821368474,2.922071838785006e-30,-0.28840765419195846,active,
aluminum,partial,0.05862680893167882,1.5341527660670473,1.5341527660670473,0.0218,0.009216134364059912,0.03101613436405991,2700.0,,2507.142526367486,0.07776186946766257,1.1739268849429698,1.1047851841713083,1.8302225744620443e-07,1.50-2.00,1.50-2.00,1.6666666666666667e-05,pneumatic_feed,-0.0019092147827195005,2.25,0.0,0.0,light,1.8740000000000014
aluminum,partial,0.1841480377333815,1.7356241158727572,1.7356241158727572,0.0218,0.028948071531687575,0.050748071531687575,2700.0,,2329.7667335357733,0.11823116884561953,1.4350998168416234,1.3622615116785926,3.5615851741526876e-07,1.50-2.00,1.50-2.00,1.6666666666666667e-05,pneumatic_feed,-0.004498702732060829,2.25,0.0,0.0,light,2.6679999999999278
aluminum,partial,0.147430527086937,1.713132784935183,1.713132784935183,0.0218,0.023176078858066496,0.044976078858066496,2700.0,,2365.5480633127195,0.10639307623809935,1.3652207296937393,1.2922637983914922,3.1224494706825137e-07,1.50-2.00,1.50-2.00,1.6666666666666667e-05,pneumatic_feed,0.024666902342142003,2.25,0.0,0.0,light,2.4059999999999566
copper,partial,0.31117058708925494,1.8192053198241536,1.8192053198241536,0.012,0.04543090571503122,0.05743090571503122,8900.0,,2650.679173864888,0.15223090571503123,1.6249019792043333,1.5457736885143085,5.038093996529714e-07,1.50-2.00,1.50-2.00,1.6666666666666667e-05,pneumatic_feed,-0.00445084605577573,0.6128282254546197,1.327325187454905e-32,-0.2890618018415178,active,
aluminum,partial,0.1210477490024644,1.7599835085562154,1.7599835085562154,0.0218,0.019028706143187406,0.040828706143187406,2700.0,,2397.5044522006674,0.09788700475588455,1.3133321803753313,1.2395299216430251,3.032091036293628e-07,1.50-2.00,1.50-2.00,1.6666666666666667e-05,pneumatic_feed,0.03084931181997976,2.25,0.0,0.0,light,2.231999999999976
copper,partial,0.10567561098386102,1.9713880784730335,1.9713880784730335,0.012,0.01542863920364371,0.02742863920364371,8900.0,,4456.241459744253,0.1222286392036437,1.4809390292432705,1.3850995346690402,4.750258333857946e-07,1.50-2.00,1.50-2.00,1.6666666666666667e-05,pneumatic_feed,5.112197653249606e-05,2.25,0.0,0.0,light,2.927999999999899
aluminum,partial,0.15567988391199594,1.5954526418058257,1.5954526418058257,0.0218,0.024472877750965766,0.046272877750965766,2700.0,,2356.7315600938728,0.1090527513720666,1.3785820351113103,1.3083164699475267,2.7759041240400464e-07,1.50-2.00,1.50-2.00,1.6666666666666667e-05,pneumatic_feed,-0.0008554999371272144,2.25,0.0,0.0,light,2.4319999999999538
aluminum,partial,0.20480561028348127,1.5930593682566965,1.5930593682566965,0.0218,0.032195441936563256,0.053995441936563256,2700.0,,2312.9985112118593,0.1248913768114972,1.468520096111064,1.4001053711893474,3.169541007769602e-07,1.50-2.00,1.50-2.00,1.6666666666666667e-05,pneumatic_feed,-0.0067092721826931,2.25,0.0,0.0,light,2.875999999999905
aluminum,heavily_coated,0.3757008958147748,1.718740390785862,1.718740390785862,0.0218,0.0590601808220826,0.0808601808220826,2700.0,,2225.9377111173494,0.17998972581964154,1.7416011304954246,1.6808089529940915,5.317019849324949e-07,1.50-2.00,1.50-2.00,1.6666666666666667e-05,pneumatic_feed,0.01755091501935266,0.5887393897891781,1.162016840591537e-30,-0.28848440348667437,active,
aluminum,partial,0.1621901091707177,1.8192675854586982,1.8192675854586982,0.0218,0.025496285161636822,0.04729628516163682,2700.0,,2350.1150823551143,0.11115171309773109,1.3957553957347906,1.320847186006764,3.67882664853449e-07,1.50-2.00,1.50-2.00,1.6666666666666667e-05,pneumatic_feed,0.014043628952486495,2.25,0.0,0.0,light,2.509999999999945
aluminum,partial,0.06561275992070259,1.8106635193410443,1.8106635193410443,0.0218,0.01031432585953445,0.03211432585953445,2700.0,,2491.5425681364018,0.08001420992603372,1.1936545324951158,1.1206707986732882,2.6232677769812477e-07,1.50-2.00,1.50-2.00,1.6666666666666667e-05,pneumatic_feed,-0.0012499383503253051,2.25,0.0,0.0,light,1.9040000000000015
aluminum,partial,0.09933091492615204,1.7113576055992876,1.7113576055992876,0.0218,0.015614819826391096,0.037414819826391096,2700.0,,2429.125162250104,0.09088528028134069,1.2671129612637069,1.1943765567424385,2.6617979695036633e-07,1.50-2.00,1.50-2.00,1.6666666666666667e-05,pneumatic_feed,-0.020713341289846324,2.25,0.0,0.0,light,2.109999999999989
aluminum,partial,0.07476567562085551,1.8840802600368745,1.8840802600368745,0.0218,0.01175316420759849,0.03355316420759849,2700.0,,2472.649105866791,0.08296520147692002,1.2153793280335254,1.1411493339531582,2.945064230291066e-07,1.50-2.00,1.50-2.00,1.6666666666666667e-05,pneumatic_feed,-0.03995491102013769,2.25,0.0,0.0,light,1.9540000000000015
aluminum,partial,0.23557168723457472,1.9396162690029093,1.9396162690029093,0.0218,0.03703186923327515,0.05883186923327515,2700.0,,2291.456474836102,0.13481066768129923,1.5308355237947864,1.4546436814304982,5.071727323322584e-07,1.50-2.00,1.50-2.00,1.6666666666666667e-05,pneumatic_feed,-0.0010620239532190645,2.25,0.0,0.0,light,3.3899999999998482
copper,partial,0.2128728448478282,1.6781935813472684,1.6781935813472684,0.012,0.031079435347782913,0.04307943534778291,8900.0,,3200.585946279792,0.1378794353477829,1.5551265016592004,1.4711069360242988,3.883144998209308e-07,1.50-2.00,1.50-2.00,1.6666666666666667e-05,pneumatic_feed,-0.022864876499156996,2.25,0.0,0.0,light,3.9159999999997903
aluminum,partial,0.14571560210178436,1.7944213530163473,1.7944213530163473,0.0218,0.022906492650400498,0.0447064926504005,2700.0,,2367.4451069399233,0.1058401672736363,1.363405301088171,1.28890157325026,3.4079983410273156e-07,1.50-2.00,1.50-2.00,1.6666666666666667e-05,pneumatic_feed,-0.0022747044969789643,2.25,0.0,0.0,light,2.3959999999999577
aluminum,partial,0.22348390984189495,1.9411608690397975,1.9411608690397975,0.0218,0.03513167062714589,0.05693167062714589,2700.0,,2299.483678065541,0.13091344737212535,1.5099759022814345,1.4334634526045231,4.932956836185449e-07,1.50-2.00,1.50-2.00,1.6666666666666667e-05,pneumatic_feed,0.017973319493520868,2.25,0.0,0.0,light,3.1719999999998723
aluminum,partial,0.17398588516179275,1.752331306112963,1.752331306112963,0.0218,0.02735058114743382,0.04915058114743382,2700.0,,2338.828688315834,0.1149547892350136,1.4166711957606182,1.3432536513379643,3.529876486201542e-07,1.50-2.00,1.50-2.00,1.6666666666666667e-05,pneumatic_feed,-0.03679450288673829,2.25,0.0,0.0,light,2.609999999999934
copper,heavily_coated,0.48429993120469766,1.801501864172851,1.801501864172851,0.012,0.07070778995588585,0.08270778995588585,8900.0,,2146.2040038860164,0.17750778995588584,1.731332453663551,1.6691801194441493,5.760853731674223e-07,1.50-2.00,1.50-2.00,1.6666666666666667e-05,pneumatic_feed,0.017366809224451704,0.5907627021187696,3.675640585188166e-30,-0.2885399537977795,active,
copper,partial,0.3843201177057071,1.8292814726909516,1.8292814726909516,0.012,0.056110737185033246,0.06811073718503324,8900.0,,2391.8510343304797,0.16291073718503324,1.6720076483933544,1.5990768996068583,5.451434275889636e-07,1.50-2.00,1.50-2.00,1.6666666666666667e-05,pneumatic_feed,0.01152151264033853,0.6028072140582782,-3.271263482905893e-31,-0.2888683931575873,active,
copper,partial,0.06131724712571602,1.8806766438723022,1.8806766438723022,0.012,0.00895231808035454,0.02095231808035454,8900.0,,5524.559031436575,0.11575231808035454,1.4451121462328231,1.3479051838275735,4.094095408637678e-07,1.50-2.00,1.50-2.00,1.6666666666666667e-05,pneumatic_feed,0.009728759607199003,2.25,0.0,0.0,light,2.721999999999922
aluminum,bare_like,0.042464609162564615,1.8101003814709888,1.8101003814709888,0.0218,0.006675436560355158,0.028475436560355158,2700.0,,2547.845561079523,0.07255101464010245,1.1388371812212865,1.0671273240766765,2.3771074344830375e-07,1.50-2.00,1.50-2.00,1.6666666666666667e-05,pneumatic_feed,-0.03600844510323001,2.25,0.0,0.0,light,1.8160000000000014
copper,heavily_coated,0.6368806375717194,1.5058661563378162,1.5058661563378162,0.012,0.09298457308547103,0.10498457308547103,8900.0,,1902.989812825362,0.19978457308547104,1.7979112630688463,1.770824288050498,4.530380670059297e-07,1.50-2.00,1.50-2.00,1.6666666666666667e-05,pneumatic_feed,0.020636497473817544,0.5779489448966784,7.232261316008456e-29,-0.28807591684242106,active,
aluminum,partial,0.11525636001460304,1.842595012973445,1.842595012973445,0.0218,0.0181182997942956,0.0399182997942956,2700.0,,2405.408134292072,0.09601980303230817,1.3026582815086967,1.2276509391496873,3.2600224704764336e-07,1.50-2.00,1.50-2.00,1.6666666666666667e-05,pneumatic_feed,0.009800277926709419,2.25,0.0,0.0,light,2.19199999999998
aluminum,partial,0.13790622246408707,1.7457554939156257,1.7457554939156257,0.0218,0.02167885817135449,0.04347885817135449,2700.0,,2376.3812926605087,0.10332234518464631,1.3471031643056834,1.2734785157269866,3.148916104362235e-07,1.50-2.00,1.50-2.00,1.6666666666666667e-05,pneumatic_feed,-0.032470781573097976,2.25,0.0,0.0,light,2.3639999999999612
aluminum,partial,0.0803503225031944,1.6650875612218972,1.6650875612218972,0.0218,0.012631070697502161,0.03443107069750216,2700.0,,2461.8969367224568,0.08476574747825491,1.2251057750125944,1.1534657222556244,2.3501444085357408e-07,1.50-2.00,1.50-2.00,1.6666666666666667e-05,pneumatic_feed,0.018947318842606604,2.25,0.0,0.0,light,1.9840000000000015
aluminum,heavily_coated,0.2845650325828848,1.8607403868799803,1.8607403868799803,0.0218,0.044733623122029484,0.06653362312202948,2700.0,,2263.6165759201167,0.1506066121550479,1.6098191008713851,1.5375049217435475,5.214535246040434e-07,1.50-2.00,1.50-2.00,1.6666666666666667e-05,pneumatic_feed,0.012897809770102357,0.6161281122079248,3.137482265427726e-33,-0.28907927881400525,active,
aluminum,heavily_coated,0.32506874704122685,1.8024660893598985,1.8024660893598985,0.0218,0.05110080703488086,0.07290080703488086,2700.0,,2245.0425638669944,0.16366541473356194,1.6708617958332297,1.6027764503067756,5.317299478200801e-07,1.50-2.00,1.50-2.00,1.6666666666666667e-05,pneumatic_feed,0.013955705415496997,0.6030461404096201,1.6663220083762875e-31,-0.28886289630288775,active,
aluminum,heavily_coated,0.3420185411369951,1.7133343058814177,1.7133343058814177,0.0218,0.053765314666735634,0.07556531466673563,2700.0,,2238.1988163999645,0.1691301978479786,1.692805272681565,1.6293150663459393,4.96484138650298e-07,1.50-2.00,1.50-2.00,1.6666666666666667e-05,pneumatic_feed,0.0026091339916623985,0.5985141134459906,-5.218765502672798e-31,-0.2887586920113599,active,
copper,partial,0.27927505382072193,1.951225850594568,1.951225850594568,0.012,0.0407741578578254,0.052774157857825396,8900.0,,2796.3337331766247,0.1475741578578254,1.6067245453235688,1.5219474306744067,5.61856482105193e-07,1.50-2.00,1.50-2.00,1.6666666666666667e-05,pneumatic_feed,-0.032494317419178034,0.6168103025142875,-1.4473674028221462e-32,-0.28911919454505625,active,
aluminum,partial,0.13382196096552873,1.7617555808206662,1.7617555808206662,0.0218,0.021036812263781117,0.04283681226378112,2700.0,,2381.2588529409004,0.10200553843489613,1.3392458287684958,1.2653374772265815,3.1660302820694454e-07,1.50-2.00,1.50-2.00,1.6666666666666667e-05,pneumatic_feed,0.0007082752641488459,2.25,0.0,0.0,light,2.3419999999999637
copper,partial,0.15616737148650195,1.6117920603675155,1.6117920603675155,0.012,0.022800436237029282,0.03480043623702928,8900.0,,3724.1037829039738,0.12960043623702927,1.5136387426373643,1.426256795663534,3.366855577926251e-07,1.50-2.00,1.50-2.00,1.6666666666666667e-05,pneumatic_feed,0.005349053028057547,2.25,0.0,0.0,light,3.2059999999998685
copper,partial,0.3305860700985009,1.7724903273424737,1.7724903273424737,0.012,0.048265566234381135,0.06026556623438113,8900.0,,2573.037572256596,0.1550655662343811,1.636211877190787,1.5600990762175477,4.871728947594315e-07,1.50-2.00,1.50-2.00,1.6666666666666667e-05,pneumatic_feed,0.0019434657623762278,0.6103835321549793,-2.9746015817168306e-32,-0.2890209280612569,active,
aluminum,partial,0.11326761548816794,1.8922860610239347,1.8922860610239347,0.0218,0.01780566915474,0.03960566915474,2700.0,,2408.206045879301,0.09537861190954022,1.2992164761290081,1.2235451330180442,3.415266342746772e-07,1.50-2.00,1.50-2.00,1.6666666666666667e-05,pneumatic_feed,0.034019969305666004,2.25,0.0,0.0,light,2.1879999999999806
aluminum,bare_like,0.015493461527877802,1.5629601790093879,1.5629601790093879,0.0218,0.002435572152182392,0.024235572152182392,2700.0,,2634.773651318687,0.06385524693120309,1.0686522885226193,1.0011353334250888,1.5598844011378674e-07,1.50-2.00,1.50-2.00,1.6666666666666667e-05,pneumatic_feed,-0.032474616499849215,2.25,0.0,0.0,light,1.6540000000000012
copper,partial,0.13074067652277943,1.7435470600135416,1.7435470600135416,0.012,0.019088138772325795,0.031088138772325795,8900.0,,4049.3945196998916,0.1258881387723258,1.4972295342195518,1.4056814099113732,3.8269444691127407e-07,1.50-2.00,1.50-2.00,1.6666666666666667e-05,pneumatic_feed,-0.02670117861600172,2.25,0.0,0.0,light,3.081999999999882
aluminum,partial,0.05807719991451554,1.6529028124766179,1.6529028124766179,0.0218,0.009129735826561843,0.030929735826561843,2700.0,,2508.416834191348,0.07758467002443896,1.1742882779662538,1.1035257045957716,2.119681232636791e-07,1.50-2.00,1.50-2.00,1.6666666666666667e-05,pneumatic_feed,-0.029065180970645414,2.25,0.0,0.0,light,1.8820000000000014
copper,partial,0.31713342094267216,1.7075535171056455,1.7075535171056455,0.012,0.046301479457630135,0.05830147945763013,8900.0,,2626.030777982139,0.15310147945763014,1.6256069611260864,1.5501873504731494,4.46403956722028e-07,1.50-2.00,1.50-2.00,1.6666666666666667e-05,pneumatic_feed,-0.0015897825479164582,0.6126751218000303,-1.6213952960643585e-32,-0.2890582869856571,active,
copper,partial,0.20362099548606338,1.693146646032032,1.693146646032032,0.012,0.029728665340965254,0.041728665340965254,8900.0,,3271.819604710298,0.13652866534096525,1.5490066886923324,1.4638831685594964,3.913929458574198e-07,1.50-2.00,1.50-2.00,1.6666666666666667e-05,pneumatic_feed,-0.010067799596749477,2.25,0.0,0.0,light,3.689999999999815
aluminum,partial,0.19803293585975118,1.6853347798557936,1.6853347798557936,0.0218,0.03113077751715289,0.05293077751715289,2700.0,,2318.2693435927204,0.12270779885054237,1.4590295722746331,1.387811806679174,3.485335038785381e-07,1.50-2.00,1.50-2.00,1.6666666666666667e-05,pneumatic_feed,0.009488437111938721,2.25,0.0,0.0,light,2.8339999999999095
copper,heavily_coated,0.4958142878844208,1.9418338209963972,1.9418338209963972,0.012,0.07238888603112544,0.08438888603112543,8900.0,,2123.3706766200776,0.17918888603112543,1.7434261849434673,1.6770655190375077,6.75670863386066e-07,1.50-2.00,1.50-2.00,1.6666666666666667e-05,pneumatic_feed,0.02792854802663871,0.5883816929143814,5.9786300021416066e-30,-0.2884646312756705,active,
aluminum,partial,0.07917284933292829,1.5222141345109053,1.5222141345109053,0.0218,0.012445971915136328,0.03424597191513633,2700.0,,2464.118073872849,0.0843861183534294,1.2202297366040809,1.1508798867281624,1.9553410187690232e-07,1.50-2.00,1.50-2.00,1.6666666666666667e-05,pneumatic_feed,0.00015578351806890833,2.25,0.0,0.0,light,1.9680000000000015
copper,heavily_coated,0.48216712708719767,1.6363746311560998,1.6363746311560998,0.012,0.07039640055473086,0.08239640055473085,8900.0,,2150.5356952702105,0.17719640055473085,1.7228183507096735,1.6677154143039679,4.7448268830110593e-07,1.50-2.00,1.50-2.00,1.6666666666666667e-05,pneumatic_feed,-0.018325110323814772,0.5924537017934216,2.100680376383826e-30,-0.2885900234216251,active,
aluminum,partial,0.2298796479014258,1.9454371161859645,1.9454371161859645,0.0218,0.03613708065010413,0.05793708065010413,2700.0,,2295.170826486227,0.13297549727989869,1.5211708724495634,1.4447087614136247,5.032757651421406e-07,1.50-2.00,1.50-2.00,1.6666666666666667e-05,pneumatic_feed,-0.03925700723798754,2.25,0.0,0.0,light,3.3159999999998564
aluminum,bare_like,0.044567996404548955,1.6751771430444347,1.6751771430444347,0.0218,0.007006089034795097,0.028806089034795097,2700.0,,2542.141962844611,0.07322916772079063,1.1425257304058043,1.0721030811193155,2.0549704231088295e-07,1.50-2.00,1.50-2.00,1.6666666666666667e-05,pneumatic_feed,0.0072130947884257056,2.25,0.0,0.0,light,1.8240000000000014
aluminum,heavily_coated,0.3063820554648677,1.7328187478270747,1.7328187478270747,0.0218,0.04816325911907719,0.06996325911907719,2700.0,,2253.1917536049064,0.157640638502428,1.6399271827839934,1.5729995111042183,4.7334136773932044e-07,1.50-2.00,1.50-2.00,1.6666666666666667e-05,pneumatic_feed,0.03375872182482699,0.6095860972961343,4.3952411846114405e-32,-0.28898681166511797,active,
aluminum,partial,0.12883591376291215,1.7362850817617415,1.7362850817617415,0.0218,0.02025300564352979,0.04205300564352979,2700.0,,2387.415249396034,0.1003979869563005,1.328771951878369,1.2553273689624125,3.0266839417447e-07,1.50-2.00,1.50-2.00,1.6666666666666667e-05,pneumatic_feed,-0.011576431117556168,2.25,0.0,0.0,light,2.309999999999967
copper,partial,0.3905381997431083,1.8873631154209707,1.8873631154209707,0.012,0.05701857716249381,0.06901857716249381,8900.0,,2373.5432386096245,0.16381857716249382,1.6776950311256067,1.6035262352523276,5.835446293690285e-07,1.50-2.00,1.50-2.00,1.6666666666666667e-05,pneumatic_feed,-0.024507050934692538,0.6016254137075332,1.7001452413966367e-31,-0.2888413411052084,active,
aluminum,partial,0.08053021934702265,1.6331765965366718,1.6331765965366718,0.0218,0.012659350481351958,0.03445935048135196,2700.0,,2461.559688003314,0.08482374801967357,1.2250292294148897,1.1538602813672012,2.2624748173687464e-07,1.50-2.00,1.50-2.00,1.6666666666666667e-05,pneumatic_feed,-0.017887431846913236,2.25,0.0,0.0,light,1.9700000000000015
aluminum,partial,0.05502835692438862,1.7678607701765543,1.7678607701765543,0.0218,0.008650457708513894,0.030450457708513894,2700.0,,2515.617114503157,0.07660169255599214,1.1685035134571424,1.0965127296839068,2.394056982279606e-07,1.50-2.00,1.50-2.00,1.6666666666666667e-05,pneumatic_feed,0.01774314824776041,2.25,0.0,0.0,light,1.8660000000000014
copper,heavily_coated,0.7079601161788431,1.5457665048591858,1.5457665048591858,0.012,0.10336217696211109,0.11536217696211108,8900.0,,1821.7598046120054,0.2101621769621111,1.836088025126471,1.8162338862595027,5.021602630587666e-07,1.50-2.00,1.50-2.00,1.6666666666666667e-05,pneumatic_feed,0.01903975517603082,0.5709121953915025,-7.21880732434215e-30,-0.2877778359589145,active,
aluminum,partial,0.10888790404875481,1.6018655868647724,1.6018655868647724,0.0218,0.017117178516464257,0.03891717851646426,2700.0,,2414.5262510386165,0.09396654914435904,1.2854193550521067,1.2144541800207447,2.4111566168348265e-07,1.50-2.00,1.50-2.00,1.6666666666666667e-05,pneumatic_feed,-0.006459134989621479,2.25,0.0,0.0,light,2.147999999999985
copper,partial,0.41324792363162316,1.8605092114033364,1.8605092114033364,0.012,0.06033419685021699,0.07233419685021698,8900.0,,2310.583432567906,0.16713419685021697,1.6909403572034105,1.619672298263141,5.785341074570775e-07,1.50-2.00,1.50-2.00,1.6666666666666667e-05,pneumatic_feed,0.03212542645524234,0.59889585815665,7.366498289828418e-31,-0.288773434641726,active,
copper,heavily_coated,0.6569390273182366,1.6381774316751674,1.6381774316751674,0.012,0.09591309798846254,0.10791309798846253,8900.0,,1878.484648917553,0.20271309798846254,1.8171726125648644,1.7837558089679508,5.440059979268106e-07,1.50-2.00,1.50-2.00,1.6666666666666667e-05,pneumatic_feed,-0.020456836684676964,0.57437146939569,-1.043888636501675e-29,-0.28793043805212093,active,
copper,partial,0.2466932968315928,1.9151458836835626,1.9151458836835626,0.012,0.036017221337412544,0.04801722133741254,8900.0,,2974.2916678549395,0.14281722133741254,1.5836059177990385,1.497217120564692,5.2382268446844e-07,1.50-2.00,1.50-2.00,1.6666666666666667e-05,pneumatic_feed,0.030501060112081316,0.6231234349891563,3.297138041043103e-33,-0.28329257171820793,active,
aluminum,partial,0.08695887578644301,1.595493503503009,1.595493503503009,0.0218,0.013669935273628843,0.03546993527362884,2700.0,,2449.8610012100235,0.08689641114230709,1.2385599696304959,1.1678724542045045,2.2120346246927519e-07,1.50-2.00,1.50-2.00,1.6666666666666667e-05,pneumatic_feed,0.0015147564529391937,2.25,0.0,0.0,light,2.0339999999999976
copper,partial,0.4752574690707749,1.8435278320404018,1.8435278320404018,0.012,0.06938759048433313,0.08138759048433312,8900.0,,2164.7967391078955,0.17618759048433313,1.727677833230226,1.6629613405735242,5.987902407385826e-07,1.50-2.00,1.50-2.00,1.6666666666666667e-05,pneumatic_feed,-0.01929580685946774,0.591487038218015,2.461741941380327e-30,-0.28856305295834217,active,
aluminum,partial,0.13901226203381806,1.7910155700342774,1.7910155700342774,0.0218,0.0218527275917162,0.0436527275917162,2700.0,,2375.0851120239736,0.10367894340232328,1.3501103516610498,1.2756742121885456,3.32574759244647e-07,1.50-2.00,1.50-2.00,1.6666666666666667e-05,pneumatic_feed,-0.027033044779273173,2.25,0.0,0.0,light,2.3619999999999615
copper,partial,0.27396375232856185,1.9940397534706624,1.9940397534706624,0.012,0.03999870783997003,0.05199870783997003,8900.0,,2823.1222262628944,0.14679870783997,1.6039769630562013,1.5179435161613126,5.837002203605988e-07,1.50-2.00,1.50-2.00,1.6666666666666667e-05,pneumatic_feed,-0.02451912087210346,0.6174303008721331,2.762832982077341e-33,-0.2890625238546844,active,
aluminum,heavily_coated,0.29723293739972123,1.8584470661320585,1.8584470661320585,0.0218,0.04672501775923618,0.06852501775923618,2700.0,,2257.4364284085727,0.15469087134704412,1.6298039472079744,1.5582130523979076,5.342752757066803e-07,1.50-2.00,1.50-2.00,1.6666666666666667e-05,pneumatic_feed,-0.003373032027013706,0.6117658516643738,-3.157681323122465e-33,-0.2890212264139409,active,
aluminum,heavily_coated,0.3150816679304046,1.9062816767257802,1.9062816767257802,0.0218,0.049530838198659596,0.0713308381986596,2700.0,,2249.314386445227,0.16044548055744173,1.6589960877307293,1.5869317133479959,5.830444091404883e-07,1.50-2.00,1.50-2.00,1.6666666666666667e-05,pneumatic_feed,0.0229639276988211,0.6055334621816809,-8.78777734337277e-32,-0.288913804794315,active,
copper,partial,0.31565947659151544,1.9812992997770056,1.9812992997770056,0.012,0.04608628358236125,0.058086283582361245,8900.0,,2632.054835554799,0.15288628358236125,1.6318536229007348,1.549097513750746,6.00162278907938e-07,1.50-2.00,1.50-2.00,1.6666666666666667e-05,pneumatic_feed,0.02398427370043892,0.6113226176629424,1.0271603627683639e-31,-0.2890388267674054,active,
aluminum,partial,0.16363704801210693,1.9951920920977892,1.9951920920977892,0.0218,0.025723743947503208,0.04752374394750321,2700.0,,2348.6832344876225,0.1116182206495834,1.4015863148207557,1.323616104206904,4.443288622623434e-07,1.50-2.00,1.50-2.00,1.6666666666666667e-05,pneumatic_feed,-0.021456784473537882,2.25,0.0,0.0,light,2.539999999999942
aluminum,partial,0.11118039528500528,1.991711349677997,1.991711349677997,0.0218,0.017477558138802834,0.039277558138802834,2700.0,,2411.1904031599547,0.09470567124383855,1.296131104219183,1.2192211513270634,3.7568926264845335e-07,1.50-2.00,1.50-2.00,1.6666666666666667e-05,pneumatic_feed,0.015888543612682132,2.25,0.0,0.0,light,2.173999999999982
aluminum,partial,0.12791483492437672,1.8323806076576252,1.8323806076576252,0.0218,0.020108212050112026,0.041908212050112026,2700.0,,2388.577728113808,0.1001010219279683,1.3285162003527773,1.253469441263484,3.361010622455523e-07,1.50-2.00,1.50-2.00,1.6666666666666667e-05,pneumatic_feed,-0.03404038618877057,2.25,0.0,0.0,light,2.311999999999967
copper,partial,0.27277665152715247,1.5379567069928297,1.5379567069928297,0.012,0.039825391122964265,0.05182539112296426,8900.0,,2829.2191905522022,0.14662539112296424,1.591544833858518,1.5170471776006331,3.4681462595504676e-07,1.50-2.00,1.50-2.00,1.6666666666666667e-05,pneumatic_feed,-0.004946562441338398,0.6206983976379354,2.445217048506577e-33,-0.28651232746981964,active,
copper,partial,0.4265101918282909,1.7145690870286936,1.7145690870286936,0.012,0.06227048800693047,0.07427048800693047,8900.0,,2276.4154719321873,0.16907048800693047,1.693739372872099,1.6290274337029382,4.970244859766337e-07,1.50-2.00,1.50-2.00,1.6666666666666667e-05,pneumatic_feed,-0.03453933072819514,0.5983230858137306,-2.392031619492663e-31,-0.2887569146178935,active,
aluminum,partial,0.16167708086887694,1.5546281584743908,1.5546281584743908,0.0218,0.025415637112587458,0.04721563711258746,2700.0,,2350.6260728470866,0.11098630764293461,1.388954059831285,1.3198640402569888,2.68239334305111e-07,1.50-2.00,1.50-2.00,1.6666666666666667e-05,pneumatic_feed,0.008385474643042953,2.25,0.0,0.0,light,2.46799999999995
aluminum,partial,0.10410485844326961,1.9316705609560403,1.9316705609560403,0.0218,0.01636528374728198,0.03816528374728198,2700.0,,2421.6889889434333,0.09242444741069455,1.2803812926732552,1.204447643759687,3.4486806869449213e-07,1.50-2.00,1.50-2.00,1.6666666666666667e-05,pneumatic_feed,0.0025441420632262932,2.25,0.0,0.0,light,2.1419999999999857
aluminum,partial,0.0701113650761277,1.8140730436979924,1.8140730436979924,0.0218,0.011021506589967277,0.03282150658996728,2700.0,,2482.0495363578475,0.08146460521419432,1.204008905523321,1.130782226355718,2.6808869282105353e-07,1.50-2.00,1.50-2.00,1.6666666666666667e-05,pneumatic_feed,0.016593703939970908,2.25,0.0,0.0,light,1.9380000000000015
aluminum,heavily_coated,0.3769296678394106,1.9689599974636363,1.9689599974636363,0.0218,0.05925334378435536,0.08105334378435536,2700.0,,2225.520697678136,0.18038589420810436,1.7529641193218573,1.6826577178649276,6.993206608958143e-07,1.50-2.00,1.50-2.00,1.6666666666666667e-05,pneumatic_feed,0.028464920354721455,0.5865208856963608,-3.092340131812798e-30,-0.28841304849068716,active,
aluminum,bare_like,0.040516340867773726,1.8590393621812993,1.8590393621812993,0.0218,0.006369168784414028,0.028169168784414028,2700.0,,2553.247985754332,0.07192287345917893,1.1345339446392393,1.06249772791064,2.4856741777554126e-07,1.50-2.00,1.50-2.00,1.6666666666666667e-05,pneumatic_feed,0.006079626392240226,2.25,0.0,0.0,light,1.8080000000000014
aluminum,partial,0.14664799618332758,1.8938524931672172,1.8938524931672172,0.0218,0.023053065000019093,0.04485306500001909,2700.0,,2366.4108673380842,0.10614078044946665,1.3669433120948677,1.2907306806359058,3.8069272422040436e-07,1.50-2.00,1.50-2.00,1.6666666666666667e-05,pneumatic_feed,-0.004079242601791836,2.25,0.0,0.0,light,2.3999999999999573
aluminum,bare_like,0.026741435646209337,1.6944097980975383,1.6944097980975383,0.0218,0.004203753683584107,0.026003753683584107,2700.0,,2595.0755836183307,0.06748170626669435,1.0987446988014304,1.0291709583747661,1.9374163630481774e-07,1.50-2.00,1.50-2.00,1.6666666666666667e-05,pneumatic_feed,-0.024363773122923094,2.25,0.0,0.0,light,1.7060000000000013
aluminum,bare_like,0.026337552986239857,1.8054011019779932,1.8054011019779932,0.0218,0.0041402633294369065,0.025940263329436906,2700.0,,2596.4073534235636,0.0673514904582936,1.0987279652340292,1.0281775110521414,2.1953037402199558e-07,1.50-2.00,1.50-2.00,1.6666666666666667e-05,pneumatic_feed,0.035981460560492576,2.25,0.0,0.0,light,1.7040000000000013
copper,partial,0.0937894668218906,1.722417868884588,1.722417868884588,0.012,0.013693262155996026,0.025693262155996027,8900.0,,4689.683288343226,0.12049326215599603,1.4689646483462422,1.3752317051320893,3.5747017014497775e-07,1.50-2.00,1.50-2.00,1.6666666666666667e-05,pneumatic_feed,0.01401191312656586,2.25,0.0,0.0,light,2.8779999999999046
aluminum,heavily_coated,0.3707159168197272,1.736018231592889,1.736018231592889,0.0218,0.05827654212406112,0.08007654212406112,2700.0,,2227.650120874144,0.17838251874184824,1.7352674738197882,1.6732877858192983,5.376019748911077e-07,1.50-2.00,1.50-2.00,1.6666666666666667e-05,pneumatic_feed,-0.032356684622157024,0.5899852417259391,-1.2113841385873192e-30,-0.2885230995923616,active,
aluminum,partial,0.17483664051248327,1.5534988600736819,1.5534988600736819,0.0218,0.02748431988856237,0.04928431988856237,2700.0,,2338.047507364943,0.11522908126762973,1.4134488461126269,1.3448552559947544,2.7808910672090753e-07,1.50-2.00,1.50-2.00,1.6666666666666667e-05,pneumatic_feed,-0.03493781765661485,2.25,0.0,0.0,light,2.601999999999935
aluminum,bare_like,0.018405615403298863,1.9047705401420716,1.9047705401420716,0.0218,0.0028933627413985814,0.02469336274139858,2700.0,,2623.950214506418,0.0647941544621776,1.0791433794199525,1.0084686650750927,2.350829640336454e-07,1.50-2.00,1.50-2.00,1.6666666666666667e-05,pneumatic_feed,0.009620207565053605,2.25,0.0,0.0,light,1.6680000000000013
aluminum,partial,0.24735560532580864,1.7692905975280893,1.7692905975280893,0.0218,0.03888430115721712,0.06068430115721712,2700.0,,2284.1149699325365,0.13860992071309397,1.5464822684399364,1.4749987510207332,4.3390300137758984e-07,1.50-2.00,1.50-2.00,1.6666666666666667e-05,pneumatic_feed,0.002437111217585288,2.25,0.0,0.0,light,3.6499999999998196
aluminum,bare_like,0.032799481793694525,1.5914906502013086,1.5914906502013086,0.0218,0.005156078537968779,0.02695607853796878,2700.0,,2575.852449283492,0.06943488092510505,1.1128139860487785,1.043958759243127,1.7586761667285135e-07,1.50-2.00,1.50-2.00,1.6666666666666667e-05,pneumatic_feed,0.0031656598090812733,2.25,0.0,0.0,light,1.7580000000000013
copper,partial,0.23652397786055546,1.6530706868686371,1.6530706868686371,0.012,0.0345325007676411,0.046532500767641094,8900.0,,3037.285734402745,0.1413325007676411,1.5707640946586914,1.489414291608918,3.862112258996301e-07,1.50-2.00,1.50-2.00,1.6666666666666667e-05,pneumatic_feed,0.012412332869904626,0.6279290261543647,1.3400529447014927e-33,-0.2749293972792984,active,
aluminum,heavily_coated,0.3175165493593459,1.7738410346321463,1.7738410346321463,0.0218,0.049913601559289186,0.07171360155928919,2700.0,,2248.255661035926,0.16123051067894673,1.6584123630942778,1.5908092580874515,5.073137392204753e-07,1.50-2.00,1.50-2.00,1.6666666666666667e-05,pneumatic_feed,-0.01511886087162529,0.605656500845295,1.5505270976541878e-31,-0.28891610883904717,active,
aluminum,heavily_coated,0.371001515997541,1.5887581108498297,1.5887581108498297,0.0218,0.05832143831481344,0.08012143831481344,2700.0,,2227.551108999119,0.1784745987727672,1.7289163874448261,1.6737196008702755,4.504970751931887e-07,1.50-2.00,1.50-2.00,1.6666666666666667e-05,pneumatic_feed,0.013938761713479067,0.5912412644076304,-4.608956022986715e-31,-0.28856087547220227,active,
aluminum,bare_like,0.03770590802671193,1.7583988180793622,1.7583988180793622,0.0218,0.005927368741799114,0.027727368741799114,2700.0,,2561.2513927379687,0.07101676180689219,1.1266920609837812,1.055783639445592,2.1958144158679703e-07,1.50-2.00,1.50-2.00,1.6666666666666667e-05,pneumatic_feed,0.028002639889920234,2.25,0.0,0.0,light,1.7960000000000014
aluminum,heavily_coated,0.316409977466942,1.89754296823952,1.89754296823952,0.0218,0.04973964845780328,0.07153964845780328,2700.0,,2248.735411804631,0.16087374083511677,1.6607723519033613,1.5890482170620226,5.792531424258563e-07,1.50-2.00,1.50-2.00,1.6666666666666667e-05,pneumatic_feed,0.00839284240606975,0.6051594524257761,8.140326550219409e-32,-0.2889064428736031,active,
copper,bare_like,0.042445837490663475,1.6688864997440391,1.6688864997440391,0.012,0.006197092273636868,0.018197092273636868,8900.0,,6209.623525256394,0.11299709227363686,1.4281581818720142,1.331766631331107,3.1471748429259306e-07,1.50-2.00,1.50-2.00,1.6666666666666667e-05,pneumatic_feed,-0.024454789366006927,2.25,0.0,0.0,light,2.6439999999999304
aluminum,partial,0.06659454119250346,1.6581947648683995,1.6581947648683995,0.0218,0.010468661875461548,0.03226866187546155,2700.0,,2489.4353021487373,0.08033074602587505,1.194026793444877,1.1228852967343257,2.2087821279889099e-07,1.50-2.00,1.50-2.00,1.6666666666666667e-05,pneumatic_feed,0.00015089970597801383,2.25,0.0,0.0,light,1.9080000000000015
aluminum,heavily_coated,0.3775784840611317,1.65892958379504,1.65892958379504,0.0218,0.05935533769440991,0.08115533769440991,2700.0,,2225.301307058563,0.18059507904614946,1.741546653273757,1.6836330837532156,4.970062112385908e-07,1.50-2.00,1.50-2.00,1.6666666666666667e-05,pneumatic_feed,-0.002655630714343809,0.5887500775622876,7.256610674384798e-31,-0.2884846885380511,active,
aluminum,partial,0.12347555361558626,1.9745265608567066,1.9745265608567066,0.0218,0.019410357028370157,0.041210357028370156,2700.0,,2394.295035427008,0.09866975324120117,1.3215147959816285,1.2444759727989503,3.8468920756515306e-07,1.50-2.00,1.50-2.00,1.6666666666666667e-05,pneumatic_feed,0.03002381413440853,2.25,0.0,0.0,light,2.2799999999999705
aluminum,heavily_coated,0.4094080432618165,1.6965408828192898,1.6965408828192898,0.0218,0.06435894440075755,0.08615894440075755,2700.0,,2215.1762484495357,0.19085724722804226,1.787308478542773,1.7308077167875557,5.493350564078154e-07,1.50-2.00,1.50-2.00,1.6666666666666667e-05,pneumatic_feed,0.016589617652853154,0.5799422645691757,-1.852019211507807e-30,-0.28818096718289593,active,
aluminum,partial,0.09226612346234203,1.94328329596914,1.94328329596914,0.0218,0.014504234608280167,0.03630423460828017,2700.0,,2440.6938149657162,0.0886075208654937,1.2549658899169027,1.1793149059961845,3.346130086197612e-07,1.50-2.00,1.50-2.00,1.6666666666666667e-05,pneumatic_feed,-0.03019732261183958,2.25,0.0,0.0,light,2.0719999999999934
copper,partial,0.11437818531490618,1.8772911864375144,1.8772911864375144,0.012,0.0166992150559763,0.0286992150559763,8900.0,,4303.22623162681,0.1234992150559763,1.486622925829769,1.3922800291315696,4.352386752193293e-07,1.50-2.00,1.50-2.00,1.6666666666666667e-05,pneumatic_feed,-0.0035432292517700043,2.25,0.0,0.0,light,2.9619999999998954
copper,heavily_coated,0.5292319633368903,1.5123189920899334,1.5123189920899334,0.012,0.07726786664718598,0.08926786664718597,8900.0,,2061.972281410944,0.184067866647186,1.7422081265158513,1.6997438733215753,4.20983225427323e-07,1.50-2.00,1.50-2.00,1.6666666666666667e-05,pneumatic_feed,-0.0006764071661578202,0.5886204419553708,-4.678789532717139e-31,-0.28846667136754583,active,
copper,partial,0.3044543256104685,1.9082496329676841,1.9082496329676841,0.012,0.044450331539128404,0.0564503315391284,8900.0,,2679.3524044104083,0.1512503315391284,1.622699783279352,1.5407872026461538,5.50765477357453e-07,1.50-2.00,1.50-2.00,1.6666666666666667e-05,pneumatic_feed,0.019368525036001838,0.6133071479506523,6.797406485244783e-33,-0.28906997884954844,active,
copper,partial,0.1412407311413384,1.7369711718451208,1.7369711718451208,0.012,0.020621146746635403,0.0326211467466354,8900.0,,3906.090357163113,0.1274211467466354,1.504930080799415,1.4142143823816775,3.8443837291258805e-07,1.50-2.00,1.50-2.00,1.6666666666666667e-05,pneumatic_feed,0.019635686005874647,2.25,0.0,0.0,light,3.1339999999998764
aluminum,partial,0.2623780895131212,1.8749891320200434,1.8749891320200434,0.0218,0.04124583567146266,0.06304583567146266,2700.0,,2275.381368366234,0.1434533198399254,1.5742610677032014,1.5005476694218913,5.043222311499138e-07,1.50-2.00,1.50-2.00,1.6666666666666667e-05,pneumatic_feed,0.0034555561199400894,0.6264583665288519,-1.622683373640455e-33,-0.27752052703603214,active,
aluminum,partial,0.15987295358425668,1.7686100437435888,1.7686100437435888,0.0218,0.02513202830344515,0.04693202830344515,2700.0,,2352.436980802632,0.1104046389651002,1.3903455081320901,1.3164008558171834,3.453436667430606e-07,1.50-2.00,1.50-2.00,1.6666666666666667e-05,pneumatic_feed,-0.031071917703085813,2.25,0.0,0.0,light,2.4719999999999493
aluminum,partial,0.1960542089881196,1.972685105097114,1.972685105097114,0.0218,0.030819721652932397,0.0526197216529324,2700.0,,2319.849548521071,0.12206983751985964,1.461755618543439,1.3841994689031336,4.7503312767977973e-07,1.50-2.00,1.50-2.00,1.6666666666666667e-05,pneumatic_feed,0.0012975652241007205,2.25,0.0,0.0,light,2.8439999999999084
copper,partial,0.16305893491836831,1.7621508040875224,1.7621508040875224,0.012,0.023806604498081776,0.035806604498081776,8900.0,,3647.5562631211956,0.13060660449808176,1.521353070664623,1.4317825478060178,4.0555642272417196e-07,1.50-2.00,1.50-2.00,1.6666666666666667e-05,pneumatic_feed,-0.0010929226605383585,2.25,0.0,0.0,light,3.327999999999855
aluminum,bare_like,0.03696319048294517,1.9346499085337021,1.9346499085337021,0.0218,0.005810613543918982,0.027610613543918982,2700.0,,2563.4092531491206,0.07077730224360636,1.1264269330240857,1.054002151807882,2.649102602585645e-07,1.50-2.00,1.50-2.00,1.6666666666666667e-05,pneumatic_feed,0.015530152546287259,2.25,0.0,0.0,light,1.7820000000000014
aluminum,heavily_coated,0.4169793130296298,1.5817553372128097,1.5817553372128097,0.0218,0.06554914800825781,0.08734914800825781,2700.0,,2212.938588658116,0.19329830031388293,1.7914985960944692,1.7418410150546768,4.836226721870836e-07,1.50-2.00,1.50-2.00,1.6666666666666667e-05,pneumatic_feed,-0.008129806887225942,0.5791523905928329,-2.233113207172171e-29,-0.2881510568575288,active,
aluminum,partial,0.22841855988903656,1.8742910079613848,1.8742910079613848,0.0218,0.03590739761455655,0.05770739761455655,2700.0,,2296.1428407993285,0.13250442789382427,1.5170318600323123,1.4421475306713478,4.654836537284709e-07,1.50-2.00,1.50-2.00,1.6666666666666667e-05,pneumatic_feed,0.02393856683058592,2.25,0.0,0.0,light,3.257999999999863
aluminum,partial,0.15878759683179666,1.5007495412890373,1.5007495412890373,0.0218,0.02496141022195844,0.04676141022195844,2700.0,,2353.536999251138,0.11005470909453956,1.3820869708149974,1.3143130197741681,2.478706289383441e-07,1.50-2.00,1.50-2.00,1.6666666666666667e-05,pneumatic_feed,-0.017254286645419704,2.25,0.0,0.0,light,2.445999999999952
aluminum,heavily_coated,0.28614431484661884,1.9471419997759938,1.9471419997759938,0.0218,0.04498188629388848,0.06678188629388848,2700.0,,2262.825998724862,0.15111578854969837,1.6147383072205426,1.5401017554291878,5.729346533646144e-07,1.50-2.00,1.50-2.00,1.6666666666666667e-05,pneumatic_feed,-0.015853681470852695,0.6150469842483531,5.119687941424895e-33,-0.2890662766849542,active,
aluminum,partial,0.23735209878567382,1.6638903443287618,1.6638903443287618,0.0218,0.03731174992910793,0.05911174992910793,2700.0,,2290.3177512398884,0.1353846901694891,1.5266326462028805,1.4577373209533673,3.7481672221292813e-07,1.50-2.00,1.50-2.00,1.6666666666666667e-05,pneumatic_feed,-0.005294608926010479,2.25,0.0,0.0,light,3.3599999999998515
aluminum,bare_like,0.04126003598379916,1.8772799019404094,1.8772799019404094,0.0218,0.006486077656653228,0.028286077656653228,2700.0,,2551.17196090152,0.07216264820153669,1.1365170090411396,1.0642673189435632,2.54314149287795e-07,1.50-2.00,1.50-2.00,1.6666666666666667e-05,pneumatic_feed,-0.0012809743856773866,2.25,0.0,0.0,light,1.8080000000000014
copper,partial,0.377603898999633,1.9751438496358065,1.9751438496358065,0.012,0.05513016925394641,0.06713016925394641,8900.0,,2412.181751566595,0.1619301692539464,1.6720307380815604,1.5942571739245657,6.317208795006495e-07,1.50-2.00,1.50-2.00,1.6666666666666667e-05,pneumatic_feed,-0.027668251668492044,0.6028023904597913,1.8018931838947148e-31,-0.28886965514527546,active,
copper,partial,0.07578192081230342,1.8460818546208009,1.8460818546208009,0.012,0.011064160438596298,0.0230641604385963,8900.0,,5110.273176965881,0.1178641604385963,1.4562965745920486,1.3601455298034133,4.016832055478605e-07,1.50-2.00,1.50-2.00,1.6666666666666667e-05,pneumatic_feed,-0.023951395774046234,2.25,0.0,0.0,light,2.8239999999999106
aluminum,partial,0.2590064656183687,1.522754941141645,1.522754941141645,0.0218,0.04071581639520756,0.06251581639520756,2700.0,,2277.28409847547,0.14236627458001824,1.5574803433024957,1.4948515129630657,3.301164418564377e-07,1.50-2.00,1.50-2.00,1.6666666666666667e-05,pneumatic_feed,-0.03348214494775157,2.25,0.0,0.0,light,3.9579999999997857
copper,heavily_coated,0.6854203849251219,1.8969427766745097,1.8969427766745097,0.012,0.1000713761990678,0.11207137619906779,8900.0,,1845.8894966330267,0.2068713761990678,1.8468255104898874,1.8019581351464768,7.444042840382015e-07,1.50-2.00,1.50-2.00,1.6666666666666667e-05,pneumatic_feed,0.023800752751748568,0.5689717488345779,-1.5553832759687286e-28,-0.2876953675338877,active,
aluminum,partial,0.1165087378321894,1.8257305478372694,1.8257305478372694,0.0218,0.01831517358722018,0.04011517358722018,2700.0,,2403.6685758028143,0.09642358216447619,1.3050089906249243,1.2302294686982662,3.21407958251692e-07,1.50-2.00,1.50-2.00,1.6666666666666667e-05,pneumatic_feed,0.004496655477552805,2.25,0.0,0.0,light,2.19399999999998
aluminum,partial,0.2546128050434151,1.8136520458430556,1.8136520458430556,0.0218,0.04002513295282486,0.06182513295282486,2700.0,,2279.812557485286,0.14094971447404747,1.5597859335817752,1.4873959521205673,4.6363065194076906e-07,1.50-2.00,1.50-2.00,1.6666666666666667e-05,pneumatic_feed,0.015942498390715765,2.25,0.0,0.0,light,4.087999999999772
aluminum,partial,0.060648241294346705,1.70817686529881,1.70817686529881,0.0218,0.0095339035314713,0.0313339035314713,2700.0,,2502.516145074388,0.07841359947571032,1.1809641154237651,1.1094051817847028,2.2880054860409277e-07,1.50-2.00,1.50-2.00,1.6666666666666667e-05,pneumatic_feed,-0.013276076722375156,2.25,0.0,0.0,light,1.8840000000000015
copper,partial,0.16382971367145327,1.689448243743494,1.689448243743494,0.012,0.02391913819603218,0.03591913819603218,8900.0,,3639.261540258004,0.13071913819603218,1.520633302104985,1.432399243620619,3.7310318755123876e-07,1.50-2.00,1.50-2.00,1.6666666666666667e-05,pneumatic_feed,0.0031834313786734394,2.25,0.0,0.0,light,3.309999999999857
copper,heavily_coated,0.5345296462660265,1.7232349519607246,1.7232349519607246,0.012,0.07804132835483986,0.09004132835483986,8900.0,,2052.8498605263453,0.18484132835483985,1.7565401524694937,1.703311330866312,5.488934778460883e-07,1.50-2.00,1.50-2.00,1.6666666666666667e-05,pneumatic_feed,-0.009454925202447992,0.585827176289265,-1.4676193213356255e-30,-0.28837521698152063,active,
copper,partial,0.08981689669213677,1.611576140729574,1.611576140729574,0.012,0.013113266917051968,0.025113266917051968,8900.0,,4774.897161453358,0.11991326691705197,1.4644814178737022,1.371917868361677,3.1143605765907187e-07,1.50-2.00,1.50-2.00,1.6666666666666667e-05,pneumatic_feed,0.00579671746178529,2.25,0.0,0.0,light,2.8599999999999066
copper,partial,0.17256311878354424,1.8276748047769713,1.8276748047769713,0.012,0.02519421534239746,0.03719421534239746,8900.0,,3548.783436545254,0.13199421534239747,1.5293612182834568,1.4393683350741988,4.409128423037403e-07,1.50-2.00,1.50-2.00,1.6666666666666667e-05,pneumatic_feed,0.0009708889803737484,2.25,0.0,0.0,light,3.3779999999998496
aluminum,partial,0.21231738537871733,1.974436398712156,1.974436398712156,0.0218,0.03337629298153436,0.05517629298153436,2700.0,,2307.390390698405,0.12731324821995224,1.4910194395537506,1.4136154866371444,4.963178513314551e-07,1.50-2.00,1.50-2.00,1.6666666666666667e-05,pneumatic_feed,0.012962638204760842,2.25,0.0,0.0,light,3.0079999999998903
copper,partial,0.12099382876739462,1.847283226569389,1.847283226569389,0.012,0.017665099000039614,0.029665099000039614,8900.0,,4195.674486030652,0.1244650990000396,1.4913041067708472,1.3977139170461965,4.247315891330352e-07,1.50-2.00,1.50-2.00,1.6666666666666667e-05,pneumatic_feed,-0.012619954389017298,2.25,0.0,0.0,light,3.00999999999989
aluminum,heavily_coated,0.4172753963759036,1.6510336607568448,1.6510336607568448,0.0218,0.06559569231029205,0.08739569231029205,2700.0,,2212.852320671877,0.19339376054555507,1.7956461283853549,1.7422710654553821,5.271744014026712e-07,1.50-2.00,1.50-2.00,1.6666666666666667e-05,pneumatic_feed,-0.00987029814207074,0.5783732180234625,2.894374954609582e-29,-0.28812131395541907,active,
aluminum,partial,0.12485252255226453,1.584626613468834,1.584626613468834,0.0218,0.01962681654521599,0.04142681654521599,2700.0,,2392.501043083924,0.0991137017960756,1.317831818097906,1.2472724896313567,2.4887861883629496e-07,1.50-2.00,1.50-2.00,1.6666666666666667e-05,pneumatic_feed,0.015782833108573043,2.25,0.0,0.0,light,2.2419999999999747
copper,partial,0.25762181358189185,1.5649704137249705,1.5649704137249705,0.012,0.03761278478295621,0.04961278478295621,8900.0,,2910.797799694712,0.14441278478295622,1.5824614386815423,1.505557395104312,3.5368602958461434e-07,1.50-2.00,1.50-2.00,1.6666666666666667e-05,pneumatic_feed,0.020112101728078518,0.6234996155203056,3.366093160512932e-33,-0.2827047457985291,active,
aluminum,partial,0.2175105673939484,1.607417663347446,1.607417663347446,0.0218,0.03419266119432869,0.05599266119432869,2700.0,,2303.65157294127,0.1289875820334829,1.4910948856994675,1.4228805598494723,3.3327702379604975e-07,1.50-2.00,1.50-2.00,1.6666666666666667e-05,pneumatic_feed,0.0053793232307944696,2.25,0.0,0.0,light,3.01199999999989
aluminum,partial,0.06435532698131807,1.8267951205775634,1.8267951205775634,0.0218,0.010116657401463197,0.0319166574014632,2700.0,,2494.271250610258,0.07960880097204676,1.1909316791744222,1.1178281352950667,2.6566893127177916e-07,1.50-2.00,1.50-2.00,1.6666666666666667e-05,pneumatic_feed,0.014565215361423835,2.25,0.0,0.0,light,1.9060000000000015
aluminum,partial,0.21373937247770797,1.8944656198949512,1.8944656198949512,0.0218,0.033599829353495696,0.055399829353495696,2700.0,,2306.3556796402936,0.12777171108053784,1.4918691574599363,1.4161584576311093,4.5857266914686996e-07,1.50-2.00,1.50-2.00,1.6666666666666667e-05,pneumatic_feed,-0.002938099969730879,2.25,0.0,0.0,light,3.0239999999998886
copper,partial,0.09719968046846605,1.8024201303727523,1.8024201303727523,0.012,0.014191153348396043,0.026191153348396043,8900.0,,4619.542779921358,0.12099115334839604,1.4725454643898699,1.3780700791165972,3.9306617721193163e-07,1.50-2.00,1.50-2.00,1.6666666666666667e-05,pneumatic_feed,-0.00975804513239066,2.25,0.0,0.0,light,2.891999999999903
aluminum,partial,0.10305992265199321,1.551572944326143,1.551572944326143,0.0218,0.01620101984089333,0.03800101984089333,2700.0,,2423.2915339585875,0.09208754966222912,1.2722646499551498,1.2022504645448668,2.2168959652739512e-07,1.50-2.00,1.50-2.00,1.6666666666666667e-05,pneumatic_feed,0.01810382036821628,2.25,0.0,0.0,light,2.1159999999999886
aluminum,partial,0.24676284301919152,1.5985428922440654,1.5985428922440654,0.0218,0.038791118922616906,0.060591118922616906,2700.0,,2284.4735446228874,0.13841880821781755,1.5402280473740424,1.4739815513726298,3.5370703134243825e-07,1.50-2.00,1.50-2.00,1.6666666666666667e-05,pneumatic_feed,-0.029279868280694267,2.25,0.0,0.0,light,3.5599999999998295
copper,heavily_coated,0.6111917379598448,1.596958370118499,1.596958370118499,0.012,0.08923399374213734,0.10123399374213733,8900.0,,1936.4443355013145,0.19603399374213737,1.790934566417617,1.7541235890827616,4.999407964606837e-07,1.50-2.00,1.50-2.00,1.6666666666666667e-05,pneumatic_feed,-0.009084482026551523,0.579258691575768,-3.0882696198240376e-29,-0.2881296437912605,active,
aluminum,heavily_coated,0.3341274312577103,1.9875852228473863,1.9875852228473863,0.0218,0.052524832193712054,0.07432483219371205,2700.0,,2241.3239316521685,0.16658602511179837,1.690481035327711,1.6170139919477466,6.58097262286125e-07,1.50-2.00,1.50-2.00,1.6666666666666667e-05,pneumatic_feed,-0.0034661164955783128,0.5989900360169953,9.356759191687466e-33,-0.28877051541275783,active,
copper,partial,0.05597727211417043,1.8252574514860451,1.8252574514860451,0.012,0.008172681728668883,0.020172681728668884,8900.0,,5699.42476043097,0.11497268172866887,1.4403672751380494,1.3433581847047298,3.830389352934275e-07,1.50-2.00,1.50-2.00,1.6666666666666667e-05,pneumatic_feed,0.018042346932548,2.25,0.0,0.0,light,2.6899999999999253
aluminum,bare_like,0.029569096582126805,1.8851046408273149,1.8851046408273149,0.0218,0.004648261982710334,0.026448261982710334,2700.0,,2585.930692676645,0.0683933724290435,1.1075565725773682,1.0360995963932556,2.4304402240438355e-07,1.50-2.00,1.50-2.00,1.6666666666666667e-05,pneumatic_feed,0.029576733624298603,2.25,0.0,0.0,light,1.7340000000000013
aluminum,partial,0.18959453107208235,1.8511201240801767,1.8511201240801767,0.0218,0.029804260284531342,0.05160426028453134,2700.0,,2325.14083336094,0.11998717276295007,1.447580625337256,1.372340578605495,4.1115353125609625e-07,1.50-2.00,1.50-2.00,1.6666666666666667e-05,pneumatic_feed,0.0003691291617139136,2.25,0.0,0.0,light,2.7439999999999194
copper,partial,0.10627362929479578,1.6430426898746768,1.6430426898746768,0.012,0.015515949877040181,0.02751594987704018,8900.0,,4445.274483477049,0.12231594987704018,1.4773999752503248,1.3855941502727351,3.3020282715288703e-07,1.50-2.00,1.50-2.00,1.6666666666666667e-05,pneumatic_feed,0.010890052155777482,2.25,0.0,0.0,light,2.911999999999901
aluminum,heavily_coated,0.2746791994157454,1.586667682117858,1.586667682117858,0.0218,0.04317957014815518,0.06497957014815518,2700.0,,2268.7026144911456,0.14741932068363048,1.5850256489610726,1.5211487953025056,3.711302528525199e-07,1.50-2.00,1.50-2.00,1.6666666666666667e-05,pneumatic_feed,-0.009396026112512685,0.6226671237684914,8.768410618201759e-34,-0.2839360569634961,active,
aluminum,heavily_coated,0.38510124863813844,1.6051840590167137,1.6051840590167137,0.0218,0.06053791628591536,0.08233791628591536,2700.0,,2222.797246142231,0.1830204935734222,1.7494216865423962,1.6949010788622547,4.71573507054187e-07,1.50-2.00,1.50-2.00,1.6666666666666667e-05,pneumatic_feed,-0.02384249899711432,0.5872102332899308,-1.6110760134746832e-30,-0.2884353573234812,active,
aluminum,partial,0.17937665359605537,1.9260655925136823,1.9260655925136823,0.0218,0.028198009945299904,0.049998009945299904,2700.0,,2333.9494314588014,0.11669282688590421,1.43017297360393,1.3533700938033,4.328987250928246e-07,1.50-2.00,1.50-2.00,1.6666666666666667e-05,pneumatic_feed,-0.012540345087017495,2.25,0.0,0.0,light,2.6539999999999293
aluminum,partial,0.21177547488556317,1.504990205745676,1.504990205745676,0.0218,0.03329110465201053,0.05509110465201053,2700.0,,2307.7869224249534,0.12713853085785443,1.4779236202152986,1.4126451714230588,2.879682027349199e-07,1.50-2.00,1.50-2.00,1.6666666666666667e-05,pneumatic_feed,-0.0005385503624761761,2.25,0.0,0.0,light,2.9139999999999007
copper,partial,0.3645218956376683,1.8982607453357006,1.8982607453357006,0.012,0.05322019676309957,0.06522019676309956,8900.0,,2453.537473128817,0.16002019676309956,1.6615714970212088,1.5848271225574135,5.766157940572819e-07,1.50-2.00,1.50-2.00,1.6666666666666667e-05,pneumatic_feed,0.002909884673778299,0.6049912258706642,2.03467958599178e-32,-0.28891747315118355,active,
aluminum,partial,0.20843802719734014,1.6800415941372095,1.6800415941372095,0.0218,0.03276645787542187,0.05456645787542187,2700.0,,2310.256323335149,0.12606250434869443,1.4773478202141335,1.4066545660740977,3.558164305211581e-07,1.50-2.00,1.50-2.00,1.6666666666666667e-05,pneumatic_feed,0.0025672577727565344,2.25,0.0,0.0,light,2.909999999999901
copper,partial,0.12013463613944975,1.7540849978572213,1.7540849978572213,0.012,0.017539656876359663,0.029539656876359663,8900.0,,4209.245130936766,0.12433965687635966,1.4894254432615996,1.3970093966510537,3.8257001937718185e-07,1.50-2.00,1.50-2.00,1.6666666666666667e-05,pneumatic_feed,-0.02337296999571051,2.25,0.0,0.0,light,2.983999999999893
copper,partial,0.30390788820958453,1.6690576562901114,1.6690576562901114,0.012,0.04437055167859934,0.056370551678599334,8900.0,,2681.7291507187806,0.15117055167859933,1.6158898409363527,1.540380790307155,4.211238873918869e-07,1.50-2.00,1.50-2.00,1.6666666666666667e-05,pneumatic_feed,-0.0017339388073358694,0.6147942718765121,-2.567560366082931e-32,-0.2890895879810979,active,
aluminum,partial,0.1402261161090812,1.9676126715808722,1.9676126715808722,0.0218,0.022043545452347567,0.04384354545234757,2700.0,,2373.6744148084517,0.10407030209472887,1.355360350144975,1.278079599116919,4.0290813557142945e-07,1.50-2.00,1.50-2.00,1.6666666666666667e-05,pneumatic_feed,0.018590960064954153,2.25,0.0,0.0,light,2.3799999999999595
aluminum,heavily_coated,0.3415310445519916,1.5443385207143963,1.5443385207143963,0.0218,0.05368868020357308,0.07548868020357308,2700.0,,2238.3889030558207,0.1689730240740076,1.6846400236669878,1.6285578239244758,4.0299753076549844e-07,1.50-2.00,1.50-2.00,1.6666666666666667e-05,pneumatic_feed,0.00777216349627989,0.6001903431145198,-1.3977987561233714e-31,-0.28879877575190127,active,
aluminum,partial,0.17060357547250293,1.7276573143741532,1.7276573143741532,0.0218,0.02681888206427746,0.04861888206427746,2700.0,,2341.976901434166,0.11386429876808968,1.409812307735793,1.3368672460135806,3.3986213572448755e-07,1.50-2.00,1.50-2.00,1.6666666666666667e-05,pneumatic_feed,0.00036111994263080037,2.25,0.0,0.0,light,2.5899999999999364
aluminum,partial,0.09987179252818101,1.7083604805808519,1.7083604805808519,0.0218,0.015699845785430058,0.03749984578543006,2700.0,,2428.2677094205696,0.09105966462901084,1.2682208151041565,1.1955218509157222,2.657572243297133e-07,1.50-2.00,1.50-2.00,1.6666666666666667e-05,pneumatic_feed,0.039568015322067926,2.25,0.0,0.0,light,2.111999999999989
copper,partial,0.0642004058780155,1.6978191661670163,1.6978191661670163,0.012,0.00937325925819026,0.02137325925819026,8900.0,,5435.448934334735,0.11617325925819026,1.4456887788573722,1.3503538341177672,3.348798662278511e-07,1.50-2.00,1.50-2.00,1.6666666666666667e-05,pneumatic_feed,-0.021327034115074674,2.25,0.0,0.0,light,2.7259999999999214
copper,partial,0.4029447039744025,1.7211711484752736,1.7211711484752736,0.012,0.05882992678026276,0.07082992678026276,8900.0,,2338.41730902956,0.16562992678026278,1.679779176749076,1.6123669962955098,4.906670842554307e-07,1.50-2.00,1.50-2.00,1.6666666666666667e-05,pneumatic_feed,0.012836831849267587,0.6011938370304413,3.351012422726936e-31,-0.2888292114981144,active,
aluminum,partial,0.11870701215765911,1.6002522702906954,1.6002522702906954,0.0218,0.018660742311184017,0.04046074231118402,2700.0,,2400.65609876124,0.09713232778975087,1.3056603380999736,1.2347424901524728,2.4873717684510845e-07,1.50-2.00,1.50-2.00,1.6666666666666667e-05,pneumatic_feed,0.009339381432604961,2.25,0.0,0.0,light,2.203999999999979
aluminum,bare_like,0.035194567728990975,1.6193758522958377,1.6193758522958377,0.0218,0.005532586046997381,0.02733258604699738,2700.0,,2568.6219540582615,0.07020708058150399,1.1190480925853499,1.049747749131803,1.8410951416235317e-07,1.50-2.00,1.50-2.00,1.6666666666666667e-05,pneumatic_feed,0.010650208396945368,2.25,0.0,0.0,light,1.7720000000000014
aluminum,partial,0.07801280882893102,1.908189231165981,1.908189231165981,0.0218,0.012263613547907962,0.03406361354790796,2700.0,,2466.329932271537,0.08401210969453565,1.2229725564558827,1.1483266407104868,3.05903729574703e-07,1.50-2.00,1.50-2.00,1.6666666666666667e-05,pneumatic_feed,0.002370775460908847,2.25,0.0,0.0,light,1.9780000000000015
copper,partial,0.3156913083412603,1.5435007511932064,1.5435007511932064,0.012,0.04609093101782401,0.058090931017824005,8900.0,,2631.924266645211,0.152890931017824,1.6192045867534428,1.5491210582958859,3.642465236961256e-07,1.50-2.00,1.50-2.00,1.6666666666666667e-05,pneumatic_feed,0.019319172052806893,0.6140692954768999,2.4009933516122858e-32,-0.2890775904578579,active,
aluminum,partial,0.0581946032536087,1.7019255072197328,1.7019255072197328,0.0218,0.009148191631467288,0.030948191631467288,2700.0,,2508.1440285535614,0.07762252203499598,1.175173100079984,1.1037948658429686,2.2483754974311116e-07,1.50-2.00,1.50-2.00,1.6666666666666667e-05,pneumatic_feed,0.016416675275265767,2.25,0.0,0.0,light,1.8800000000000014
copper,heavily_coated,0.6026395184852451,1.8478878771134963,1.8478878771134963,0.012,0.08798536969884578,0.09998536969884578,8900.0,,1948.138715549445,0.1947853696988458,1.8001183847882587,1.7485282848135697,6.651315773861235e-07,1.50-2.00,1.50-2.00,1.6666666666666667e-05,pneumatic_feed,-0.035249246703921364,0.5775361258679759,-5.246756837637529e-29,-0.28806468095606796,active,
aluminum,bare_like,0.02572027584478101,1.6598509301462991,1.6598509301462991,0.0218,0.004043227362799575,0.025843227362799575,2700.0,,2598.4554170575266,0.06715247413511585,1.0958245847685588,1.0266573109001749,1.8501212465945222e-07,1.50-2.00,1.50-2.00,1.6666666666666667e-05,pneumatic_feed,0.012583924298949027,2.25,0.0,0.0,light,1.6980000000000013
copper,partial,0.3416662985333988,1.7527538851736684,1.7527538851736684,0.012,0.049883279585876225,0.06188327958587622,8900.0,,2531.916224130378,0.15668327958587622,1.64271106532291,1.5682157875687621,4.81353939161639e-07,1.50-2.00,1.50-2.00,1.6666666666666667e-05,pneumatic_feed,0.0014174125668986897,0.6089899221949371,3.0421955842984196e-32,-0.28899570249142087,active,
copper,partial,0.4374454652024189,1.7634377488495685,1.7634377488495685,0.012,0.06386703791955316,0.07586703791955315,8900.0,,2249.5545180045483,0.17066703791955318,1.7021745362068745,1.6367008972885997,5.307254542773568e-07,1.50-2.00,1.50-2.00,1.6666666666666667e-05,pneumatic_feed,0.015286665895815002,0.5966053117439576,5.669339986569674e-31,-0.28871149569070714,active,
aluminum,heavily_coated,0.3492268819023149,1.9893664585075088,1.9893664585075088,0.0218,0.0548984658350439,0.0766984658350439,2700.0,,2235.432444801094,0.17145423899412535,1.7131553028989466,1.6404711930575897,6.785436796276747e-07,1.50-2.00,1.50-2.00,1.6666666666666667e-05,pneumatic_feed,0.015368442794751193,0.5943878107160778,-9.791567036267286e-31,-0.2886513022241392,active,
aluminum,heavily_coated,0.3094044805546699,1.5385327075779758,1.5385327075779758,0.0218,0.048638384343194105,0.0704383843431941,2700.0,,2251.8276086915503,0.1586150985756311,1.6368184672726214,1.5778537914658335,3.75455086296827e-07,1.50-2.00,1.50-2.00,1.6666666666666667e-05,pneumatic_feed,-0.03880676406691224,0.6102533621170061,-6.332203744208234e-32,-0.28899751920230016,active,
aluminum,bare_like,0.046532907872645246,1.7739899371785721,1.7739899371785721,0.0218,0.007314973117579834,0.029114973117579834,2700.0,,2536.930895622938,0.07386267482721956,1.148326895090092,1.076730488138995,2.3244881414104026e-07,1.50-2.00,1.50-2.00,1.6666666666666667e-05,pneumatic_feed,-0.001872883921263836,2.25,0.0,0.0,light,1.8340000000000014
copper,heavily_coated,0.6620695311293123,1.9021713857377458,1.9021713857377458,0.012,0.09666215154487959,0.10866215154487958,8900.0,,1872.4288876320086,0.20346215154487962,1.8347631842602636,1.787048385088784,7.36178146677309e-07,1.50-2.00,1.50-2.00,1.6666666666666667e-05,pneumatic_feed,-0.017922373795064287,0.5711527520819749,1.5529061255196171e-28,-0.28779412916538794,active,
aluminum,bare_like,0.039304066270842895,1.6730804644046695,1.6730804644046695,0.0218,0.006178599217776505,0.027978599217776505,2700.0,,2556.669240286119,0.07153202400638246,1.1297269296178811,1.0596068368995073,2.002323157289524e-07,1.50-2.00,1.50-2.00,1.6666666666666667e-05,pneumatic_feed,-0.002641612670683321,2.25,0.0,0.0,light,1.7980000000000014
aluminum,heavily_coated,0.32439042043285343,1.784871197108516,1.784871197108516,0.0218,0.050994174092044556,0.07279417409204456,2700.0,,2245.326875267328,0.16344671545175626,1.6692217588510712,1.6017052305998025,5.207028565497765e-07,1.50-2.00,1.50-2.00,1.6666666666666667e-05,pneumatic_feed,0.013102504534157495,0.6033883786122619,-3.761228283495453e-32,-0.288870144820629,active,
aluminum,partial,0.08678998328718596,1.8854169673411976,1.8854169673411976,0.0218,0.013643385372745634,0.035443385372745634,2700.0,,2450.159813977566,0.08684195851162163,1.2422613044337936,1.1675064799813375,3.0870554581320743e-07,1.50-2.00,1.50-2.00,1.6666666666666667e-05,pneumatic_feed,0.006566545024407099,2.25,0.0,0.0,light,2.065999999999994
aluminum,partial,0.23057957360873088,1.7917416882706614,1.7917416882706614,0.0218,0.0362471089712925,0.0580471089712925,2700.0,,2294.7079137578803,0.13320116032719093,1.5187159411960978,1.4459340968714962,4.276207836040638e-07,1.50-2.00,1.50-2.00,1.6666666666666667e-05,pneumatic_feed,-0.00038165048395647194,2.25,0.0,0.0,light,3.2899999999998593
aluminum,heavily_coated,0.337759342905922,1.8034077027983204,1.8034077027983204,0.0218,0.05309576870481095,0.07489576870481095,2700.0,,2239.8727277569474,0.16775698974629832,1.6899216337373262,1.6226871882953593,5.455925923139363e-07,1.50-2.00,1.50-2.00,1.6666666666666667e-05,pneumatic_feed,-0.014075578594028639,0.5991047273456318,2.162491601719451e-31,-0.28877316975103196,active,
copper,partial,0.2734726595186019,1.8334166517605293,1.8334166517605293,0.012,0.039927008289715876,0.05192700828971587,8900.0,,2825.639549097134,0.14672700828971588,1.6001741155510476,1.517572773251873,4.932106041142747e-07,1.50-2.00,1.50-2.00,1.6666666666666667e-05,pneumatic_feed,-0.0029902659532892047,0.6183633192843075,1.6559548551966523e-32,-0.28860559671705666,active,
aluminum,partial,0.13581447349542164,1.6560741241589427,1.6560741241589427,0.0218,0.02135003523348028,0.04315003523348028,2700.0,,2378.8611954600196,0.10264794439965888,1.3412313274689234,1.2693156168963833,2.8152035380688264e-07,1.50-2.00,1.50-2.00,1.6666666666666667e-05,pneumatic_feed,0.0035437824077681718,2.25,0.0,0.0,light,2.349999999999963
copper,partial,0.1535071304786324,1.5680800227122382,1.5680800227122382,0.012,0.022412041049880326,0.034412041049880326,8900.0,,3754.8496720257654,0.12921204104988032,1.5108580637568914,1.4241180415678054,3.177162519617087e-07,1.50-2.00,1.50-2.00,1.6666666666666667e-05,pneumatic_feed,-0.017158718392117963,2.25,0.0,0.0,light,3.1779999999998716
aluminum,heavily_coated,0.31321202793918557,1.724814041648093,1.724814041648093,0.0218,0.049236930792039973,0.07103693079203997,2700.0,,2250.1350796786387,0.15984268992787282,1.650104724366448,1.5839478719667173,4.755293616570854e-07,1.50-2.00,1.50-2.00,1.6666666666666667e-05,pneumatic_feed,-0.0012387601029101374,0.6074145273906527,-2.7267287549300843e-31,-0.28894911881239443,active,
aluminum,partial,0.19523350450556198,1.5053144612164764,1.5053144612164764,0.0218,0.030690706908274343,0.05249070690827434,2700.0,,2320.51045531714,0.12180523418763825,1.4489399173471982,1.3826984327065575,2.7600720470723896e-07,1.50-2.00,1.50-2.00,1.6666666666666667e-05,pneumatic_feed,0.02919472846315679,2.25,0.0,0.0,light,2.7519999999999185
aluminum,partial,0.19557263322263196,1.7747917042047836,1.7747917042047836,0.0218,0.03074401794259775,0.05254401794259775,2700.0,,2320.2369641867813,0.12191457267730876,1.4567770241678943,1.3833188832453052,3.8401695609130215e-07,1.50-2.00,1.50-2.00,1.6666666666666667e-05,pneumatic_feed,0.026376897785892185,2.25,0.0,0.0,light,2.8239999999999106
copper,partial,0.34042386292930693,1.9257243557997876,1.9257243557997876,0.012,0.049701883987678816,0.06170188398767881,8900.0,,2536.419860679303,0.1565018839876788,1.6467910951129798,1.5673077461272904,5.803738236992981e-07,1.50-2.00,1.50-2.00,1.6666666666666667e-05,pneumatic_feed,-0.03109297032403451,0.6081191681585665,-2.5947119902512404e-32,-0.28898100118092324,active,
aluminum,heavily_coated,0.3591246568159169,1.6115386715069038,1.6115386715069038,0.0218,0.056454396051462144,0.07825439605146214,2700.0,,2231.76446840339,0.17464538060401974,1.7131843553086812,1.6556672050749492,4.5356398896281743e-07,1.50-2.00,1.50-2.00,1.6666666666666667e-05,pneumatic_feed,-0.034425462352843536,0.594381973885066,-2.789740624980301e-30,-0.28865085529514356,active,
aluminum,heavily_coated,0.282659232133591,1.813855362878923,1.813855362878923,0.0218,0.044434031291400514,0.06623403129140051,2700.0,,2264.578497000911,0.14999216303219107,1.605395149857308,1.534365338162092,4.934849074340039e-07,1.50-2.00,1.50-2.00,1.6666666666666667e-05,pneumatic_feed,0.011419392325299427,0.6171045565598811,-2.1067453317333346e-32,-0.28909028305772416,active,
copper,partial,0.43342653003135034,1.762343705499196,1.762343705499196,0.012,0.06328027338457715,0.07528027338457714,8900.0,,2259.2940452766998,0.17008027338457715,1.6997272329106257,1.6338849320084703,5.282447246930011e-07,1.50-2.00,1.50-2.00,1.6666666666666667e-05,pneumatic_feed,0.03489385993442662,0.5971023975073867,7.652885979860194e-31,-0.28872501071460743,active,
copper,partial,0.14832664002201557,1.8023979857235763,1.8023979857235763,0.012,0.021655689443214273,0.03365568944321427,8900.0,,3816.760006059355,0.12845568944321428,1.511178542876783,1.4199438374459363,4.173060981331585e-07,1.50-2.00,1.50-2.00,1.6666666666666667e-05,pneumatic_feed,0.002028956599184877,2.25,0.0,0.0,light,3.181999999999871
aluminum,partial,0.13968662746863597,1.8447014783104498,1.8447014783104498,0.0218,0.021958737838069578,0.04375873783806958,2700.0,,2374.2998700427397,0.10389636556216292,1.3523659743762164,1.2770111016994758,3.535513885159056e-07,1.50-2.00,1.50-2.00,1.6666666666666667e-05,pneumatic_feed,0.017277782052255282,2.25,0.0,0.0,light,2.37399999999996
aluminum,heavily_coated,0.3320488496990116,1.8472223161580081,1.8472223161580081,0.0218,0.052198079172684625,0.07399807917268462,2700.0,,2242.164546518444,0.16591586963145832,1.6829104392305911,1.6137581881234158,5.661431551703656e-07,1.50-2.00,1.50-2.00,1.6666666666666667e-05,pneumatic_feed,0.001482591169278839,0.6005469395609343,-3.5171241642849935e-31,-0.2888073317242136,active,
copper,partial,0.056917003261618034,1.956439157040505,1.956439157040505,0.012,0.008309882476196233,0.020309882476196233,8900.0,,5667.678412768185,0.11510988247619623,1.4421725542519,1.3441594828540162,4.4060082226695056e-07,1.50-2.00,1.50-2.00,1.6666666666666667e-05,pneumatic_feed,0.02023930827708699,2.25,0.0,0.0,light,2.701999999999924
aluminum,bare_like,0.03754986340850507,1.77113158447989,1.77113158447989,0.0218,0.005902838527816999,0.027702838527817,2700.0,,2561.703248938813,0.07096645146153613,1.1264318682960093,1.055409599226893,2.2261516470934837e-07,1.50-2.00,1.50-2.00,1.6666666666666667e-05,pneumatic_feed,-0.015826361446758405,2.25,0.0,0.0,light,1.7960000000000014
copper,partial,0.37860000706229585,1.8297739471943915,1.8297739471943915,0.012,0.05527560103109519,0.06727560103109519,8900.0,,2409.128993974842,0.1620756010310952,1.6684439564656341,1.5949729257213334,5.426408947968154e-07,1.50-2.00,1.50-2.00,1.6666666666666667e-05,pneumatic_feed,0.04265373413224944,0.6035507419136176,4.031559755196584e-31,-0.2888852684537879,active,
copper,partial,0.454327483191458,1.688160213459846,1.688160213459846,0.012,0.06633181254595286,0.07833181254595285,8900.0,,2210.236261855759,0.17313181254595286,1.7091052879398516,1.6484771547465487,4.934057393765943e-07,1.50-2.00,1.50-2.00,1.6666666666666667e-05,pneumatic_feed,-0.0014819392196017082,0.5952032657844811,1.1545985790866492e-30,-0.2886714521727436,active,
copper,partial,0.2000840038862971,1.583657418071919,1.583657418071919,0.012,0.029212264567399376,0.041212264567399376,8900.0,,3300.28611616239,0.13601226456739937,1.5440507263108758,1.461112078059004,3.411147903998642e-07,1.50-2.00,1.50-2.00,1.6666666666666667e-05,pneumatic_feed,0.016392032607755163,2.25,0.0,0.0,light,3.6219999999998227
aluminum,partial,0.12947254462223812,1.7995069155014323,1.7995069155014323,0.0218,0.02035308401461583,0.04215308401461583,2700.0,,2386.6164353899567,0.10060324311165579,1.3311395690483825,1.2566099251082452,3.257759509028025e-07,1.50-2.00,1.50-2.00,1.6666666666666667e-05,pneumatic_feed,0.009752591363894015,2.25,0.0,0.0,light,2.319999999999966
copper,partial,0.18571962612841075,1.568029736574355,1.568029736574355,0.012,0.02711506541474797,0.03911506541474797,8900.0,,3423.6185979700945,0.13391506541474796,1.5336830337500622,1.4498037338722383,3.2925928201042625e-07,1.50-2.00,1.50-2.00,1.6666666666666667e-05,pneumatic_feed,-0.0002085812909735119,2.25,0.0,0.0,light,3.4059999999998465
copper,bare_like,0.015193750074470116,1.6238201573986946,1.6238201573986946,0.012,0.002218287510872637,0.014218287510872637,8900.0,,7667.46961808917,0.10901828751087263,1.4057726753960167,1.308109720463332,2.874585378502065e-07,1.50-2.00,1.50-2.00,1.6666666666666667e-05,pneumatic_feed,0.03557003765741976,2.25,0.0,0.0,light,2.5719999999999383
copper,partial,0.22774888491127876,1.552745337901359,1.552745337901359,0.012,0.033251337197046704,0.0452513371970467,8900.0,,3094.9657153156363,0.1400513371970467,1.5621654180033144,1.4826482349650052,3.3766630672289744e-07,1.50-2.00,1.50-2.00,1.6666666666666667e-05,pneumatic_feed,0.033148550900111796,2.25,0.0,0.0,light,4.601999999999715
copper,partial,0.2956287840316786,1.6985413849309219,1.6985413849309219,0.012,0.04316180246862507,0.055161802468625065,8900.0,,2718.580535034553,0.14996180246862506,1.6113817695950938,1.5342100415352322,4.326462239341996e-07,1.50-2.00,1.50-2.00,1.6666666666666667e-05,pneumatic_feed,-0.011035932931193804,0.6157837858526696,-1.4199835276066284e-32,-0.28910356769630496,active,
aluminum,bare_like,0.01325459107860241,1.6157765277774165,1.6157765277774165,0.0218,0.0020836217175563,0.0238836217175563,2700.0,,2643.376848631139,0.06313341270965221,1.063343442306301,0.9954607204157787,1.6482453369493584e-07,1.50-2.00,1.50-2.00,1.6666666666666667e-05,pneumatic_feed,0.028021825317565113,2.25,0.0,0.0,light,1.6460000000000012
aluminum,partial,0.26484205956493795,1.9167650300808428,1.9167650300808428,0.0218,0.04163317176360824,0.06343317176360824,2700.0,,2274.0109695584683,0.14424772842433164,1.5793994019766802,1.5046967619252425,5.299644493008556e-07,1.50-2.00,1.50-2.00,1.6666666666666667e-05,pneumatic_feed,0.009001782874640858,0.6245443232080456,4.0808661204235856e-33,-0.280929905793399,active,
aluminum,partial,0.1319615669188467,1.5803669200019377,1.5803669200019377,0.0218,0.020744358319642706,0.042544358319642706,2700.0,,2383.5293983852707,0.10140572879030536,1.3319971066047773,1.261611794131869,2.532668516214461e-07,1.50-2.00,1.50-2.00,1.6666666666666667e-05,pneumatic_feed,-0.028754115950197258,2.25,0.0,0.0,light,2.321999999999966
aluminum,bare_like,0.03679962656063,1.6351758450535303,1.6351758450535303,0.0218,0.005784901295331036,0.027584901295331036,2700.0,,2563.886919232276,0.07072456759941272,1.1231737559866157,1.0536094214842529,1.891033519766262e-07,1.50-2.00,1.50-2.00,1.6666666666666667e-05,pneumatic_feed,-0.014387251566419965,2.25,0.0,0.0,light,1.7820000000000014
aluminum,partial,0.07422608227134136,1.9014879005928786,1.9014879005928786,0.0218,0.011668340133054865,0.033468340133054865,2700.0,,2473.7178735474477,0.08279123118510318,1.2143480230552222,1.1399522642116993,2.9934463132890723e-07,1.50-2.00,1.50-2.00,1.6666666666666667e-05,pneumatic_feed,0.0186738236185093,2.25,0.0,0.0,light,1.9480000000000015
aluminum,bare_like,0.04155606223316132,1.7873065491194917,1.7873065491194917,0.0218,0.006532612983052959,0.02833261298305296,2700.0,,2550.3503707128757,0.07225809002459355,1.136403103855997,1.0649708827127717,2.3082591791095248e-07,1.50-2.00,1.50-2.00,1.6666666666666667e-05,pneumatic_feed,-0.029032003854062908,2.25,0.0,0.0,light,1.8160000000000014
aluminum,partial,0.16240870809871927,1.580065659604175,1.580065659604175,0.0218,0.025530648913118667,0.04733064891311867,2700.0,,2349.897880805952,0.11122219157810809,1.3909749871639985,1.3212658774864297,2.7767815639912374e-07,1.50-2.00,1.50-2.00,1.6666666666666667e-05,pneumatic_feed,2.7945647154053628e-06,2.25,0.0,0.0,light,2.4879999999999476
copper,partial,0.10438985327023753,1.5139420929590215,1.5139420929590215,0.012,0.015240918577454677,0.027240918577454677,8900.0,,4480.058858164168,0.12204091857745468,1.4739630340405525,1.3840354973741564,2.797203068465814e-07,1.50-2.00,1.50-2.00,1.6666666666666667e-05,pneumatic_feed,0.013003318918346858,2.25,0.0,0.0,light,2.8959999999999027
aluminum,partial,0.16070511182685582,1.692087686556403,1.692087686556403,0.0218,0.025262843579181737,0.04706284357918174,2700.0,,2351.5989831318393,0.11067293510409659,1.3903482456705583,1.3179993889960269,3.168744026594794e-07,1.50-2.00,1.50-2.00,1.6666666666666667e-05,pneumatic_feed,-0.030164021098648713,2.25,0.0,0.0,light,2.475999999999949
aluminum,heavily_coated,0.39194498237767744,1.6773687776650341,1.6773687776650341,0.0218,0.061613751229770905,0.0834137512297709,2700.0,,2220.5808878941566,0.18522698176838698,1.7624401731934622,1.7050873015293389,5.211483412026658e-07,1.50-2.00,1.50-2.00,1.6666666666666667e-05,pneumatic_feed,0.02507817731757473,0.5846869177698419,-6.0678448258383e-30,-0.288351143891897,active,
aluminum,partial,0.08978197652133335,1.6606008295168455,1.6606008295168455,0.0218,0.014113726709153604,0.035913726709153604,2700.0,,2444.9316485961663,0.08780660705024308,1.2457501608048236,1.173972957210095,2.4213507066577555e-07,1.50-2.00,1.50-2.00,1.6666666666666667e-05,pneumatic_feed,-0.014066766154963545,2.25,0.0,0.0,light,2.0519999999999956
copper,partial,0.15410883835188893,1.692374612780398,1.692374612780398,0.012,0.022499890399375787,0.03449989039937579,8900.0,,3747.834816359742,0.12929989039937578,1.513634580789972,1.4246020776724293,3.7033193170624334e-07,1.50-2.00,1.50-2.00,1.6666666666666667e-05,pneumatic_feed,-0.0412119959526779,2.25,0.0,0.0,light,3.2079999999998683
copper,heavily_coated,0.6503280848151903,1.7189042731053934,1.7189042731053934,0.012,0.09494790038301779,0.10694790038301778,8900.0,,1886.4129137691166,0.2017479003830178,1.8187272496310225,1.7795041568964787,5.960907822498576e-07,1.50-2.00,1.50-2.00,1.6666666666666667e-05,pneumatic_feed,-0.038134560172601396,0.5740851526722317,-4.0850625478425154e-29,-0.2879195323232971,active,
aluminum,heavily_coated,0.2725154755293578,1.7131498907851714,1.7131498907851714,0.0218,0.04283943275321504,0.06463943275321504,2700.0,,2269.848422488246,0.14672171446542023,1.5860016514516992,1.5175453964376935,4.3061099924081325e-07,1.50-2.00,1.50-2.00,1.6666666666666667e-05,pneumatic_feed,0.020945195940399567,0.6223598693670339,9.407055608423445e-34,-0.2843779269810557,active,
aluminum,partial,0.25821499645582013,1.7026875350710233,1.7026875350710233,0.0218,0.04059139744285493,0.06239139744285493,2700.0,,2277.7354384069104,0.14211109700732097,1.5624668606827756,1.493511224807805,4.120006538919915e-07,1.50-2.00,1.50-2.00,1.6666666666666667e-05,pneumatic_feed,0.02686852160864384,2.25,0.0,0.0,light,4.437999999999733
aluminum,partial,0.08074399398365412,1.5012190418074298,1.5012190418074298,0.0218,0.012692955854230428,0.03449295585423043,2700.0,,2461.1596483360863,0.08489267110026992,1.223325494790412,1.1543289676646933,1.9131909927710554e-07,1.50-2.00,1.50-2.00,1.6666666666666667e-05,pneumatic_feed,0.0029250377892072123,2.25,0.0,0.0,light,1.9640000000000015
aluminum,partial,0.23137843797415986,1.6808426864311004,1.6808426864311004,0.0218,0.036372690449537934,0.058172690449537934,2700.0,,2294.181705469133,0.13345872218724888,1.5170349403926808,1.4473313730625266,3.7705187082350053e-07,1.50-2.00,1.50-2.00,1.6666666666666667e-05,pneumatic_feed,-0.021734551573836233,2.25,0.0,0.0,light,3.2399999999998648
aluminum,partial,0.15986456657876907,1.8037100496223735,1.8037100496223735,0.0218,0.025130709866182502,0.0469307098661825,2700.0,,2352.4454504408586,0.11040193491066094,1.391011719902033,1.3163847349303828,3.5917833669939237e-07,1.50-2.00,1.50-2.00,1.6666666666666667e-05,pneumatic_feed,-0.004750573304471341,2.25,0.0,0.0,light,2.485999999999948
copper,heavily_coated,0.6718017487063124,1.8240217193183677,1.8240217193183677,0.012,0.0980830553111216,0.1100830553111216,8900.0,,1861.1679584298604,0.2048830553111216,1.835846756096917,1.7932775680756632,6.816572412327012e-07,1.50-2.00,1.50-2.00,1.6666666666666667e-05,pneumatic_feed,-0.014357718535653896,0.570955971569792,1.774387450044231e-28,-0.2877843385956237,active,
aluminum,bare_like,0.030117024894524492,1.560784324979266,1.560784324979266,0.0218,0.004734396313419251,0.02653439631341925,2700.0,,2584.1940847761325,0.06857002999624365,1.1057953035553054,1.037436837027219,1.67039864485335e-07,1.50-2.00,1.50-2.00,1.6666666666666667e-05,pneumatic_feed,0.0015865048749530175,2.25,0.0,0.0,light,1.7200000000000013
copper,partial,0.06545208135995036,1.5285248192720409,1.5285248192720409,0.012,0.009556003878552752,0.021556003878552752,8900.0,,5397.846675761722,0.11635600387855274,1.4446925344737658,1.3514154937981746,2.7185278551679156e-07,1.50-2.00,1.50-2.00,1.6666666666666667e-05,pneumatic_feed,0.008224357993151016,2.25,0.0,0.0,light,2.7179999999999223
aluminum,partial,0.1540476572625522,1.989618993840025,1.989618993840025,0.0218,0.024216291721673208,0.04601629172167321,2700.0,,2358.436569257591,0.10852650517801946,1.3829525700179315,1.305155939064062,4.2961125882716653e-07,1.50-2.00,1.50-2.00,1.6666666666666667e-05,pneumatic_feed,0.0014699864589774242,2.25,0.0,0.0,light,2.447999999999952
aluminum,partial,0.12400188398771239,1.6328231024855908,1.6328231024855908,0.0218,0.019493096162868387,0.04129309616286839,2700.0,,2393.607082080632,0.09883944741647835,1.3170762256238535,1.2455456501666426,2.635169660624522e-07,1.50-2.00,1.50-2.00,1.6666666666666667e-05,pneumatic_feed,-0.020544258511037437,2.25,0.0,0.0,light,2.2439999999999745
copper,heavily_coated,0.7570942961458709,1.9994162612883555,1.9994162612883555,0.012,0.11053576723729713,0.12253576723729713,8900.0,,1773.6516621829664,0.21733576723729714,1.8892109504997312,1.8469710887170423,8.688356738034976e-07,1.50-2.00,1.50-2.00,1.6666666666666667e-05,pneumatic_feed,0.025995429414375684,0.5614713747213043,-3.074630399412564e-28,-0.2873343127066052,active,
aluminum,partial,0.19651995371462228,1.85245912331539,1.85245912331539,0.0218,0.030892936723938627,0.05269293672393863,2700.0,,2319.475927436899,0.12221999827713137,1.4602017856664393,1.385050574151664,4.194107331782173e-07,1.50-2.00,1.50-2.00,1.6666666666666667e-05,pneumatic_feed,0.0207491349661048,2.25,0.0,0.0,light,2.8419999999999086
copper,partial,0.45302338979588913,1.6277527023752103,1.6277527023752103,0.012,0.06614141491019981,0.07814141491019981,8900.0,,2213.18509664746,0.17294141491019982,1.70566259220478,1.6475704684263117,4.5822191698008446e-07,1.50-2.00,1.50-2.00,1.6666666666666667e-05,pneumatic_feed,-0.02509765368960411,0.5958986636516437,-1.1549403010621345e-31,-0.288690195087038,active,
copper,partial,0.4656958121601896,1.5641037229640327,1.5641037229640327,0.012,0.06799158857538769,0.07999158857538768,8900.0,,2185.1246073286343,0.17479158857538768,1.7098700452366495,1.6563600980098758,4.2761371786076556e-07,1.50-2.00,1.50-2.00,1.6666666666666667e-05,pneumatic_feed,-0.003352249671983498,0.5950490873121658,4.892880999383048e-31,-0.2886652752769481,active,
aluminum,partial,0.21317367674580187,1.8012669011124256,1.8012669011124256,0.0218,0.03351090198444005,0.05531090198444005,2700.0,,2306.766307219274,0.127589325119614,1.4887468445529577,1.4151473587854593,4.139715331818588e-07,1.50-2.00,1.50-2.00,1.6666666666666667e-05,pneumatic_feed,-0.0004603275555268478,2.25,0.0,0.0,light,2.9799999999998934
copper,bare_like,0.024479489419196223,1.9674127700933197,1.9674127700933197,0.012,0.003574005455202648,0.015574005455202648,8900.0,,7087.066058419231,0.11037400545520264,1.4156467359015377,1.3162182150482726,4.272260986523779e-07,1.50-2.00,1.50-2.00,1.6666666666666667e-05,pneumatic_feed,0.005884010096163323,2.25,0.0,0.0,light,2.6079999999999344
copper,partial,0.22360794952534946,1.9181301685703878,1.9181301685703878,0.012,0.032646760630701016,0.04464676063070101,8900.0,,3123.3343396208566,0.13944676063070102,1.5675064210017533,1.4794446102708554,5.130557768990688e-07,1.50-2.00,1.50-2.00,1.6666666666666667e-05,pneumatic_feed,0.0235534931710387,0.6295162968498391,2.769844414558976e-34,-0.27210465463618905,active,
aluminum,partial,0.18759964133387363,1.7271555168415167,1.7271555168415167,0.0218,0.029490663617684938,0.05129066361768494,2700.0,,2326.8172401127713,0.1193440003624542,1.4412145283379085,1.3686575282696112,3.560110511902976e-07,1.50-2.00,1.50-2.00,1.6666666666666667e-05,pneumatic_feed,-0.03659041125330457,2.25,0.0,0.0,light,2.6959999999999247
aluminum,partial,0.24711904526013906,1.7033683479116883,1.7033683479116883,0.0218,0.038847113914893865,0.060647113914893865,2700.0,,2284.2579380896145,0.13853365138232143,1.544171314898697,1.4745928902910517,4.019503646856593e-07,1.50-2.00,1.50-2.00,1.6666666666666667e-05,pneumatic_feed,0.01447172990381336,2.25,0.0,0.0,light,3.6259999999998223
aluminum,partial,0.07622992232279535,1.7004704981679506,1.7004704981679506,0.0218,0.011983343789143432,0.03378334378914343,2700.0,,2469.775927950203,0.08343728925609245,1.2164167282486629,1.1443914068899799,2.412672585323917e-07,1.50-2.00,1.50-2.00,1.6666666666666667e-05,pneumatic_feed,0.006056509948248451,2.25,0.0,0.0,light,1.9580000000000015
aluminum,heavily_coated,0.34225320170456386,1.5098514599955801,1.5098514599955801,0.0218,0.053802203307957444,0.07560220330795744,2700.0,,2238.10745398949,0.16920585476156844,1.683973137809952,1.6296794458842445,3.8573036898322183e-07,1.50-2.00,1.50-2.00,1.6666666666666667e-05,pneumatic_feed,0.022712611556137786,0.6003277754754709,8.4640959846662e-33,-0.28880194970610507,active,
aluminum,partial,0.16292035769429908,1.6595726884841966,1.6595726884841966,0.0218,0.025611080229543816,0.047411080229543816,2700.0,,2349.390732818802,0.11138715252421896,1.3938307107860957,1.3222453425972582,3.067804357513755e-07,1.50-2.00,1.50-2.00,1.6666666666666667e-05,pneumatic_feed,-0.011472312407251897,2.25,0.0,0.0,light,2.4959999999999467
aluminum,heavily_coated,0.28887289721545667,1.9902814216483002,1.9902814216483002,0.0218,0.04541081944226978,0.06721081944226978,2700.0,,2261.4738527595364,0.15199551079123538,1.6202319259716575,1.544578109834278,6.020876781343142e-07,1.50-2.00,1.50-2.00,1.6666666666666667e-05,pneumatic_feed,0.024130942193805103,0.6138453311262291,-2.4429193637820184e-32,-0.28905075947114567,active,
copper,heavily_coated,0.5396677828924734,1.7523754494120347,1.7523754494120347,0.012,0.07879149630230112,0.09079149630230111,8900.0,,2044.1506513380075,0.18559149630230112,1.7608016328319278,1.7067642268224743,5.699180259117468e-07,1.50-2.00,1.50-2.00,1.6666666666666667e-05,pneumatic_feed,0.009247439220709228,0.5850030952617629,-1.1057884533044375e-30,-0.2883466476902069,active,
aluminum,partial,0.1662369126855366,1.5570620675560172,1.5570620675560172,0.0218,0.026132442674166353,0.04793244267416635,2700.0,,2346.1446307545125,0.11245644301894385,1.3975783345911827,1.3285768060693153,2.7264415536339616e-07,1.50-2.00,1.50-2.00,1.6666666666666667e-05,pneumatic_feed,-0.04664693402269798,2.25,0.0,0.0,light,2.5359999999999423
copper,heavily_coated,0.6227795560599869,1.6351772772603144,1.6351772772603144,0.012,0.09092581518475809,0.10292581518475809,8900.0,,1921.0517286632928,0.1977258151847581,1.799355554711188,1.7616765864198694,5.286802195021957e-07,1.50-2.00,1.50-2.00,1.6666666666666667e-05,pneumatic_feed,-0.044605946209677165,0.5776787268058873,-6.036736701163369e-29,-0.28806737852897696,active,
aluminum,partial,0.2285174987608468,1.5991849190490273,1.5991849190490273,0.0218,0.03592295080520512,0.05772295080520512,2700.0,,2296.0767758174493,0.1325363267754846,1.5096870166244756,1.4423211102483409,3.3894739552381817e-07,1.50-2.00,1.50-2.00,1.6666666666666667e-05,pneumatic_feed,0.015385853832090086,2.25,0.0,0.0,light,3.163999999999873
copper,partial,0.09152233313605129,1.7403542252139472,1.7403542252139472,0.012,0.013362260637863489,0.02536226063786349,8900.0,,4737.8371492039805,0.12016226063786348,1.467437667336447,1.3733414881128092,3.639513998532557e-07,1.50-2.00,1.50-2.00,1.6666666666666667e-05,pneumatic_feed,0.026473897102166053,2.25,0.0,0.0,light,2.8719999999999053
copper,partial,0.4408145813586134,1.58728235542717,1.58728235542717,0.012,0.06435892887835755,0.07635892887835755,8900.0,,2241.5051048060104,0.17115892887835754,1.6966992785392483,1.639057823163875,4.3122897796077436e-07,1.50-2.00,1.50-2.00,1.6666666666666667e-05,pneumatic_feed,0.025314236221141727,0.5977189034179005,-2.577691611301479e-31,-0.28873923616616526,active,
aluminum,partial,0.25648132700924614,1.798586974806608,1.798586974806608,0.0218,0.040318864605853495,0.062118864605853495,2700.0,,2278.730391149366,0.14155214464105104,1.5624591090466915,1.4905711865878588,4.5790917097810395e-07,1.50-2.00,1.50-2.00,1.6666666666666667e-05,pneumatic_feed,-2.0894761519211168e-05,2.25,0.0,0.0,light,4.171999999999763
copper,heavily_coated,0.5019005295773462,1.5399077079503802,1.5399077079503802,0.012,0.07327747731829254,0.08527747731829254,8900.0,,2111.665154518646,0.18007747731829254,1.72888347057709,1.681218630633125,4.2702055800595663e-07,1.50-2.00,1.50-2.00,1.6666666666666667e-05,pneumatic_feed,-0.026922100517054466,0.5912478659096224,-1.2512112268918637e-30,-0.28855143870547345,active,
aluminum,bare_like,0.04417704473004446,1.6543248502290155,1.6543248502290155,0.0218,0.00694463143156299,0.02874463143156299,2700.0,,2543.192149304892,0.07310312099141364,1.1413439726351076,1.0711799975173306,2.0006794240753923e-07,1.50-2.00,1.50-2.00,1.6666666666666667e-05,pneumatic_feed,0.025340270520321898,2.25,0.0,0.0,light,1.8220000000000014
copper,partial,0.10621063487587967,1.9492301258062514,1.9492301258062514,0.012,0.015506752691878432,0.027506752691878432,8900.0,,4446.426448876692,0.12230675269187842,1.4811260945907905,1.3855420564716625,4.647042724336346e-07,1.50-2.00,1.50-2.00,1.6666666666666667e-05,pneumatic_feed,-0.01708033424917204,2.25,0.0,0.0,light,2.927999999999899
copper,bare_like,0.04804733794619587,1.8180468842400128,1.8180468842400128,0.012,0.007014911340144595,0.019014911340144595,8900.0,,5985.560979180411,0.11381491134014458,1.4339361012686809,1.336577288597599,3.761917974311197e-07,1.50-2.00,1.50-2.00,1.6666666666666667e-05,pneumatic_feed,-0.000595400028747622,2.25,0.0,0.0,light,2.6679999999999278
aluminum,partial,0.14142070139624963,1.5993018983788105,1.5993018983788105,0.0218,0.02223133425949044,0.04403133425949044,2700.0,,2372.2980485119115,0.10445544833716484,1.3510934801161376,1.2804423911680445,2.6717265299202976e-07,1.50-2.00,1.50-2.00,1.6666666666666667e-05,pneumatic_feed,0.012678167722441762,2.25,0.0,0.0,light,2.3699999999999606
aluminum,partial,0.14573942772331955,1.6939697289688396,1.6939697289688396,0.0218,0.022910238038105837,0.04471023803810584,2700.0,,2367.4185944181954,0.10584784889227546,1.3615371971613688,1.288948345052336,3.037339422302992e-07,1.50-2.00,1.50-2.00,1.6666666666666667e-05,pneumatic_feed,-0.012798505928147626,2.25,0.0,0.0,light,2.393999999999958
aluminum,partial,0.1866416541089168,1.786332702500963,1.786332702500963,0.0218,0.02934006802592172,0.05114006802592172,2700.0,,2327.6295925324093,0.11903513570125587,1.440801861768169,1.366885324365915,3.7983927583785117e-07,1.50-2.00,1.50-2.00,1.6666666666666667e-05,pneumatic_feed,-0.013269091361297594,2.25,0.0,0.0,light,2.693999999999925
aluminum,partial,0.10690722880463588,1.839085626043095,1.839085626043095,0.0218,0.016805816368088762,0.03860581636808876,2700.0,,2417.4585184020807,0.09332795963890266,1.285098944755211,1.2103204759452002,3.156571792899432e-07,1.50-2.00,1.50-2.00,1.6666666666666667e-05,pneumatic_feed,-0.0031654924093330174,2.25,0.0,0.0,light,2.149999999999985
copper,partial,0.18588615955552157,1.921626035710267,1.921626035710267,0.012,0.02713937929510615,0.03913937929510615,8900.0,,3422.113015263209,0.13393937929510613,1.5405536468315404,1.4499353424949633,4.945907963889243e-07,1.50-2.00,1.50-2.00,1.6666666666666667e-05,pneumatic_feed,-0.0074931686922821315,2.25,0.0,0.0,light,3.5759999999998278
aluminum,partial,0.17471669640494647,1.6565828437365335,1.6565828437365335,0.0218,0.02746546467485758,0.04926546467485758,2700.0,,2338.157385668702,0.11519041008791879,1.415857613058926,1.3446295685949992,3.161132086557332e-07,1.50-2.00,1.50-2.00,1.6666666666666667e-05,pneumatic_feed,0.013168157499725984,2.25,0.0,0.0,light,2.6059999999999346
aluminum,partial,0.06730340836692827,1.8337276961849804,1.8337276961849804,0.0218,0.010580095795281123,0.03238009579528112,2700.0,,2487.926298949417,0.08055929189158134,1.1978033880466372,1.124481500750573,2.7088523211306664e-07,1.50-2.00,1.50-2.00,1.6666666666666667e-05,pneumatic_feed,0.029496869872741516,2.25,0.0,0.0,light,1.9060000000000015
copper,partial,0.2820251008503425,1.8834477521888908,1.8834477521888908,0.012,0.041175664724150005,0.05317566472415,8900.0,,2782.7703798678813,0.14797566472415,1.6070991625760576,1.5240164151052502,5.249252380535972e-07,1.50-2.00,1.50-2.00,1.6666666666666667e-05,pneumatic_feed,0.02358841794885632,0.6167275743587647,-5.801183675967343e-33,-0.28911761332469066,active,
copper,partial,0.21336627792338347,1.8468264985611398,1.8468264985611398,0.012,0.031151476576813986,0.04315147657681399,8900.0,,3196.9120762587677,0.13795147657681398,1.558953932459467,1.4714912083834115,4.7052049783401697e-07,1.50-2.00,1.50-2.00,1.6666666666666667e-05,pneumatic_feed,-0.009875755711155941,2.25,0.0,0.0,light,4.01599999999978
copper,partial,0.07092554640128625,1.7704377526059916,1.7704377526059916,0.012,0.01035512977458779,0.02235512977458779,8900.0,,5240.637426661864,0.11715512977458778,1.4517251172678656,1.3560482723494507,3.672168772912413e-07,1.50-2.00,1.50-2.00,1.6666666666666667e-05,pneumatic_feed,0.0023982442250448065,2.25,0.0,0.0,light,2.7899999999999143
aluminum,partial,0.21586602769759802,1.8213383922453052,1.8213383922453052,0.0218,0.03393413955406241,0.05573413955406241,2700.0,,2304.823704425871,0.12845736598998259,1.4939514257510167,1.4199531036547532,4.261282210967776e-07,1.50-2.00,1.50-2.00,1.6666666666666667e-05,pneumatic_feed,0.019877405181447833,2.25,0.0,0.0,light,3.0519999999998855
aluminum,partial,0.17803195966938,1.8898720609908621,1.8898720609908621,0.0218,0.02798662406002654,0.04978662406002654,2700.0,,2335.1509830599034,0.11625928411700481,1.4269913935554517,1.3508537017384628,4.1523356660835305e-07,1.50-2.00,1.50-2.00,1.6666666666666667e-05,pneumatic_feed,-0.005408510611116564,2.25,0.0,0.0,light,2.6419999999999306
aluminum,partial,0.17208416235551377,1.9806657629207045,1.9806657629207045,0.0218,0.027051630322286767,0.04885163032228677,2700.0,,2340.590355545964,0.11434165478504119,1.4174380776067237,1.339666605355977,4.4856652685893053e-07,1.50-2.00,1.50-2.00,1.6666666666666667e-05,pneumatic_feed,-0.03149544238913369,2.25,0.0,0.0,light,2.6079999999999344
aluminum,partial,0.1425554141536614,1.77570277924255,1.77570277924255,0.0218,0.02240971110495557,0.04420971110495557,2700.0,,2371.001493957564,0.10482129107728197,1.356849645267776,1.282682729574628,3.3051414707924684e-07,1.50-2.00,1.50-2.00,1.6666666666666667e-05,pneumatic_feed,-0.01836268336240505,2.25,0.0,0.0,light,2.3779999999999597
copper,heavily_coated,0.591445973172178,1.5350841984782746,1.5350841984782746,0.012,0.08635111208313798,0.09835111208313797,8900.0,,1963.8935238461142,0.19315111208313798,1.7766574295380062,1.741177720755964,4.551574079386374e-07,1.50-2.00,1.50-2.00,1.6666666666666667e-05,pneumatic_feed,0.00036547705982084507,0.5819625494735384,-4.164647371532882e-30,-0.28823237239548233,active,
aluminum,partial,0.05608095256880685,1.6231350856864495,1.6231350856864495,0.0218,0.008815925743816438,0.030615925743816438,2700.0,,2513.1057790486366,0.07694105991770903,1.1692390859175879,1.0989389775908218,2.0270641636612199e-07,1.50-2.00,1.50-2.00,1.6666666666666667e-05,pneumatic_feed,-0.005842338076698175,2.25,0.0,0.0,light,1.8700000000000014
aluminum,partial,0.19789698618469065,1.6806728503882296,1.6806728503882296,0.0218,0.03110940622823337,0.05290940622823337,2700.0,,2318.3773181402767,0.12266396731580612,1.4586668728618106,1.3875639196047485,3.464841527988817e-07,1.50-2.00,1.50-2.00,1.6666666666666667e-05,pneumatic_feed,0.03414725272012318,2.25,0.0,0.0,light,2.8319999999999097
copper,partial,0.11383098200415842,1.5702414832049574,1.5702414832049574,0.012,0.016619323372607128,0.028619323372607128,8900.0,,4312.447284855708,0.12341932337260712,1.4819230167742135,1.3918296230704539,3.043098809766425e-07,1.50-2.00,1.50-2.00,1.6666666666666667e-05,pneumatic_feed,0.024024652996415277,2.25,0.0,0.0,light,2.9339999999998985
aluminum,partial,0.13793968591797484,1.7603806785509246,1.7603806785509246,0.0218,0.02168411862630565,0.04348411862630565,2700.0,,2376.3419243894496,0.10333313413681428,1.3474352537343308,1.2735450025073465,3.202231964881721e-07,1.50-2.00,1.50-2.00,1.6666666666666667e-05,pneumatic_feed,-0.004380805674086326,2.25,0.0,0.0,light,2.3599999999999617
aluminum,partial,0.2022078178362745,1.6572249552649079,1.6572249552649079,0.0218,0.03178706896386235,0.05358706896386235,2700.0,,2314.995482067731,0.12405382254859326,1.4657292379484346,1.3954027371059297,3.4070074244599447e-07,1.50-2.00,1.50-2.00,1.6666666666666667e-05,pneumatic_feed,-0.013551495533954233,2.25,0.0,0.0,light,2.865999999999906
aluminum,heavily_coated,0.2879955795969359,1.5004018809953825,1.5004018809953825,0.0218,0.04527290511263833,0.06707290511263833,2700.0,,2261.906720203496,0.1517126548178481,1.6023951065354554,1.5431402496276687,3.4153640914120735e-07,1.50-2.00,1.50-2.00,1.6666666666666667e-05,pneumatic_feed,0.015801627923129842,0.6178105763923893,-2.509823273123505e-33,-0.2888796340124051,active,
copper,partial,0.2115193811492294,1.8866381844225197,1.8866381844225197,0.012,0.030881829647787493,0.042881829647787494,8900.0,,3210.7265659755085,0.1376818296477875,1.5583779756032143,1.4700523793905007,4.900652054616501e-07,1.50-2.00,1.50-2.00,1.6666666666666667e-05,pneumatic_feed,0.025330224538137804,2.25,0.0,0.0,light,3.955999999999786
copper,heavily_coated,0.6565278831051746,1.824654297100926,1.824654297100926,0.012,0.09585307093335549,0.10785307093335549,8900.0,,1878.9735811841535,0.2026530709333555,1.8278627339903142,1.783491688057432,6.747056977940091e-07,1.50-2.00,1.50-2.00,1.6666666666666667e-05,pneumatic_feed,0.029781167484109798,0.572409953675138,-3.756468104791862e-30,-0.28784864310776603,active,
aluminum,partial,0.1342410648842618,1.8245694579734537,1.8245694579734537,0.0218,0.021102695399805957,0.04290269539980596,2700.0,,2380.751623586727,0.10214066172933484,1.3411572921870045,1.266175274795571,3.4003174856236423e-07,1.50-2.00,1.50-2.00,1.6666666666666667e-05,pneumatic_feed,0.026393151716854833,2.25,0.0,0.0,light,2.3419999999999637
aluminum,bare_like,0.04115653481482173,1.9641704875869668,1.9641704875869668,0.0218,0.0064698072728899755,0.028269807272889975,2700.0,,2551.459855858898,0.07212927838964668,1.1369993232316138,1.064021218587249,2.7827228230371386e-07,1.50-2.00,1.50-2.00,1.6666666666666667e-05,pneumatic_feed,0.007240132315452285,2.25,0.0,0.0,light,1.8120000000000014
copper,partial,0.4428839627238115,1.873521753964674,1.873521753964674,0.012,0.06466105855767647,0.07666105855767646,8900.0,,2236.6121963822948,0.17146105855767646,1.7094419945121586,1.640503817466235,6.018426775578847e-07,1.50-2.00,1.50-2.00,1.6666666666666667e-05,pneumatic_feed,0.035964218321197776,0.5951353465709861,3.147108260381538e-31,-0.2886717061233881,active,
copper,partial,0.35535349217715256,1.5043023365011587,1.5043023365011587,0.012,0.051881609857864275,0.06388160985786427,8900.0,,2483.9951624720907,0.15868160985786428,1.6422002279495171,1.5781845735936713,3.5908466443902346e-07,1.50-2.00,1.50-2.00,1.6666666666666667e-05,pneumatic_feed,-0.0341618670686509,0.609099201591185,-8.20674651687363e-32,-0.2889946058130475,active,
aluminum,partial,0.21287745425666543,1.6124838068065999,1.6124838068065999,0.0218,0.03346433580914781,0.05526433580914781,2700.0,,2306.981856566304,0.1274938200268915,1.4832146293177055,1.4146176158743708,3.3149719489675427e-07,1.50-2.00,1.50-2.00,1.6666666666666667e-05,pneumatic_feed,-0.033019503314701125,2.25,0.0,0.0,light,2.939999999999898
aluminum,partial,0.15727898093202253,1.8288966719716846,1.8288966719716846,0.0218,0.024724255802513945,0.046524255802513945,2700.0,,2355.079395732598,0.10956831624229338,1.3865159176981947,1.3114054642783204,3.664910109976836e-07,1.50-2.00,1.50-2.00,1.6666666666666667e-05,pneumatic_feed,0.011240084350984107,2.25,0.0,0.0,light,2.4619999999999505
aluminum,partial,0.24628227835887603,1.9355494290252344,1.9355494290252344,0.0218,0.03871557415801531,0.06051557415801531,2700.0,,2284.765059068222,0.13826386936568522,1.548953865797417,1.4731563710495215,5.179850671418552e-07,1.50-2.00,1.50-2.00,1.6666666666666667e-05,pneumatic_feed,0.009619333699394342,2.25,0.0,0.0,light,3.699999999999814
copper,partial,0.08969616219070431,1.7554055492422296,1.7554055492422296,0.012,0.01309563967984283,0.02509563967984283,8900.0,,4777.548658229449,0.11989563967984282,1.466204766484456,1.371817028766888,3.6945225611039025e-07,1.50-2.00,1.50-2.00,1.6666666666666667e-05,pneumatic_feed,-0.02556361672351923,2.25,0.0,0.0,light,2.8679999999999057
copper,partial,0.3360703205684823,1.9460992760935212,1.9460992760935212,0.012,0.049066266802998415,0.06106626680299841,8900.0,,2552.4119118960984,0.15586626680299842,1.6444694964615114,1.5641217739485194,5.903126851592806e-07,1.50-2.00,1.50-2.00,1.6666666666666667e-05,pneumatic_feed,-0.03002266571966333,0.6086142379313241,-6.467740756095072e-32,-0.2889905341827863,active,
aluminum,partial,0.20831396915985265,1.7831939053826749,1.7831939053826749,0.0218,0.032746955951928836,0.054546955951928836,2700.0,,2310.3490304369916,0.12602250679682808,1.4797415719522151,1.4064313942325852,4.007239102021992e-07,1.50-2.00,1.50-2.00,1.6666666666666667e-05,pneumatic_feed,0.013514368460999123,2.25,0.0,0.0,light,2.9219999999999
copper,partial,0.18486453913805545,1.8247668386161617,1.8247668386161617,0.012,0.026990222714156093,0.03899022271415609,8900.0,,3431.3787765459765,0.13379022271415608,1.5382199453846097,1.4491277844694699,4.4549120709656566e-07,1.50-2.00,1.50-2.00,1.6666666666666667e-05,pneumatic_feed,0.029133063591798382,2.25,0.0,0.0,light,3.4979999999998364
aluminum,partial,0.20895500928026542,1.794475872918892,1.794475872918892,0.0218,0.03284772745885772,0.05464772745885772,2700.0,,2309.8707011574033,0.12622918454205037,1.4811444475252118,1.4075842001713514,4.064761081191975e-07,1.50-2.00,1.50-2.00,1.6666666666666667e-05,pneumatic_feed,0.015290722197877558,2.25,0.0,0.0,light,2.929999999999899
aluminum,heavily_coated,0.4070557939199223,1.5414694638451012,1.5414694638451012,0.0218,0.06398917080421179,0.08578917080421179,2700.0,,2215.884088116041,0.19009885851772212,1.775921554541548,1.7273655326230655,4.516992410163832e-07,1.50-2.00,1.50-2.00,1.6666666666666667e-05,pneumatic_feed,0.019054167543983137,0.5821026462472861,3.294669905569918e-30,-0.28826020047789974,active,
copper,partial,0.34437966848430746,1.6164135121881893,1.6164135121881893,0.012,0.05027943159870889,0.062279431598708884,8900.0,,2522.1718883183466,0.15707943159870888,1.639855551143737,1.5701970444416633,4.1041598315105496e-07,1.50-2.00,1.50-2.00,1.6666666666666667e-05,pneumatic_feed,-0.011349431440923133,0.609601242844522,-2.8297066537686207e-32,-0.2890052913817605,active,
aluminum,partial,0.06400508576823932,1.5605093857296635,1.5605093857296635,0.0218,0.01006159948276722,0.03186159948276722,2700.0,,2495.037317430799,0.07949587970253805,1.1867135542209482,1.117035061137759,1.9358753495926137e-07,1.50-2.00,1.50-2.00,1.6666666666666667e-05,pneumatic_feed,0.011747999832489876,2.25,0.0,0.0,light,1.8900000000000015
aluminum,partial,0.21391296400132837,1.8842155910652219,1.8842155910652219,0.0218,0.03362711794100882,0.05542711794100882,2700.0,,2306.229937116981,0.12782767872366826,1.491951221568394,1.4164685825131094,4.5382256760159003e-07,1.50-2.00,1.50-2.00,1.6666666666666667e-05,pneumatic_feed,0.018557320075548684,2.25,0.0,0.0,light,3.0259999999998883
copper,heavily_coated,0.6312320949590091,1.51843902731309,1.51843902731309,0.012,0.09215988586401533,0.10415988586401533,8900.0,,1910.139246156289,0.19895988586401533,1.795965572313013,1.7671656313208406,4.587332694122093e-07,1.50-2.00,1.50-2.00,1.6666666666666667e-05,pneumatic_feed,0.02729873787151427,0.5783134603976918,5.157422714193782e-30,-0.2880907641080935,active,
aluminum,heavily_coated,0.3012152621791026,1.867950655996718,1.867950655996718,0.0218,0.04735103921455493,0.06915103921455493,2700.0,,2255.567153448286,0.15597481267916447,1.6363284999524905,1.5646663094130215,5.442335013065986e-07,1.50-2.00,1.50-2.00,1.6666666666666667e-05,pneumatic_feed,-0.01629911962922703,0.6103586970445051,3.4140283939402685e-32,-0.28899947910872664,active,
aluminum,heavily_coated,0.28804901819057915,1.9302317752837341,1.9302317752837341,0.0218,0.045281305659559054,0.06708130565955905,2700.0,,2261.880302760672,0.15172988395482462,1.617326346428164,1.5432278699385025,5.653143984286741e-07,1.50-2.00,1.50-2.00,1.6666666666666667e-05,pneumatic_feed,-0.021350480250075382,0.6144801381082443,-2.057001654688309e-32,-0.2890590687444888,active,
copper,partial,0.3516647834832409,1.5957854106183351,1.5957854106183351,0.012,0.05134305838855317,0.06334305838855317,8900.0,,2496.612295201892,0.15814305838855316,1.6436178987057903,1.5755041873847022,4.027162127575272e-07,1.50-2.00,1.50-2.00,1.6666666666666667e-05,pneumatic_feed,0.015588492817692987,0.6087961370717111,2.51015972893674e-32,-0.2889902662174088,active,
aluminum,partial,0.08291643477528177,1.5966365560004654,1.5966365560004654,0.0218,0.013034463546674292,0.03483446354667429,2700.0,,2457.1381046592955,0.08559308773589859,1.2297248866635175,1.1590811469015723,2.1819803271406743e-07,1.50-2.00,1.50-2.00,1.6666666666666667e-05,pneumatic_feed,-0.011264917386739917,2.25,0.0,0.0,light,1.9980000000000016
aluminum,heavily_coated,0.2997352515214271,1.8184048318817632,1.8184048318817632,0.0218,0.04711838153916835,0.06891838153916835,2700.0,,2256.2578947773086,0.1554976424430233,1.6324856149017555,1.562271101885231,5.141679031322202e-07,1.50-2.00,1.50-2.00,1.6666666666666667e-05,pneumatic_feed,0.015836433620687373,0.6111864928375327,-3.41527247380077e-32,-0.2890124198366841,active,
copper,partial,0.1418227548850417,1.7476890105833376,1.7476890105833376,0.012,0.020706122213216088,0.03270612221321609,8900.0,,3898.5398936011015,0.12750612221321608,1.5055279270908735,1.4146858641615954,3.8945685169988126e-07,1.50-2.00,1.50-2.00,1.6666666666666667e-05,pneumatic_feed,-0.02060551620828577,2.25,0.0,0.0,light,3.137999999999876
aluminum,partial,0.07063885759234734,1.707017890068331,1.707017890068331,0.0218,0.011104428413516998,0.032904428413517,2700.0,,2480.9631412048334,0.08163467407634871,1.203890910131596,1.1319619447235714,2.378760994247719e-07,1.50-2.00,1.50-2.00,1.6666666666666667e-05,pneumatic_feed,-0.027634031251858402,2.25,0.0,0.0,light,1.9340000000000015
aluminum,partial,0.08130252341906691,1.5435228004399488,1.5435228004399488,0.0218,0.012780756681477316,0.034580756681477316,2700.0,,2460.118133305896,0.08507274657554137,1.2252933954992231,1.1555526081705227,2.0268264001371477e-07,1.50-2.00,1.50-2.00,1.6666666666666667e-05,pneumatic_feed,-0.0266194584451213,2.25,0.0,0.0,light,1.9760000000000015
aluminum,partial,0.10703290039112984,1.7101839441284419,1.7101839441284419,0.0218,0.01682557194148561,0.03862557194148561,2700.0,,2417.2710647896506,0.09336847741510418,1.2834162928890231,1.2105831741385948,2.73077505043221e-07,1.50-2.00,1.50-2.00,1.6666666666666667e-05,pneumatic_feed,0.017383140938983372,2.25,0.0,0.0,light,2.1519999999999846
aluminum,partial,0.19682821245001692,1.8457354329928377,1.8457354329928377,0.0218,0.030941394997142657,0.05274139499714266,2700.0,,2319.229212322442,0.12231938397600994,1.4606158473160586,1.3856136008597246,4.1671025114906556e-07,1.50-2.00,1.50-2.00,1.6666666666666667e-05,pneumatic_feed,-0.005604461103835907,2.25,0.0,0.0,light,2.8419999999999086
aluminum,bare_like,0.04316478819030355,1.72808846608787,1.72808846608787,0.0218,0.006785504703515719,0.02858550470351572,2700.0,,2545.9322868448426,0.07277675936043577,1.1397124030489814,1.0687862344367092,2.1733249027073183e-07,1.50-2.00,1.50-2.00,1.6666666666666667e-05,pneumatic_feed,0.026735388912245302,2.25,0.0,0.0,light,1.8180000000000014
aluminum,partial,0.23797412528357922,1.7072299207073012,1.7072299207073012,0.0218,0.03740953249457866,0.05920953249457866,2700.0,,2289.9224503266128,0.13558523773267878,1.5289690321045908,1.4588166065178056,3.9518134408637637e-07,1.50-2.00,1.50-2.00,1.6666666666666667e-05,pneumatic_feed,-0.023110027864804827,2.25,0.0,0.0,light,3.3719999999998502
aluminum,partial,0.06043587019377272,1.93185431864288,1.93185431864288,0.0218,0.009500518794461073,0.03130051879446107,2700.0,,2502.997775328829,0.07834512890917426,1.182894111315913,1.1089207110332098,2.923888086391476e-07,1.50-2.00,1.50-2.00,1.6666666666666667e-05,pneumatic_feed,0.0191005027611028,2.25,0.0,0.0,light,1.8880000000000015
copper,partial,0.2605071341523745,1.5284873172870075,1.5284873172870075,0.012,0.03803404158624668,0.05003404158624668,8900.0,,2894.7100213079443,0.1448340415862467,1.5832298167867533,1.5077516760851994,3.3837193022986223e-07,1.50-2.00,1.50-2.00,1.6666666666666667e-05,pneumatic_feed,-0.01822158135666088,0.623245388476327,5.739056282590408e-33,-0.28310362774101505,active,
aluminum,partial,0.06824570590620305,1.6841920028240855,1.6841920028240855,0.0218,0.010728224968455116,0.032528224968455116,2700.0,,2485.936386619236,0.08086309804121893,1.1981449601099574,1.1265998343932828,2.293683961164618e-07,1.50-2.00,1.50-2.00,1.6666666666666667e-05,pneumatic_feed,-0.029080867812215774,2.25,0.0,0.0,light,1.9160000000000015
copper,heavily_coated,0.5940453445086779,1.8747173452344894,1.8747173452344894,0.012,0.08673062029826696,0.09873062029826696,8900.0,,1960.1884371191786,0.19353062029826695,1.7966565087800177,1.7428874364690332,6.80175968627602e-07,1.50-2.00,1.50-2.00,1.6666666666666667e-05,pneumatic_feed,0.010537380029742529,0.5781839220991608,2.2266277674447222e-29,-0.2880910474446802,active,
aluminum,partial,0.05180484581011746,1.7307211726359186,1.7307211726359186,0.0218,0.008143721761350465,0.029943721761350465,2700.0,,2523.4805793303663,0.07556240033763997,1.160464294612453,1.0890488674525112,2.2633929490234955e-07,1.50-2.00,1.50-2.00,1.6666666666666667e-05,pneumatic_feed,-0.00876262374868238,2.25,0.0,0.0,light,1.8540000000000014
aluminum,partial,0.055950429871752305,1.5429902536390276,1.5429902536390276,0.0218,0.008795407575839465,0.030595407575839464,2700.0,,2513.415711306854,0.07689897809495166,1.1678322350352315,1.0986384119346826,1.8308254219436847e-07,1.50-2.00,1.50-2.00,1.6666666666666667e-05,pneumatic_feed,0.016160162805695485,2.25,0.0,0.0,light,1.8680000000000014
copper,partial,0.1868086944053673,1.8694473967774767,1.8694473967774767,0.012,0.027274069383183618,0.03927406938318362,8900.0,,3413.8063992062785,0.13407406938318361,1.5403796222944528,1.4506641903067885,4.685665584554321e-07,1.50-2.00,1.50-2.00,1.6666666666666667e-05,pneumatic_feed,0.007950581150570119,2.25,0.0,0.0,light,3.5859999999998267
copper,heavily_coated,0.7463697510535214,1.749177524688648,1.749177524688648,0.012,0.10896998365381412,0.12096998365381412,8900.0,,1783.6654774732708,0.21576998365381414,1.869333155594949,1.8403058613801857,6.601745917050841e-07,1.50-2.00,1.50-2.00,1.6666666666666667e-05,pneumatic_feed,-0.0229288170558264,0.5649576898302873,3.4172362104949927e-28,-0.2875037377306948,active,
aluminum,heavily_coated,0.2735009586703453,1.7691792324617384,1.7691792324617384,0.0218,0.04299435070297829,0.06479435070297829,2700.0,,2269.325064448054,0.14703944408490602,1.5893552481380224,1.5191876494879377,4.602327478110754e-07,1.50-2.00,1.50-2.00,1.6666666666666667e-05,pneumatic_feed,-0.03788699780086697,0.6213382135977954,-5.167228504678869e-33,-0.2857259329995994,active,
aluminum,partial,0.08932970121047651,1.7417087854732094,1.7417087854732094,0.0218,0.014042629030286906,0.035842629030286906,2700.0,,2445.7131449034237,0.08766078896726973,1.245967636606902,1.172997759431051,2.659233419622287e-07,1.50-2.00,1.50-2.00,1.6666666666666667e-05,pneumatic_feed,-0.02638534966134552,2.25,0.0,0.0,light,2.067999999999994
copper,partial,0.10515316008219866,1.7759395536354687,1.7759395536354687,0.012,0.015352361372001005,0.027352361372001005,8900.0,,4465.879918398605,0.122152361372001,1.4783382467829689,1.3846672755918397,3.852638202469944e-07,1.50-2.00,1.50-2.00,1.6666666666666667e-05,pneumatic_feed,-0.023002603565900222,2.25,0.0,0.0,light,2.9159999999999004
aluminum,partial,0.05918068628430334,1.6270562192139781,1.6270562192139781,0.0218,0.009303203883892483,0.031103203883892483,2700.0,,2505.8654843363424,0.07794044506492225,1.176519409356469,1.106052994091612,2.06332670866919e-07,1.50-2.00,1.50-2.00,1.6666666666666667e-05,pneumatic_feed,-0.029222591898551805,2.25,0.0,0.0,light,1.8840000000000015
aluminum,heavily_coated,0.356482748315296,1.5595553248046443,1.5595553248046443,0.0218,0.05603908803516454,0.07783908803516454,2700.0,,2232.7291759356394,0.1737936028843346,1.7068991177769073,1.6516247730257971,4.2270302742711347e-07,1.50-2.00,1.50-2.00,1.6666666666666667e-05,pneumatic_feed,0.02734588156751926,0.5956486434979025,5.971310097239239e-31,-0.288685121499829,active,
aluminum,partial,0.1697729097224988,1.6924991600213273,1.6924991600213273,0.0218,0.026688301408376816,0.048488301408376816,2700.0,,2342.7606355376674,0.11359648382363084,1.407477498574944,1.3352941286831563,3.2540319472304446e-07,1.50-2.00,1.50-2.00,1.6666666666666667e-05,pneumatic_feed,0.03011498837869347,2.25,0.0,0.0,light,2.5719999999999383
aluminum,partial,0.21317823719947443,1.6056857571978091,1.6056857571978091,0.0218,0.03351161888775738,0.05531161888775738,2700.0,,2306.762991594943,0.12759079545548255,1.4835362538568921,1.4151555128215607,3.2895800200783983e-07,1.50-2.00,1.50-2.00,1.6666666666666667e-05,pneumatic_feed,-0.00880307920446189,2.25,0.0,0.0,light,2.9419999999998976
copper,heavily_coated,0.645800106093955,1.9118164079975406,1.9118164079975406,0.012,0.09428681548971743,0.10628681548971743,8900.0,,1891.9262428101565,0.20108681548971744,1.826538579220972,1.7765862365577993,7.349807518148606e-07,1.50-2.00,1.50-2.00,1.6666666666666667e-05,pneumatic_feed,-0.010285010336667982,0.5726519974108748,4.400379853873987e-29,-0.28786032120991895,active,
aluminum,partial,0.14927746610084264,1.5249405368315936,1.5249405368315936,0.0218,0.023466417671052467,0.04526641767105247,2700.0,,2363.5302581938363,0.10698854784557267,1.3645953144457066,1.2958750892675222,2.487958382336411e-07,1.50-2.00,1.50-2.00,1.6666666666666667e-05,pneumatic_feed,-0.03635733662614433,2.25,0.0,0.0,light,2.3959999999999577
aluminum,partial,0.08643694054359935,1.956565108376306,1.956565108376306,0.0218,0.013587887053453818,0.03538788705345382,2700.0,,2450.785882459103,0.08672813400066187,1.242299702452837,1.16674109864802,3.3200804801234903e-07,1.50-2.00,1.50-2.00,1.6666666666666667e-05,pneumatic_feed,-0.016587048030154202,2.25,0.0,0.0,light,2.0519999999999956
copper,partial,0.08227613387077559,1.5340399572452965,1.5340399572452965,0.012,0.012012315545133236,0.024012315545133237,8900.0,,4947.974106112972,0.11881231554513323,1.4576506043107333,1.3656053986406218,2.7959847845119944e-07,1.50-2.00,1.50-2.00,1.6666666666666667e-05,pneumatic_feed,-0.009163773792474142,2.25,0.0,0.0,light,2.821999999999911
aluminum,partial,0.1834565911960222,1.7666394923518607,1.7666394923518607,0.0218,0.028839376136014692,0.05063937613601469,2700.0,,2330.3651934918316,0.11800823956750951,1.4345255993440933,1.360976608267618,3.683054971351755e-07,1.50-2.00,1.50-2.00,1.6666666666666667e-05,pneumatic_feed,-0.037201723688776056,2.25,0.0,0.0,light,2.665999999999928
aluminum,partial,0.12800126771991044,1.839840168790223,1.839840168790223,0.0218,0.020121799285569925,0.041921799285569925,2700.0,,2388.468301264972,0.10012888872557632,1.3288095429145832,1.2536439037608111,3.389374745323848e-07,1.50-2.00,1.50-2.00,1.6666666666666667e-05,pneumatic_feed,-0.022915733608017748,2.25,0.0,0.0,light,2.311999999999967
aluminum,partial,0.19062782915104903,1.6353040668817875,1.6353040668817875,0.0218,0.02996669474254491,0.05176669474254491,2700.0,,2324.280485647916,0.12032031839658971,1.4444285335309475,1.3742444169625985,3.2176292860671924e-07,1.50-2.00,1.50-2.00,1.6666666666666667e-05,pneumatic_feed,0.03530252476637257,2.25,0.0,0.0,light,2.719999999999922
aluminum,bare_like,0.03291394654284319,1.9373499384746775,1.9373499384746775,0.0218,0.005174072396534949,0.02697407239653495,2700.0,,2575.50230026825,0.06947178550487808,1.1163693757227533,1.044236153982693,2.6075017433168243e-07,1.50-2.00,1.50-2.00,1.6666666666666667e-05,pneumatic_feed,-0.00488625798610927,2.25,0.0,0.0,light,1.7400000000000013
aluminum,partial,0.15866000019942395,1.7875303379967948,1.7875303379967948,0.0218,0.024941352031349444,0.046741352031349444,2700.0,,2353.6668470888503,0.11001357066429628,1.3883921531284547,1.314067351830489,3.5152247988319004e-07,1.50-2.00,1.50-2.00,1.6666666666666667e-05,pneumatic_feed,-0.004686778324066281,2.25,0.0,0.0,light,2.4699999999999496
copper,partial,0.3052371412212322,1.9940002788754851,1.9940002788754851,0.012,0.044564622618299896,0.05656462261829989,8900.0,,2675.9592058045505,0.1513646226182999,1.625177421963213,1.5413692343552323,6.018313569977741e-07,1.50-2.00,1.50-2.00,1.6666666666666667e-05,pneumatic_feed,-0.03203337309772192,0.6127683718322549,1.0245872021766461e-32,-0.2890623303932408,active,
aluminum,partial,0.0593002926012397,1.5908910140693484,1.5908910140693484,0.0218,0.009322005996914882,0.03112200599691488,2700.0,,2505.5906532919416,0.07797900733756569,1.1763047565548392,1.1063265788954142,1.973597380067393e-07,1.50-2.00,1.50-2.00,1.6666666666666667e-05,pneumatic_feed,0.005196339311210554,2.25,0.0,0.0,light,1.8880000000000015
aluminum,partial,0.23076752775188714,1.5371061743485426,1.5371061743485426,0.0218,0.03627665536259666,0.05807665536259666,2700.0,,2294.5839045047874,0.13326175862248593,1.5114352382567393,1.4462629647953167,3.1485694292327457e-07,1.50-2.00,1.50-2.00,1.6666666666666667e-05,pneumatic_feed,-0.0020116137983250595,2.25,0.0,0.0,light,3.181999999999871
copper,partial,0.06498314384338877,1.993144178205304,1.993144178205304,0.012,0.009487539001134759,0.02148753900113476,8900.0,,5411.859356950724,0.11628753900113475,1.448956502206917,1.3510178430212576,4.6196663520811676e-07,1.50-2.00,1.50-2.00,1.6666666666666667e-05,pneumatic_feed,0.032174943496781905,2.25,0.0,0.0,light,2.7439999999999194
copper,partial,0.14579247016049124,1.5017485168268965,1.5017485168268965,0.012,0.02128570064343172,0.03328570064343172,8900.0,,3848.0698368206627,0.12808570064343172,1.5039485163211532,1.4178974424475503,2.888650980541345e-07,1.50-2.00,1.50-2.00,1.6666666666666667e-05,pneumatic_feed,0.04724404446734594,2.25,0.0,0.0,light,3.127999999999877
aluminum,partial,0.12962819682878823,1.7761682772401126,1.7761682772401126,0.0218,0.020377552541485516,0.042177552541485516,2700.0,,2386.4217071525827,0.1006534269395696,1.331062687965051,1.2569233028484612,3.17538789063303e-07,1.50-2.00,1.50-2.00,1.6666666666666667e-05,pneumatic_feed,3.298148174127049e-05,2.25,0.0,0.0,light,2.311999999999967
aluminum,heavily_coated,0.34889361083144327,1.8817442704559029,1.8817442704559029,0.0218,0.05484607562270288,0.07664607562270288,2700.0,,2235.55854198766,0.1713467890681656,1.7091671394429098,1.6399570729790238,6.067323831350937e-07,1.50-2.00,1.50-2.00,1.6666666666666667e-05,pneumatic_feed,0.025687169432563862,0.5951907741449817,-1.0381904032671126e-30,-0.2886731143163929,active,
copper,partial,0.22699456774858873,1.8128344885283358,1.8128344885283358,0.012,0.03314120689129396,0.04514120689129396,8900.0,,3100.076770838029,0.13994120689129397,1.5678485964446578,1.4820651751410092,4.5989842774871656e-07,1.50-2.00,1.50-2.00,1.6666666666666667e-05,pneumatic_feed,-0.01394675342831723,0.6293348799148283,5.715247219256582e-34,-0.2724250812784535,active,
aluminum,partial,0.1729537935374838,1.8344054328942367,1.8344054328942367,0.0218,0.027188336344092456,0.048988336344092456,2700.0,,2339.7821017908996,0.11462203257442015,1.4164223353934027,1.3413081015516528,3.85708101856538e-07,1.50-2.00,1.50-2.00,1.6666666666666667e-05,pneumatic_feed,-0.023363397453934242,2.25,0.0,0.0,light,2.6079999999999344
aluminum,partial,0.15596373002910213,1.5644466089417315,1.5644466089417315,0.0218,0.02451749836057486,0.04631749836057486,2700.0,,2356.4369851974925,0.10914426619868281,1.3783745031894667,1.3088653109676816,2.671298484921368e-07,1.50-2.00,1.50-2.00,1.6666666666666667e-05,pneumatic_feed,0.0011127690562457355,2.25,0.0,0.0,light,2.4339999999999535
copper,partial,0.09367427096119862,1.9563989363387222,1.9563989363387222,0.012,0.013676443560335,0.025676443560335,8900.0,,4692.100106357687,0.12047644356033499,1.4714257694506376,1.3751357235280517,4.61123201974535e-07,1.50-2.00,1.50-2.00,1.6666666666666667e-05,pneumatic_feed,0.012144271297227392,2.25,0.0,0.0,light,2.8859999999999038
aluminum,partial,0.2174890160618009,1.8148606334236628,1.8148606334236628,0.0218,0.0341892733249151,0.0559892733249151,2700.0,,2303.6668634720277,0.12898063366848522,1.4966386609315567,1.4228422351267707,4.248259790625008e-07,1.50-2.00,1.50-2.00,1.6666666666666667e-05,pneumatic_feed,0.008880577314323939,2.25,0.0,0.0,light,3.075999999999883
aluminum,partial,0.15151373902492066,1.5853067218049186,1.5853067218049186,0.0218,0.023817959774717526,0.045617959774717526,2700.0,,2361.121477833379,0.10770954459902467,1.3703610534579709,1.3002342142961365,2.7069534767839855e-07,1.50-2.00,1.50-2.00,1.6666666666666667e-05,pneumatic_feed,0.01439848932901945,2.25,0.0,0.0,light,2.409999999999956
aluminum,bare_like,0.031394203988288724,1.752332209377781,1.752332209377781,0.0218,0.004935168866958987,0.026735168866958987,2700.0,,2580.189624054189,0.06898180530786417,1.1109853672752283,1.040547171497879,2.1182023400753298e-07,1.50-2.00,1.50-2.00,1.6666666666666667e-05,pneumatic_feed,0.0013461216695790194,2.25,0.0,0.0,light,1.7400000000000013
aluminum,heavily_coated,0.37975291351179785,1.9951951723098604,1.9951951723098604,0.0218,0.05969715800405463,0.08149715800405463,2700.0,,2224.5700498699466,0.18129613684533874,1.7578991025313353,1.6868977929692235,7.217043460571731e-07,1.50-2.00,1.50-2.00,1.6666666666666667e-05,pneumatic_feed,0.002437919359002351,0.5855639660724236,-1.743763151049923e-30,-0.2883811647942871,active,
aluminum,partial,0.2048230833748753,1.8640597036536521,1.8640597036536521,0.0218,0.0321981887065304,0.0539981887065304,2700.0,,2312.9851815897823,0.12489701031089354,1.47537546823354,1.4001369482446298,4.3398196216200616e-07,1.50-2.00,1.50-2.00,1.6666666666666667e-05,pneumatic_feed,-0.022430401995693933,2.25,0.0,0.0,light,2.901999999999902
aluminum,partial,0.17780611692939363,1.7210787456860919,1.7210787456860919,0.0218,0.027951121581300684,0.049751121581300684,2700.0,,2335.3537863330366,0.1161864701592058,1.423083847160112,1.350430611182557,3.4415734317221464e-07,1.50-2.00,1.50-2.00,1.6666666666666667e-05,pneumatic_feed,0.025077855478721326,2.25,0.0,0.0,light,2.6319999999999317
aluminum,partial,0.19400662969583815,1.616519023555353,1.616519023555353,0.0218,0.030497842188185756,0.052297842188185756,2700.0,,2321.50452868325,0.12140967748023518,1.4500027564278903,1.3804514832944226,3.172597262271367e-07,1.50-2.00,1.50-2.00,1.6666666666666667e-05,pneumatic_feed,0.0314798633641355,2.25,0.0,0.0,light,2.7719999999999163
copper,partial,0.24533714850467547,1.7801867055708205,1.7801867055708205,0.012,0.035819223681682624,0.04781922368168262,8900.0,,2982.4663116878155,0.14261922368168262,1.5798187940925688,1.496178911396525,4.519695482653026e-07,1.50-2.00,1.50-2.00,1.6666666666666667e-05,pneumatic_feed,-0.0456717392092861,0.6243966543985938,-7.231394264469255e-33,-0.2812253584967016,active,
aluminum,partial,0.08112060653811848,1.5056580594668783,1.5056580594668783,0.0218,0.012752159347792225,0.034552159347792225,2700.0,,2460.4567806667897,0.08501409475395477,1.224233233908173,1.1551542023721657,1.9272747921768378e-07,1.50-2.00,1.50-2.00,1.6666666666666667e-05,pneumatic_feed,-0.019235868446855302,2.25,0.0,0.0,light,1.9840000000000015
copper,heavily_coated,0.6317707954386464,1.7013358443159785,1.7013358443159785,0.012,0.09223853613404237,0.10423853613404237,8900.0,,1909.4525260609457,0.19903853613404238,1.8080088575659434,1.7675148834337802,5.761257318980049e-07,1.50-2.00,1.50-2.00,1.6666666666666667e-05,pneumatic_feed,-0.04726500757516369,0.5760664753556543,-6.452310318970806e-29,-0.2880025478276034,active,
aluminum,partial,0.12897378303111134,1.608970793232069,1.608970793232069,0.0218,0.020274678692490708,0.04207467869249071,2700.0,,2387.24193525421,0.1004424373870606,1.3266262562310274,1.255605231443109,2.600240775092811e-07,1.50-2.00,1.50-2.00,1.6666666666666667e-05,pneumatic_feed,0.02295799922767276,2.25,0.0,0.0,light,2.291999999999969
aluminum,heavily_coated,0.4090292676023779,1.9984832791311278,1.9984832791311278,0.0218,0.0642994008670938,0.0860994008670938,2700.0,,2215.2898190558653,0.19073512616768265,1.799362892740328,1.7302538947587858,7.617837756607207e-07,1.50-2.00,1.50-2.00,1.6666666666666667e-05,pneumatic_feed,0.012984010704551827,0.5776772186019246,1.1698869747355153e-29,-0.28809460650893676,active,
aluminum,partial,0.07942362194593011,1.5060127684669558,1.5060127684669558,0.0218,0.012485393369900212,0.03428539336990021,2700.0,,2463.643016729756,0.08446696995158733,1.220500896567367,1.1514310923195163,1.9157737715819792e-07,1.50-2.00,1.50-2.00,1.6666666666666667e-05,pneumatic_feed,0.003956818682352371,2.25,0.0,0.0,light,1.9720000000000015
copper,partial,0.11860668590416401,1.5387737292615289,1.5387737292615289,0.012,0.017316576142007944,0.029316576142007944,8900.0,,4233.665471056163,0.12411657614200794,1.484916585439551,1.3957556301605796,2.9388628099895175e-07,1.50-2.00,1.50-2.00,1.6666666666666667e-05,pneumatic_feed,-0.0116112405615128,2.25,0.0,0.0,light,2.9499999999998967
copper,partial,0.4137392987709187,1.8088370518189223,1.8088370518189223,0.012,0.06040593762055413,0.07240593762055413,8900.0,,2309.284888993535,0.16720593762055413,1.689500737897018,1.6200198754620938,5.470796827116154e-07,1.50-2.00,1.50-2.00,1.6666666666666667e-05,pneumatic_feed,0.01458243943130678,0.599191009133171,-5.564777403835818e-31,-0.2887804595366865,active,
copper,partial,0.4067036085077739,1.5367974352751184,1.5367974352751184,0.012,0.05937872684213498,0.07137872684213498,8900.0,,2328.1267990344627,0.16617872684213497,1.6743872956057018,1.6150360047113967,3.924720027416407e-07,1.50-2.00,1.50-2.00,1.6666666666666667e-05,pneumatic_feed,-0.018591390013992626,0.6023120590722636,-2.7887607429478842e-31,-0.2888532702973918,active,
aluminum,partial,0.14110228999154284,1.6375166129424903,1.6375166129424903,0.0218,0.022181279986670535,0.043981279986670535,2700.0,,2372.6637639422875,0.10435278931617332,1.351291765519263,1.2798130258387967,2.7981789906867757e-07,1.50-2.00,1.50-2.00,1.6666666666666667e-05,pneumatic_feed,0.0008438580632071867,2.25,0.0,0.0,light,2.3699999999999606
copper,partial,0.4542038671460835,1.9582528476947876,1.9582528476947876,0.012,0.06631376460332819,0.07831376460332819,8900.0,,2210.515169078862,0.1731137646033282,1.719128323394695,1.6483912306287727,6.638487385745088e-07,1.50-2.00,1.50-2.00,1.6666666666666667e-05,pneumatic_feed,0.022804616133444117,0.5931903725215278,-1.5205971966624041e-30,-0.2886159758623718,active,
aluminum,partial,0.09671380094387855,1.6119753029779005,1.6119753029779005,0.0218,0.015203409508377709,0.03700340950837771,2700.0,,2433.3297325461363,0.09004149656231589,1.2598995270390831,1.1888193008368053,2.339696213059253e-07,1.50-2.00,1.50-2.00,1.6666666666666667e-05,pneumatic_feed,0.02330554437656339,2.25,0.0,0.0,light,2.0899999999999914
aluminum,partial,0.07040923268240412,1.8732929029048921,1.8732929029048921,0.0218,0.011068331377673928,0.03286833137767393,2700.0,,2481.435390557569,0.08156064070913391,1.205354733986666,1.1314485479112897,2.862147454273656e-07,1.50-2.00,1.50-2.00,1.6666666666666667e-05,pneumatic_feed,0.004863758382576852,2.25,0.0,0.0,light,1.9400000000000015
aluminum,heavily_coated,0.28920094093732684,1.8727745588605338,1.8727745588605338,0.0218,0.04546238791534778,0.06726238791534778,2700.0,,2261.3124523474944,0.15210127536760354,1.6175465280269494,1.5451154061007564,5.334624528758414e-07,1.50-2.00,1.50-2.00,1.6666666666666667e-05,pneumatic_feed,0.026895752754499746,0.6144319748585777,1.461175408294695e-32,-0.28905840863891286,active,
copper,partial,0.09407098181185747,1.8225645027952475,1.8225645027952475,0.012,0.013734363344531191,0.02573436334453119,8900.0,,4683.790375181205,0.12053436334453119,1.4703534473938007,1.3754662362470995,4.0038398084837176e-07,1.50-2.00,1.50-2.00,1.6666666666666667e-05,pneumatic_feed,-0.018017405197834433,2.25,0.0,0.0,light,2.883999999999904
aluminum,partial,0.07916302539703285,1.8728690623725062,1.8728690623725062,0.0218,0.012444427592413564,0.034244427592413564,2700.0,,2464.136706345513,0.08438295101825737,1.2251561714847505,1.150858288053993,2.959848898272818e-07,1.50-2.00,1.50-2.00,1.6666666666666667e-05,pneumatic_feed,-0.0032194306550195804,2.25,0.0,0.0,light,1.9740000000000015
copper,bare_like,0.020039553149754065,1.831286174131733,1.831286174131733,0.012,0.0029257747598640943,0.014925774759864095,8900.0,,7351.429089960566,0.10972577475986409,1.4111622001035111,1.3123474237528823,3.679773514247767e-07,1.50-2.00,1.50-2.00,1.6666666666666667e-05,pneumatic_feed,0.020013219574006674,2.25,0.0,0.0,light,2.5899999999999364
copper,partial,0.20521820721966055,1.5595193233143787,1.5595193233143787,0.012,0.029961858254070436,0.041961858254070436,8900.0,,3259.1945148378672,0.13676185825407045,1.5469975901135506,1.4651328018838052,3.326185865472992e-07,1.50-2.00,1.50-2.00,1.6666666666666667e-05,pneumatic_feed,-0.01413312218687503,2.25,0.0,0.0,light,3.64599999999982
copper,heavily_coated,0.5775116136375225,1.6250555649881913,1.6250555649881913,0.012,0.08431669559107828,0.09631669559107828,8900.0,,1984.2530354496637,0.1911166955910783,1.7748479712938965,1.7319837337566324,5.047020379252922e-07,1.50-2.00,1.50-2.00,1.6666666666666667e-05,pneumatic_feed,-0.03631473114519281,0.5823075060996646,-3.2165063398540606e-30,-0.2882468172148914,active,
aluminum,heavily_coated,0.28344239660886267,1.5464218926904356,1.5464218926904356,0.0218,0.044557144746913205,0.0663571447469132,2700.0,,2264.1821564761117,0.15024466309066342,1.5972554632491833,1.5356562870222794,3.5929819290108593e-07,1.50-2.00,1.50-2.00,1.6666666666666667e-05,pneumatic_feed,-0.002568402251586922,0.6191209152662744,-3.842711959947704e-33,-0.2880207072397215,active,
aluminum,heavily_coated,0.28609495300183035,1.8383343161677361,1.8383343161677361,0.0218,0.044974126611887724,0.06677412661188772,2700.0,,2262.850619904925,0.15109987379732012,1.6116009932961748,1.5400206554208087,5.106379525652281e-07,1.50-2.00,1.50-2.00,1.6666666666666667e-05,pneumatic_feed,-0.038022510653789574,0.6157359326901005,-1.5917798218361524e-32,-0.2890746280875576,active,
copper,partial,0.08190051391914177,1.9048150437038365,1.9048150437038365,0.012,0.011957475032194697,0.023957475032194697,8900.0,,4957.01132413183,0.11875747503219469,1.461680178380587,1.3652901992270097,4.308901634594876e-07,1.50-2.00,1.50-2.00,1.6666666666666667e-05,pneumatic_feed,0.022530860405952112,2.25,0.0,0.0,light,2.847999999999908
aluminum,bare_like,0.022768261322406273,1.5634237547842464,1.5634237547842464,0.0218,0.003579170679882268,0.025379170679882268,2700.0,,2608.4664454947474,0.06620071513295701,1.0873328258225674,1.0193558871791997,1.6181400000604651e-07,1.50-2.00,1.50-2.00,1.6666666666666667e-05,pneumatic_feed,0.020022329226757368,2.25,0.0,0.0,light,1.6820000000000013
copper,heavily_coated,0.629298976953269,1.6999676319886694,1.6999676319886694,0.012,0.09187765063517726,0.10387765063517726,8900.0,,1912.6120914395888,0.19867765063517728,1.8066322837622932,1.765911777062983,5.741565458222951e-07,1.50-2.00,1.50-2.00,1.6666666666666667e-05,pneumatic_feed,0.034093494136609316,0.5763221919987216,1.823143607682836e-29,-0.2880130890292572,active,
copper,partial,0.0945392540112655,1.946289184867163,1.946289184867163,0.012,0.013802731085644764,0.025802731085644764,8900.0,,4674.029686444376,0.12060273108564476,1.4720051948701862,1.3758562668826568,4.5684816135639617e-07,1.50-2.00,1.50-2.00,1.6666666666666667e-05,pneumatic_feed,-0.013624835579322474,2.25,0.0,0.0,light,2.8899999999999033
aluminum,partial,0.11861297640022345,1.9123938361721984,1.9123938361721984,0.0218,0.018645959890115124,0.040445959890115124,2700.0,,2400.7839098146237,0.09710200972119604,1.3106248232799593,1.2345497740406797,3.551263429807317e-07,1.50-2.00,1.50-2.00,1.6666666666666667e-05,pneumatic_feed,0.004512498959503183,2.25,0.0,0.0,light,2.2139999999999778
aluminum,partial,0.13676659975321098,1.647041188822785,1.647041188822785,0.0218,0.021499709481204762,0.04329970948120476,2700.0,,2377.727718268473,0.10295491942643276,1.342936826802741,1.2712121834364587,2.792904097149024e-07,1.50-2.00,1.50-2.00,1.6666666666666667e-05,pneumatic_feed,0.03223777695162646,2.25,0.0,0.0,light,2.347999999999963
aluminum,partial,0.10705737527259118,1.89391355715921,1.89391355715921,0.0218,0.016829419392851333,0.03862941939285133,2700.0,,2417.234579997755,0.09337636836163613,1.2861671027193269,1.2106343286906418,3.349324951640204e-07,1.50-2.00,1.50-2.00,1.6666666666666667e-05,pneumatic_feed,-0.01679660148221418,2.25,0.0,0.0,light,2.149999999999985
aluminum,heavily_coated,0.29285734058506996,1.6676463224118088,1.6676463224118088,0.0218,0.04603717393997299,0.06783717393997299,2700.0,,2259.530081746407,0.1532801351780324,1.6166351400821597,1.5510915516997688,4.262788395959591e-07,1.50-2.00,1.50-2.00,1.6666666666666667e-05,pneumatic_feed,-0.03235937682933686,0.6146314014784428,-2.1850163149899783e-32,-0.2890608205608869,active,
copper,partial,0.27859529927126625,1.5382208949291591,1.5382208949291591,0.012,0.040674913693604875,0.05267491369360487,8900.0,,2799.71818371502,0.14747491369360488,1.595328591988575,1.5214355869818552,3.489438621358763e-07,1.50-2.00,1.50-2.00,1.6666666666666667e-05,pneumatic_feed,0.005344250541854283,0.619638538044157,4.154882470391192e-33,-0.28759991127032314,active,
aluminum,partial,0.05755637666523217,1.7542586177623156,1.7542586177623156,0.0218,0.009047862411774497,0.030847862411774497,2700.0,,2509.6309873026357,0.0774167514006375,1.1742942596004573,1.1023308623024242,2.3824411441528116e-07,1.50-2.00,1.50-2.00,1.6666666666666667e-05,pneumatic_feed,-0.0329781609411626,2.25,0.0,0.0,light,1.8720000000000014
aluminum,partial,0.24077310250954528,1.5263482623810232,1.5263482623810232,0.0218,0.03784953171450052,0.05964953171450052,2700.0,,2288.15972325434,0.13648765598010248,1.5277776517110586,1.4636632974368418,3.1798061762224703e-07,1.50-2.00,1.50-2.00,1.6666666666666667e-05,pneumatic_feed,0.01762987526079667,2.25,0.0,0.0,light,3.3699999999998504
aluminum,partial,0.14610813899126052,1.8419175585205645,1.8419175585205645,0.0218,0.022968199449426158,0.04476819944942616,2700.0,,2367.0088677986937,0.10596672509217231,1.36501212683975,1.2896719416373827,3.59509100534434e-07,1.50-2.00,1.50-2.00,1.6666666666666667e-05,pneumatic_feed,0.0313713879735557,2.25,0.0,0.0,light,2.3999999999999573
copper,heavily_coated,0.7900566381091091,1.6608965233452329,1.6608965233452329,0.012,0.11534826916392991,0.1273482691639299,8900.0,,1744.4153000459557,0.22214826916392993,1.8843454405910094,1.8673080176545713,6.128131639439457e-07,1.50-2.00,1.50-2.00,1.6666666666666667e-05,pneumatic_feed,0.029280425792094722,0.5623197224069681,2.5343541053141974e-28,-0.2873721695008248,active,
aluminum,heavily_coated,0.42186250636012856,1.5747304579127108,1.5747304579127108,0.0218,0.06631678599981221,0.08811678599981221,2700.0,,2211.5274458147433,0.19487269067556903,1.7975917329308586,1.7489201676588135,4.832406243309856e-07,1.50-2.00,1.50-2.00,1.6666666666666667e-05,pneumatic_feed,0.018291350891375693,0.5780086218277273,-3.550399639789838e-29,-0.2881071539366581,active,
aluminum,partial,0.09280637841981254,1.709371832049108,1.709371832049108,0.0218,0.014589162687594533,0.03638916268759453,2700.0,,2439.7842079669076,0.08878170446633177,1.253054613444829,1.1804734784414022,2.594158842737253e-07,1.50-2.00,1.50-2.00,1.6666666666666667e-05,pneumatic_feed,0.003001600203642013,2.25,0.0,0.0,light,2.083999999999992
aluminum,heavily_coated,0.3284135477991457,1.539831713782367,1.539831713782367,0.0218,0.051626609714025704,0.0734266097140257,2700.0,,2243.6527110205634,0.16474381194592258,1.6652405046489316,1.608048156089612,3.9062103880852433e-07,1.50-2.00,1.50-2.00,1.6666666666666667e-05,pneumatic_feed,-0.007696961885551225,0.6042212405810262,2.2076685294253574e-33,-0.2888872473620253,active,
aluminum,partial,0.21365176377573653,1.9316294871522377,1.9316294871522377,0.0218,0.03358605726554578,0.05538605726554578,2700.0,,2306.41918680861,0.1277434651589352,1.4925078517021244,1.4160019170660212,4.7663545601269066e-07,1.50-2.00,1.50-2.00,1.6666666666666667e-05,pneumatic_feed,-0.01835099990933517,2.25,0.0,0.0,light,3.0339999999998875
aluminum,partial,0.22624260422993794,1.804545453102846,1.804545453102846,0.0218,0.035565337384946244,0.057365337384946244,2700.0,,2297.6048610212106,0.13180287802977428,1.5115869361151493,1.43832471075044,4.2920082169795543e-07,1.50-2.00,1.50-2.00,1.6666666666666667e-05,pneumatic_feed,-0.018411598639957102,2.25,0.0,0.0,light,3.1859999999998707
aluminum,heavily_coated,0.36452719784051457,1.80789395442611,1.80789395442611,0.0218,0.057303675500528894,0.0791036755005289,2700.0,,2229.8232381702787,0.17638721385576028,1.7292951398169896,1.6639031548380494,5.765181778357013e-07,1.50-2.00,1.50-2.00,1.6666666666666667e-05,pneumatic_feed,-0.0024275714382476347,0.5911661686819331,-1.4229236426988282e-30,-0.2885588262069653,active,
aluminum,partial,0.16668711580987144,1.6052190481539268,1.6052190481539268,0.0218,0.02620321460531179,0.04800321460531179,2700.0,,2345.7094266307895,0.11260159300826064,1.3996399060435734,1.3294339411409877,2.9014369923112416e-07,1.50-2.00,1.50-2.00,1.6666666666666667e-05,pneumatic_feed,0.012238845146817714,2.25,0.0,0.0,light,2.537999999999942
aluminum,heavily_coated,0.44173584504464886,1.5002541541915624,1.5002541541915624,0.0218,0.06944087484101881,0.09124087484101881,2700.0,,2206.029415561418,0.2012800538008452,1.8189701964146556,1.777439654238103,4.530336025615108e-07,1.50-2.00,1.50-2.00,1.6666666666666667e-05,pneumatic_feed,-0.020565905225214898,0.5740403123921464,2.0214385512731024e-29,-0.28794806085475866,active,
copper,partial,0.09439817329987621,1.9583983263701292,1.9583983263701292,0.012,0.013782133301781924,0.025782133301781925,8900.0,,4676.964931115608,0.12058213330178191,1.4720122430016667,1.3757387703720387,4.624715503937954e-07,1.50-2.00,1.50-2.00,1.6666666666666667e-05,pneumatic_feed,0.007107382273836764,2.25,0.0,0.0,light,2.8879999999999035
aluminum,partial,0.06888357468648282,1.5097525389343958,1.5097525389343958,0.0218,0.010828497940715096,0.032628497940715095,2700.0,,2484.599611724946,0.08106875331466892,1.1970219310053807,1.1280315385781745,1.8478428408973316e-07,1.50-2.00,1.50-2.00,1.6666666666666667e-05,pneumatic_feed,0.015248933537511252,2.25,0.0,0.0,light,1.9140000000000015
aluminum,heavily_coated,0.2909845109415549,1.8540842676725895,1.8540842676725895,0.0218,0.045742765120012435,0.06754276512001244,2700.0,,2260.439232853229,0.15267631617266672,1.6198256493434156,1.5480334165147007,5.24844451418896e-07,1.50-2.00,1.50-2.00,1.6666666666666667e-05,pneumatic_feed,-0.02871999979508334,0.6139339940620021,4.0859542347265054e-33,-0.2890518562482912,active,
aluminum,heavily_coated,0.3676573500025476,1.5353359056009706,1.5353359056009706,0.0218,0.05779573542040049,0.07959573542040049,2700.0,,2228.717471826442,0.17739640621432137,1.7214792775765417,1.6686563432714325,4.181688037790014e-07,1.50-2.00,1.50-2.00,1.6666666666666667e-05,pneumatic_feed,-0.042697699427082694,0.5927207268631508,-1.711088678805503e-30,-0.2886040596630789,active,
aluminum,heavily_coated,0.3953885418121373,1.9766578546021139,1.9766578546021139,0.0218,0.06215507877286798,0.08395507877286798,2700.0,,2219.487164913129,0.18633721976565118,1.7794965032192511,1.7101897559749506,7.280523640613333e-07,1.50-2.00,1.50-2.00,1.6666666666666667e-05,pneumatic_feed,-0.001006692146409685,0.5814221963010229,-2.607665636902349e-29,-0.2882358897897068,active,
copper,partial,0.33439722375483355,1.9254255653089167,1.9254255653089167,0.012,0.04882199466820569,0.06082199466820569,8900.0,,2558.6466790040363,0.1556219946682057,1.6428566583706523,1.5628956549661774,5.769317573670262e-07,1.50-2.00,1.50-2.00,1.6666666666666667e-05,pneumatic_feed,0.02214683990688084,0.6089587772844227,7.161991479981545e-33,-0.2889967668154043,active,
aluminum,partial,0.17663992417152347,1.8536479124892318,1.8536479124892318,0.0218,0.027767796079763485,0.049567796079763485,2700.0,,2336.4056325155357,0.11581047795214089,1.4236980592477584,1.3482437694782066,3.979260279209337e-07,1.50-2.00,1.50-2.00,1.6666666666666667e-05,pneumatic_feed,0.004974530597197475,2.25,0.0,0.0,light,2.627999999999932
aluminum,heavily_coated,0.3727322168206229,1.6806216008868957,1.6806216008868957,0.0218,0.05859350448420193,0.08039350448420193,2700.0,,2226.9534730920777,0.17903259402513702,1.7357126437524304,1.676333975023638,5.056755862651426e-07,1.50-2.00,1.50-2.00,1.6666666666666667e-05,pneumatic_feed,-0.03445164606374808,0.5898974569724791,-3.417667443757457e-30,-0.2885203628442717,active,
aluminum,partial,0.08977085553834652,1.5120143138632087,1.5120143138632087,0.0218,0.014111978490628077,0.03591197849062808,2700.0,,2444.950827675289,0.0878030215341183,1.2431960676933675,1.1739489878182616,2.007341514446142e-07,1.50-2.00,1.50-2.00,1.6666666666666667e-05,pneumatic_feed,0.030408013051005375,2.25,0.0,0.0,light,2.0599999999999947
aluminum,bare_like,0.04109907160003766,1.657367701876575,1.657367701876575,0.0218,0.00646077405552592,0.02826077405552592,2700.0,,2551.6198364873903,0.07211075167456814,1.1339264979432888,1.0638845606004543,1.9807869454160818e-07,1.50-2.00,1.50-2.00,1.6666666666666667e-05,pneumatic_feed,0.004495895873655131,2.25,0.0,0.0,light,1.8120000000000014
copper,partial,0.19053503830659857,1.7473496260237906,1.7473496260237906,0.012,0.027818115592763388,0.03981811559276339,8900.0,,3380.825877586962,0.13461811559276338,1.540870150353027,1.4536044655765248,4.110201653993695e-07,1.50-2.00,1.50-2.00,1.6666666666666667e-05,pneumatic_feed,-0.018849995542562576,2.25,0.0,0.0,light,3.563999999999829
aluminum,partial,0.10538532702918879,1.937015143104698,1.937015143104698,0.0218,0.016566573408988483,0.03836657340898848,2700.0,,2419.7439343314127,0.09283728328748075,1.2831764336445346,1.2071346231801563,3.4832805520250523e-07,1.50-2.00,1.50-2.00,1.6666666666666667e-05,pneumatic_feed,-0.014350169293122413,2.25,0.0,0.0,light,2.1419999999999857
copper,partial,0.14623744029792018,1.979985049960137,1.979985049960137,0.012,0.021350666283496345,0.033350666283496345,8900.0,,3842.5219212760376,0.12815066628349633,1.5120529866900292,1.4182569788249797,5.023942853304864e-07,1.50-2.00,1.50-2.00,1.6666666666666667e-05,pneumatic_feed,-0.019249089569033567,2.25,0.0,0.0,light,3.1899999999998703
aluminum,partial,0.23733172896826646,1.824647147135512,1.824647147135512,0.0218,0.037308547793811486,0.059108547793811486,2700.0,,2290.330718475755,0.13537812273665878,1.5310790067575448,1.457701963528415,4.5071942165690906e-07,1.50-2.00,1.50-2.00,1.6666666666666667e-05,pneumatic_feed,-0.030774520348322756,2.25,0.0,0.0,light,3.399999999999847
aluminum,partial,0.2517213751274774,1.662884152849151,1.662884152849151,0.0218,0.039570600170039445,0.061370600170039445,2700.0,,2281.5075649725386,0.14001748855484997,1.550535325238604,1.4824690554466644,3.8717407787846646e-07,1.50-2.00,1.50-2.00,1.6666666666666667e-05,pneumatic_feed,0.0344357568846276,2.25,0.0,0.0,light,3.699999999999814
aluminum,partial,0.11311871766821463,1.9975423076059775,1.9975423076059775,0.0218,0.017782262417443337,0.03958226241744334,2700.0,,2408.417304651041,0.09533060576340907,1.3002812885237003,1.223237175719602,3.803858256557e-07,1.50-2.00,1.50-2.00,1.6666666666666667e-05,pneumatic_feed,-0.009218608995553613,2.25,0.0,0.0,light,2.183999999999981
aluminum,partial,0.11161895736350924,1.7756493884855673,1.7756493884855673,0.0218,0.017546500097543653,0.03934650009754365,2700.0,,2410.5592062428495,0.09484706804356902,1.2940660274616627,1.220130968384894,2.9904623746055535e-07,1.50-2.00,1.50-2.00,1.6666666666666667e-05,pneumatic_feed,0.009248372373435617,2.25,0.0,0.0,light,2.1639999999999833
aluminum,partial,0.08385919683837095,1.915404589641033,1.915404589641033,0.0218,0.013182665742991914,0.034982665742991914,2700.0,,2455.4173282196757,0.08589704365265918,1.2361223803894623,1.1611373722226577,3.151369041668879e-07,1.50-2.00,1.50-2.00,1.6666666666666667e-05,pneumatic_feed,-0.011015196639234857,2.25,0.0,0.0,light,2.019999999999999
aluminum,heavily_coated,0.2950433840440436,1.9709379898841548,1.9709379898841548,0.0218,0.04638081997172365,0.06818081997172365,2700.0,,2258.4788143278656,0.1539849374496401,1.6295435967895675,1.5546535235252745,5.981693583038509e-07,1.50-2.00,1.50-2.00,1.6666666666666667e-05,pneumatic_feed,0.009294829835349036,0.6118221727766052,-8.624035540537342e-33,-0.2890221391527876,active,
aluminum,partial,0.08723094383954055,1.504102153223369,1.504102153223369,0.0218,0.013712704371575776,0.035512704371575776,2700.0,,2449.3805848514316,0.08698412860330627,1.2375517403122123,1.1684617591335607,1.9678621976746953e-07,1.50-2.00,1.50-2.00,1.6666666666666667e-05,pneumatic_feed,0.030787853881013568,2.25,0.0,0.0,light,2.047999999999996
copper,partial,0.14276891749999487,1.5202729455694082,1.5202729455694082,0.012,0.020844261954999246,0.032844261954999246,8900.0,,3886.3489193298938,0.12764426195499926,1.5021633225202449,1.415451989876615,2.9501522573494984e-07,1.50-2.00,1.50-2.00,1.6666666666666667e-05,pneumatic_feed,0.02867525921994622,2.25,0.0,0.0,light,3.117999999999878
aluminum,partial,0.06878096397543387,1.853482997153015,1.853482997153015,0.0218,0.010812367536938206,0.032612367536938205,2700.0,,2484.8140970916957,0.08103567059531963,1.2014123280163205,1.1278013502670303,2.783898796149254e-07,1.50-2.00,1.50-2.00,1.6666666666666667e-05,pneumatic_feed,0.007925852786331396,2.25,0.0,0.0,light,1.9180000000000015
aluminum,partial,0.1810460378411617,1.9179772672130329,1.9179772672130329,0.0218,0.02846043714863062,0.05026043714863062,2700.0,,2332.471815032014,0.11723105306036893,1.433131648380992,1.3564875999564283,4.3125046560293774e-07,1.50-2.00,1.50-2.00,1.6666666666666667e-05,pneumatic_feed,0.017533378680193095,2.25,0.0,0.0,light,2.663999999999928
aluminum,partial,0.22573779490459484,1.6511033291566877,1.6511033291566877,0.0218,0.03548598135900231,0.05728598135900231,2700.0,,2297.946536522126,0.1316401224551904,1.5065424158045029,1.4374363853947307,3.588696935058871e-07,1.50-2.00,1.50-2.00,1.6666666666666667e-05,pneumatic_feed,0.033331104834679263,2.25,0.0,0.0,light,3.145999999999875
copper,partial,0.3169893867106383,1.7695600714238966,1.7695600714238966,0.012,0.046280450459753195,0.05828045045975319,8900.0,,2626.6174892636795,0.1530804504597532,1.6273370430159741,1.5500808851206076,4.793473734674311e-07,1.50-2.00,1.50-2.00,1.6666666666666667e-05,pneumatic_feed,-0.014921393810579667,0.6122997663547585,7.026865243668524e-32,-0.28905296256313223,active,
copper,partial,0.20364962522011676,1.5286762352010828,1.5286762352010828,0.012,0.02973284528213704,0.04173284528213704,8900.0,,3271.592060380732,0.13653284528213705,1.5451266527252714,1.4639055774019114,3.190569204088184e-07,1.50-2.00,1.50-2.00,1.6666666666666667e-05,pneumatic_feed,-0.00186884688108539,2.25,0.0,0.0,light,3.617999999999823
aluminum,partial,0.11863444864855188,1.6363797548332268,1.6363797548332268,0.0218,0.018649335327552356,0.040449335327552356,2700.0,,2400.7547170406324,0.09710893258877962,1.3062060015250772,1.2345937817409762,2.6003234710560825e-07,1.50-2.00,1.50-2.00,1.6666666666666667e-05,pneumatic_feed,0.01979859052915888,2.25,0.0,0.0,light,2.203999999999979
aluminum,bare_like,0.035323118038041064,1.8572091675870017,1.8572091675870017,0.0218,0.005552794155580056,0.027352794155580056,2700.0,,2568.2395036893845,0.07024852648664481,1.1217142945906815,1.0500575563912566,2.4230303644446936e-07,1.50-2.00,1.50-2.00,1.6666666666666667e-05,pneumatic_feed,-0.023709727329602158,2.25,0.0,0.0,light,1.7820000000000014
aluminum,partial,0.163096026342895,1.5468802456945274,1.5468802456945274,0.0218,0.025638695341103093,0.04743869534110309,2700.0,,2349.217006325481,0.11144378985321277,1.3914248740704076,1.3225814627220616,2.666669903359606e-07,1.50-2.00,1.50-2.00,1.6666666666666667e-05,pneumatic_feed,0.025790126406426257,2.25,0.0,0.0,light,2.483999999999948
copper,partial,0.3341937926819046,1.9207139230855077,1.9207139230855077,0.012,0.048792293731558065,0.06079229373155806,8900.0,,2559.4081779281196,0.15559229373155806,1.6426041665455358,1.5627465061264847,5.740020616880768e-07,1.50-2.00,1.50-2.00,1.6666666666666667e-05,pneumatic_feed,0.021169748540394717,0.6090127605768609,8.221576158340401e-32,-0.2889977225668357,active,
copper,partial,0.1485626837371724,1.5975179733710532,1.5975179733710532,0.012,0.021690151825627165,0.033690151825627165,8900.0,,3813.8786815406474,0.12849015182562717,1.5078727928423055,1.4201342975419768,3.279150491007127e-07,1.50-2.00,1.50-2.00,1.6666666666666667e-05,pneumatic_feed,0.015745268667192516,2.25,0.0,0.0,light,3.1519999999998745
copper,heavily_coated,0.4806756027494786,1.8208397973002153,1.8208397973002153,0.012,0.07017863800142388,0.08217863800142387,8900.0,,2153.5844631345367,0.17697863800142388,1.7299851168041445,1.6666903437862564,5.867651646356805e-07,1.50-2.00,1.50-2.00,1.6666666666666667e-05,pneumatic_feed,0.02821298127709577,0.591029478199075,9.576667584138254e-31,-0.2885485521569372,active,
copper,partial,0.41025725184068096,1.8840195161405653,1.8840195161405653,0.012,0.05989755876873942,0.07189755876873942,8900.0,,2318.5426824424867,0.16669755876873943,1.6898560904302684,1.6175552177388364,5.916979086285283e-07,1.50-2.00,1.50-2.00,1.6666666666666667e-05,pneumatic_feed,0.03033544160532066,0.5991181142706478,3.5647072527966648e-31,-0.2887793789435451,active,
aluminum,heavily_coated,0.35693679911420495,1.8596338471021072,1.8596338471021072,0.0218,0.05611046482075302,0.07791046482075302,2700.0,,2232.5626448589537,0.17393999340241081,1.7202006245737866,1.6523202281774076,6.015259027813231e-07,1.50-2.00,1.50-2.00,1.6666666666666667e-05,pneumatic_feed,0.01653713602188934,0.5929760349755978,-6.702710881568092e-31,-0.2886116426425542,active,
aluminum,partial,0.1207645949131087,1.9168582482600374,1.9168582482600374,0.0218,0.018984194320340687,0.04078419432034069,2700.0,,2397.882676749625,0.09779571304593537,1.3151372079674983,1.2389517795172666,3.5933524244505995e-07,1.50-2.00,1.50-2.00,1.6666666666666667e-05,pneumatic_feed,0.025193943610705875,2.25,0.0,0.0,light,2.237999999999975
aluminum,partial,0.0903937466951682,1.5601040949744855,1.5601040949744855,0.0218,0.01420989698048044,0.03600989698048044,2700.0,,2443.8794679055213,0.08800384787198917,1.2454129398874716,1.1752907709153264,2.1419474670075422e-07,1.50-2.00,1.50-2.00,1.6666666666666667e-05,pneumatic_feed,-0.030161816553505798,2.25,0.0,0.0,light,2.0619999999999945
aluminum,heavily_coated,0.3007857160559209,1.7528156638371246,1.7528156638371246,0.0218,0.04728351456399077,0.06908351456399077,2700.0,,2255.767149328241,0.15583632271358946,1.631969662018374,1.563971521899456,4.787857132192568e-07,1.50-2.00,1.50-2.00,1.6666666666666667e-05,pneumatic_feed,0.04170303102974596,0.6112978532189969,8.43815034313918e-32,-0.2890140777697617,active,
aluminum,bare_like,0.02743176885084078,1.9728104289514057,1.9728104289514057,0.0218,0.004312274063352169,0.02611227406335217,2700.0,,2592.814261635703,0.06770427659519958,1.1028156675201066,1.0308667835555925,2.6350375735404005e-07,1.50-2.00,1.50-2.00,1.6666666666666667e-05,pneumatic_feed,0.014376419216092198,2.25,0.0,0.0,light,1.7080000000000013
aluminum,partial,0.14803998465871587,1.7492954439546249,1.7492954439546249,0.0218,0.02327188558835014,0.04507188558835014,2700.0,,2364.879349120621,0.10658957145381659,1.3671147211939652,1.293456575822747,3.261677713439975e-07,1.50-2.00,1.50-2.00,1.6666666666666667e-05,pneumatic_feed,0.010307598792350376,2.25,0.0,0.0,light,2.401999999999957
aluminum,partial,0.2327061468195748,1.723520665081969,1.723520665081969,0.0218,0.03658140628003716,0.05838140628003716,2700.0,,2293.3121575367077,0.1338867887960991,1.5205126395351096,1.4496506603121913,3.9771385017753315e-07,1.50-2.00,1.50-2.00,1.6666666666666667e-05,pneumatic_feed,-0.0059396607747799444,2.25,0.0,0.0,light,3.317999999999856
aluminum,heavily_coated,0.27528273497430306,1.6252800610530174,1.6252800610530174,0.0218,0.04327444593796044,0.06507444593796044,2700.0,,2268.385146510424,0.14761390658306506,1.5874137825464094,1.522152383215225,3.899273415937663e-07,1.50-2.00,1.50-2.00,1.6666666666666667e-05,pneumatic_feed,0.01529378652379671,0.6219235083002428,6.782694525345896e-33,-0.2849742767860836,active,
aluminum,partial,0.1723322954432996,1.8984409620638263,1.8984409620638263,0.0218,0.02709063684368669,0.04889063684368669,2700.0,,2340.3592745110586,0.11442165537387422,1.4164648365864714,1.340135180774063,4.1238458074737876e-07,1.50-2.00,1.50-2.00,1.6666666666666667e-05,pneumatic_feed,-0.011129677479225235,2.25,0.0,0.0,light,2.611999999999934
copper,partial,0.261101731022901,1.6040335253309739,1.6040335253309739,0.012,0.038120852729343555,0.05012085272934355,8900.0,,2891.4283145166596,0.14492085272934355,1.5859196364163515,1.508203469177742,3.728702749293075e-07,1.50-2.00,1.50-2.00,1.6666666666666667e-05,pneumatic_feed,0.0010068714890233154,0.6223854732926933,-2.368918144457371e-33,-0.28437523341704296,active,
copper,partial,0.45606087302616477,1.6112152522621597,1.6112152522621597,0.012,0.06658488746182005,0.07858488746182005,8900.0,,2206.3388147760343,0.17338488746182007,1.706651236237184,1.6496815430866432,4.5010969738419833e-07,1.50-2.00,1.50-2.00,1.6666666666666667e-05,pneumatic_feed,0.04228346409492511,0.5956987579587701,1.0097689663467204e-30,-0.28868436337345843,active,
aluminum,partial,0.07293382696294015,1.8645195180318268,1.8645195180318268,0.0218,0.011465197598574194,0.033265197598574194,2700.0,,2476.299589293654,0.08237459515112153,1.211008190380644,1.1370803162011045,2.863697636733802e-07,1.50-2.00,1.50-2.00,1.6666666666666667e-05,pneumatic_feed,-0.009400485794588461,2.25,0.0,0.0,light,1.9380000000000015
copper,partial,0.42039494417870676,1.6364395015892068,1.6364395015892068,0.012,0.06137766185009119,0.07337766185009119,8900.0,,2291.9463173094036,0.1681776618500912,1.686902394360403,1.6247204622331288,4.503687194686578e-07,1.50-2.00,1.50-2.00,1.6666666666666667e-05,pneumatic_feed,0.005014781542787829,0.5997246706942461,-2.3842586731611157e-31,-0.2887919012960194,active,
aluminum,partial,0.1082442787820152,1.9049281366740969,1.9049281366740969,0.0218,0.01701600062453279,0.03881600062453279,2700.0,,2415.4739389315446,0.09375903792210952,1.2888243750104846,1.2131124676737237,3.402282219231893e-07,1.50-2.00,1.50-2.00,1.6666666666666667e-05,pneumatic_feed,0.011458094561464174,2.25,0.0,0.0,light,2.155999999999984
aluminum,heavily_coated,0.3206779813780644,1.8923030627116555,1.8923030627116555,0.0218,0.050410578672631726,0.07221057867263173,2700.0,,2246.8977670386053,0.16224978797610173,1.667148296098594,1.5958297754061657,5.809858062487667e-07,1.50-2.00,1.50-2.00,1.6666666666666667e-05,pneumatic_feed,-0.006897175490368316,0.6038217711574602,-9.37844874850849e-32,-0.2888792947818089,active,
aluminum,bare_like,0.03989096967965146,1.846333163930101,1.846333163930101,0.0218,0.006270860433641209,0.02807086043364121,2700.0,,2555.007093707142,0.07172124753441643,1.1328866452735085,1.0610073992674134,2.4449387081545063e-07,1.50-2.00,1.50-2.00,1.6666666666666667e-05,pneumatic_feed,-0.0031818195739944013,2.25,0.0,0.0,light,1.8080000000000014
aluminum,partial,0.230615008079728,1.5523717321305859,1.5523717321305859,0.0218,0.036252679270133245,0.058052679270133245,2700.0,,2294.684524983154,0.1332125847549851,1.511700381670594,1.4459961031462867,3.2102341236886537e-07,1.50-2.00,1.50-2.00,1.6666666666666667e-05,pneumatic_feed,-0.003774185193325181,2.25,0.0,0.0,light,3.183999999999871
copper,partial,0.08359358087927082,1.8063667396055676,1.8063667396055676,0.012,0.01220466280837354,0.02420466280837354,8900.0,,4916.600728980376,0.11900466280837353,1.4620268562438217,1.366710352430328,3.8830754951736774e-07,1.50-2.00,1.50-2.00,1.6666666666666667e-05,pneumatic_feed,-0.030501019561761895,2.25,0.0,0.0,light,2.8499999999999077
aluminum,partial,0.07107773248041782,1.7025016843477676,1.7025016843477676,0.0218,0.01117341954592168,0.03297341954592168,2700.0,,2480.063422452222,0.08177617172901151,1.2048273800250475,1.1329425366974994,2.3702921386088453e-07,1.50-2.00,1.50-2.00,1.6666666666666667e-05,pneumatic_feed,0.03939300043637473,2.25,0.0,0.0,light,1.9240000000000015
aluminum,heavily_coated,0.3434588577267028,1.695886832944716,1.695886832944716,0.0218,0.05399173243463769,0.07579173243463769,2700.0,,2237.6394478899597,0.16959457031966624,1.694213444191142,1.6315502982554604,4.87759436731127e-07,1.50-2.00,1.50-2.00,1.6666666666666667e-05,pneumatic_feed,-0.011745584584568201,0.5982262359270749,-3.7847249906753403e-31,-0.2887515646206395,active,
aluminum,heavily_coated,0.3137900679359617,1.7934191032450615,1.7934191032450615,0.0218,0.04932779867953317,0.07112779867953317,2700.0,,2249.8806201531065,0.1600290558032334,1.6533972704469904,1.5848709915597394,5.147097864746537e-07,1.50-2.00,1.50-2.00,1.6666666666666667e-05,pneumatic_feed,-0.03610335283143339,0.606716217057266,-2.814456145002529e-32,-0.2889363157310099,active,
copper,partial,0.3803627703995532,1.7695989640912972,1.7695989640912972,0.012,0.055532964478334765,0.06753296447833476,8900.0,,2403.758901038807,0.16233296447833476,1.6676005431299754,1.5962387698749654,5.083425117505094e-07,1.50-2.00,1.50-2.00,1.6666666666666667e-05,pneumatic_feed,-0.027424143032412834,0.6037270601551726,1.722468433370846e-32,-0.2888885768478365,active,
copper,heavily_coated,0.7040861602869211,1.526403701621089,1.526403701621089,0.012,0.10279657940189046,0.11479657940189046,8900.0,,1825.8085780423423,0.20959657940189047,1.8326984513375517,1.813788276037772,4.883408016838184e-07,1.50-2.00,1.50-2.00,1.6666666666666667e-05,pneumatic_feed,0.015927342883927824,0.571528218653308,1.808482645710581e-29,-0.28780489496430584,active,
copper,partial,0.2559361818326693,1.790792830845705,1.790792830845705,0.012,0.037366682547569724,0.04936668254756972,8900.0,,2920.3234875799226,0.1441666825475697,1.5872979086056385,1.5042739940804182,4.623337514294606e-07,1.50-2.00,1.50-2.00,1.6666666666666667e-05,pneumatic_feed,-0.026263645621546334,0.6219588665376796,5.2780891549152866e-33,-0.2849617353773327,active,
aluminum,partial,0.06247854650765927,1.879437491222947,1.879437491222947,0.0218,0.009821627511004037,0.03162162751100404,2700.0,,2498.4074001896915,0.07900370817953442,1.187139113818225,1.1135718223742788,2.7906363573773564e-07,1.50-2.00,1.50-2.00,1.6666666666666667e-05,pneumatic_feed,-0.012958818223521849,2.25,0.0,0.0,light,1.8900000000000015
copper,partial,0.2930878617516529,1.7640043164443637,1.7640043164443637,0.012,0.042790827815741325,0.05479082781574132,8900.0,,2730.2166033849207,0.14959082781574132,1.6115323637218375,1.5323112064446556,4.6548345858503126e-07,1.50-2.00,1.50-2.00,1.6666666666666667e-05,pneumatic_feed,-0.020852894406449773,0.6157506564510821,2.0820135351276269e-32,-0.2891037768802145,active,
aluminum,partial,0.2640437189185544,1.7725552981339303,1.7725552981339303,0.0218,0.04150767261399675,0.06330767261399675,2700.0,,2274.4531503231437,0.1439903354165311,1.5741239111487688,1.5033536858297425,4.5241076337163097e-07,1.50-2.00,1.50-2.00,1.6666666666666667e-05,pneumatic_feed,0.017914779711765357,0.6265127155644423,-1.714864765104946e-33,-0.2774235027178296,active,
copper,heavily_coated,0.49747782823320424,1.9916993648014103,1.9916993648014103,0.012,0.07263176292204782,0.08463176292204781,8900.0,,2120.1468187223973,0.17943176292204782,1.7461593409136589,1.678201701472282,7.117818242061703e-07,1.50-2.00,1.50-2.00,1.6666666666666667e-05,pneumatic_feed,-0.010910622996925426,0.5878469555939332,5.134632097641781e-31,-0.28844733458346933,active,
copper,partial,0.13819415297567383,1.6002702676727851,1.6002702676727851,0.012,0.02017634633444838,0.03217634633444838,8900.0,,3946.2636625870095,0.12697634633444838,1.5003866830140082,1.411743862060502,3.251692722163184e-07,1.50-2.00,1.50-2.00,1.6666666666666667e-05,pneumatic_feed,0.02001509075904235,2.25,0.0,0.0,light,3.1039999999998797
aluminum,partial,0.2686764741870012,1.9460346253241785,1.9460346253241785,0.0218,0.042235941742196595,0.0640359417421966,2700.0,,2271.911337360158,0.14548398204263105,1.586432351867789,1.5111308951050988,5.509552251930944e-07,1.50-2.00,1.50-2.00,1.6666666666666667e-05,pneumatic_feed,-0.003590540050781361,0.6222252221777772,-9.06651386666435e-34,-0.28456407272611317,active,
aluminum,partial,0.06794811784359173,1.9622051851051736,1.9622051851051736,0.0218,0.010681444125012624,0.03248144412501262,2700.0,,2486.562862263779,0.0807671526739524,1.200629111846648,1.1259312716015826,3.1097366403659557e-07,1.50-2.00,1.50-2.00,1.6666666666666667e-05,pneumatic_feed,0.011400454136145943,2.25,0.0,0.0,light,1.9140000000000015
copper,partial,0.46101110896971026,1.8377005837918503,1.8377005837918503,0.012,0.06730762190957769,0.07930762190957769,8900.0,,2195.3453869551895,0.17410762190957768,1.7190236089662745,1.6531162189914934,5.879864124318542e-07,1.50-2.00,1.50-2.00,1.6666666666666667e-05,pneumatic_feed,0.02196486764240665,0.5932113224665391,1.2819566910880946e-30,-0.2886153477797681,active,
copper,bare_like,0.036928433669143175,1.7632320746724164,1.7632320746724164,0.012,0.005391551315694902,0.017391551315694902,8900.0,,6450.922593342682,0.1121915513156949,1.4245146755438447,1.3270111489551049,3.4880211372241173e-07,1.50-2.00,1.50-2.00,1.6666666666666667e-05,pneumatic_feed,-0.03407552034099946,2.25,0.0,0.0,light,2.6359999999999313
copper,partial,0.24985923116437092,1.6691284147919387,1.6691284147919387,0.012,0.03647944774999816,0.048479447749998156,8900.0,,2955.467819866071,0.14327944774999815,1.58019826771069,1.4996380269531615,3.991750606478374e-07,1.50-2.00,1.50-2.00,1.6666666666666667e-05,pneumatic_feed,0.016221041534570206,0.6242650164867471,-4.513811861267424e-34,-0.2814476777180805,active,
aluminum,heavily_coated,0.3745101374933958,1.7859178120040529,1.7859178120040529,0.0218,0.058872993613961824,0.08067299361396182,2700.0,,2226.3437289646076,0.17960581342924573,1.7427311384144957,1.679015439948496,5.728531785962216e-07,1.50-2.00,1.50-2.00,1.6666666666666667e-05,pneumatic_feed,-0.016857760424522198,0.5885178140881262,-1.6067803895331176e-30,-0.2884774648616003,active,
copper,heavily_coated,0.7598331093244186,1.5232358456208774,1.5232358456208774,0.012,0.1109356339613651,0.1229356339613651,8900.0,,1771.1352432590274,0.21773563396136514,1.8590579292950613,1.8486693892250143,5.052005475970568e-07,1.50-2.00,1.50-2.00,1.6666666666666667e-05,pneumatic_feed,-0.0328882840633113,0.5667813290288475,-8.646144127510652e-29,-0.28758708425007196,active,
aluminum,bare_like,0.03547276924259678,1.955202677520132,1.955202677520132,0.0218,0.005576319324936213,0.027376319324936213,2700.0,,2567.7949872346258,0.07029677553150562,1.1228917033832615,1.0504181018730172,2.687317444111658e-07,1.50-2.00,1.50-2.00,1.6666666666666667e-05,pneumatic_feed,0.03448091193256183,2.25,0.0,0.0,light,1.7580000000000013
copper,partial,0.30919483149172877,1.9949840811250175,1.9949840811250175,0.012,0.0451424453977924,0.057142445397792396,8900.0,,2659.011954074728,0.1519424453977924,1.6278495578778682,1.5443084610801527,6.04725080459209e-07,1.50-2.00,1.50-2.00,1.6666666666666667e-05,pneumatic_feed,-0.03298938711051831,0.6121886635779515,5.341150476271588e-33,-0.289053139096541,active,
aluminum,partial,0.18100991169377545,1.873786984505846,1.873786984505846,0.0218,0.0284547581182615,0.0502547581182615,2700.0,,2332.5036278822545,0.11721940562919014,1.43222378910681,1.3564202117175077,4.1156643681036337e-07,1.50-2.00,1.50-2.00,1.6666666666666667e-05,pneumatic_feed,0.005316413725776981,2.25,0.0,0.0,light,2.6619999999999284
aluminum,heavily_coated,0.3566056701268514,1.7790154208312496,1.7790154208312496,0.0218,0.056058411343941045,0.07785841134394104,2700.0,,2232.6840620685985,0.17383323410559814,1.716714270116102,1.6518130773551434,5.501640842645959e-07,1.50-2.00,1.50-2.00,1.6666666666666667e-05,pneumatic_feed,0.017038443487849893,0.5936735822375437,-4.473644721633446e-31,-0.28863131213568366,active,
copper,partial,0.21180380183452585,1.598397943068814,1.598397943068814,0.012,0.03092335506784077,0.04292335506784077,8900.0,,3208.587838722479,0.13772335506784078,1.5524995655476428,1.4702740496740154,3.518660923547315e-07,1.50-2.00,1.50-2.00,1.6666666666666667e-05,pneumatic_feed,-0.034102666198997406,2.25,0.0,0.0,light,3.755999999999808
copper,partial,0.050060437528295657,1.6733966036086656,1.6733966036086656,0.012,0.007308823879131166,0.019308823879131166,8900.0,,5909.672416788633,0.11410882387913115,1.434268448866057,1.338301946350988,3.195339407399479e-07,1.50-2.00,1.50-2.00,1.6666666666666667e-05,pneumatic_feed,-0.026263116893974384,2.25,0.0,0.0,light,2.6719999999999273
aluminum,partial,0.1294735626883849,1.8069642409721824,1.8069642409721824,0.0218,0.020353244054614104,0.042153244054614104,2700.0,,2386.615161006809,0.10060357134636216,1.3312645723727843,1.2566119750553473,3.284827095497149e-07,1.50-2.00,1.50-2.00,1.6666666666666667e-05,pneumatic_feed,0.0037211454073304805,2.25,0.0,0.0,light,2.3139999999999668
copper,partial,0.272426130884889,1.5578760052066156,1.5578760052066156,0.012,0.039774215109193795,0.05177421510919379,8900.0,,2831.0272748715392,0.14657421510919377,1.5919590332618403,1.5167824103522252,3.5573234378431106e-07,1.50-2.00,1.50-2.00,1.6666666666666667e-05,pneumatic_feed,-0.03765650230386936,0.6205794431597856,-9.697785995390719e-33,-0.2866466752933668,active,
copper,partial,0.30345465773134794,1.7432539916972583,1.7432539916972583,0.012,0.044304380028776805,0.0563043800287768,8900.0,,2683.705600728546,0.1511043800287768,1.6177738571931828,1.5400436191652758,4.591963104832603e-07,1.50-2.00,1.50-2.00,1.6666666666666667e-05,pneumatic_feed,-0.031073503699989742,0.6143819252853745,2.965137671115218e-33,-0.2890844573788989,active,
copper,partial,0.1801902949770149,1.9232002874956602,1.9232002874956602,0.012,0.026307783066644174,0.038307783066644174,8900.0,,3474.6929321145035,0.13310778306664417,1.5364309419928661,1.4454271904921558,4.923256701525985e-07,1.50-2.00,1.50-2.00,1.6666666666666667e-05,pneumatic_feed,0.013388078713340662,2.25,0.0,0.0,light,3.4519999999998414
aluminum,bare_like,0.047091135444581655,1.7433797588282613,1.7433797588282613,0.0218,0.007402726491888237,0.029202726491888237,2700.0,,2535.470549274045,0.07404265297868758,1.1493483004286666,1.0780415025190266,2.2504323908950288e-07,1.50-2.00,1.50-2.00,1.6666666666666667e-05,pneumatic_feed,-0.0004522905903099402,2.25,0.0,0.0,light,1.8420000000000014
copper,heavily_coated,0.5341645413029397,1.7719534820105152,1.7719534820105152,0.012,0.07798802303022918,0.08998802303022918,8900.0,,2053.4735268954,0.18478802303022918,1.7586238804584662,1.7030657090912487,5.802009719982637e-07,1.50-2.00,1.50-2.00,1.6666666666666667e-05,pneumatic_feed,0.02628184899514079,0.5854238566409581,-3.1147431270543756e-30,-0.2883617492383407,active,
aluminum,bare_like,0.04706230488587515,1.925491053700516,1.925491053700516,0.0218,0.007398194328059573,0.029198194328059573,2700.0,,2535.545756235641,0.074033357718255,1.1510445861448457,1.0779738321247556,2.7447984331058524e-07,1.50-2.00,1.50-2.00,1.6666666666666667e-05,pneumatic_feed,-0.009062481566979804,2.25,0.0,0.0,light,1.8440000000000014
copper,heavily_coated,0.5729924877643245,1.8681029328534895,1.8681029328534895,0.012,0.08365690321359137,0.09565690321359137,8900.0,,1991.0419093154417,0.19045690321359138,1.7846974861762617,1.7289914843169503,6.646581326192209e-07,1.50-2.00,1.50-2.00,1.6666666666666667e-05,pneumatic_feed,-0.014669499358726204,0.5804359513071659,4.613971914035763e-30,-0.2881793170076087,active,
copper,heavily_coated,0.7696201450213895,1.5500230023585013,1.5500230023585013,0.012,0.11236454117312286,0.12436454117312286,8900.0,,1762.27515581015,0.2191645411731229,1.8659047729371543,1.854725488651444,5.265584383185648e-07,1.50-2.00,1.50-2.00,1.6666666666666667e-05,pneumatic_feed,-0.024493437906861818,0.5655645174688265,8.276121113212207e-29,-0.28752952447712393,active,
aluminum,partial,0.13872924661627756,1.8712079223208409,1.8712079223208409,0.0218,0.021808237568078828,0.04360823756807883,2700.0,,2375.4157970690403,0.10358769640155405,1.3508929536776395,1.2751127333372498,3.6270393751997386e-07,1.50-2.00,1.50-2.00,1.6666666666666667e-05,pneumatic_feed,0.013693952718690049,2.25,0.0,0.0,light,2.3699999999999606
copper,partial,0.11899361094858563,1.6050882528913255,1.6050882528913255,0.012,0.017373067198493502,0.029373067198493502,8900.0,,4227.446400451572,0.1241730671984935,1.48633115906423,1.3960732297224074,3.1990810360650827e-07,1.50-2.00,1.50-2.00,1.6666666666666667e-05,pneumatic_feed,-0.024442065830482234,2.25,0.0,0.0,light,2.9599999999998956
copper,partial,0.4157859198944153,1.6203534211770063,1.6203534211770063,0.012,0.06070474430458464,0.07270474430458464,8900.0,,2303.9039048518057,0.16750474430458465,1.6834803385633519,1.6214667639531686,4.3979127898077963e-07,1.50-2.00,1.50-2.00,1.6666666666666667e-05,pneumatic_feed,-0.009565102066234604,0.6004293359753201,2.806270757648553e-31,-0.28880925608307545,active,
aluminum,partial,0.2607004904999261,1.7248170178920892,1.7248170178920892,0.0218,0.040982117106588375,0.06278211710658838,2700.0,,2276.3240828507182,0.14291244514208118,1.567221446449392,1.4977161743635228,4.251636304103815e-07,1.50-2.00,1.50-2.00,1.6666666666666667e-05,pneumatic_feed,0.03186280911138337,0.6296679205927398,-8.561697570920005e-35,-0.2717962474113469,active,
aluminum,partial,0.22725153119398706,1.5844417991237045,1.5844417991237045,0.0218,0.035723940703694765,0.057523940703694765,2700.0,,2296.9248030632016,0.13212816617225337,1.5070652314858193,1.4400985022697887,3.317019230673632e-07,1.50-2.00,1.50-2.00,1.6666666666666667e-05,pneumatic_feed,-0.03256112552978858,2.25,0.0,0.0,light,3.1499999999998747
copper,partial,0.35516712437552433,1.6952402057760914,1.6952402057760914,0.012,0.05185440015882656,0.06385440015882655,8900.0,,2484.6275239325983,0.15865440015882654,1.6493715274070733,1.5780492593366473,4.5594725906473985e-07,1.50-2.00,1.50-2.00,1.6666666666666667e-05,pneumatic_feed,-0.0037671889676694457,0.6075701308015924,-6.685017206089758e-32,-0.28896810282588764,active,
aluminum,partial,0.0601909159895353,1.7312612661722584,1.7312612661722584,0.0218,0.009462011993554953,0.03126201199355495,2700.0,,2503.5545773676245,0.07826615322418608,1.1801791507636796,1.108361647210343,2.3458444649203576e-07,1.50-2.00,1.50-2.00,1.6666666666666667e-05,pneumatic_feed,0.02267553367778986,2.25,0.0,0.0,light,1.8860000000000015
aluminum,bare_like,0.03511465713628192,1.672457133949604,1.672457133949604,0.0218,0.005520024101823517,0.027320024101823517,2700.0,,2568.859981445781,0.07018131660730866,1.1194311511165795,1.0495551178801028,1.9630506355784753e-07,1.50-2.00,1.50-2.00,1.6666666666666667e-05,pneumatic_feed,0.00855284538841519,2.25,0.0,0.0,light,1.7700000000000014
copper,partial,0.3451194241758157,1.8567107429112,1.8567107429112,0.012,0.0503874359296691,0.0623874359296691,8900.0,,2519.536723818405,0.1571874359296691,1.6479768526393475,1.5707367680015918,5.418840028035118e-07,1.50-2.00,1.50-2.00,1.6666666666666667e-05,pneumatic_feed,-0.04003366567866109,0.6078667131423272,-1.4807810760963337e-31,-0.28897553689266575,active,
aluminum,partial,0.08947450199653623,1.5942560599291724,1.5942560599291724,0.0218,0.014065391713855499,0.0358653917138555,2700.0,,2445.4626032934175,0.08770747418870324,1.244010199990375,1.173310067657261,2.2292191092079266e-07,1.50-2.00,1.50-2.00,1.6666666666666667e-05,pneumatic_feed,0.03170624142478304,2.25,0.0,0.0,light,2.065999999999994
copper,partial,0.05996788779270957,1.675681212130491,1.675681212130491,0.012,0.008755311617735597,0.020755311617735597,8900.0,,5567.5055015311145,0.11555531161773559,1.4421273265840702,1.3467576512320165,3.2446862900900374e-07,1.50-2.00,1.50-2.00,1.6666666666666667e-05,pneumatic_feed,0.031457093185498386,2.25,0.0,0.0,light,2.6999999999999242
copper,heavily_coated,0.5087906623113687,1.618826137159499,1.618826137159499,0.012,0.07428343669745983,0.08628343669745983,8900.0,,2098.704497972215,0.18108343669745985,1.7369556960323111,1.6859079519366797,4.7454690333317703e-07,1.50-2.00,1.50-2.00,1.6666666666666667e-05,pneumatic_feed,-0.033259846009406145,0.5896525881289824,1.6285142078028534e-31,-0.28850211252586777,active,
copper,partial,0.22888711715667331,1.6842238239323755,1.6842238239323755,0.012,0.03341751910487431,0.04541751910487431,8900.0,,3087.3002724146118,0.1402175191048743,1.5663156368725923,1.4835276134504902,3.9774240131814996e-07,1.50-2.00,1.50-2.00,1.6666666666666667e-05,pneumatic_feed,-0.01862685152119948,0.6301760090342414,3.163070883033783e-34,-0.2709330221001255,active,
aluminum,bare_like,0.018234478946965154,1.6031521287418995,1.6031521287418995,0.0218,0.002866460090462923,0.024666460090462923,2700.0,,2624.5751567052707,0.06473897835729103,1.076146019022725,1.008039187877158,1.6638543773777431e-07,1.50-2.00,1.50-2.00,1.6666666666666667e-05,pneumatic_feed,0.02512731697306384,2.25,0.0,0.0,light,1.6620000000000013
aluminum,heavily_coated,0.281012066627644,1.9788946075362643,1.9788946075362643,0.0218,0.04417509687386563,0.06597509687386563,2700.0,,2265.4169146150043,0.1494611004014187,1.6073155712652227,1.531646640678152,5.852932364700581e-07,1.50-2.00,1.50-2.00,1.6666666666666667e-05,pneumatic_feed,-0.013643715580895397,0.6166801983451945,1.1840532944173263e-32,-0.2890856831910627,active,
aluminum,partial,0.11998606384464111,1.6756786606341438,1.6756786606341438,0.0218,0.018861809236377584,0.040661809236377584,2700.0,,2398.926872070502,0.09754470684415073,1.3096986222885216,1.2373607875740162,2.7389568223801064e-07,1.50-2.00,1.50-2.00,1.6666666666666667e-05,pneumatic_feed,-0.02195863991964962,2.25,0.0,0.0,light,2.2179999999999773
aluminum,partial,0.09310141550129292,1.5878130077981418,1.5878130077981418,0.0218,0.014635542516803247,0.03643554251680325,2700.0,,2439.289255286479,0.08887682737177185,1.2517354455246101,1.1811057033252066,2.2407182645838138e-07,1.50-2.00,1.50-2.00,1.6666666666666667e-05,pneumatic_feed,-0.0034539066141167163,2.25,0.0,0.0,light,2.075999999999993
aluminum,partial,0.12100850257854223,1.92216097439091,1.92216097439091,0.0218,0.019022536605346835,0.040822536605346835,2700.0,,2397.5568265772213,0.09787435131634781,1.3157147151563493,1.2394498046558382,3.61616640979451e-07,1.50-2.00,1.50-2.00,1.6666666666666667e-05,pneumatic_feed,-0.01292774273800072,2.25,0.0,0.0,light,2.2359999999999753
aluminum,partial,0.14148003790394492,1.8557375523783886,1.8557375523783886,0.0218,0.022240661958500142,0.04404066195850014,2700.0,,2372.2299887103895,0.10447457902061089,1.3561095610011122,1.2805596402774486,3.597855709162681e-07,1.50-2.00,1.50-2.00,1.6666666666666667e-05,pneumatic_feed,0.03285442361780706,2.25,0.0,0.0,light,2.3779999999999597
copper,partial,0.11955866380211921,1.824341084632654,1.824341084632654,0.012,0.017455564915109405,0.029455564915109405,8900.0,,4218.407125214284,0.1242555649151094,1.4899237230391615,1.3965369121178135,4.135499051039749e-07,1.50-2.00,1.50-2.00,1.6666666666666667e-05,pneumatic_feed,-0.007697031102400343,2.25,0.0,0.0,light,2.9879999999998925
aluminum,partial,0.2624213178338682,1.7247788694071913,1.7247788694071913,0.0218,0.041252631163484085,0.06305263116348409,2700.0,,2275.3571807468707,0.14346725708281743,1.5700297467566133,1.5006205606921101,4.2679531262378124e-07,1.50-2.00,1.50-2.00,1.6666666666666667e-05,pneumatic_feed,0.03346598683484841,0.6282672285644345,3.9080634603821586e-33,-0.27428741665136214,active,
copper,heavily_coated,0.5751268935840846,1.9635403538560487,1.9635403538560487,0.012,0.08396852646327635,0.09596852646327635,8900.0,,1987.8238574005459,0.19076852646327636,1.7899434013749893,1.7304053835351951,7.355062836801909e-07,1.50-2.00,1.50-2.00,1.6666666666666667e-05,pneumatic_feed,-0.014373925892188373,0.5794453487224923,-1.759069796342115e-29,-0.2881419587448844,active,
copper,partial,0.06268491830622266,1.5805510564961358,1.5805510564961358,0.012,0.00915199807270851,0.02115199807270851,8900.0,,5481.846096720114,0.1159519980727085,1.4431954140480112,1.3490672932619903,2.896645148806896e-07,1.50-2.00,1.50-2.00,1.6666666666666667e-05,pneumatic_feed,-0.020290127645058616,2.25,0.0,0.0,light,2.7079999999999234
aluminum,partial,0.2537139552378259,1.7303791224938152,1.7303791224938152,0.0218,0.03988383376338624,0.06168383376338624,2700.0,,2280.336803444911,0.14065991630822744,1.5559127639379924,1.4858660930157663,4.211655963268345e-07,1.50-2.00,1.50-2.00,1.6666666666666667e-05,pneumatic_feed,-0.04035880730779858,2.25,0.0,0.0,light,3.9039999999997916
aluminum,partial,0.14375896908858238,1.9982125696867052,1.9982125696867052,0.0218,0.02259890994072515,0.04439890994072515,2700.0,,2369.637663724397,0.10520932922384985,1.3628392269181917,1.2850547192620039,4.200854356522505e-07,1.50-2.00,1.50-2.00,1.6666666666666667e-05,pneumatic_feed,-0.015567242967359932,2.25,0.0,0.0,light,2.3959999999999577
aluminum,bare_like,0.03197663709105622,1.7781551580115587,1.7781551580115587,0.0218,0.005026727350714039,0.02682672735071404,2700.0,,2578.3833659712645,0.06916958756452744,1.1126799705608903,1.0419624976038355,2.1870287587844013e-07,1.50-2.00,1.50-2.00,1.6666666666666667e-05,pneumatic_feed,0.026298632194786103,2.25,0.0,0.0,light,1.7460000000000013
aluminum,heavily_coated,0.32081605206060737,1.688803666027883,1.688803666027883,0.0218,0.05043228338392748,0.07223228338392748,2700.0,,2246.838888952703,0.16229430334486042,1.6602792559934116,1.5960486788631885,4.6287273738391757e-07,1.50-2.00,1.50-2.00,1.6666666666666667e-05,pneumatic_feed,0.008641179697005315,0.6052632211701393,3.011657246891464e-32,-0.288908338270863,active,
aluminum,partial,0.13329625834404024,1.6093923881486543,1.6093923881486543,0.0218,0.02095417181168313,0.04275417181168313,2700.0,,2381.897305864173,0.10183604665270202,1.335270128930292,1.2642858016527794,2.6377001086547314e-07,1.50-2.00,1.50-2.00,1.6666666666666667e-05,pneumatic_feed,0.015674007667546855,2.25,0.0,0.0,light,2.3239999999999656
copper,heavily_coated,0.4841433259741487,1.6297178651558895,1.6297178651558895,0.012,0.07068492559222571,0.0826849255922257,8900.0,,2146.520956764499,0.17748492559222573,1.7236202969053387,1.6690726143866765,4.7139646947108357e-07,1.50-2.00,1.50-2.00,1.6666666666666667e-05,pneumatic_feed,-0.008482841470012319,0.5922939039268096,-1.614032950272345e-31,-0.2885850723624679,active,
aluminum,partial,0.06132131962248677,1.87881337918067,1.87881337918067,0.0218,0.00963971144465492,0.03143971144465492,2700.0,,2500.996448326309,0.07863060665948596,1.1844374607933117,1.1109392432204794,2.775613011665853e-07,1.50-2.00,1.50-2.00,1.6666666666666667e-05,pneumatic_feed,-0.026048886887095248,2.25,0.0,0.0,light,1.8920000000000015
aluminum,heavily_coated,0.3275568178772489,1.6653084139319818,1.6653084139319818,0.0218,0.05149193177030352,0.07329193177030352,2700.0,,2244.0068051043363,0.1644675936518038,1.6694526353641852,1.6066995207439108,4.561101016992051e-07,1.50-2.00,1.50-2.00,1.6666666666666667e-05,pneumatic_feed,0.01074138128533267,0.6033401710293901,-1.0361678818919407e-32,-0.2888690305562659,active,
aluminum,partial,0.1632971201828448,1.9553520208120716,1.9553520208120716,0.0218,0.025670307292743208,0.04747030729274321,2700.0,,2349.01838386029,0.111508624518151,1.4002860867860398,1.3229661259597307,4.26342245066118e-07,1.50-2.00,1.50-2.00,1.6666666666666667e-05,pneumatic_feed,0.004683539565851826,2.25,0.0,0.0,light,2.537999999999942
copper,heavily_coated,0.5788265396179859,1.7306738569940503,1.7306738569940503,0.012,0.08450867478422594,0.09650867478422594,8900.0,,1982.2951171172313,0.19130867478422595,1.781331137790108,1.7328534154432136,5.730138644540738e-07,1.50-2.00,1.50-2.00,1.6666666666666667e-05,pneumatic_feed,0.013295316547218737,0.5810738969666119,3.498606243928097e-30,-0.28820194807277144,active,
aluminum,bare_like,0.042239065165870913,1.5029273590429573,1.5029273590429573,0.0218,0.006639981044074907,0.028439981044074907,2700.0,,2548.465024917038,0.07247829700012845,1.1347605152326479,1.0665924009264347,1.6371329934247615e-07,1.50-2.00,1.50-2.00,1.6666666666666667e-05,pneumatic_feed,0.014993201006817464,2.25,0.0,0.0,light,1.8100000000000014
copper,partial,0.33901029783638076,1.9516502970216751,1.9516502970216751,0.012,0.049495503484111594,0.06149550348411159,8900.0,,2541.5761255535244,0.1562955034841116,1.646528158960527,1.5662739934911183,5.953200202812667e-07,1.50-2.00,1.50-2.00,1.6666666666666667e-05,pneumatic_feed,-0.033147724478774454,0.6081751841921057,-6.02873582318107e-32,-0.2889822896021666,active,
aluminum,heavily_coated,0.36553861981219216,1.834017376684396,1.834017376684396,0.0218,0.05746267103447661,0.07926267103447661,2700.0,,2229.464439026847,0.17671330641364888,1.7317474240882382,1.6654404995281678,5.943963654167126e-07,1.50-2.00,1.50-2.00,1.6666666666666667e-05,pneumatic_feed,0.029241205948793623,0.5906805455091639,-6.9216781518541215e-31,-0.28854429439612506,active,
aluminum,partial,0.2644859122105302,1.8339925589849786,1.8339925589849786,0.0218,0.041577185399495356,0.06337718539949536,2700.0,,2274.2080142445816,0.14413290295579703,1.5766086664034855,1.5040977510767677,4.847951566303572e-07,1.50-2.00,1.50-2.00,1.6666666666666667e-05,pneumatic_feed,0.018637923566909884,0.6255531072100029,1.6790718674129437e-33,-0.27913671602218315,active,
aluminum,partial,0.2532562495267098,1.8184892736673617,1.8184892736673617,0.0218,0.03981188242559878,0.06161188242559878,2700.0,,2280.6046801051125,0.1405123474099065,1.5576674525366274,1.4850864637945809,4.6466073669108264e-07,1.50-2.00,1.50-2.00,1.6666666666666667e-05,pneumatic_feed,-0.013682531287711812,2.25,0.0,0.0,light,3.9799999999997833
aluminum,heavily_coated,0.3224471772120211,1.6400271367478583,1.6400271367478583,0.0218,0.05068869625772972,0.07248869625772972,2700.0,,2246.145989797211,0.1628201944049277,1.6607829710086603,1.598632469137214,4.379356873780376e-07,1.50-2.00,1.50-2.00,1.6666666666666667e-05,pneumatic_feed,-0.007215349154040771,0.6051572203235641,-5.9190376047335835e-33,-0.28890620066605754,active,
aluminum,bare_like,0.044889882930293945,1.5822416129126555,1.5822416129126555,0.0218,0.007056689596642209,0.02885668959664221,2700.0,,2541.2806590292034,0.07333294715555608,1.1421849242961004,1.072862497505439,1.8358819146141307e-07,1.50-2.00,1.50-2.00,1.6666666666666667e-05,pneumatic_feed,-0.03031087451753017,2.25,0.0,0.0,light,1.8260000000000014
copper,partial,0.45129050625067646,1.6264287697571982,1.6264287697571982,0.012,0.06588841391259875,0.07788841391259875,8900.0,,2217.1258244695846,0.17268841391259876,1.7045964945868373,1.6463648881011008,4.5680757445660657e-07,1.50-2.00,1.50-2.00,1.6666666666666667e-05,pneumatic_feed,-0.001231444385930226,0.5961144242121507,-2.4712315283892837e-30,-0.2886961807064043,active,
copper,partial,0.1623818026614089,1.5640132813450025,1.5640132813450025,0.012,0.023707743188565698,0.0357077431885657,8900.0,,3654.8863505425,0.1305077431885657,1.5171213431815593,1.4312405587768002,3.192398904254374e-07,1.50-2.00,1.50-2.00,1.6666666666666667e-05,pneumatic_feed,0.0045842707179578985,2.25,0.0,0.0,light,3.245999999999864
copper,partial,0.39173642181654494,1.5922203737321943,1.5922203737321943,0.012,0.057193517585215556,0.06919351758521555,8900.0,,2370.0705399642197,0.16399351758521558,1.6679177550822328,1.6043822025993508,4.1575074384283897e-07,1.50-2.00,1.50-2.00,1.6666666666666667e-05,pneumatic_feed,-0.03835667694239825,0.6036607553475999,-1.7142724499600134e-31,-0.28888491097331326,active,
copper,heavily_coated,0.7821809797711703,1.6616552843272543,1.6616552843272543,0.012,0.11419842304659085,0.12619842304659085,8900.0,,1751.197976261566,0.22099842304659087,1.8806507336824962,1.8624691267613782,6.101983666257724e-07,1.50-2.00,1.50-2.00,1.6666666666666667e-05,pneumatic_feed,-0.012093883470115715,0.5629660808714916,-4.115162936318625e-28,-0.2874044639298623,active,
copper,partial,0.2701764321683159,1.6038872448258605,1.6038872448258605,0.012,0.03944575909657412,0.05144575909657412,8900.0,,2842.717488569683,0.1462457590965741,1.5919054651038615,1.5150819894579395,3.7621053098410307e-07,1.50-2.00,1.50-2.00,1.6666666666666667e-05,pneumatic_feed,-0.017149825727210362,0.6205947831398381,-7.797128317091046e-33,-0.2866302320768281,active,
aluminum,partial,0.17324033475782896,1.8898210715880304,1.8898210715880304,0.0218,0.027233380623930714,0.049033380623930714,2700.0,,2339.5167714233703,0.11471441632927162,1.4180153963406443,1.3418485304624541,4.0969378321607675e-07,1.50-2.00,1.50-2.00,1.6666666666666667e-05,pneumatic_feed,-0.030138494436528163,2.25,0.0,0.0,light,2.611999999999934
copper,partial,0.42211958334086425,1.5354254607345,1.5354254607345,0.012,0.061629459167766173,0.07362945916776617,8900.0,,2287.528131695173,0.1684294591677662,1.6833602355675679,1.6259362813767513,3.970777294888633e-07,1.50-2.00,1.50-2.00,1.6666666666666667e-05,pneumatic_feed,0.01449413386194511,0.6004541175438707,-5.872012569463394e-31,-0.28880862279402497,active,
copper,partial,0.06787214320598003,1.969382960918179,1.969382960918179,0.012,0.009909332908073085,0.021909332908073086,8900.0,,5326.923160908672,0.11670933290807307,1.4510904395901052,1.3534658064853782,4.526535584932355e-07,1.50-2.00,1.50-2.00,1.6666666666666667e-05,pneumatic_feed,0.015667158241239033,2.25,0.0,0.0,light,2.773999999999916
copper,bare_like,0.03854925525010876,1.7073706989471276,1.7073706989471276,0.012,0.00562819126651588,0.01762819126651588,8900.0,,6377.749683262696,0.11242819126651588,1.4253700150748578,1.3284099104264593,3.277410734627822e-07,1.50-2.00,1.50-2.00,1.6666666666666667e-05,pneumatic_feed,-0.003479820426231326,2.25,0.0,0.0,light,2.637999999999931
aluminum,partial,0.25478189820461017,1.7391656017011883,1.7391656017011883,0.0218,0.04005171439776472,0.06185171439776472,2700.0,,2279.714203123918,0.14100423180014837,1.5579373462357011,1.487683576011757,4.264950755230042e-07,1.50-2.00,1.50-2.00,1.6666666666666667e-05,pneumatic_feed,-0.009790259096488745,2.25,0.0,0.0,light,4.149999999999765
aluminum,partial,0.2258128095194369,1.6108603958549015,1.6108603958549015,0.0218,0.035497773656455484,0.057297773656455483,2700.0,,2297.8957037072873,0.13166430791716166,1.5054507782986757,1.4375684251776573,3.4165192264842456e-07,1.50-2.00,1.50-2.00,1.6666666666666667e-05,pneumatic_feed,-0.02031842191546565,2.25,0.0,0.0,light,3.137999999999876
aluminum,partial,0.24672183620405225,1.6277514954535892,1.6277514954535892,0.0218,0.03878467265127702,0.06058467265127702,2700.0,,2284.4983913209467,0.1384055872105485,1.5411348240410614,1.47391115636485,3.667159741766764e-07,1.50-2.00,1.50-2.00,1.6666666666666667e-05,pneumatic_feed,-0.023257614844330306,2.25,0.0,0.0,light,3.589999999999826
aluminum,partial,0.07864695024058488,1.9798318419993666,1.9798318419993666,0.0218,0.012363300577819945,0.034163300577819945,2700.0,,2465.1178838892233,0.08421656322706697,1.2251644087447546,1.1497230868396282,3.3010653656878036e-07,1.50-2.00,1.50-2.00,1.6666666666666667e-05,pneumatic_feed,0.021205545427299133,2.25,0.0,0.0,light,1.9820000000000015
copper,partial,0.31607962653916877,1.564477703605046,1.564477703605046,0.012,0.04614762547471864,0.058147625474718634,8900.0,,2630.3331258336084,0.15294762547471863,1.6202104731452305,1.5494082513821796,3.7435315282709047e-07,1.50-2.00,1.50-2.00,1.6666666666666667e-05,pneumatic_feed,-0.031538514023746266,0.6138497183454764,2.45698164930358e-33,-0.289074610096818,active,
copper,heavily_coated,0.658253155328983,1.7271797697859972,1.7271797697859972,0.012,0.09610496067803151,0.1081049606780315,8900.0,,1876.9255305715562,0.20290496067803152,1.8233294158453976,1.7845997486277934,6.052959247538175e-07,1.50-2.00,1.50-2.00,1.6666666666666667e-05,pneumatic_feed,-0.011073222704611696,0.5732396983626551,1.0164097011896752e-28,-0.2878833431111485,active,
copper,heavily_coated,0.5255460184248673,1.714065179567479,1.714065179567479,0.012,0.07672971869003062,0.08872971869003062,8900.0,,2068.4131697878515,0.18352971869003062,1.7510709868500351,1.6972573359861258,5.392138812933804e-07,1.50-2.00,1.50-2.00,1.6666666666666667e-05,pneumatic_feed,-0.020462551475044288,0.5868891189411763,-1.3360780788579572e-31,-0.288411735049366,active,
aluminum,partial,0.20874560663951194,1.754543411093061,1.754543411093061,0.0218,0.03281480936373128,0.05461480936373128,2700.0,,2310.026758427665,0.12616167103664505,1.4798080217014515,1.4072077275907708,3.883789370276374e-07,1.50-2.00,1.50-2.00,1.6666666666666667e-05,pneumatic_feed,-0.007079175757911022,2.25,0.0,0.0,light,2.9219999999999
copper,partial,0.24742553876095974,1.8170444311216034,1.8170444311216034,0.012,0.03612412865910013,0.048124128659100124,8900.0,,2969.9057965608195,0.14292412865910012,1.5820715327300754,1.4977773944859882,4.718855157998772e-07,1.50-2.00,1.50-2.00,1.6666666666666667e-05,pneumatic_feed,-0.008687258036479708,0.6236291429887705,-6.418470313863816e-33,-0.28249987272606475,active,
aluminum,partial,0.1448117301838231,1.8450916276667397,1.8450916276667397,0.0218,0.022764403984896993,0.04456440398489699,2700.0,,2368.454203142427,0.1055487499285664,1.3625154611859007,1.2871259374586383,3.5932627103690756e-07,1.50-2.00,1.50-2.00,1.6666666666666667e-05,pneumatic_feed,-0.02948193823382637,2.25,0.0,0.0,light,2.393999999999958
copper,heavily_coated,0.7024986773207,1.7888922952028015,1.7888922952028015,0.012,0.1025648068888222,0.1145648068888222,8900.0,,1827.4792458036202,0.2093648068888222,1.8497251840456985,1.8127851524455272,6.699957810897497e-07,1.50-2.00,1.50-2.00,1.6666666666666667e-05,pneumatic_feed,-0.03821459511378358,0.5684505855397785,-3.3259504677890188e-28,-0.28766987671629457,active,
aluminum,partial,0.08593267845633701,1.8638514096551175,1.8638514096551175,0.0218,0.013508617053336176,0.035308617053336176,2700.0,,2451.68352899079,0.08656555486110762,1.2401094315169643,1.1656470087895157,3.0072372347451793e-07,1.50-2.00,1.50-2.00,1.6666666666666667e-05,pneumatic_feed,0.020177865826277272,2.25,0.0,0.0,light,2.0439999999999965
aluminum,partial,0.19186795452926675,1.7657989455190841,1.7657989455190841,0.0218,0.03016164245200073,0.05196164245200073,2700.0,,2323.25503050246,0.12072014721978089,1.449868842278734,1.3765258554642847,3.76410962017111e-07,1.50-2.00,1.50-2.00,1.6666666666666667e-05,pneumatic_feed,0.009157841676804754,2.25,0.0,0.0,light,2.7619999999999174
copper,partial,0.11559404573197152,1.6758998994946057,1.6758998994946057,0.012,0.01687673067686784,0.02887673067686784,8900.0,,4282.9201151895295,0.12367673067686784,1.484893040276105,1.3932802893546288,3.4736347136295865e-07,1.50-2.00,1.50-2.00,1.6666666666666667e-05,pneumatic_feed,-0.018193769524991518,2.25,0.0,0.0,light,2.9499999999998967
aluminum,partial,0.23504022443169453,1.9827762035233294,1.9827762035233294,0.0218,0.03694832328066238,0.05874832328066238,2700.0,,2291.7984929680633,0.13463931875902263,1.5308764959833454,1.453718936810558,5.293212161277273e-07,1.50-2.00,1.50-2.00,1.6666666666666667e-05,pneumatic_feed,0.01567360892981982,2.25,0.0,0.0,light,3.3879999999998485
copper,partial,0.1311424745790748,1.901180832509028,1.901180832509028,0.012,0.01914680128854492,0.03114680128854492,8900.0,,4043.6512283161887,0.1259468012885449,1.4996755636973276,1.4060088879608839,4.5523327216151536e-07,1.50-2.00,1.50-2.00,1.6666666666666667e-05,pneumatic_feed,0.03349962157543461,2.25,0.0,0.0,light,3.09999999999988
copper,partial,0.18102276029090847,1.9217051364589666,1.9217051364589666,0.012,0.026429323002472634,0.038429323002472635,8900.0,,3466.866251947773,0.13322932300247264,1.537015245037701,1.4460869454658702,4.920093125153363e-07,1.50-2.00,1.50-2.00,1.6666666666666667e-05,pneumatic_feed,-0.02678786560910791,2.25,0.0,0.0,light,3.4679999999998397
aluminum,partial,0.13601820986315982,1.9922392585377962,1.9922392585377962,0.0218,0.02138206259048872,0.04318206259048872,2700.0,,2378.6179927543585,0.10271363104198136,1.3472815168068726,1.2697216832183893,4.0767217477766285e-07,1.50-2.00,1.50-2.00,1.6666666666666667e-05,pneumatic_feed,0.008721509286709605,2.25,0.0,0.0,light,2.355999999999962
copper,partial,0.0747804295048045,1.8450108181271032,1.8450108181271032,0.012,0.010917942707701456,0.022917942707701457,8900.0,,5136.4969451705165,0.11771794270770145,1.4554960985272734,1.3593015959455363,4.007195191088497e-07,1.50-2.00,1.50-2.00,1.6666666666666667e-05,pneumatic_feed,-0.022678115724303248,2.25,0.0,0.0,light,2.8139999999999117
aluminum,partial,0.13111620680749891,1.8053084859503854,1.8053084859503854,0.0218,0.02061146771013883,0.04241146771013883,2700.0,,2384.571477884246,0.10113317623680573,1.3345541115821757,1.2599152091362746,3.29607051505107e-07,1.50-2.00,1.50-2.00,1.6666666666666667e-05,pneumatic_feed,-0.01910123111261978,2.25,0.0,0.0,light,2.327999999999965
aluminum,heavily_coated,0.39256759549925785,1.9878227474438637,1.9878227474438637,0.0218,0.06171162601248334,0.08351162601248334,2700.0,,2220.3820871263833,0.1854277184649157,1.7759043781865993,1.7060109815078324,7.327063694632448e-07,1.50-2.00,1.50-2.00,1.6666666666666667e-05,pneumatic_feed,-0.019597266400504763,0.5821059183177915,1.2667125323697934e-29,-0.2882606777674346,active,
aluminum,partial,0.2659145560244913,1.5155270804827001,1.5155270804827001,0.0218,0.04180176820705005,0.06360176820705005,2700.0,,2273.4196875964926,0.14459351200785625,1.56829359164327,1.5064991750662566,3.3210560739516636e-07,1.50-2.00,1.50-2.00,1.6666666666666667e-05,pneumatic_feed,0.024822947221684575,0.6291055254337042,2.6509029251729825e-33,-0.27279554067108125,active,
copper,partial,0.3531361727326328,1.7443578584929345,1.7443578584929345,0.012,0.05155788121896439,0.06355788121896438,8900.0,,2491.553811767306,0.15835788121896438,1.6497196316661074,1.5765739131461185,4.818488808489e-07,1.50-2.00,1.50-2.00,1.6666666666666667e-05,pneumatic_feed,-0.0036640384906028558,0.6074961521153607,-4.938831459080485e-32,-0.2889672067416487,active,
aluminum,heavily_coated,0.3215898091361388,1.902407036223563,1.902407036223563,0.0218,0.05055391799620103,0.07235391799620103,2700.0,,2246.5095860063434,0.1625437703635825,1.6688553348671522,1.597274872909103,5.882706979865128e-07,1.50-2.00,1.50-2.00,1.6666666666666667e-05,pneumatic_feed,-0.026268164597539365,0.6034649097076348,-1.8620689216328384e-31,-0.28887184000515514,active,
copper,partial,0.24560507834440082,1.553102335537679,1.553102335537679,0.012,0.03585834143828252,0.04785834143828252,8900.0,,2980.8459121437127,0.14265834143828252,1.574141333503876,1.49638408412255,3.4411001785006356e-07,1.50-2.00,1.50-2.00,1.6666666666666667e-05,pneumatic_feed,-0.0002759662731191432,0.6265057934106498,4.1329721753398306e-33,-0.27747217176891475,active,
copper,partial,0.257536127267735,1.5092175825185519,1.5092175825185519,0.012,0.03760027458108932,0.049600274581089315,8900.0,,2911.279741909808,0.1444002745810893,1.5806654327404184,1.5054921819208422,3.289059509474276e-07,1.50-2.00,1.50-2.00,1.6666666666666667e-05,pneumatic_feed,0.0023735638678759772,0.6241050778754281,3.253569005180721e-33,-0.2817153160290382,active,
aluminum,partial,0.24654258212520372,1.8798971094280486,1.8798971094280486,0.0218,0.03875649391008203,0.06055649391008203,2700.0,,2284.6070663934765,0.13834779390298693,1.5480442566494643,1.4736033974924472,4.889229218248345e-07,1.50-2.00,1.50-2.00,1.6666666666666667e-05,pneumatic_feed,0.02744747060753753,2.25,0.0,0.0,light,3.663999999999818
aluminum,partial,0.05553975447398424,1.640739438676741,1.640739438676741,0.0218,0.008730849403310321,0.03053084940331032,2700.0,,2514.393596649617,0.07676657223995725,1.1681989063364697,1.0976921781074915,2.0665760115632552e-07,1.50-2.00,1.50-2.00,1.6666666666666667e-05,pneumatic_feed,-0.004290079397746747,2.25,0.0,0.0,light,1.8620000000000014
aluminum,partial,0.1790358883109765,1.9895358033421173,1.9895358033421173,0.0218,0.02814444164248551,0.04994444164248551,2700.0,,2334.2529602166983,0.11658296075034194,1.4306630065084023,1.352732845737608,4.614648206539844e-07,1.50-2.00,1.50-2.00,1.6666666666666667e-05,pneumatic_feed,-0.011954758635443775,2.25,0.0,0.0,light,2.6539999999999293
aluminum,partial,0.12463631025410843,1.8903740333219061,1.8903740333219061,0.0218,0.01959282797194585,0.04139282797194585,2700.0,,2392.7814948076157,0.09904399278902709,1.322716751949981,1.2468337943834251,3.539350934467806e-07,1.50-2.00,1.50-2.00,1.6666666666666667e-05,pneumatic_feed,0.014890467624800568,2.25,0.0,0.0,light,2.273999999999971
aluminum,partial,0.18300829859966072,1.8753019385117027,1.8753019385117027,0.0218,0.028768904539866663,0.05056890453986666,2700.0,,2330.7545738626236,0.11786370555151661,1.435955486769411,1.3601429051157106,4.1449805404420754e-07,1.50-2.00,1.50-2.00,1.6666666666666667e-05,pneumatic_feed,0.005415546368099643,2.25,0.0,0.0,light,2.6699999999999275
aluminum,partial,0.2452325585487021,1.6354273744745949,1.6354273744745949,0.0218,0.03855055820385597,0.06035055820385597,2700.0,,2285.4043658683936,0.13792542920168704,1.5389147149960631,1.4713522816612206,3.688984834612449e-07,1.50-2.00,1.50-2.00,1.6666666666666667e-05,pneumatic_feed,0.03136283041548304,2.25,0.0,0.0,light,3.5439999999998313
aluminum,partial,0.16801383579730322,1.5048642600374083,1.5048642600374083,0.0218,0.026411774987336073,0.04821177498733607,2700.0,,2344.4343384805534,0.11302934079940853,1.3994820670045451,1.3319566558966986,2.5596810350532353e-07,1.50-2.00,1.50-2.00,1.6666666666666667e-05,pneumatic_feed,-0.04368133925907725,2.25,0.0,0.0,light,2.5419999999999416
copper,partial,0.07311495083293582,1.9892511868243663,1.9892511868243663,0.012,0.010674782821608629,0.02267478282160863,8900.0,,5180.85592024535,0.11747478282160863,1.4554469810231656,1.3578969736942377,4.648618459950278e-07,1.50-2.00,1.50-2.00,1.6666666666666667e-05,pneumatic_feed,0.004526397503060017,2.25,0.0,0.0,light,2.8159999999999115
