u_s,size_mm,flow_velocity,duty,low_flow_fraction,outcome
1.3667929234474427,0.9195096371304672,1.945227082234276,0.4,0.35,heavy
1.4813141965038426,0.9178236244319159,1.945227082234276,0.4,0.35,heavy
1.2920331489732206,0.7407137602559392,1.945227082234276,0.4,0.35,heavy
1.6267810442185646,0.5820022540700216,1.945227082234276,0.4,0.35,heavy
1.1760327327752147,0.6171919420811873,1.945227082234276,0.4,0.35,active
1.2724240736596866,0.7935662262886269,1.945227082234276,0.4,0.35,active
1.1909605553911196,0.889784498861937,1.945227082234276,0.4,0.35,active
1.598161415023997,0.5491850740242203,1.945227082234276,0.4,0.35,heavy
1.5421147828267008,0.8647622483508373,1.945227082234276,0.4,0.35,heavy
1.489209560699807,0.850958134533887,1.945227082234276,0.4,0.35,heavy
1.3967737671595153,0.9208685027752459,1.945227082234276,0.4,0.35,heavy
1.1522416204778811,0.6756372621935036,1.945227082234276,0.4,0.35,active
1.3100075098373007,0.5659789372969946,1.945227082234276,0.4,0.35,heavy
1.1301347633863355,0.9665880830888831,1.945227082234276,0.4,0.35,active
1.2837278100035803,0.9731430637258796,1.945227082234276,0.4,0.35,heavy
1.3401487509787746,0.8491409368348946,1.945227082234276,0.4,0.35,heavy
1.4175403750681348,0.6298872255975495,1.945227082234276,0.4,0.35,heavy
1.535825873869974,0.7792992796629916,1.945227082234276,0.4,0.35,heavy
1.1590573686629375,0.6425026905833096,1.945227082234276,0.4,0.35,active
1.5945370935264123,0.5804090676066658,1.945227082234276,0.4,0.35,heavy
1.5033264331202838,0.48460389794563763,1.945227082234276,0.4,0.35,heavy
1.493410823462516,0.32418592533687396,1.945227082234276,0.4,0.35,heavy
1.4626145025726855,0.8977570341978611,1.945227082234276,0.4,0.35,heavy
1.4457676899544438,0.94787414212509,1.945227082234276,0.4,0.35,heavy
1.2896111952895122,0.6378137217725646,1.945227082234276,0.4,0.35,heavy
1.4631964174952947,0.6025526827334811,1.945227082234276,0.4,0.35,heavy
1.3620471476915779,0.8402880098809509,1.945227082234276,0.4,0.35,heavy
1.284260650367047,0.9912420268985427,1.945227082234276,0.4,0.35,heavy
1.0677957884211955,0.9508300824836046,1.945227082234276,0.4,0.35,active
1.2634064364437185,0.5144496123159311,1.945227082234276,0.4,0.35,active
1.2974938376368856,0.7474386996992548,1.945227082234276,0.4,0.35,heavy
1.1402923763187705,0.9701773602694259,1.945227082234276,0.4,0.35,active
1.5762928269276226,0.8437955985176953,1.945227082234276,0.4,0.35,heavy
1.3990560134325705,0.8697422731712181,1.945227082234276,0.4,0.35,heavy
1.1930186131377347,0.7628619826482237,1.945227082234276,0.4,0.35,active
1.106164808434496,0.6057753301335493,1.945227082234276,0.4,0.35,active
1.419453968180032,0.356026985047449,1.945227082234276,0.4,0.35,heavy
1.2760824704475904,0.7074034089309886,1.945227082234276,0.4,0.35,active
1.0781031952928801,0.8042107081280451,1.945227082234276,0.4,0.35,active
1.630381447186674,0.9516110812602305,1.945227082234276,0.4,0.35,heavy
1.7176752867641834,0.9819099074996331,1.945227082234276,0.4,0.35,heavy
1.4471476157098058,0.8916526232261004,1.945227082234276,0.4,0.35,heavy
1.2070654932573108,0.6002721994241405,1.945227082234276,0.4,0.35,active
1.5626067241671857,0.5099455914177904,1.945227082234276,0.4,0.35,heavy
1.3158596275688161,0.6287777328906282,1.945227082234276,0.4,0.35,heavy
1.0793309534700954,0.621970904900423,1.945227082234276,0.4,0.35,active
1.1376843888462778,0.706929030747927,1.945227082234276,0.4,0.35,active
1.3447357360038559,0.8754109824578651,1.945227082234276,0.4,0.35,heavy
1.5828179508832956,0.8501577533894737,1.945227082234276,0.4,0.35,heavy
1.2667837815235452,0.7932908779108901,1.945227082234276,0.4,0.35,active
1.0992171889562112,0.9492645848918273,1.945227082234276,0.4,0.35,active
1.2649400200827543,0.5096478870375449,1.945227082234276,0.4,0.35,active
1.6312666871428452,0.588698027260231,1.945227082234276,0.4,0.35,heavy
1.125867037064651,0.5645552878193387,1.945227082234276,0.4,0.35,active
1.4615689645603174,0.5412983718141096,1.945227082234276,0.4,0.35,heavy
1.5415257949124543,0.7694070447251096,1.945227082234276,0.4,0.35,heavy
1.5303986425849765,0.8415689512018374,1.945227082234276,0.4,0.35,heavy
1.0170954102409093,0.589344903378641,1.945227082234276,0.4,0.35,active
1.3350285596736038,0.924260351211772,1.945227082234276,0.4,0.35,heavy
1.4186594783794906,0.8870161312650081,1.945227082234276,0.4,0.35,heavy
1.4824558189457364,0.6302685101571722,1.945227082234276,0.4,0.35,heavy
1.5865067253664924,0.7054448700250426,1.945227082234276,0.4,0.35,heavy
1.6385114869801904,0.7175865873917272,1.945227082234276,0.4,0.35,heavy
1.3482704394685008,0.5103085926275478,1.945227082234276,0.4,0.35,heavy
1.4074324917545527,0.6533740867492942,1.945227082234276,0.4,0.35,heavy
1.5090732852668554,0.943898634939889,1.945227082234276,0.4,0.35,heavy
1.5776495855987245,0.8899243861129499,1.945227082234276,0.4,0.35,heavy
1.2121328055381306,0.7413233284701115,1.945227082234276,0.4,0.35,active
1.3465934398747343,0.6555731896670982,1.945227082234276,0.4,0.35,heavy
1.3469205220379121,0.7049049625554054,1.945227082234276,0.4,0.35,heavy
1.5545224600393213,0.7978077892183267,1.945227082234276,0.4,0.35,heavy
1.0783386368681025,0.7835906838100019,1.945227082234276,0.4,0.35,active
1.316290099000665,0.7050231893671624,1.945227082234276,0.4,0.35,heavy
1.244293458572608,0.7176552540401444,1.945227082234276,0.4,0.35,active
1.254610484935358,0.6030896306796888,1.945227082234276,0.4,0.35,active
1.2702401647828303,0.9971304361145577,1.945227082234276,0.4,0.35,active
1.2140651124512796,0.6268348330375393,1.945227082234276,0.4,0.35,active
1.0747813436458977,0.7642311846770302,1.945227082234276,0.4,0.35,active
1.456351427605681,0.9722344117062396,1.945227082234276,0.4,0.35,heavy
1.2838087774474993,0.9496171563228499,1.945227082234276,0.4,0.35,heavy
1.4893097809370024,0.6333895257699726,1.945227082234276,0.4,0.35,heavy
1.1534839000035277,0.9509392488634354,1.945227082234276,0.4,0.35,active
1.4013052567024358,0.9403157207129345,1.945227082234276,0.4,0.35,heavy
1.5633774227547659,0.7435161406417983,1.945227082234276,0.4,0.35,heavy
1.5381251980588362,0.6710035703235044,1.945227082234276,0.4,0.35,heavy
1.2264904380367956,0.5378339548978877,1.945227082234276,0.4,0.35,active
1.4462282581463113,0.7762148650330996,1.945227082234276,0.4,0.35,heavy
1.3323481762823868,0.5605997177287751,1.945227082234276,0.4,0.35,heavy
1.4214443139105142,0.26817331229027774,1.945227082234276,0.4,0.35,heavy
1.122438370995261,0.7520788683083821,1.945227082234276,0.4,0.35,active
1.1227745140850294,0.5558485396502341,1.945227082234276,0.4,0.35,active
1.0830917400412547,0.6423032042046488,1.945227082234276,0.4,0.35,active
1.7435768703732157,0.9621136754827666,1.945227082234276,0.4,0.35,heavy
1.2250486880761438,0.9014636375196101,1.945227082234276,0.4,0.35,active
1.6878098417671554,0.8226237943359809,1.945227082234276,0.4,0.35,heavy
1.1612130470933004,0.9364771416528225,1.945227082234276,0.4,0.35,active
1.484414843927988,0.885474505397824,1.945227082234276,0.4,0.35,heavy
1.36670171889661,0.9181467894201645,1.945227082234276,0.4,0.35,heavy
1.1747867020617744,0.733065663166927,1.945227082234276,0.4,0.35,active
1.1251389708056536,0.7315609215246368,1.945227082234276,0.4,0.35,active
1.2022368609998753,0.6019503947101601,1.945227082234276,0.4,0.35,active
1.265617092558404,0.8777945467977389,1.945227082234276,0.4,0.35,active
1.2547145894535365,0.6199554493302443,1.945227082234276,0.4,0.35,active
1.6977211713761244,0.9305339171644055,1.945227082234276,0.4,0.35,heavy
1.5711710426536063,0.832868323930648,1.945227082234276,0.4,0.35,heavy
1.4186528343554572,0.949145256019186,1.945227082234276,0.4,0.35,heavy
1.4742101875699742,0.9197688199058172,1.945227082234276,0.4,0.35,heavy
1.3328674778612477,0.895176244536924,1.945227082234276,0.4,0.35,heavy
1.1034290613883713,0.6473949923109468,1.945227082234276,0.4,0.35,active
1.1592703191765572,0.6353590002198858,1.945227082234276,0.4,0.35,active
1.5344002913272141,0.8722838083166107,1.945227082234276,0.55,0.35,heavy
1.5920111020491308,0.8586398202447334,1.945227082234276,0.55,0.35,heavy
1.658946604558755,0.5429705394137485,1.945227082234276,0.55,0.35,heavy
1.5675119268181323,0.5240860395062219,1.945227082234276,0.55,0.35,heavy
1.0708679685926297,0.7688617945975463,1.945227082234276,0.55,0.35,active
1.0239837800705438,0.5294025418751533,1.945227082234276,0.55,0.35,active
1.2746961955240206,0.6559108481340565,1.945227082234276,0.55,0.35,active
1.4224074459245377,0.9902678789721369,1.945227082234276,0.55,0.35,active
1.3910247290344095,0.7461404635943525,1.945227082234276,0.55,0.35,active
1.1406634496806072,0.519632641302961,1.945227082234276,0.55,0.35,active
1.476042755911761,0.9075651789338397,1.945227082234276,0.55,0.35,heavy
1.4380797640794856,0.5773977823899823,1.945227082234276,0.55,0.35,active
1.3661740730715102,0.7007370061895878,1.945227082234276,0.55,0.35,active
1.4800527600154847,0.7855112351120288,1.945227082234276,0.55,0.35,heavy
1.5352843431028018,0.765726374193267,1.945227082234276,0.55,0.35,heavy
1.6525758396111285,0.9478338317306886,1.945227082234276,0.55,0.35,heavy
1.2980563231321838,0.9099980086928693,1.945227082234276,0.55,0.35,active
1.3933171484762144,0.884082261010516,1.945227082234276,0.55,0.35,active
1.631140109121849,0.550208999240038,1.945227082234276,0.55,0.35,heavy
1.125047345469474,0.3618833704108946,1.945227082234276,0.55,0.35,active
1.454706562520861,0.9173333521065126,1.945227082234276,0.55,0.35,active
1.118025387097446,0.5336578776460469,1.945227082234276,0.55,0.35,active
1.2825529592217677,0.735605711632309,1.945227082234276,0.55,0.35,active
1.2284756350882826,0.515770914978697,1.945227082234276,0.55,0.35,active
1.0998170297082763,0.7410479022461627,1.945227082234276,0.55,0.35,active
1.527822999138667,0.6381221862064769,1.945227082234276,0.55,0.35,heavy
1.3726311258940205,0.9035829607448455,1.945227082234276,0.55,0.35,active
1.437717742269608,0.9166169039890744,1.945227082234276,0.55,0.35,active
1.466441601702204,0.9975761085002087,1.945227082234276,0.55,0.35,active
1.1279756073222145,0.9478278331408669,1.945227082234276,0.55,0.35,active
1.683167777549335,0.9289651904259802,1.945227082234276,0.55,0.35,heavy
1.4904477294949083,0.9327324159041261,1.945227082234276,0.55,0.35,heavy
1.197107439000221,0.6583902056740853,1.945227082234276,0.55,0.35,active
1.444242590285082,0.7811614047197396,1.945227082234276,0.55,0.35,active
1.4558470761018378,0.6485946263328659,1.945227082234276,0.55,0.35,active
1.4210520750423883,0.6380050154077426,1.945227082234276,0.55,0.35,active
1.1136475831282344,0.7160160492830973,1.945227082234276,0.55,0.35,active
1.5569421112699389,0.6393032088332893,1.945227082234276,0.55,0.35,heavy
1.7041368042597116,0.8149038289881485,1.945227082234276,0.55,0.35,heavy
1.6400151820505664,0.7655689200991809,1.945227082234276,0.55,0.35,heavy
1.5117380689964874,0.9060997424972248,1.945227082234276,0.55,0.35,heavy
1.2035477795696627,0.8316803511387124,1.945227082234276,0.55,0.35,active
1.518203918347663,0.8444944757154779,1.945227082234276,0.55,0.35,heavy
1.5108596754596426,0.9533333938705784,1.945227082234276,0.55,0.35,heavy
1.3778514324332152,0.8399247002380248,1.945227082234276,0.55,0.35,active
1.1285489763373524,0.5597049543674504,1.945227082234276,0.55,0.35,active
1.5775271659182442,0.7439142549703104,1.945227082234276,0.55,0.35,heavy
1.0946250726107585,0.5163820162985773,1.945227082234276,0.55,0.35,active
1.422504529033479,0.8297040277520455,1.945227082234276,0.55,0.35,active
1.5454317336999108,0.9904545298993765,1.945227082234276,0.55,0.35,heavy
1.4512903559859793,0.6660361869514861,1.945227082234276,0.55,0.35,active
1.263041252719509,0.8813521941246402,1.945227082234276,0.55,0.35,active
1.1135898869072922,0.8553808022640625,1.945227082234276,0.55,0.35,active
1.3854769678346213,0.6545237951714661,1.945227082234276,0.55,0.35,active
1.3840875001314468,0.3152408840797989,1.945227082234276,0.55,0.35,active
1.2470113970618484,0.6549901724388432,1.945227082234276,0.55,0.35,active
1.5887693002993286,0.7012014145192198,1.945227082234276,0.55,0.35,heavy
1.456362953046187,0.8816262441293334,1.945227082234276,0.55,0.35,active
1.5214841839385087,0.3738646855149303,1.945227082234276,0.55,0.35,heavy
1.440949831269521,0.6866013845384852,1.945227082234276,0.55,0.35,active
1.373167760454353,0.5916737881422189,1.945227082234276,0.55,0.35,active
1.648069973883063,0.8010567337807859,1.945227082234276,0.55,0.35,heavy
1.3592219897373092,0.6226089004671767,1.945227082234276,0.55,0.35,active
1.319882204125771,0.7734462631288026,1.945227082234276,0.55,0.35,active
1.0706643785580605,0.7358616211435618,1.945227082234276,0.55,0.35,active
1.3776450232845534,0.6646355637123953,1.945227082234276,0.55,0.35,active
1.1944819782292748,0.6195385961514974,1.945227082234276,0.55,0.35,active
1.419018180301963,0.7287685026771812,1.945227082234276,0.55,0.35,active
1.4998970114789338,0.9913726394760611,1.945227082234276,0.55,0.35,heavy
1.2954186852719327,0.8019423366138023,1.945227082234276,0.55,0.35,active
1.5539065528570124,0.5444222041652756,1.945227082234276,0.55,0.35,heavy
1.22347013122683,0.9400386525723841,1.945227082234276,0.55,0.35,active
1.5311699466948976,0.583642443708903,1.945227082234276,0.55,0.35,heavy
1.1622226928437227,0.7440798171557137,1.945227082234276,0.55,0.35,active
1.665911640575483,0.9793711648584338,1.945227082234276,0.55,0.35,heavy
1.6929942295846758,0.9282754620268838,1.945227082234276,0.55,0.35,heavy
1.5022042400306999,0.6039893264808058,1.945227082234276,0.55,0.35,heavy
1.393722805429799,0.514746373002968,1.945227082234276,0.55,0.35,active
1.0884529693506984,0.6242119362644702,1.945227082234276,0.55,0.35,active
1.397817327782691,0.5026744539071313,1.945227082234276,0.55,0.35,active
1.4273712569709178,0.6405911416149783,1.945227082234276,0.55,0.35,active
1.315674323275894,0.8428781598944046,1.945227082234276,0.55,0.35,active
1.6778158450592897,0.9333533635634785,1.945227082234276,0.55,0.35,heavy
1.1364521121313225,0.9997125032375695,1.945227082234276,0.55,0.35,active
1.1567558261355821,0.5305728569359092,1.945227082234276,0.55,0.35,active
1.2482877585672945,0.5764992152790368,1.945227082234276,0.55,0.35,active
1.0839377948106923,0.8249385610311558,1.945227082234276,0.55,0.35,active
1.1476203652087762,0.9800522594142665,1.945227082234276,0.55,0.35,active
1.096680071474916,0.6006747588201373,1.945227082234276,0.55,0.35,active
1.5177776124353461,0.8757143771565767,1.945227082234276,0.55,0.35,heavy
1.3466542575780325,0.9019933708225373,1.945227082234276,0.55,0.35,active
1.673336287642838,0.6243753927940577,1.945227082234276,0.55,0.35,heavy
1.4415436227013438,0.9584859585391838,1.945227082234276,0.55,0.35,active
1.2331873270616664,0.5387061909854896,1.945227082234276,0.55,0.35,active
1.5015182135547849,0.9662390666190357,1.945227082234276,0.55,0.35,heavy
1.5620144002322063,0.723821038469682,1.945227082234276,0.55,0.35,heavy
1.3845663685491068,0.5818773837914435,1.945227082234276,0.55,0.35,active
1.3387766363867193,0.6107020989014786,1.945227082234276,0.55,0.35,active
1.2385296991829213,0.4493330897575376,1.945227082234276,0.55,0.35,active
1.623296576487468,0.8680843731404564,1.945227082234276,0.55,0.35,heavy
1.4753993728069383,0.8500407291567496,1.945227082234276,0.55,0.35,heavy
1.1809298929359069,0.9766337272973757,1.945227082234276,0.55,0.35,active
1.5261945672202537,0.6659788442783083,1.945227082234276,0.55,0.35,heavy
1.1752337884411472,0.7107663162810061,1.945227082234276,0.55,0.35,active
1.2872523432788823,0.7056261501636156,1.945227082234276,0.55,0.35,active
1.3155255598979596,0.7216620199921838,1.945227082234276,0.55,0.35,active
1.4622209187298296,0.8024563401012033,1.945227082234276,0.55,0.35,active
1.4765759945247394,0.6330046063487195,1.945227082234276,0.55,0.35,heavy
1.1316963794925907,0.5764154147562587,1.945227082234276,0.55,0.35,active
1.480731563625651,0.5268384565950809,1.945227082234276,0.55,0.35,heavy
1.5394481567209992,0.5207372940690782,1.945227082234276,0.65,0.35,active
1.3426042421455398,0.8930583587570649,1.945227082234276,0.65,0.35,active
1.3247362122901516,0.6994865186606223,1.945227082234276,0.65,0.35,active
1.3206340800578082,0.6824833435820682,1.945227082234276,0.65,0.35,active
1.1331939443316923,0.6212460686636394,1.945227082234276,0.65,0.35,active
1.3808414272841487,0.3033963744293079,1.945227082234276,0.65,0.35,active
1.1272724246827766,0.5762157719493508,1.945227082234276,0.65,0.35,active
1.4141861740639872,0.6011110138765947,1.945227082234276,0.65,0.35,active
1.2076810120455315,0.7722378691130376,1.945227082234276,0.65,0.35,active
1.713653402975066,0.7173384133049252,1.945227082234276,0.65,0.35,heavy
1.3267748424850805,0.8520547114426655,1.945227082234276,0.65,0.35,active
1.1501021550927495,0.8483153681521375,1.945227082234276,0.65,0.35,active
1.2869423895079053,0.6434657985943495,1.945227082234276,0.65,0.35,active
1.3519299695712277,0.610809308362929,1.945227082234276,0.65,0.35,active
1.3228946763643412,0.9604017046408622,1.945227082234276,0.65,0.35,active
1.1918850301883832,0.9341969797343914,1.945227082234276,0.65,0.35,active
1.729206465537857,0.9663676306831297,1.945227082234276,0.65,0.35,heavy
1.3721069751008454,0.5224925308759976,1.945227082234276,0.65,0.35,active
1.1739217789770813,0.5432379429643125,1.945227082234276,0.65,0.35,active
1.206988414482998,0.9847534395995368,1.945227082234276,0.65,0.35,active
1.518918140834813,0.7718253565705815,1.945227082234276,0.65,0.35,active
1.4397874143109028,0.8907967393765628,1.945227082234276,0.65,0.35,active
1.6378742811545273,0.8969957978281887,1.945227082234276,0.65,0.35,heavy
1.1333376784585611,0.8119199047936406,1.945227082234276,0.65,0.35,active
1.1522416204778811,0.6756372621935036,1.945227082234276,0.65,0.35,active
1.6579138980305452,0.7311559517626295,1.945227082234276,0.65,0.35,heavy
1.271713114458236,0.9861982619975584,1.945227082234276,0.65,0.35,active
1.3692455388532743,0.5476951609915384,1.945227082234276,0.65,0.35,active
1.6459174513799013,0.6879564029971179,1.945227082234276,0.65,0.35,heavy
1.1314693276785919,0.8848377676475712,1.945227082234276,0.65,0.35,active
1.2638002204593661,0.5897816148127115,1.945227082234276,0.65,0.35,active
1.5174253952406571,0.9098248306340808,1.945227082234276,0.65,0.35,active
1.136459141286478,0.7316642817466399,1.945227082234276,0.65,0.35,active
1.4918478321685245,0.9140751205717825,1.945227082234276,0.65,0.35,active
1.3628312038293606,0.25930702309378517,1.945227082234276,0.65,0.35,active
1.2837278100035803,0.9731430637258796,1.945227082234276,0.65,0.35,active
1.5403741853243433,0.9225567228184355,1.945227082234276,0.65,0.35,active
1.2676507298498545,0.9379323920534708,1.945227082234276,0.65,0.35,active
1.2153525419521294,0.9404216631396904,1.945227082234276,0.65,0.35,active
1.3186377527548738,0.857899684544828,1.945227082234276,0.65,0.35,active
1.4689269841342796,0.5997092770842442,1.945227082234276,0.65,0.35,active
1.2938772467714712,0.9709047212283789,1.945227082234276,0.65,0.35,active
1.1407684843378727,0.6274908840655669,1.945227082234276,0.65,0.35,active
1.47397308130526,0.6664600079090834,1.945227082234276,0.65,0.35,active
1.1994550225003349,0.5425908453186091,1.945227082234276,0.65,0.35,active
1.4756050193997918,0.5029013565589898,1.945227082234276,0.65,0.35,active
1.2787262718583006,0.983716022710212,1.945227082234276,0.65,0.35,active
1.5333042685505474,0.5504408962337854,1.945227082234276,0.65,0.35,active
1.2283592344116565,0.8384841914392818,1.945227082234276,0.65,0.35,active
1.506396645883918,0.34342410230306614,1.945227082234276,0.65,0.35,active
1.286750055719432,0.641754519143745,1.945227082234276,0.65,0.35,active
1.5556320980465375,0.9779067773008813,1.945227082234276,0.65,0.35,active
1.3566121037422696,0.6780189043324103,1.945227082234276,0.65,0.35,active
1.2163122585062762,0.7458629504844119,1.945227082234276,0.65,0.35,active
1.495579887987419,0.6018309974152134,1.945227082234276,0.65,0.35,active
1.2793117666482576,0.8626699223247616,1.945227082234276,0.65,0.35,active
1.583769045266512,0.5269486634339787,1.945227082234276,0.65,0.35,active
1.4589296023958183,0.5535965360308537,1.945227082234276,0.65,0.35,active
1.4306006186689395,0.8123863517648844,1.945227082234276,0.65,0.35,active
1.392097531681178,0.6622558089363217,1.945227082234276,0.65,0.35,active
1.4967609707771414,0.9242963649781759,1.945227082234276,0.65,0.35,active
1.1701588553758417,0.5840297939475407,1.945227082234276,0.65,0.35,active
1.2383636497972557,0.2685710507928332,1.945227082234276,0.65,0.35,active
1.719826968441377,0.963042181813049,1.945227082234276,0.65,0.35,heavy
1.3489146518700315,0.5122473794871091,1.945227082234276,0.65,0.35,active
1.4148363576569598,0.5843568846523726,1.945227082234276,0.65,0.35,active
1.5745968027683077,0.6817699560018178,1.945227082234276,0.65,0.35,active
1.3184802306945564,0.737844796890505,1.945227082234276,0.65,0.35,active
1.1923041529623035,0.6355219935644137,1.945227082234276,0.65,0.35,active
1.4263807834508526,0.2907494404278498,1.945227082234276,0.65,0.35,active
1.494430406797282,0.8111204904904917,1.945227082234276,0.65,0.35,active
1.242707727952588,0.6406088739623387,1.945227082234276,0.65,0.35,active
1.4710846243442257,0.7320545234760495,1.945227082234276,0.65,0.35,active
1.6147923560900295,0.6325549148714056,1.945227082234276,0.65,0.35,heavy
1.673167516191135,0.8308070001206991,1.945227082234276,0.65,0.35,heavy
1.428742133444289,0.7458861990527531,1.945227082234276,0.65,0.35,active
1.1444373902121452,0.5832971967488851,1.945227082234276,0.65,0.35,active
1.674333658057929,0.7623370687506829,1.945227082234276,0.65,0.35,heavy
1.4645032140832444,0.9126222605365892,1.945227082234276,0.65,0.35,active
1.2810988472816274,0.8151046683535028,1.945227082234276,0.65,0.35,active
1.0556817910269038,0.272928126317468,1.945227082234276,0.65,0.35,light
1.495728146066114,0.9626630881884248,1.945227082234276,0.65,0.35,active
1.1890121006139065,0.8042158731573295,1.945227082234276,0.65,0.35,active
1.1259287977225354,0.6502559033091553,1.945227082234276,0.65,0.35,active
1.623296576487468,0.8680843731404564,1.945227082234276,0.65,0.35,heavy
1.0831634112058477,0.8714428363069263,1.945227082234276,0.65,0.35,active
1.1292480554120736,0.7404667505644926,1.945227082234276,0.65,0.35,active
1.2269340908005668,0.8433755071155131,1.945227082234276,0.65,0.35,active
1.3204561294700186,0.7471847541661366,1.945227082234276,0.65,0.35,active
1.5641539538597329,0.8986139732220348,1.945227082234276,0.65,0.35,active
1.582597924961757,0.5981342615388399,1.945227082234276,0.65,0.35,active
1.4536129069470294,0.3293158018668177,1.945227082234276,0.65,0.35,active
1.464567337968516,0.7165829620301565,1.945227082234276,0.65,0.35,active
1.4297852625477359,0.34572634885682885,1.945227082234276,0.65,0.35,active
1.620438713320585,0.5553226306057575,1.945227082234276,0.65,0.35,heavy
1.3375601059583015,0.6428230953094095,1.945227082234276,0.65,0.35,active
1.2560167440446606,0.6002046332655917,1.945227082234276,0.65,0.35,active
1.6559865993135736,0.6804544864401054,1.945227082234276,0.65,0.35,heavy
1.1441583482484174,0.337171132922277,1.945227082234276,0.65,0.35,active
1.4965185359984963,0.6377029331630579,1.945227082234276,0.65,0.35,active
1.5225517744094432,0.7050264691783275,1.945227082234276,0.65,0.35,active
1.7176752867641834,0.9819099074996331,1.945227082234276,0.65,0.35,heavy
1.558891360981101,0.5224374099833553,1.945227082234276,0.65,0.35,active
1.288638270578499,0.6743444265868173,1.945227082234276,0.65,0.35,active
1.4762463563891717,0.8405931521610088,1.945227082234276,0.65,0.35,active
1.3264804883255361,0.9463416545824628,1.945227082234276,0.65,0.35,active
1.5288252493078844,0.7348579392172602,1.945227082234276,0.65,0.35,active
1.3451302761877584,0.5523415709735235,1.945227082234276,0.65,0.35,active
1.237210273457877,0.9701925443759932,1.945227082234276,0.65,0.35,active
1.5027159823726841,0.647580531385739,1.945227082234276,0.65,0.35,active
1.5246771481362895,0.5212075710101614,2.298904733549599,0.4,0.35,heavy
1.3492359479302305,0.7368544005746178,2.298904733549599,0.4,0.35,active
1.238406080114796,0.6343207644793329,2.298904733549599,0.4,0.35,active
1.476139935064131,0.6952851027029538,2.298904733549599,0.4,0.35,active
1.3466542575780325,0.9019933708225373,2.298904733549599,0.4,0.35,active
1.5996935789743567,0.5898245654316732,2.298904733549599,0.4,0.35,heavy
1.0242070945117518,0.7095675530187446,2.298904733549599,0.4,0.35,light
1.0771841922664385,0.6753686213716714,2.298904733549599,0.4,0.35,active
1.4227478971856078,0.2545800577847099,2.298904733549599,0.4,0.35,active
1.4642143858692922,0.580668945316573,2.298904733549599,0.4,0.35,active
1.6612022372640716,0.7128700410052016,2.298904733549599,0.4,0.35,heavy
1.4222528880109542,0.6550923581297928,2.298904733549599,0.4,0.35,active
1.5768545994126428,0.888579460562331,2.298904733549599,0.4,0.35,heavy
1.4135799085133416,0.5558470966977889,2.298904733549599,0.4,0.35,active
1.3988469762270477,0.30632061373557845,2.298904733549599,0.4,0.35,active
1.4210032493809643,0.6539151017239997,2.298904733549599,0.4,0.35,active
1.4678453627133348,0.8695356184531019,2.298904733549599,0.4,0.35,active
1.4556902624981145,0.9344656978705628,2.298904733549599,0.4,0.35,active
1.1617631128811214,0.6440808125933044,2.298904733549599,0.4,0.35,active
1.4142189664029088,0.9594763374951407,2.298904733549599,0.4,0.35,active
1.5230883178928891,0.5210497315322298,2.298904733549599,0.4,0.35,heavy
1.1152017269802954,0.9603426633989732,2.298904733549599,0.4,0.35,active
1.2549424521631372,0.9059646493712215,2.298904733549599,0.4,0.35,active
1.4711756215119225,0.7368949141137697,2.298904733549599,0.4,0.35,active
1.3336717109147924,0.5363665441630796,2.298904733549599,0.4,0.35,active
1.4482736402652374,0.464680933676937,2.298904733549599,0.4,0.35,active
1.263084016682372,0.705131341983877,2.298904733549599,0.4,0.35,active
1.137802443388683,0.6690221313113316,2.298904733549599,0.4,0.35,active
1.3339317716623151,0.5969643632491601,2.298904733549599,0.4,0.35,active
1.4539078420808351,0.45481743014557874,2.298904733549599,0.4,0.35,active
1.4820189168673132,0.8690466486547601,2.298904733549599,0.4,0.35,active
1.2370854280436552,0.6830847689600997,2.298904733549599,0.4,0.35,active
1.4493683429552862,0.740808271866301,2.298904733549599,0.4,0.35,active
1.509144214360185,0.6768103110032127,2.298904733549599,0.4,0.35,active
1.2751923140895216,0.5399850188803994,2.298904733549599,0.4,0.35,active
1.4492403527180215,0.397839095003898,2.298904733549599,0.4,0.35,active
1.454096248062384,0.44956840220926775,2.298904733549599,0.4,0.35,active
1.0794745990710155,0.6395324787634913,2.298904733549599,0.4,0.35,active
1.2192039671418102,0.8072195227759502,2.298904733549599,0.4,0.35,active
1.5762928269276226,0.8437955985176953,2.298904733549599,0.4,0.35,heavy
1.1929431597007616,0.631101280752209,2.298904733549599,0.4,0.35,active
1.5920111020491308,0.8586398202447334,2.298904733549599,0.4,0.35,heavy
1.4038995879075595,0.38133551800006404,2.298904733549599,0.4,0.35,active
1.2403650872074072,0.7043639580640593,2.298904733549599,0.4,0.35,active
1.2507075207136602,0.7704316361530943,2.298904733549599,0.4,0.35,active
1.3891168637483742,0.6507603647839775,2.298904733549599,0.4,0.35,active
1.7534173005348994,0.9288119302043341,2.298904733549599,0.4,0.35,heavy
1.4484378082833524,0.4669868006418002,2.298904733549599,0.4,0.35,active
1.2043144898751805,0.5237576962741408,2.298904733549599,0.4,0.35,active
1.457471895514764,0.9692403437331986,2.298904733549599,0.4,0.35,active
1.4428334046097813,0.5636110365352223,2.298904733549599,0.4,0.35,active
1.1960310554286855,0.9892821201711042,2.298904733549599,0.4,0.35,active
1.124780113010436,0.8208132110734407,2.298904733549599,0.4,0.35,active
1.5920079275273302,0.9389714357948282,2.298904733549599,0.4,0.35,heavy
1.4853344689762162,0.8938314152948714,2.298904733549599,0.4,0.35,active
1.3769359656010658,0.34298478113642783,2.298904733549599,0.4,0.35,active
1.412368683890518,0.6358047413686706,2.298904733549599,0.4,0.35,active
1.429890410018792,0.6326872806873567,2.298904733549599,0.4,0.35,active
1.5851579283635862,0.9920412637532042,2.298904733549599,0.4,0.35,heavy
1.518081635404769,0.909657875019144,2.298904733549599,0.4,0.35,heavy
1.4145260063064151,0.9449421915794923,2.298904733549599,0.4,0.35,active
1.7388874093016764,0.9642446572283723,2.298904733549599,0.4,0.35,heavy
1.272135099701151,0.5667376306377617,2.298904733549599,0.4,0.35,active
1.6096157840264564,0.6340922256386095,2.298904733549599,0.4,0.35,heavy
1.3845663685491068,0.5818773837914435,2.298904733549599,0.4,0.35,active
1.195190975578242,0.6415319883993666,2.298904733549599,0.4,0.35,active
1.381562115090498,0.8546129257205429,2.298904733549599,0.4,0.35,active
1.5795885428573018,0.9868296804373952,2.298904733549599,0.4,0.35,heavy
1.4665546272933214,0.6702629865023549,2.298904733549599,0.4,0.35,active
1.3945974570771755,0.6494406605196009,2.298904733549599,0.4,0.35,active
1.5624183751641258,0.9842782192921837,2.298904733549599,0.4,0.35,heavy
1.4973279228363112,0.6255352849759714,2.298904733549599,0.4,0.35,active
1.0445339325682181,0.7998743698751699,2.298904733549599,0.4,0.35,active
1.4909509504873384,0.9939957435996489,2.298904733549599,0.4,0.35,active
1.2818175271585386,0.8356124618061843,2.298904733549599,0.4,0.35,active
1.4438311435110323,0.7665576139185362,2.298904733549599,0.4,0.35,active
1.4780627945111302,0.6134095512660668,2.298904733549599,0.4,0.35,active
1.166328536647125,0.9994375101311458,2.298904733549599,0.4,0.35,active
1.6402301501795207,0.7246249046470798,2.298904733549599,0.4,0.35,heavy
1.1374631666450394,0.639056739478494,2.298904733549599,0.4,0.35,active
1.1870807735423985,0.7436562288026533,2.298904733549599,0.4,0.35,active
1.2771028798767114,0.89348225337269,2.298904733549599,0.4,0.35,active
1.5458155028558906,0.7480016666789442,2.298904733549599,0.4,0.35,heavy
1.0815180007414211,0.7318263897393922,2.298904733549599,0.4,0.35,active
1.4685635377817887,0.39568421295516865,2.298904733549599,0.4,0.35,active
1.5634377752122797,0.694204693880071,2.298904733549599,0.4,0.35,heavy
1.1303848609755744,0.8764930435600649,2.298904733549599,0.4,0.35,active
1.30758105573635,0.5745370648342085,2.298904733549599,0.4,0.35,active
1.5219988659194235,0.5466500477261702,2.298904733549599,0.4,0.35,heavy
1.449972095430363,0.7850241692987596,2.298904733549599,0.4,0.35,active
1.387453518199597,0.5146109372983981,2.298904733549599,0.4,0.35,active
1.3049373393456734,0.9010553423174514,2.298904733549599,0.4,0.35,active
1.2638002204593661,0.5897816148127115,2.298904733549599,0.4,0.35,active
1.3407393737564293,0.6374356323884995,2.298904733549599,0.4,0.35,active
1.3407030638176063,0.7254697622752568,2.298904733549599,0.4,0.35,active
1.5919135086381309,0.7239016776003773,2.298904733549599,0.4,0.35,heavy
1.3869050782686834,0.8402643753888139,2.298904733549599,0.4,0.35,active
1.038993690255,0.5793071340068099,2.298904733549599,0.4,0.35,active
1.4981967046753197,0.7805759581990216,2.298904733549599,0.4,0.35,active
1.5206768886853492,0.47536570650553894,2.298904733549599,0.4,0.35,heavy
1.1710612773681306,0.7576955254583873,2.298904733549599,0.4,0.35,active
1.1339947438612985,0.5751479324589943,2.298904733549599,0.4,0.35,active
1.6562530350725775,0.8318825019571113,2.298904733549599,0.4,0.35,heavy
1.5053115930404364,0.8974042635617223,2.298904733549599,0.4,0.35,active
1.4789361218063994,0.9201253903635389,2.298904733549599,0.4,0.35,active
1.5974247773452084,0.6966778099467048,2.298904733549599,0.4,0.35,heavy
1.5536262056648118,0.48223123033631987,2.298904733549599,0.4,0.35,heavy
1.0624635376454687,0.7616882056991512,2.298904733549599,0.4,0.35,active
1.4778738600847874,0.7465736154312763,2.298904733549599,0.4,0.35,active
1.5083907750908232,0.5603480871639255,2.298904733549599,0.4,0.35,active
1.5065436832909211,0.7936936232252246,2.298904733549599,0.55,0.35,active
1.2072571479812664,0.907709443401758,2.298904733549599,0.55,0.35,active
1.1853135668466788,0.9099862468716311,2.298904733549599,0.55,0.35,active
1.2568196106874314,0.9789128026642997,2.298904733549599,0.55,0.35,active
1.2620566127197395,0.5705413472054012,2.298904733549599,0.55,0.35,active
1.2894153987739845,0.7128116962417437,2.298904733549599,0.55,0.35,active
1.517961773104001,0.6369855621185351,2.298904733549599,0.55,0.35,active
1.5965492013291778,0.9963780908148101,2.298904733549599,0.55,0.35,active
1.4686538095626718,0.688772027933926,2.298904733549599,0.55,0.35,active
1.5539738250563186,0.7198128681374423,2.298904733549599,0.55,0.35,active
1.1274333293448786,0.6016542688958221,2.298904733549599,0.55,0.35,light
1.2149433804855863,0.3976140152792148,2.298904733549599,0.55,0.35,active
1.1397747513836238,0.941810701845721,2.298904733549599,0.55,0.35,light
1.277800431036909,0.7719863421548752,2.298904733549599,0.55,0.35,active
1.5090732852668554,0.943898634939889,2.298904733549599,0.55,0.35,active
1.5177776124353461,0.8757143771565767,2.298904733549599,0.55,0.35,active
1.5962273049049656,0.6267289904445548,2.298904733549599,0.55,0.35,active
1.1949642326529697,0.8095181946674592,2.298904733549599,0.55,0.35,active
1.2417683556981938,0.8021030763678094,2.298904733549599,0.55,0.35,active
1.3991827798407912,0.5243303239502264,2.298904733549599,0.55,0.35,active
1.2564953167097705,0.9810282172022342,2.298904733549599,0.55,0.35,active
1.2668343245601412,0.7188545084346012,2.298904733549599,0.55,0.35,active
1.4865351098446546,0.8181308041031823,2.298904733549599,0.55,0.35,active
1.5419759735896623,0.9981199132763183,2.298904733549599,0.55,0.35,active
1.5230883178928891,0.5210497315322298,2.298904733549599,0.55,0.35,active
1.2928860545494478,0.6454618910821746,2.298904733549599,0.55,0.35,active
1.3127198291521536,0.5526070971366966,2.298904733549599,0.55,0.35,active
1.4028445639456097,0.4014075253512659,2.298904733549599,0.55,0.35,active
1.3501347626134408,0.5034967149448851,2.298904733549599,0.55,0.35,active
1.118519997422235,0.7889930343909968,2.298904733549599,0.55,0.35,light
1.476139935064131,0.6952851027029538,2.298904733549599,0.55,0.35,active
1.592714957398532,0.875661084503634,2.298904733549599,0.55,0.35,active
1.4181328525786814,0.8200316241555476,2.298904733549599,0.55,0.35,active
1.6050302546514863,0.872722262525845,2.298904733549599,0.55,0.35,active
1.4780627945111302,0.6134095512660668,2.298904733549599,0.55,0.35,active
1.1462619976831208,0.7262850953509816,2.298904733549599,0.55,0.35,light
1.5058791669696927,0.7388114429639856,2.298904733549599,0.55,0.35,active
1.1085032575750362,0.9177083253883197,2.298904733549599,0.55,0.35,light
1.6160496207875743,0.6638104859001879,2.298904733549599,0.55,0.35,active
1.322568017554864,0.9335846039554327,2.298904733549599,0.55,0.35,active
1.3388812385168443,0.5375198279222108,2.298904733549599,0.55,0.35,active
1.3556295027157421,0.5634306139196483,2.298904733549599,0.55,0.35,active
1.254725852024347,0.6504761903619862,2.298904733549599,0.55,0.35,active
1.4557769048480265,0.8223324749292984,2.298904733549599,0.55,0.35,active
1.544997679792338,0.7579271001249226,2.298904733549599,0.55,0.35,active
1.6402301501795207,0.7246249046470798,2.298904733549599,0.55,0.35,active
1.26460355431635,0.9613084766386628,2.298904733549599,0.55,0.35,active
1.3967737671595153,0.9208685027752459,2.298904733549599,0.55,0.35,active
1.3711500620934611,0.7208049944153679,2.298904733549599,0.55,0.35,active
1.3685650293443123,0.7469413836541241,2.298904733549599,0.55,0.35,active
1.4437161241833192,0.7676767927427499,2.298904733549599,0.55,0.35,active
1.5606864864363281,0.515765005332097,2.298904733549599,0.55,0.35,active
1.4216650495988954,0.7474709172114267,2.298904733549599,0.55,0.35,active
1.489209560699807,0.850958134533887,2.298904733549599,0.55,0.35,active
1.2198072796598813,0.7082925884476183,2.298904733549599,0.55,0.35,active
1.5000089735159605,0.9546050513722064,2.298904733549599,0.55,0.35,active
1.0999909268217614,0.6294156374479669,2.298904733549599,0.55,0.35,light
1.5435832285210882,0.8121376563074865,2.298904733549599,0.55,0.35,active
1.3175532463031716,0.5594350582629715,2.298904733549599,0.55,0.35,active
1.1563984361142479,0.7168048226151696,2.298904733549599,0.55,0.35,light
1.3891645069477063,0.812307577136149,2.298904733549599,0.55,0.35,active
1.0776658742249223,0.7080574877428369,2.298904733549599,0.55,0.35,light
1.108831992875735,0.9592039450236205,2.298904733549599,0.55,0.35,light
1.1956949179810472,0.7004321972183969,2.298904733549599,0.55,0.35,active
1.3758643424678023,0.6435039168490002,2.298904733549599,0.55,0.35,active
1.1467227356260987,0.6178610051333386,2.298904733549599,0.55,0.35,light
1.1662653317068479,0.718281752848593,2.298904733549599,0.55,0.35,light
1.5740632148079483,0.6751086697651341,2.298904733549599,0.55,0.35,active
1.4748932572286761,0.8950936519303928,2.298904733549599,0.55,0.35,active
1.5084831723118817,0.6549933438694517,2.298904733549599,0.55,0.35,active
1.5292330962725706,0.36239882273794205,2.298904733549599,0.55,0.35,active
1.1995806069097708,0.7804134587490472,2.298904733549599,0.55,0.35,active
1.5260742256732007,0.5627338607673062,2.298904733549599,0.55,0.35,active
1.6415729294093828,0.9778880649398151,2.298904733549599,0.55,0.35,active
1.5536387336567947,0.5884760979022094,2.298904733549599,0.55,0.35,active
1.3214736334281083,0.9403396645984496,2.298904733549599,0.55,0.35,active
1.6151469130497642,0.809093363120697,2.298904733549599,0.55,0.35,active
1.481016208437016,0.5632312531736345,2.298904733549599,0.55,0.35,active
1.3866964948533584,0.34968334627816244,2.298904733549599,0.55,0.35,active
1.3496616131206405,0.6845082690845574,2.298904733549599,0.55,0.35,active
1.3607667331237228,0.6617450827088283,2.298904733549599,0.55,0.35,active
1.511765500676622,0.6550007501918144,2.298904733549599,0.55,0.35,active
1.2410119249844789,0.8333061163258884,2.298904733549599,0.55,0.35,active
1.462481436387352,0.6998607558773036,2.298904733549599,0.55,0.35,active
1.1667567625052322,0.5226364548899645,2.298904733549599,0.55,0.35,light
1.4354642210026276,0.8423334953409451,2.298904733549599,0.55,0.35,active
1.3224747775114458,0.9863516012899696,2.298904733549599,0.55,0.35,active
1.2216157494441948,0.8743455994502045,2.298904733549599,0.55,0.35,active
1.3681039016393897,0.3896846979390123,2.298904733549599,0.55,0.35,active
1.5519802773441498,0.6279320214447228,2.298904733549599,0.55,0.35,active
1.3377738162001902,0.8811196979294711,2.298904733549599,0.55,0.35,active
1.2828315071384235,0.9633611543318914,2.298904733549599,0.55,0.35,active
1.3429208512187552,0.6332752216795393,2.298904733549599,0.55,0.35,active
1.610611730361474,0.5346244585120918,2.298904733549599,0.55,0.35,active
1.3364863785630883,0.7983470360686067,2.298904733549599,0.55,0.35,active
1.0401193472166645,0.7605109634415386,2.298904733549599,0.55,0.35,light
1.4494150292746324,0.5269972144290624,2.298904733549599,0.55,0.35,active
1.4687475046452756,0.5221339816034902,2.298904733549599,0.55,0.35,active
1.3008273946806068,0.7079132992634347,2.298904733549599,0.55,0.35,active
1.0499071185152524,0.5188349898417686,2.298904733549599,0.55,0.35,light
1.2456969452051116,0.6183056802234075,2.298904733549599,0.55,0.35,active
1.4642842224707098,0.5956604043625807,2.298904733549599,0.55,0.35,active
1.2664884068399775,0.841306056220918,2.298904733549599,0.55,0.35,active
1.7139040931260205,0.9742588700146998,2.298904733549599,0.55,0.35,active
1.4135016250775132,0.9530968692241986,2.298904733549599,0.55,0.35,active
1.565388940600673,0.5658009718614951,2.298904733549599,0.55,0.35,active
1.454631539457709,0.7254961546535464,2.298904733549599,0.55,0.35,active
1.4451012476945497,0.7899076048001739,2.298904733549599,0.55,0.35,active
1.5443412728261359,0.7735695075741441,2.298904733549599,0.55,0.35,active
1.476042755911761,0.9075651789338397,2.298904733549599,0.55,0.35,active
1.28077764483346,0.5934883131311135,2.298904733549599,0.65,0.35,active
1.1775611943110587,0.7472372824253612,2.298904733549599,0.65,0.35,light
1.4463992150180356,0.6468590916112641,2.298904733549599,0.65,0.35,active
1.3803978562958081,0.3602187352895712,2.298904733549599,0.65,0.35,active
1.1826510378265211,0.50615293374639,2.298904733549599,0.65,0.35,light
1.3920369485695503,0.5278828301594729,2.298904733549599,0.65,0.35,active
1.2836854759326586,0.518092680970315,2.298904733549599,0.65,0.35,active
1.6709666254083055,0.7255717078657555,2.298904733549599,0.65,0.35,active
1.1908465770654866,0.5655206790299157,2.298904733549599,0.65,0.35,light
1.131152147208177,0.6585533005862211,2.298904733549599,0.65,0.35,light
1.3630070137909231,0.9480417223849495,2.298904733549599,0.65,0.35,active
1.4897538080310158,0.768876239641839,2.298904733549599,0.65,0.35,active
1.4160817321081085,0.336599141614369,2.298904733549599,0.65,0.35,active
1.1570068972433014,0.8307933781435477,2.298904733549599,0.65,0.35,light
1.1131952606645672,0.7105084843568426,2.298904733549599,0.65,0.35,light
1.1676914405547387,0.9176927004030448,2.298904733549599,0.65,0.35,light
1.4649759691921533,0.6742211591520144,2.298904733549599,0.65,0.35,active
1.2920331489732206,0.7407137602559392,2.298904733549599,0.65,0.35,active
1.6549472173319135,0.5334927114995827,2.298904733549599,0.65,0.35,active
1.6351850791752243,0.5184034131913213,2.298904733549599,0.65,0.35,active
1.3539606334138785,0.6354218566497325,2.298904733549599,0.65,0.35,active
1.1633803848326394,0.8016127790851175,2.298904733549599,0.65,0.35,light
1.4632169166244078,0.7881017537466655,2.298904733549599,0.65,0.35,active
1.2671849713133312,0.8872727126560253,2.298904733549599,0.65,0.35,light
1.1336950368589584,0.9210640664442977,2.298904733549599,0.65,0.35,light
1.6731841989611793,0.9202885267333065,2.298904733549599,0.65,0.35,active
1.2431286761726459,0.8231681389034655,2.298904733549599,0.65,0.35,light
1.517520350343676,0.7743403874794099,2.298904733549599,0.65,0.35,active
1.5177776124353461,0.8757143771565767,2.298904733549599,0.65,0.35,active
1.2668343245601412,0.7188545084346012,2.298904733549599,0.65,0.35,light
1.2416304736624892,0.908075841521834,2.298904733549599,0.65,0.35,light
1.537175282936964,0.9250978610083216,2.298904733549599,0.65,0.35,active
1.3765186750653462,0.7910103682616527,2.298904733549599,0.65,0.35,active
1.5524866245800453,0.7103590759861009,2.298904733549599,0.65,0.35,active
1.4639297306163848,0.6703618539170273,2.298904733549599,0.65,0.35,active
1.3783882321191114,0.9959511583814196,2.298904733549599,0.65,0.35,active
1.537323707674423,0.9702797132824597,2.298904733549599,0.65,0.35,active
1.341970736722859,0.8521927308206676,2.298904733549599,0.65,0.35,active
1.0892344997481638,0.5381375625308688,2.298904733549599,0.65,0.35,light
1.3984369720902692,0.5107739571333187,2.298904733549599,0.65,0.35,active
1.4740315764862881,0.8283620214076937,2.298904733549599,0.65,0.35,active
1.4153710112955333,0.7082877783210363,2.298904733549599,0.65,0.35,active
1.308980202341901,0.6505623991113212,2.298904733549599,0.65,0.35,active
1.3175532463031716,0.5594350582629715,2.298904733549599,0.65,0.35,active
1.4747848846337388,0.7064048544245405,2.298904733549599,0.65,0.35,active
1.5477946154292697,0.5833066104485766,2.298904733549599,0.65,0.35,active
1.0772866838695965,0.8194592033332377,2.298904733549599,0.65,0.35,light
1.2089103391758769,0.6906777121304484,2.298904733549599,0.65,0.35,light
1.5218028539747688,0.964392516493159,2.298904733549599,0.65,0.35,active
1.1657956123015534,0.9760525057343613,2.298904733549599,0.65,0.35,light
1.3740919142026267,0.28696344661836026,2.298904733549599,0.65,0.35,active
1.2877545006354771,0.9267773652880633,2.298904733549599,0.65,0.35,active
1.3973895716756881,0.7293744466981256,2.298904733549599,0.65,0.35,active
1.0490812557872198,0.5969898775423905,2.298904733549599,0.65,0.35,light
1.5146423540624239,0.5162072835254568,2.298904733549599,0.65,0.35,active
1.3283157617012769,0.711734439960009,2.298904733549599,0.65,0.35,active
1.7154684083110079,0.7512304927270883,2.298904733549599,0.65,0.35,active
1.5130020738223209,0.6958255114786359,2.298904733549599,0.65,0.35,active
1.044399236181798,0.7764637901668339,2.298904733549599,0.65,0.35,light
1.2398839960279928,0.6224105733585326,2.298904733549599,0.65,0.35,light
1.2373854060971998,0.543246749178679,2.298904733549599,0.65,0.35,light
1.1520246364082412,0.6645074214851707,2.298904733549599,0.65,0.35,light
1.5247702926724755,0.9310632676475259,2.298904733549599,0.65,0.35,active
1.3412436991526948,0.9496168902118398,2.298904733549599,0.65,0.35,active
1.3477877961601237,0.5413532225495941,2.298904733549599,0.65,0.35,active
1.5669262711286673,0.7258970692711944,2.298904733549599,0.65,0.35,active
1.1086358870110808,0.6737118523258385,2.298904733549599,0.65,0.35,light
1.4445442530408739,0.7369980892187934,2.298904733549599,0.65,0.35,active
1.3776782543127062,0.6342359277689282,2.298904733549599,0.65,0.35,active
1.4992497013615724,0.6202253599665098,2.298904733549599,0.65,0.35,active
1.4647043633567833,0.7231689819528022,2.298904733549599,0.65,0.35,active
1.5286298469136508,0.6424557565547743,2.298904733549599,0.65,0.35,active
1.096062441021903,0.6992798805435783,2.298904733549599,0.65,0.35,light
1.16536398560621,0.8666499931976908,2.298904733549599,0.65,0.35,light
1.3329538965365724,0.6624109983663562,2.298904733549599,0.65,0.35,active
1.4705026410454485,0.7129029213463207,2.298904733549599,0.65,0.35,active
1.356210414505499,0.6400799894185182,2.298904733549599,0.65,0.35,active
1.1322521941405688,0.7724492567365663,2.298904733549599,0.65,0.35,light
1.6823102076794143,0.7233645631563874,2.298904733549599,0.65,0.35,active
1.5779502147596476,0.9473642683206527,2.298904733549599,0.65,0.35,active
1.2273113401925142,0.6525858115268485,2.298904733549599,0.65,0.35,light
1.4398630783447373,0.8984726510234807,2.298904733549599,0.65,0.35,active
1.2529484841762484,0.649901265492008,2.298904733549599,0.65,0.35,light
1.388791210229782,0.6281083103704559,2.298904733549599,0.65,0.35,active
1.5539937169108877,0.47349633172564465,2.298904733549599,0.65,0.35,active
1.1948434066735263,0.8232294577238288,2.298904733549599,0.65,0.35,light
1.106364105068247,0.8655835869914289,2.298904733549599,0.65,0.35,light
1.2555025655266896,0.6522231375201466,2.298904733549599,0.65,0.35,light
1.0260914992071104,0.5478479489539083,2.298904733549599,0.65,0.35,light
1.6088209449103232,0.6791360141725094,2.298904733549599,0.65,0.35,active
1.3216304268710655,0.8975282179895655,2.298904733549599,0.65,0.35,active
1.6798283110808045,0.6572932006239287,2.298904733549599,0.65,0.35,active
1.1368715928163862,0.6970652769020966,2.298904733549599,0.65,0.35,light
1.2395607179666672,0.6198052623093971,2.298904733549599,0.65,0.35,light
1.4936055647948705,0.9348600226937434,2.298904733549599,0.65,0.35,active
1.7087412743455122,0.9630230895118401,2.298904733549599,0.65,0.35,active
1.4947461602893446,0.871072199770214,2.298904733549599,0.65,0.35,active
1.1043229549486655,0.78490867226756,2.298904733549599,0.65,0.35,light
1.6670934133357076,0.7686352050524328,2.298904733549599,0.65,0.35,active
1.3063638820700259,0.9746438760734706,2.298904733549599,0.65,0.35,active
1.1411756507895514,0.6084024865164295,2.298904733549599,0.65,0.35,light
1.6050302546514863,0.872722262525845,2.298904733549599,0.65,0.35,active
1.100388881261195,0.6771190649984593,2.298904733549599,0.65,0.35,light
1.582494580256132,0.42021189296744643,2.298904733549599,0.65,0.35,active
1.378628268527999,0.7640832743162242,2.298904733549599,0.65,0.35,active
1.2271259681879076,0.6273370220547199,2.298904733549599,0.65,0.35,light
1.2608481127022113,0.8417056210906497,2.298904733549599,0.65,0.35,light
1.5992608259870345,0.675014914810441,2.298904733549599,0.65,0.35,active
1.1310601553876287,0.5136993699831518,2.298904733549599,0.65,0.35,light
1.4074724361931399,0.6909849142529738,2.298904733549599,0.65,0.35,active
1.0249855736448408,0.6709961851712224,2.652582384864922,0.4,0.35,light
1.504493123269221,0.8172367493592323,2.652582384864922,0.4,0.35,active
1.1143077496370006,0.8876406117231872,2.652582384864922,0.4,0.35,light
1.7100392396624056,0.9266470242583462,2.652582384864922,0.4,0.35,active
1.1152048587141117,0.8895724387159099,2.652582384864922,0.4,0.35,light
1.5795758975027174,0.8154464121914877,2.652582384864922,0.4,0.35,active
1.384073927741442,0.7558487541600238,2.652582384864922,0.4,0.35,active
1.422343403424925,0.7182613002926214,2.652582384864922,0.4,0.35,active
1.6916562326175708,0.9501130493976577,2.652582384864922,0.4,0.35,active
1.3322030327647685,0.7618356159391309,2.652582384864922,0.4,0.35,active
1.2008719776896397,0.5734814393125309,2.652582384864922,0.4,0.35,active
1.4761135200124793,0.5979189611249909,2.652582384864922,0.4,0.35,active
1.5994706420733809,0.5651085997823377,2.652582384864922,0.4,0.35,active
1.520938861550461,0.5100701314377619,2.652582384864922,0.4,0.35,active
1.2425788238439959,0.4595923430548251,2.652582384864922,0.4,0.35,active
1.289784468536108,0.9620080439378442,2.652582384864922,0.4,0.35,active
1.5343796876746483,0.9811953193318055,2.652582384864922,0.4,0.35,active
1.7169409193460017,0.8393443622434698,2.652582384864922,0.4,0.35,active
1.131719076182953,0.9691694334190801,2.652582384864922,0.4,0.35,light
1.313871876597706,0.8598144404681527,2.652582384864922,0.4,0.35,active
1.3670316013674164,0.564056625376327,2.652582384864922,0.4,0.35,active
1.3451443195660364,0.577497614974763,2.652582384864922,0.4,0.35,active
1.4341043808662817,0.684453320587509,2.652582384864922,0.4,0.35,active
1.352759124602422,0.7276959790716581,2.652582384864922,0.4,0.35,active
1.4961694494625835,0.9132982042621713,2.652582384864922,0.4,0.35,active
1.2605051478924423,0.5150610935653297,2.652582384864922,0.4,0.35,active
1.4489031978505793,0.9521893137006886,2.652582384864922,0.4,0.35,active
1.4995568318760735,0.7315922941408077,2.652582384864922,0.4,0.35,active
1.694400823513401,0.8746308651719085,2.652582384864922,0.4,0.35,active
1.2097381609350857,0.8836724756506059,2.652582384864922,0.4,0.35,active
1.2403650872074072,0.7043639580640593,2.652582384864922,0.4,0.35,active
1.5629794147657161,0.8851599786578357,2.652582384864922,0.4,0.35,active
1.4478378945198664,0.893322389224596,2.652582384864922,0.4,0.35,active
1.5221245277726345,0.35557080387146833,2.652582384864922,0.4,0.35,active
1.4210742866369837,0.9602000185893671,2.652582384864922,0.4,0.35,active
1.2239615286971235,0.5845162031772957,2.652582384864922,0.4,0.35,active
1.6181397318846225,0.7240827907970735,2.652582384864922,0.4,0.35,active
1.1923041529623035,0.6355219935644137,2.652582384864922,0.4,0.35,active
1.3854346363785088,0.8527491557975508,2.652582384864922,0.4,0.35,active
1.1612130470933004,0.9364771416528225,2.652582384864922,0.4,0.35,light
1.254930881489809,0.6473073052572844,2.652582384864922,0.4,0.35,active
1.4316597461187102,0.6807062034569245,2.652582384864922,0.4,0.35,active
1.4821384984185448,0.4047536894002512,2.652582384864922,0.4,0.35,active
1.4140545821178434,0.9857991360145374,2.652582384864922,0.4,0.35,active
1.3628444982808727,0.7288480865240385,2.652582384864922,0.4,0.35,active
1.216890258069171,0.6616860061963947,2.652582384864922,0.4,0.35,active
1.1364412678144864,0.7103460621398624,2.652582384864922,0.4,0.35,light
1.6127983099611483,0.8339200972347112,2.652582384864922,0.4,0.35,active
1.4784027824815802,0.8221074101179328,2.652582384864922,0.4,0.35,active
1.0474088565994155,0.8243349874574409,2.652582384864922,0.4,0.35,light
1.1542893778793375,0.8310066406930163,2.652582384864922,0.4,0.35,light
1.1406634496806072,0.519632641302961,2.652582384864922,0.4,0.35,light
1.502032539208706,0.4414342067249841,2.652582384864922,0.4,0.35,active
1.4281447346406029,0.6709691741616575,2.652582384864922,0.4,0.35,active
1.5851011522219647,0.5518818907033297,2.652582384864922,0.4,0.35,active
1.269406735983018,0.6503221557338457,2.652582384864922,0.4,0.35,active
1.310095225962463,0.5896985316038377,2.652582384864922,0.4,0.35,active
1.4096630518696833,0.3404225175896555,2.652582384864922,0.4,0.35,active
1.3377870744591014,0.8503210711256617,2.652582384864922,0.4,0.35,active
1.7213914429041017,0.9638317938919188,2.652582384864922,0.4,0.35,active
1.3552254220948459,0.5537738756417154,2.652582384864922,0.4,0.35,active
1.5161949513406636,0.5734088654914578,2.652582384864922,0.4,0.35,active
1.4344304040048332,0.5481355881897985,2.652582384864922,0.4,0.35,active
1.5673515881552278,0.5193399825039631,2.652582384864922,0.4,0.35,active
1.4348706078165638,0.8343643537506567,2.652582384864922,0.4,0.35,active
1.6050302546514863,0.872722262525845,2.652582384864922,0.4,0.35,active
1.24108861083488,0.9269924368478057,2.652582384864922,0.4,0.35,active
1.4689269841342796,0.5997092770842442,2.652582384864922,0.4,0.35,active
1.2838087774474993,0.9496171563228499,2.652582384864922,0.4,0.35,active
1.2695014639622897,0.6000003302926835,2.652582384864922,0.4,0.35,active
1.4857454379655195,0.49234432723328997,2.652582384864922,0.4,0.35,active
1.3229766844435822,0.6396272507190266,2.652582384864922,0.4,0.35,active
1.4655063942711402,0.6631569550109384,2.652582384864922,0.4,0.35,active
1.2190911772162853,0.857418436784827,2.652582384864922,0.4,0.35,active
1.4901242611886738,0.6917226250016779,2.652582384864922,0.4,0.35,active
1.2978979100319945,0.8977142775022933,2.652582384864922,0.4,0.35,active
1.5873338775681118,0.6589161509487942,2.652582384864922,0.4,0.35,active
1.4701715689972135,0.8703632956730176,2.652582384864922,0.4,0.35,active
1.5794945986590805,0.7520206349591149,2.652582384864922,0.4,0.35,active
1.612979667865056,0.8647094140181331,2.652582384864922,0.4,0.35,active
1.0242070945117518,0.7095675530187446,2.652582384864922,0.4,0.35,light
1.1792713468088314,0.5308925049356588,2.652582384864922,0.4,0.35,light
1.2906258409102733,0.9201530010323988,2.652582384864922,0.4,0.35,active
1.1693068152637915,0.585256525671703,2.652582384864922,0.4,0.35,light
1.6557523447011886,0.997699826892233,2.652582384864922,0.4,0.35,active
1.6532575414548538,0.9311431344832144,2.652582384864922,0.4,0.35,active
1.0994004660525987,0.8379963760111292,2.652582384864922,0.4,0.35,light
1.4176429824942063,0.5196267554557861,2.652582384864922,0.4,0.35,active
1.0638307100765145,0.7213406063007295,2.652582384864922,0.4,0.35,light
1.2711911126216722,0.5739837129604736,2.652582384864922,0.4,0.35,active
1.581830979815218,0.5997296164422754,2.652582384864922,0.4,0.35,active
1.1020892027827867,0.5717452080674031,2.652582384864922,0.4,0.35,light
1.3877515375853902,0.6704806330016382,2.652582384864922,0.4,0.35,active
1.6109108760700608,0.8883220964177669,2.652582384864922,0.4,0.35,active
1.1514168290575844,0.5669787634577876,2.652582384864922,0.4,0.35,light
1.4428944832191537,0.9478569365783387,2.652582384864922,0.4,0.35,active
1.5225075973656705,0.9191402638365018,2.652582384864922,0.4,0.35,active
1.0164152817942878,0.5444048587071391,2.652582384864922,0.4,0.35,light
1.281226113821615,0.7610633768185732,2.652582384864922,0.4,0.35,active
1.3922515127047415,0.6514434365178491,2.652582384864922,0.4,0.35,active
1.538133655890347,0.44161641098126303,2.652582384864922,0.4,0.35,active
1.6799859081407602,0.8954003132489383,2.652582384864922,0.4,0.35,active
1.3743870157575426,0.5068766111264627,2.652582384864922,0.4,0.35,active
1.1934422111369283,0.5080249334449001,2.652582384864922,0.4,0.35,active
1.4792332555391747,0.8414761097121782,2.652582384864922,0.4,0.35,active
1.4299635656940244,0.28350281375043174,2.652582384864922,0.4,0.35,active
1.2317972258519618,0.9167052172892365,2.652582384864922,0.4,0.35,active
1.2107479632196283,0.5997387642357652,2.652582384864922,0.4,0.35,active
1.2660129124493242,0.8692368590353403,2.652582384864922,0.4,0.35,active
1.437813911315559,0.6485069580275652,2.652582384864922,0.4,0.35,active
1.5414031135814856,0.7977444922095716,2.652582384864922,0.55,0.35,active
1.5070223797466968,0.5486487636195445,2.652582384864922,0.55,0.35,active
1.1041670397603156,0.5317763478422999,2.652582384864922,0.55,0.35,light
1.5439163788148813,0.4558133170695771,2.652582384864922,0.55,0.35,active
1.2123279956398976,0.7321244929550923,2.652582384864922,0.55,0.35,light
1.5455980302118184,0.7784145758772342,2.652582384864922,0.55,0.35,active
1.442262383586117,0.9105246521586952,2.652582384864922,0.55,0.35,active
1.1868819854876562,0.7082070074243972,2.652582384864922,0.55,0.35,light
1.4354089514550603,0.7839050089929599,2.652582384864922,0.55,0.35,active
1.3114205241304564,0.5218585262800087,2.652582384864922,0.55,0.35,light
1.0815258362312126,0.7286696389600411,2.652582384864922,0.55,0.35,light
1.323297254750096,0.5495351758413276,2.652582384864922,0.55,0.35,light
1.2099960029489545,0.5472020832841589,2.652582384864922,0.55,0.35,light
1.424465069699588,0.6257823624177711,2.652582384864922,0.55,0.35,active
1.0933284673767456,0.7298132637254688,2.652582384864922,0.55,0.35,light
1.4996228503076852,0.9484636853873295,2.652582384864922,0.55,0.35,active
1.1056220888166894,0.786294693967489,2.652582384864922,0.55,0.35,light
1.6714651052744307,0.5727435381913178,2.652582384864922,0.55,0.35,active
1.3855936544221819,0.6413902706616523,2.652582384864922,0.55,0.35,active
1.042283547980679,0.8135421531241513,2.652582384864922,0.55,0.35,light
1.5289542811346895,0.8975699650475062,2.652582384864922,0.55,0.35,active
1.2101608571670892,0.6171998587581073,2.652582384864922,0.55,0.35,light
1.330324396066809,0.7270136107336648,2.652582384864922,0.55,0.35,light
1.3443977544725243,0.7549357709234891,2.652582384864922,0.55,0.35,light
1.5950389909476872,0.8880990128718074,2.652582384864922,0.55,0.35,active
1.504791544886167,0.4137591542508637,2.652582384864922,0.55,0.35,active
1.4166761665830034,0.6830111473928854,2.652582384864922,0.55,0.35,active
1.1462619976831208,0.7262850953509816,2.652582384864922,0.55,0.35,light
1.2228151084998762,0.9739555600492125,2.652582384864922,0.55,0.35,light
1.615465814918775,0.7431997512705777,2.652582384864922,0.55,0.35,active
1.1325152128791922,0.9028753681200838,2.652582384864922,0.55,0.35,light
1.326847882360652,0.5236420095380955,2.652582384864922,0.55,0.35,light
1.1874998544768205,0.5456864694749037,2.652582384864922,0.55,0.35,light
1.2071973669170923,0.5104682077305642,2.652582384864922,0.55,0.35,light
1.3494892082478018,0.9576566634029389,2.652582384864922,0.55,0.35,light
1.5095861570710565,0.5572230303510144,2.652582384864922,0.55,0.35,active
1.5879605608575493,0.7412191256392481,2.652582384864922,0.55,0.35,active
1.4437161241833192,0.7676767927427499,2.652582384864922,0.55,0.35,active
1.3062407708764259,0.6118064416700404,2.652582384864922,0.55,0.35,light
1.4270946970167016,0.6444790016141669,2.652582384864922,0.55,0.35,active
1.2809600774288858,0.9448563800688797,2.652582384864922,0.55,0.35,light
1.3085568560750365,0.8357071858974207,2.652582384864922,0.55,0.35,light
1.7041368042597116,0.8149038289881485,2.652582384864922,0.55,0.35,active
1.5212329140241283,0.7275335993564229,2.652582384864922,0.55,0.35,active
1.4694981447864188,0.9579770179671704,2.652582384864922,0.55,0.35,active
1.4293551063275978,0.8585816610401581,2.652582384864922,0.55,0.35,active
1.3626644736734135,0.7466230484871486,2.652582384864922,0.55,0.35,light
1.2268666716849286,0.33403567117050326,2.652582384864922,0.55,0.35,light
1.3670429628753333,0.2653160001597306,2.652582384864922,0.55,0.35,active
1.2947647178609634,0.6680064792486635,2.652582384864922,0.55,0.35,light
1.1494609741412098,0.8621018961264237,2.652582384864922,0.55,0.35,light
1.6200415443227607,0.8284716700409018,2.652582384864922,0.55,0.35,active
1.232070865708643,0.6215425532174417,2.652582384864922,0.55,0.35,light
1.4145376645641756,0.6636288042120981,2.652582384864922,0.55,0.35,active
1.2374353365753525,0.7307726602289519,2.652582384864922,0.55,0.35,light
1.5276715747916776,0.5775520632740554,2.652582384864922,0.55,0.35,active
1.065271652629075,0.7891050098183512,2.652582384864922,0.55,0.35,light
1.243456836573864,0.9424447689250434,2.652582384864922,0.55,0.35,light
1.4074326426701789,0.7891272651487028,2.652582384864922,0.55,0.35,active
1.3917948480068627,0.9030078018535499,2.652582384864922,0.55,0.35,active
1.3229766844435822,0.6396272507190266,2.652582384864922,0.55,0.35,light
1.2944930012864015,0.5340158647865805,2.652582384864922,0.55,0.35,light
1.4569603108441098,0.868103116405436,2.652582384864922,0.55,0.35,active
1.4980560629297945,0.47910533563315316,2.652582384864922,0.55,0.35,active
1.3496616131206405,0.6845082690845574,2.652582384864922,0.55,0.35,light
1.7220571461241323,0.973371184818627,2.652582384864922,0.55,0.35,active
1.1950283494752187,0.7494658871639153,2.652582384864922,0.55,0.35,light
1.252229286137216,0.5111874979114837,2.652582384864922,0.55,0.35,light
1.293251374161847,0.9563370195533643,2.652582384864922,0.55,0.35,light
1.2456969452051116,0.6183056802234075,2.652582384864922,0.55,0.35,light
1.1994417768775016,0.8503833578641233,2.652582384864922,0.55,0.35,light
1.3535607980552582,0.8332612489990106,2.652582384864922,0.55,0.35,light
1.4381086216143306,0.5240571825078999,2.652582384864922,0.55,0.35,active
1.3761077561283617,0.6008831554338122,2.652582384864922,0.55,0.35,active
1.6558553520611863,0.7270871779992472,2.652582384864922,0.55,0.35,active
1.3589481207895588,0.8517639868108673,2.652582384864922,0.55,0.35,light
1.3134081899582906,0.680484684163593,2.652582384864922,0.55,0.35,light
1.4844876077825926,0.5278384553865318,2.652582384864922,0.55,0.35,active
1.0604649111845859,0.7230557570149323,2.652582384864922,0.55,0.35,light
1.2642804099016578,0.7773788467818371,2.652582384864922,0.55,0.35,light
1.3553130980144747,0.588754114234328,2.652582384864922,0.55,0.35,light
1.3891645069477063,0.812307577136149,2.652582384864922,0.55,0.35,active
1.4783011142536895,0.8920349464020421,2.652582384864922,0.55,0.35,active
1.2825081140742616,0.5142387814901618,2.652582384864922,0.55,0.35,light
1.111243682764901,0.5216393505244361,2.652582384864922,0.55,0.35,light
1.5106205755917201,0.5953037602112297,2.652582384864922,0.55,0.35,active
1.6795976959055867,0.8007296909218099,2.652582384864922,0.55,0.35,active
1.6154634089855822,0.8296881744703385,2.652582384864922,0.55,0.35,active
1.3989159392007071,0.8565133862048333,2.652582384864922,0.55,0.35,active
1.5313981097234168,0.6136389118876137,2.652582384864922,0.55,0.35,active
1.4809429217511274,0.5930158325413102,2.652582384864922,0.55,0.35,active
1.1203011938906398,0.3227020883995003,2.652582384864922,0.55,0.35,light
1.1093959124171302,0.955799732843404,2.652582384864922,0.55,0.35,light
1.4301856702446596,0.6436722570161169,2.652582384864922,0.55,0.35,active
1.667793153643183,0.6420654582341969,2.652582384864922,0.55,0.35,active
1.6795063705762125,0.9363056271428214,2.652582384864922,0.55,0.35,active
1.1944413832441068,0.5562802164339858,2.652582384864922,0.55,0.35,light
1.4133639444810622,0.6821271009985811,2.652582384864922,0.55,0.35,active
1.3813387547401865,0.6588636275248475,2.652582384864922,0.55,0.35,active
1.7154684083110079,0.7512304927270883,2.652582384864922,0.55,0.35,active
1.2333229630436195,0.5536277376858888,2.652582384864922,0.55,0.35,light
1.3288673734270258,0.7980893686646952,2.652582384864922,0.55,0.35,light
1.2139225917607643,0.7904867119168668,2.652582384864922,0.55,0.35,light
1.396047828306366,0.820383191908088,2.652582384864922,0.55,0.35,active
1.5831292484296917,0.8380482794235338,2.652582384864922,0.55,0.35,active
1.195190975578242,0.6415319883993666,2.652582384864922,0.55,0.35,light
1.1352579601442725,0.6361656303083323,2.652582384864922,0.55,0.35,light
1.2462992718766441,0.9711550574842607,2.652582384864922,0.55,0.35,light
1.417482017219566,0.3839529568742415,2.652582384864922,0.55,0.35,active
1.1945556544439804,0.6458739455479652,2.652582384864922,0.55,0.35,light
1.464619700770298,0.8020454785332853,2.652582384864922,0.65,0.35,light
1.4125418501125955,0.31798225527303625,2.652582384864922,0.65,0.35,light
1.510464564174957,0.7153934570478833,2.652582384864922,0.65,0.35,active
1.1002409402943771,0.5283948095410373,2.652582384864922,0.65,0.35,light
1.4351210752600152,0.7434528679056953,2.652582384864922,0.65,0.35,light
1.6459174513799013,0.6879564029971179,2.652582384864922,0.65,0.35,active
1.1821399587472952,0.8209934623991942,2.652582384864922,0.65,0.35,light
1.5426693606584048,0.7101248916995324,2.652582384864922,0.65,0.35,active
1.440949831269521,0.6866013845384852,2.652582384864922,0.65,0.35,light
1.187632812994645,0.5521344182344841,2.652582384864922,0.65,0.35,light
1.5160119405948584,0.5608790264118921,2.652582384864922,0.65,0.35,active
1.1085708750540728,0.6430965526771268,2.652582384864922,0.65,0.35,light
1.2676507298498545,0.9379323920534708,2.652582384864922,0.65,0.35,light
1.3134406354178936,0.5862944430680928,2.652582384864922,0.65,0.35,light
1.1421168388655505,0.3704362771135376,2.652582384864922,0.65,0.35,light
1.323437430936583,0.7039587844800383,2.652582384864922,0.65,0.35,light
1.377105844547618,0.6239329749967424,2.652582384864922,0.65,0.35,light
1.4231434151708147,0.8293877234404823,2.652582384864922,0.65,0.35,light
1.4330870856414744,0.9867702857915803,2.652582384864922,0.65,0.35,light
1.2830679541086691,0.7763818190049169,2.652582384864922,0.65,0.35,light
1.3831819502971567,0.8595643182818251,2.652582384864922,0.65,0.35,light
1.1278501229604208,0.7848106139016867,2.652582384864922,0.65,0.35,light
1.4377432951534286,0.7138322862929456,2.652582384864922,0.65,0.35,light
1.5155005708552174,0.4515835178455602,2.652582384864922,0.65,0.35,active
1.3715791701761084,0.5810712927058304,2.652582384864922,0.65,0.35,light
1.1482643510335226,0.7462143775675314,2.652582384864922,0.65,0.35,light
1.173499327648996,0.5810039598752508,2.652582384864922,0.65,0.35,light
1.3932569180111827,0.7178758204877893,2.652582384864922,0.65,0.35,light
1.420226083060781,0.6188653571020737,2.652582384864922,0.65,0.35,light
1.6533918508460483,0.5768254656505731,2.652582384864922,0.65,0.35,active
1.2746961955240206,0.6559108481340565,2.652582384864922,0.65,0.35,light
1.3128582254097392,0.35941557511629885,2.652582384864922,0.65,0.35,light
1.383708151372729,0.5465045766254978,2.652582384864922,0.65,0.35,light
1.2963772037624814,0.85348042178615,2.652582384864922,0.65,0.35,light
1.582450993321375,0.850084710443685,2.652582384864922,0.65,0.35,active
1.416549523835144,0.9922910248070249,2.652582384864922,0.65,0.35,light
1.4630954569044463,0.7016009512361356,2.652582384864922,0.65,0.35,light
1.566913921692935,0.5236840172981185,2.652582384864922,0.65,0.35,active
1.4883588532627683,0.731392476644831,2.652582384864922,0.65,0.35,active
1.27167715985702,0.6782404011166286,2.652582384864922,0.65,0.35,light
1.1079579441927392,0.596131402621631,2.652582384864922,0.65,0.35,light
1.3855375679091682,0.7799307733941885,2.652582384864922,0.65,0.35,light
1.2942923803979447,0.724059814697431,2.652582384864922,0.65,0.35,light
1.5247929208842324,0.751279020997945,2.652582384864922,0.65,0.35,active
1.1967295830296865,0.5082746701177259,2.652582384864922,0.65,0.35,light
1.1091096223496264,0.5436344494597587,2.652582384864922,0.65,0.35,light
1.5586214630424335,0.6235109123224816,2.652582384864922,0.65,0.35,active
1.6580594269417006,0.7148745153595037,2.652582384864922,0.65,0.35,active
1.2117230500021319,0.316731940283513,2.652582384864922,0.65,0.35,light
1.6288007619888125,0.7006863458571091,2.652582384864922,0.65,0.35,active
1.312370616841285,0.8187682950300649,2.652582384864922,0.65,0.35,light
1.0504361048909074,0.7217132720388513,2.652582384864922,0.65,0.35,light
1.3194872170398255,0.909757825092785,2.652582384864922,0.65,0.35,light
1.5571469738756685,0.6969059075321615,2.652582384864922,0.65,0.35,active
1.62241801331237,0.8537199787621831,2.652582384864922,0.65,0.35,active
1.3301645486070284,0.7909541753495999,2.652582384864922,0.65,0.35,light
1.582909398623492,0.6144496460147895,2.652582384864922,0.65,0.35,active
1.2370854280436552,0.6830847689600997,2.652582384864922,0.65,0.35,light
1.1864305070308345,0.5607859068823255,2.652582384864922,0.65,0.35,light
1.3696174850573122,0.6513763878132071,2.652582384864922,0.65,0.35,light
1.330446344437943,0.9741865806057581,2.652582384864922,0.65,0.35,light
1.4662008599216703,0.32592749847987607,2.652582384864922,0.65,0.35,light
1.2809600774288858,0.9448563800688797,2.652582384864922,0.65,0.35,light
1.5416156118429998,0.46415510512102587,2.652582384864922,0.65,0.35,active
1.156174516173162,0.9071292579114928,2.652582384864922,0.65,0.35,light
1.4832208162590539,0.5250092936173393,2.652582384864922,0.65,0.35,active
1.3852318291327725,0.7268311718857307,2.652582384864922,0.65,0.35,light
1.254930881489809,0.6473073052572844,2.652582384864922,0.65,0.35,light
1.5363430659206065,0.5169270401140323,2.652582384864922,0.65,0.35,active
1.3908335141862176,0.6846042315567404,2.652582384864922,0.65,0.35,light
1.5122789189444297,0.4214813187904382,2.652582384864922,0.65,0.35,active
1.4462282581463113,0.7762148650330996,2.652582384864922,0.65,0.35,light
1.6346877406478835,0.815480693853369,2.652582384864922,0.65,0.35,active
1.5292863100532612,0.9103843512005683,2.652582384864922,0.65,0.35,active
1.3618608726996464,0.2680632748140688,2.652582384864922,0.65,0.35,light
1.4955034016828095,0.6872827002464283,2.652582384864922,0.65,0.35,active
1.4916870954856678,0.8471642038884104,2.652582384864922,0.65,0.35,active
1.2350206665056223,0.5552556050047978,2.652582384864922,0.65,0.35,light
1.4153710112955333,0.7082877783210363,2.652582384864922,0.65,0.35,light
1.4639297306163848,0.6703618539170273,2.652582384864922,0.65,0.35,light
1.4096630518696833,0.3404225175896555,2.652582384864922,0.65,0.35,light
1.7347634933220586,0.8637149464220515,2.652582384864922,0.65,0.35,active
1.496968399365555,0.7778201852786273,2.652582384864922,0.65,0.35,active
1.6348405810125057,0.7664890624418612,2.652582384864922,0.65,0.35,active
1.2268356584388596,0.9609074955343252,2.652582384864922,0.65,0.35,light
1.0450983506743,0.9296946124425668,2.652582384864922,0.65,0.35,light
1.5809750807664487,0.8235007533437764,2.652582384864922,0.65,0.35,active
1.48662912909019,0.5299399296325226,2.652582384864922,0.65,0.35,active
1.6638065098353472,0.9228300792845999,2.652582384864922,0.65,0.35,active
1.23448477677944,0.6517130181126297,2.652582384864922,0.65,0.35,light
1.5524866245800453,0.7103590759861009,2.652582384864922,0.65,0.35,active
1.5694354685180278,0.7168770189899032,2.652582384864922,0.65,0.35,active
1.2431286761726459,0.8231681389034655,2.652582384864922,0.65,0.35,light
1.475079604565919,0.5227276632393649,2.652582384864922,0.65,0.35,light
1.4511090030632827,0.6474390666695892,2.652582384864922,0.65,0.35,light
1.2723124296522665,0.9239939835371032,2.652582384864922,0.65,0.35,light
1.6522911715417494,0.860088861220581,2.652582384864922,0.65,0.35,active
1.3673726114746816,0.9469197920977472,2.652582384864922,0.65,0.35,light
1.6435730906993222,0.5748555291174502,2.652582384864922,0.65,0.35,active
1.5403247212083313,0.42000880826565956,2.652582384864922,0.65,0.35,active
1.2136597596465055,0.7147578810391932,2.652582384864922,0.65,0.35,light
1.336856554739642,0.6692306170906102,2.652582384864922,0.65,0.35,light
1.39904456134863,0.9749115710372993,2.652582384864922,0.65,0.35,light
1.3924473160688158,0.4614267047239846,2.652582384864922,0.65,0.35,light
1.4329144754058358,0.46218137462559505,2.652582384864922,0.65,0.35,light
1.3108648645198124,0.9305426503881165,2.652582384864922,0.65,0.35,light
1.3465770006964426,0.5440037505425188,2.652582384864922,0.65,0.35,light
1.325596819248418,0.9074694946107634,2.652582384864922,0.65,0.35,light
1.273285533345187,0.8448978555164695,2.652582384864922,0.65,0.35,light
1.045091611887497,0.674188632988622,2.652582384864922,0.65,0.35,light
1.1996748686743917,0.7075528652165517,3.006260036180245,0.4,0.35,light
1.1301402392102378,0.5593129783859054,3.006260036180245,0.4,0.35,light
1.0993643201869134,0.5702112636948174,3.006260036180245,0.4,0.35,light
1.0556817910269038,0.272928126317468,3.006260036180245,0.4,0.35,light
1.6831654653549786,0.7421150872440797,3.006260036180245,0.4,0.35,active
1.1684576858478424,0.313745334776632,3.006260036180245,0.4,0.35,light
1.1215517889124078,0.5862005343138512,3.006260036180245,0.4,0.35,light
1.3592155172554246,0.5253153381032688,3.006260036180245,0.4,0.35,active
1.605223444824702,0.9119858094471305,3.006260036180245,0.4,0.35,active
1.5363962870991161,0.5618279246124819,3.006260036180245,0.4,0.35,active
1.599041321516107,0.8742274424236223,3.006260036180245,0.4,0.35,active
1.5214500701418414,0.7752134329538907,3.006260036180245,0.4,0.35,active
1.2116566192502072,0.757424347619699,3.006260036180245,0.4,0.35,light
1.6258584756216994,0.8596986714171093,3.006260036180245,0.4,0.35,active
1.4175403750681348,0.6298872255975495,3.006260036180245,0.4,0.35,active
1.421781266926973,0.4557388793273712,3.006260036180245,0.4,0.35,active
1.4396784360752746,0.6683768710532334,3.006260036180245,0.4,0.35,active
1.2066310230768076,0.5069109687141491,3.006260036180245,0.4,0.35,light
1.2374353365753525,0.7307726602289519,3.006260036180245,0.4,0.35,light
1.3324362596415984,0.6827958252099535,3.006260036180245,0.4,0.35,light
1.3479977076994616,0.8325759229865921,3.006260036180245,0.4,0.35,light
1.0974396711326058,0.8540766864132963,3.006260036180245,0.4,0.35,light
1.5454390368818893,0.9100980897654447,3.006260036180245,0.4,0.35,active
1.5284217490049596,0.8730545455020613,3.006260036180245,0.4,0.35,active
1.4446517240479713,0.7924453180667037,3.006260036180245,0.4,0.35,active
1.4446161325815228,0.7547460597391856,3.006260036180245,0.4,0.35,active
1.5882629401891826,0.7346705726129839,3.006260036180245,0.4,0.35,active
1.5027159823726841,0.647580531385739,3.006260036180245,0.4,0.35,active
1.5118428832987767,0.9011545334509432,3.006260036180245,0.4,0.35,active
1.228597412564804,0.8325758753464949,3.006260036180245,0.4,0.35,light
1.4878482988204822,0.9240522461617167,3.006260036180245,0.4,0.35,active
1.5423077696453058,0.6948710548368142,3.006260036180245,0.4,0.35,active
1.4505099146631981,0.8676254720862522,3.006260036180245,0.4,0.35,active
1.2094775076947841,0.7233136794513363,3.006260036180245,0.4,0.35,light
1.2409477675027436,0.9370559270427417,3.006260036180245,0.4,0.35,light
1.4518348797017224,0.37396644942098844,3.006260036180245,0.4,0.35,active
1.422075802612909,0.8733411125012297,3.006260036180245,0.4,0.35,active
1.4410894741198867,0.48731267428146346,3.006260036180245,0.4,0.35,active
1.3850620013930797,0.8276101597811509,3.006260036180245,0.4,0.35,active
1.7329867006789492,0.9379715768532974,3.006260036180245,0.4,0.35,active
1.1534847223099407,0.7359918662340313,3.006260036180245,0.4,0.35,light
1.4477378247588564,0.5742570366519478,3.006260036180245,0.4,0.35,active
1.4142319142347726,0.9762426585503707,3.006260036180245,0.4,0.35,active
1.0757970764721287,0.9113608776596606,3.006260036180245,0.4,0.35,light
1.622638753920934,0.9590874813700228,3.006260036180245,0.4,0.35,active
1.1436866074066938,0.7992449806723692,3.006260036180245,0.4,0.35,light
1.2179882313248733,0.7701739556920002,3.006260036180245,0.4,0.35,light
1.4504739308082724,0.7761581465902984,3.006260036180245,0.4,0.35,active
1.2015471398198856,0.9073436867394808,3.006260036180245,0.4,0.35,light
1.2944930012864015,0.5340158647865805,3.006260036180245,0.4,0.35,light
1.2867351451711846,0.8927959838744701,3.006260036180245,0.4,0.35,light
1.383890833755669,0.6235591056531347,3.006260036180245,0.4,0.35,active
1.4082610144184082,0.2946888221881197,3.006260036180245,0.4,0.35,active
1.2985039469449722,0.6159713058561609,3.006260036180245,0.4,0.35,light
1.48102707501456,0.6011588429241504,3.006260036180245,0.4,0.35,active
1.433375707066279,0.7436453250306352,3.006260036180245,0.4,0.35,active
1.2176330566512747,0.7925985289564434,3.006260036180245,0.4,0.35,light
1.166388737023396,0.9022554569430412,3.006260036180245,0.4,0.35,light
1.1613199255577324,0.8585371439216711,3.006260036180245,0.4,0.35,light
1.2002464792698595,0.8251543400381939,3.006260036180245,0.4,0.35,light
1.2055646501559174,0.9133089950959791,3.006260036180245,0.4,0.35,light
1.2433122541199888,0.6500272474390181,3.006260036180245,0.4,0.35,light
1.3607863154028197,0.25993744227439836,3.006260036180245,0.4,0.35,active
1.6897057823752692,0.6982996246119517,3.006260036180245,0.4,0.35,active
1.5974335644540458,0.4928694513669758,3.006260036180245,0.4,0.35,active
1.3987339208701426,0.8686812317033146,3.006260036180245,0.4,0.35,active
1.22347013122683,0.9400386525723841,3.006260036180245,0.4,0.35,light
1.2736072354456491,0.8884151443925492,3.006260036180245,0.4,0.35,light
1.1203272681597085,0.5641464943359362,3.006260036180245,0.4,0.35,light
1.599440000206528,0.5405163937517123,3.006260036180245,0.4,0.35,active
1.5025731823027633,0.5718303299991402,3.006260036180245,0.4,0.35,active
1.1147705952508427,0.7071856961088501,3.006260036180245,0.4,0.35,light
1.4748932572286761,0.8950936519303928,3.006260036180245,0.4,0.35,active
1.3255388560881876,0.7412905765009481,3.006260036180245,0.4,0.35,light
1.3592219897373092,0.6226089004671767,3.006260036180245,0.4,0.35,active
1.306315986806638,0.8084255388211123,3.006260036180245,0.4,0.35,light
1.5057729866829077,0.9036625353413594,3.006260036180245,0.4,0.35,active
1.1571403191833143,0.6777422018030316,3.006260036180245,0.4,0.35,light
1.4278329987587082,0.9583559845565758,3.006260036180245,0.4,0.35,active
1.5700966092869773,0.8470833847891002,3.006260036180245,0.4,0.35,active
1.247564843607919,0.939470871988616,3.006260036180245,0.4,0.35,light
1.0896225951518947,0.5760763074209603,3.006260036180245,0.4,0.35,light
1.2029676050227063,0.5387921831830894,3.006260036180245,0.4,0.35,light
1.3828865411277917,0.570955848210269,3.006260036180245,0.4,0.35,active
1.2586326964754107,0.5922209238799296,3.006260036180245,0.4,0.35,light
1.2868485912943959,0.5018910543075912,3.006260036180245,0.4,0.35,light
1.6931731064596542,0.8773292201618565,3.006260036180245,0.4,0.35,active
1.7254634850854729,0.7798330270099807,3.006260036180245,0.4,0.35,active
1.1249829640410498,0.6389481252471978,3.006260036180245,0.4,0.35,light
1.5625450400836551,0.7658808871571957,3.006260036180245,0.4,0.35,active
1.2094442431726677,0.6274503496177652,3.006260036180245,0.4,0.35,light
1.1858067282432616,0.8175789250907413,3.006260036180245,0.4,0.35,light
1.4457676899544438,0.94787414212509,3.006260036180245,0.4,0.35,active
1.4457754217159813,0.5118778924535123,3.006260036180245,0.4,0.35,active
1.4622209187298296,0.8024563401012033,3.006260036180245,0.4,0.35,active
1.547940605757843,0.810128163581887,3.006260036180245,0.4,0.35,active
1.544004918480433,0.825493240692404,3.006260036180245,0.4,0.35,active
1.0813254390336104,0.7720018389062124,3.006260036180245,0.4,0.35,light
1.209233675456996,0.6609405293456911,3.006260036180245,0.4,0.35,light
1.509569700427417,0.9756528817200761,3.006260036180245,0.4,0.35,active
1.3131490179879932,0.6822616029601021,3.006260036180245,0.4,0.35,light
1.3555750385568663,0.9714846997831935,3.006260036180245,0.4,0.35,active
1.3446407122155406,0.5621868617030015,3.006260036180245,0.4,0.35,light
1.4608200142450538,0.5272178791180225,3.006260036180245,0.4,0.35,active
1.5834703061425508,0.9515627090436327,3.006260036180245,0.4,0.35,active
1.4659314329369626,0.3125029519231053,3.006260036180245,0.4,0.35,active
1.655793558901382,0.982258651605657,3.006260036180245,0.4,0.35,active
1.4667434650725344,0.8175947373808219,3.006260036180245,0.4,0.35,active
1.1601946278249906,0.8027973130848023,3.006260036180245,0.4,0.35,light
1.174039825888207,0.5068258382635242,3.006260036180245,0.4,0.35,light
1.1049988533764217,0.8940906908852876,3.006260036180245,0.55,0.35,light
1.4198558658453357,0.7237092517258157,3.006260036180245,0.55,0.35,light
1.514229935192158,0.5532377223171129,3.006260036180245,0.55,0.35,light
1.4460869515693067,0.7106796471410008,3.006260036180245,0.55,0.35,light
1.1953248798612566,0.9448026433392893,3.006260036180245,0.55,0.35,light
1.1510398169521183,0.6406747227184767,3.006260036180245,0.55,0.35,light
1.0394063482679805,0.810701707231003,3.006260036180245,0.55,0.35,light
1.1307040855382444,0.5801025979762511,3.006260036180245,0.55,0.35,light
1.534485159200751,0.5132797692831872,3.006260036180245,0.55,0.35,light
1.667253617707229,0.9599089606897451,3.006260036180245,0.55,0.35,active
1.4249435331916291,0.8446262216021317,3.006260036180245,0.55,0.35,light
1.4022830259494523,0.28811989893282186,3.006260036180245,0.55,0.35,light
1.1454491553069273,0.9044987101220555,3.006260036180245,0.55,0.35,light
1.5044141467053995,0.8138360933275146,3.006260036180245,0.55,0.35,light
1.0717271856766406,0.5636740891151094,3.006260036180245,0.55,0.35,light
1.2920331489732206,0.7407137602559392,3.006260036180245,0.55,0.35,light
1.5606207452112255,0.8096010919052576,3.006260036180245,0.55,0.35,active
1.7043009360866899,0.9927484338457253,3.006260036180245,0.55,0.35,active
1.7783984367652184,0.9051085754901111,3.006260036180245,0.55,0.35,active
1.6514490562873578,0.8441155222083163,3.006260036180245,0.55,0.35,active
1.4563918740202049,0.8445927330086336,3.006260036180245,0.55,0.35,light
1.6789131505947144,0.6715631524399162,3.006260036180245,0.55,0.35,active
1.1252821993811706,0.5805624651610455,3.006260036180245,0.55,0.35,light
1.2288567625926479,0.5181523172415761,3.006260036180245,0.55,0.35,light
1.5641539538597329,0.8986139732220348,3.006260036180245,0.55,0.35,active
1.1903409925667763,0.3164832189092977,3.006260036180245,0.55,0.35,light
1.325622581124924,0.98389634488113,3.006260036180245,0.55,0.35,light
1.4446517240479713,0.7924453180667037,3.006260036180245,0.55,0.35,light
1.3031482715932743,0.8290845698267695,3.006260036180245,0.55,0.35,light
1.3006962198491545,0.9021235150508764,3.006260036180245,0.55,0.35,light
1.0649011155029318,0.6412771620622295,3.006260036180245,0.55,0.35,light
1.1934364456792514,0.879725746959461,3.006260036180245,0.55,0.35,light
1.241430755549727,0.9328776994434362,3.006260036180245,0.55,0.35,light
1.0673545220903142,0.8645291043090633,3.006260036180245,0.55,0.35,light
1.1332781137304961,0.8980230548643023,3.006260036180245,0.55,0.35,light
1.1214146242081522,0.601025953172448,3.006260036180245,0.55,0.35,light
1.1692242685188317,0.9114005970281756,3.006260036180245,0.55,0.35,light
1.3449066328063326,0.6366979261493957,3.006260036180245,0.55,0.35,light
1.353918237028288,0.6046850560312407,3.006260036180245,0.55,0.35,light
1.4628946249247634,0.8970927924954776,3.006260036180245,0.55,0.35,light
1.5580589199223844,0.920759542876918,3.006260036180245,0.55,0.35,active
1.2437316661553453,0.9872588427492157,3.006260036180245,0.55,0.35,light
1.1037606961065398,0.6234021897436712,3.006260036180245,0.55,0.35,light
1.4852871058438122,0.7857242933402309,3.006260036180245,0.55,0.35,light
1.4742924803378281,0.765952039657533,3.006260036180245,0.55,0.35,light
1.3726056800948665,0.9797711945429167,3.006260036180245,0.55,0.35,light
1.1285489763373524,0.5597049543674504,3.006260036180245,0.55,0.35,light
1.5838433194444528,0.7911601298130874,3.006260036180245,0.55,0.35,active
1.5213645856078521,0.9497333494721872,3.006260036180245,0.55,0.35,light
1.4511153975039113,0.5612147038911918,3.006260036180245,0.55,0.35,light
1.5256157237872336,0.7177781825153078,3.006260036180245,0.55,0.35,light
1.0969359383098103,0.6219755054165405,3.006260036180245,0.55,0.35,light
1.249340449380543,0.8597825906456935,3.006260036180245,0.55,0.35,light
1.6580031350380031,0.6580406270845747,3.006260036180245,0.55,0.35,active
1.2848305835865275,0.8501475952442896,3.006260036180245,0.55,0.35,light
1.4529949049964213,0.766015459790683,3.006260036180245,0.55,0.35,light
1.3812397445085793,0.9974835692280689,3.006260036180245,0.55,0.35,light
1.4177497967939523,0.6017333349444365,3.006260036180245,0.55,0.35,light
1.1025772847182695,0.8446651508589251,3.006260036180245,0.55,0.35,light
1.306315986806638,0.8084255388211123,3.006260036180245,0.55,0.35,light
1.4336971911536276,0.9117593008916336,3.006260036180245,0.55,0.35,light
1.6812548698360605,0.676557608748011,3.006260036180245,0.55,0.35,active
1.393929706864353,0.5903335339183245,3.006260036180245,0.55,0.35,light
1.0960546040980195,0.678284903191684,3.006260036180245,0.55,0.35,light
1.478848685627926,0.5055402728379348,3.006260036180245,0.55,0.35,light
1.2448824495484427,0.7189311027959144,3.006260036180245,0.55,0.35,light
1.3235563003064765,0.6727534989810123,3.006260036180245,0.55,0.35,light
1.5970420332666762,0.8663256356945037,3.006260036180245,0.55,0.35,active
1.2403156296572397,0.5193716111077076,3.006260036180245,0.55,0.35,light
1.0749578073466235,0.6992172148902782,3.006260036180245,0.55,0.35,light
1.4949304592219144,0.7441930573838558,3.006260036180245,0.55,0.35,light
1.1300153040512457,0.7569948367355748,3.006260036180245,0.55,0.35,light
1.5558333842735539,0.6050715775920168,3.006260036180245,0.55,0.35,light
1.14680882990994,0.9655580690230204,3.006260036180245,0.55,0.35,light
1.2296440994279298,0.7624803178645424,3.006260036180245,0.55,0.35,light
1.5435202134278934,0.8896583153434052,3.006260036180245,0.55,0.35,light
1.416549523835144,0.9922910248070249,3.006260036180245,0.55,0.35,light
1.6691190859501421,0.8243258893487058,3.006260036180245,0.55,0.35,active
1.6478286706763632,0.7756132242488845,3.006260036180245,0.55,0.35,active
1.1077944352736107,0.5254179145711,3.006260036180245,0.55,0.35,light
1.4427095705975579,0.9990979288592958,3.006260036180245,0.55,0.35,light
1.372795442243392,0.6222079230767487,3.006260036180245,0.55,0.35,light
1.4211182724456533,0.8098003910002799,3.006260036180245,0.55,0.35,light
1.33614476418935,0.7200459624221827,3.006260036180245,0.55,0.35,light
1.331160639625707,0.6778513753621576,3.006260036180245,0.55,0.35,light
1.5762928269276226,0.8437955985176953,3.006260036180245,0.55,0.35,active
1.597796442619647,0.7030239775419944,3.006260036180245,0.55,0.35,active
1.4180384101027896,0.3119348885366664,3.006260036180245,0.55,0.35,light
1.4525175243500517,0.47730429516800377,3.006260036180245,0.55,0.35,light
1.099816395521883,0.6408425230465057,3.006260036180245,0.55,0.35,light
1.1933579690559646,0.5297388778197514,3.006260036180245,0.55,0.35,light
1.1301845848210217,0.7452543028186058,3.006260036180245,0.55,0.35,light
1.2531569747724582,0.9560589301590301,3.006260036180245,0.55,0.35,light
1.380084434382591,0.6971829002204071,3.006260036180245,0.55,0.35,light
1.237452126572348,0.573054999280271,3.006260036180245,0.55,0.35,light
1.1147393845528677,0.7694401550847291,3.006260036180245,0.55,0.35,light
1.397817327782691,0.5026744539071313,3.006260036180245,0.55,0.35,light
1.469665383986502,0.9189882790074964,3.006260036180245,0.55,0.35,light
1.273689054746155,0.6680474304450004,3.006260036180245,0.55,0.35,light
1.4359311906745986,0.6056223108690644,3.006260036180245,0.55,0.35,light
1.469934460585655,0.6357990723344368,3.006260036180245,0.55,0.35,light
1.3719469026054059,0.2685898416181355,3.006260036180245,0.55,0.35,light
1.3740919142026267,0.28696344661836026,3.006260036180245,0.55,0.35,light
1.4521616268634219,0.7285306917688639,3.006260036180245,0.55,0.35,light
1.6522911715417494,0.860088861220581,3.006260036180245,0.55,0.35,active
1.276230678123633,0.623693056591834,3.006260036180245,0.55,0.35,light
1.1340437096757567,0.7749511403363878,3.006260036180245,0.55,0.35,light
1.6061505887431906,0.7554994760622393,3.006260036180245,0.55,0.35,active
1.2936011214329908,0.770630995663603,3.006260036180245,0.55,0.35,light
1.12047469929866,0.7188992489600361,3.006260036180245,0.55,0.35,light
1.305483116993341,0.7923498458038649,3.006260036180245,0.65,0.35,light
1.4142375759568753,0.8562445621531156,3.006260036180245,0.65,0.35,light
1.489206693355276,0.8625496214487719,3.006260036180245,0.65,0.35,light
1.184388186998959,0.6782552000074284,3.006260036180245,0.65,0.35,light
1.08381256513627,0.5550671499178502,3.006260036180245,0.65,0.35,light
1.176939542447825,0.9003582720687955,3.006260036180245,0.65,0.35,light
1.2452818589405976,0.625604879534742,3.006260036180245,0.65,0.35,light
1.530985703842264,0.4737372030148816,3.006260036180245,0.65,0.35,light
1.114027444722905,0.8428270814709325,3.006260036180245,0.65,0.35,light
1.4426392247223725,0.4620938531955182,3.006260036180245,0.65,0.35,light
1.4770674838459517,0.3279622921569231,3.006260036180245,0.65,0.35,light
1.0933284673767456,0.7298132637254688,3.006260036180245,0.65,0.35,light
1.2602980079460975,0.6910150047678385,3.006260036180245,0.65,0.35,light
1.3539520539224905,0.4485825317657379,3.006260036180245,0.65,0.35,light
1.2303654378611384,0.5445226161582462,3.006260036180245,0.65,0.35,light
1.3550056522416107,0.6667306306647146,3.006260036180245,0.65,0.35,light
1.1925640354061309,0.6929652163204372,3.006260036180245,0.65,0.35,light
1.0856655267342041,0.5798006915770442,3.006260036180245,0.65,0.35,light
1.1616792750326022,0.5782477299180584,3.006260036180245,0.65,0.35,light
1.2547486309986233,0.855372627641942,3.006260036180245,0.65,0.35,light
1.5828179508832956,0.8501577533894737,3.006260036180245,0.65,0.35,light
1.6349064109192264,0.9655349660527801,3.006260036180245,0.65,0.35,light
1.147766792206882,0.5799488268999915,3.006260036180245,0.65,0.35,light
1.6823587213900362,0.9590530548941772,3.006260036180245,0.65,0.35,light
1.500149230725135,0.4294454331959573,3.006260036180245,0.65,0.35,light
1.3595520826234226,0.9218696159780475,3.006260036180245,0.65,0.35,light
1.444630894392638,0.886756998989428,3.006260036180245,0.65,0.35,light
1.6006924817153079,0.6527977112287566,3.006260036180245,0.65,0.35,light
1.4276634886603383,0.5321012473211394,3.006260036180245,0.65,0.35,light
1.2690445578666247,0.6550679341320556,3.006260036180245,0.65,0.35,light
1.3345600536911517,0.7811328430830493,3.006260036180245,0.65,0.35,light
1.542778916009111,0.5024593775546062,3.006260036180245,0.65,0.35,light
1.439084813425131,0.7902092088878035,3.006260036180245,0.65,0.35,light
1.4897538080310158,0.768876239641839,3.006260036180245,0.65,0.35,light
1.5292150973840417,0.5380201687890913,3.006260036180245,0.65,0.35,light
1.4099438103956519,0.716096934645138,3.006260036180245,0.65,0.35,light
1.1364521121313225,0.9997125032375695,3.006260036180245,0.65,0.35,light
1.2830411293073087,0.8938990261993609,3.006260036180245,0.65,0.35,light
1.4708553461689993,0.6029458418551433,3.006260036180245,0.65,0.35,light
1.2230753075959406,0.6840735859659122,3.006260036180245,0.65,0.35,light
1.403954430940726,0.6707780871993081,3.006260036180245,0.65,0.35,light
1.4728259174370606,0.3335248049907601,3.006260036180245,0.65,0.35,light
1.3163431451651315,0.706750898612976,3.006260036180245,0.65,0.35,light
1.5905996352507794,0.5974315479147724,3.006260036180245,0.65,0.35,light
1.4016448921713258,0.8473585193870143,3.006260036180245,0.65,0.35,light
1.5390125680916298,0.8142367875682395,3.006260036180245,0.65,0.35,light
1.4722394028500119,0.9720605300248362,3.006260036180245,0.65,0.35,light
1.3404026880699162,0.9355250884172592,3.006260036180245,0.65,0.35,light
1.2798440735725138,0.8964598227534533,3.006260036180245,0.65,0.35,light
1.1520379403005738,0.7463443507188414,3.006260036180245,0.65,0.35,light
1.2491196496942993,0.6597569871524516,3.006260036180245,0.65,0.35,light
1.0855103834264672,0.8380929939993847,3.006260036180245,0.65,0.35,light
1.3706942249437144,0.8957875031078057,3.006260036180245,0.65,0.35,light
1.3757550308711037,0.41799513478981243,3.006260036180245,0.65,0.35,light
1.2560479722091975,0.683597405162349,3.006260036180245,0.65,0.35,light
1.326847882360652,0.5236420095380955,3.006260036180245,0.65,0.35,light
1.5084483319774746,0.8852090408769595,3.006260036180245,0.65,0.35,light
1.4561314859964487,0.9548849764459293,3.006260036180245,0.65,0.35,light
1.4536947879542987,0.3783610556287254,3.006260036180245,0.65,0.35,light
1.4472824988512136,0.5657563979461917,3.006260036180245,0.65,0.35,light
1.281670055637023,0.6314229165424781,3.006260036180245,0.65,0.35,light
1.1805554660152116,0.5205154558644122,3.006260036180245,0.65,0.35,light
1.3008273946806068,0.7079132992634347,3.006260036180245,0.65,0.35,light
1.5590924864117823,0.6354290794002944,3.006260036180245,0.65,0.35,light
1.5363962870991161,0.5618279246124819,3.006260036180245,0.65,0.35,light
1.351168866056101,0.9168375525635013,3.006260036180245,0.65,0.35,light
1.4297130263550377,0.6104229550084193,3.006260036180245,0.65,0.35,light
1.274776951690052,0.8999863897908107,3.006260036180245,0.65,0.35,light
1.1646661678507135,0.9357918762522535,3.006260036180245,0.65,0.35,light
1.1300620996468491,0.831652341116837,3.006260036180245,0.65,0.35,light
1.5497902323071666,0.5580798098543449,3.006260036180245,0.65,0.35,light
1.1764707636648275,0.7903569631653827,3.006260036180245,0.65,0.35,light
1.2952873354703942,0.839002505010414,3.006260036180245,0.65,0.35,light
1.3010613337558823,0.7054382608919958,3.006260036180245,0.65,0.35,light
1.2078042786381964,0.566988951431876,3.006260036180245,0.65,0.35,light
1.231066522623745,0.9830471943480039,3.006260036180245,0.65,0.35,light
1.3769359656010658,0.34298478113642783,3.006260036180245,0.65,0.35,light
1.237987479485201,0.969041905856071,3.006260036180245,0.65,0.35,light
1.462804965070919,0.5637718012873321,3.006260036180245,0.65,0.35,light
1.3098678356948805,0.8847036982171892,3.006260036180245,0.65,0.35,light
1.3817965369846787,0.8228774579799858,3.006260036180245,0.65,0.35,light
1.0394063482679805,0.810701707231003,3.006260036180245,0.65,0.35,light
1.1030169106589414,0.6542988268571859,3.006260036180245,0.65,0.35,light
1.4164992848301552,0.576792875719206,3.006260036180245,0.65,0.35,light
1.2973029000302794,0.8511402548018836,3.006260036180245,0.65,0.35,light
1.1681917454897914,0.6463304194514254,3.006260036180245,0.65,0.35,light
1.1643021908313682,0.5116946836538203,3.006260036180245,0.65,0.35,light
1.1934364456792514,0.879725746959461,3.006260036180245,0.65,0.35,light
1.4330870856414744,0.9867702857915803,3.006260036180245,0.65,0.35,light
1.4494753163071166,0.7112152267813221,3.006260036180245,0.65,0.35,light
1.4299901609067012,0.6240910199079821,3.006260036180245,0.65,0.35,light
1.2288612858992534,0.5366997477648974,3.006260036180245,0.65,0.35,light
1.6120481375660556,0.7554503940843582,3.006260036180245,0.65,0.35,light
1.2457394723315007,0.6433309612469844,3.006260036180245,0.65,0.35,light
1.4964963368480264,0.9104508846286714,3.006260036180245,0.65,0.35,light
1.535633649152035,0.8418427577216804,3.006260036180245,0.65,0.35,light
1.534485159200751,0.5132797692831872,3.006260036180245,0.65,0.35,light
1.2778630460816665,0.8600123533568108,3.006260036180245,0.65,0.35,light
1.3342198975164679,0.6502895960567374,3.006260036180245,0.65,0.35,light
1.5259902516716282,0.9211908564285309,3.006260036180245,0.65,0.35,light
1.133443404203255,0.9589355553056893,3.006260036180245,0.65,0.35,light
1.2420570143247462,0.6868022026362977,3.006260036180245,0.65,0.35,light
1.3602336582140202,0.6570684659519974,3.006260036180245,0.65,0.35,light
1.6330705612729952,0.9227480769234946,3.006260036180245,0.65,0.35,light
1.2787407231277559,0.8587776307994455,3.006260036180245,0.65,0.35,light
1.4493535626917242,0.9473346784808898,3.006260036180245,0.65,0.35,light
1.381562115090498,0.8546129257205429,3.006260036180245,0.65,0.35,light
1.6512194145803134,0.740418551031722,3.006260036180245,0.65,0.35,light
1.2611944090830167,0.7111963773196333,3.006260036180245,0.65,0.35,light
1.4845823690085456,0.3879471979836854,3.006260036180245,0.65,0.35,light
1.4131286775398857,0.8356133158085307,3.359937687495568,0.4,0.35,light
1.1288522953951454,0.694827402194776,3.359937687495568,0.4,0.35,light
1.182895094251973,0.6597289491122991,3.359937687495568,0.4,0.35,light
1.2493396342273704,0.6208106436737724,3.359937687495568,0.4,0.35,light
1.6114025341084608,0.46159939133834965,3.359937687495568,0.4,0.35,active
1.4793621417419418,0.7410686221219858,3.359937687495568,0.4,0.35,light
1.489209560699807,0.850958134533887,3.359937687495568,0.4,0.35,light
1.3018229507395433,0.6152914600496985,3.359937687495568,0.4,0.35,light
1.1421168388655505,0.3704362771135376,3.359937687495568,0.4,0.35,light
1.528804196997723,0.788442144711104,3.359937687495568,0.4,0.35,active
1.4162664442222632,0.9457161659363074,3.359937687495568,0.4,0.35,light
1.3337289429200292,0.5336939407812749,3.359937687495568,0.4,0.35,light
1.472558358886794,0.5831359061367066,3.359937687495568,0.4,0.35,light
1.4067080817560127,0.8508561108367891,3.359937687495568,0.4,0.35,light
1.423878068532573,0.6657531678021151,3.359937687495568,0.4,0.35,light
1.1610008981046194,0.8241229274462141,3.359937687495568,0.4,0.35,light
1.3987339208701426,0.8686812317033146,3.359937687495568,0.4,0.35,light
1.4554327441572013,0.5799540840004778,3.359937687495568,0.4,0.35,light
1.053779737536569,0.5513696015124611,3.359937687495568,0.4,0.35,light
1.1665263637662373,0.5250125411182744,3.359937687495568,0.4,0.35,light
1.502143675431555,0.9627575843760285,3.359937687495568,0.4,0.35,light
1.4550800593815605,0.6512847106936493,3.359937687495568,0.4,0.35,light
1.113140807014554,0.6023486076498719,3.359937687495568,0.4,0.35,light
1.1385588067589845,0.8822970745874645,3.359937687495568,0.4,0.35,light
1.4889335770081706,0.8398458605575387,3.359937687495568,0.4,0.35,light
1.4237332538573926,0.6329368204973062,3.359937687495568,0.4,0.35,light
1.467818509189269,0.8523609144350686,3.359937687495568,0.4,0.35,light
1.1461067545125072,0.8561740792720718,3.359937687495568,0.4,0.35,light
1.2836916619097765,0.6659948751694806,3.359937687495568,0.4,0.35,light
1.557441451644033,0.9909096729980158,3.359937687495568,0.4,0.35,active
1.2268166580427609,0.7999488834255781,3.359937687495568,0.4,0.35,light
1.5009797050865905,0.6304629652234981,3.359937687495568,0.4,0.35,light
1.2794126797198617,0.5979711019419036,3.359937687495568,0.4,0.35,light
1.236043430651855,0.7437496493150103,3.359937687495568,0.4,0.35,light
1.3652797709514353,0.34158423968533,3.359937687495568,0.4,0.35,light
1.3357787105936156,0.7923830273409129,3.359937687495568,0.4,0.35,light
1.3585836340737525,0.7015435666242833,3.359937687495568,0.4,0.35,light
1.0814034413396387,0.576217088536087,3.359937687495568,0.4,0.35,light
1.1613400278656036,0.7477722814924981,3.359937687495568,0.4,0.35,light
1.429848580028202,0.6874900264942849,3.359937687495568,0.4,0.35,light
1.591554409121644,0.8217772127078682,3.359937687495568,0.4,0.35,active
1.4447576953641212,0.8933730309168701,3.359937687495568,0.4,0.35,light
1.5252617574757852,0.8740072541251328,3.359937687495568,0.4,0.35,active
1.4512044725226338,0.6225556224833686,3.359937687495568,0.4,0.35,light
1.402977167759384,0.7083698024719469,3.359937687495568,0.4,0.35,light
1.4569603108441098,0.868103116405436,3.359937687495568,0.4,0.35,light
1.3948837111865018,0.591759223923825,3.359937687495568,0.4,0.35,light
1.3516962411874287,0.8774494915468548,3.359937687495568,0.4,0.35,light
1.517395125234909,0.8359199768589441,3.359937687495568,0.4,0.35,active
1.3446577127991808,0.6828056079561118,3.359937687495568,0.4,0.35,light
1.5351228343834962,0.8664728224426281,3.359937687495568,0.4,0.35,active
1.4747306971068972,0.778168422047141,3.359937687495568,0.4,0.35,light
1.5065574297539865,0.34214454006866235,3.359937687495568,0.4,0.35,light
1.099816395521883,0.6408425230465057,3.359937687495568,0.4,0.35,light
1.4236134856806042,0.5994573812462185,3.359937687495568,0.4,0.35,light
1.2317972258519618,0.9167052172892365,3.359937687495568,0.4,0.35,light
1.3451260451137141,0.9017474083807673,3.359937687495568,0.4,0.35,light
1.6795063705762125,0.9363056271428214,3.359937687495568,0.4,0.35,active
1.1500474695762017,0.5545780071793712,3.359937687495568,0.4,0.35,light
1.380939437092023,0.6058403699406575,3.359937687495568,0.4,0.35,light
1.111243682764901,0.5216393505244361,3.359937687495568,0.4,0.35,light
1.2912105076433462,0.7689598051188076,3.359937687495568,0.4,0.35,light
1.2311517242060017,0.6186128451966497,3.359937687495568,0.4,0.35,light
1.325622581124924,0.98389634488113,3.359937687495568,0.4,0.35,light
1.2395607179666672,0.6198052623093971,3.359937687495568,0.4,0.35,light
1.4808907083353893,0.6412086402943644,3.359937687495568,0.4,0.35,light
1.498568459972199,0.9353410271803773,3.359937687495568,0.4,0.35,light
1.215596602325415,0.9592044846984384,3.359937687495568,0.4,0.35,light
1.4138544013866678,0.6095258853232003,3.359937687495568,0.4,0.35,light
1.4860241036978405,0.6723454125911847,3.359937687495568,0.4,0.35,light
1.3053640184733803,0.8225290189099803,3.359937687495568,0.4,0.35,light
1.3511458351795969,0.690855191644614,3.359937687495568,0.4,0.35,light
1.461262462251261,0.6902137280749817,3.359937687495568,0.4,0.35,light
1.2810988472816274,0.8151046683535028,3.359937687495568,0.4,0.35,light
1.552742616742324,0.9624975008136152,3.359937687495568,0.4,0.35,active
1.3667929234474427,0.9195096371304672,3.359937687495568,0.4,0.35,light
1.137802443388683,0.6690221313113316,3.359937687495568,0.4,0.35,light
1.3049051289416045,0.6721031668708458,3.359937687495568,0.4,0.35,light
1.1135036967188483,0.9331973592573479,3.359937687495568,0.4,0.35,light
1.3289398662982512,0.5493582199801337,3.359937687495568,0.4,0.35,light
1.3852702943411208,0.8674208851696659,3.359937687495568,0.4,0.35,light
1.2133679481761437,0.9397742603244078,3.359937687495568,0.4,0.35,light
1.5183139399121017,0.9481915015613183,3.359937687495568,0.4,0.35,active
1.4279250865484714,0.6171675838747186,3.359937687495568,0.4,0.35,light
1.0652783265885235,0.7117432578608957,3.359937687495568,0.4,0.35,light
1.1251389708056536,0.7315609215246368,3.359937687495568,0.4,0.35,light
1.4221284808487173,0.3020999690400211,3.359937687495568,0.4,0.35,light
1.2947963678258505,0.7168800694309574,3.359937687495568,0.4,0.35,light
1.394202701814863,0.812422958903593,3.359937687495568,0.4,0.35,light
1.4120010301357038,0.27798398286907,3.359937687495568,0.4,0.35,light
1.175724599039093,0.7311367850924577,3.359937687495568,0.4,0.35,light
1.1227745140850294,0.5558485396502341,3.359937687495568,0.4,0.35,light
1.5606207452112255,0.8096010919052576,3.359937687495568,0.4,0.35,active
1.5287069489014942,0.7138803165449519,3.359937687495568,0.4,0.35,active
1.6803771873340614,0.8608663002356882,3.359937687495568,0.4,0.35,active
1.565901722816897,0.6922390745862194,3.359937687495568,0.4,0.35,active
1.4497049521572307,0.7923728781497628,3.359937687495568,0.4,0.35,light
1.1003200980909031,0.6887268654069475,3.359937687495568,0.4,0.35,light
1.260531580085251,0.9428069861544517,3.359937687495568,0.4,0.35,light
1.337650943976198,0.7131114887274023,3.359937687495568,0.4,0.35,light
1.554152385315903,0.9050058587962944,3.359937687495568,0.4,0.35,active
1.1181172316609371,0.652943835374812,3.359937687495568,0.4,0.35,light
1.4835894006790724,0.5512592045279985,3.359937687495568,0.4,0.35,light
1.3420942850201811,0.6509685076333227,3.359937687495568,0.4,0.35,light
1.3249702354226562,0.5646872913680048,3.359937687495568,0.4,0.35,light
1.078904688667771,0.9833141213814811,3.359937687495568,0.4,0.35,light
1.4659473301267683,0.7232533898833488,3.359937687495568,0.4,0.35,light
1.2227457602890817,0.8303380362141236,3.359937687495568,0.4,0.35,light
1.4471465633770046,0.5446514570017991,3.359937687495568,0.4,0.35,light
1.4142375759568753,0.8562445621531156,3.359937687495568,0.4,0.35,light
1.5621714086109928,0.930723777954465,3.359937687495568,0.55,0.35,light
1.7176015854546587,0.8827321334064915,3.359937687495568,0.55,0.35,light
1.193732776024454,0.9549342776780001,3.359937687495568,0.55,0.35,light
1.5391297859648094,0.9607220647701575,3.359937687495568,0.55,0.35,light
1.139092707603067,0.5402521314492437,3.359937687495568,0.55,0.35,light
1.3540896337291648,0.44402907739571285,3.359937687495568,0.55,0.35,light
1.4761367985033562,0.31985056249285126,3.359937687495568,0.55,0.35,light
1.5220157272290498,0.43740282582493195,3.359937687495568,0.55,0.35,light
1.329186860898427,0.950087903907314,3.359937687495568,0.55,0.35,light
1.471583431256447,0.5294044470675425,3.359937687495568,0.55,0.35,light
1.1249399498995845,0.784563013676484,3.359937687495568,0.55,0.35,light
1.5945370935264123,0.5804090676066658,3.359937687495568,0.55,0.35,light
1.6061505887431906,0.7554994760622393,3.359937687495568,0.55,0.35,light
1.160732552994635,0.8511834764122657,3.359937687495568,0.55,0.35,light
1.106364105068247,0.8655835869914289,3.359937687495568,0.55,0.35,light
1.4601124004456583,0.7741910359976096,3.359937687495568,0.55,0.35,light
1.42306201413189,0.9278491961569557,3.359937687495568,0.55,0.35,light
1.4663506665615473,0.6699323045092949,3.359937687495568,0.55,0.35,light
1.403899527685521,0.8266409753711252,3.359937687495568,0.55,0.35,light
1.6244439143493647,0.8042333072689944,3.359937687495568,0.55,0.35,light
1.32555188229966,0.7325364219110613,3.359937687495568,0.55,0.35,light
1.4980132012731584,0.6313679836486974,3.359937687495568,0.55,0.35,light
1.4197703752821726,0.5529691243235265,3.359937687495568,0.55,0.35,light
1.3377738162001902,0.8811196979294711,3.359937687495568,0.55,0.35,light
1.5388076097839802,0.9886734551556621,3.359937687495568,0.55,0.35,light
1.4228161647784765,0.6712936250939319,3.359937687495568,0.55,0.35,light
1.3854769678346213,0.6545237951714661,3.359937687495568,0.55,0.35,light
1.531208199768125,0.946237836199658,3.359937687495568,0.55,0.35,light
1.0556817910269038,0.272928126317468,3.359937687495568,0.55,0.35,light
1.4151164130527651,0.7027697438023845,3.359937687495568,0.55,0.35,light
1.2954464493237658,0.9999126700747087,3.359937687495568,0.55,0.35,light
1.3701125762140045,0.6452377497397432,3.359937687495568,0.55,0.35,light
1.213000597149969,0.6753603089955073,3.359937687495568,0.55,0.35,light
1.1218428715198314,0.9113624365396134,3.359937687495568,0.55,0.35,light
1.0915519919827246,0.5630837037150429,3.359937687495568,0.55,0.35,light
1.056063925823762,0.5673332315667214,3.359937687495568,0.55,0.35,light
1.1304371858974964,0.9172638072181722,3.359937687495568,0.55,0.35,light
1.5314188369346833,0.8150554880284946,3.359937687495568,0.55,0.35,light
1.2515075637479938,0.9391782445101317,3.359937687495568,0.55,0.35,light
1.1662653317068479,0.718281752848593,3.359937687495568,0.55,0.35,light
1.5745968027683077,0.6817699560018178,3.359937687495568,0.55,0.35,light
1.2283592344116565,0.8384841914392818,3.359937687495568,0.55,0.35,light
1.3769359656010658,0.34298478113642783,3.359937687495568,0.55,0.35,light
1.2017131773269396,0.9838589397518449,3.359937687495568,0.55,0.35,light
1.46529944554455,0.5325904267920867,3.359937687495568,0.55,0.35,light
1.1819878575238227,0.7715619707803956,3.359937687495568,0.55,0.35,light
1.610881867081055,0.914086478513511,3.359937687495568,0.55,0.35,light
1.7063076184496933,0.7252711853169427,3.359937687495568,0.55,0.35,light
1.4568589216917494,0.34075054978863883,3.359937687495568,0.55,0.35,light
1.4950124755600565,0.9777138901886303,3.359937687495568,0.55,0.35,light
1.0574100682096677,0.6112960174254874,3.359937687495568,0.55,0.35,light
1.333087539537011,0.5716542605619614,3.359937687495568,0.55,0.35,light
1.6330705612729952,0.9227480769234946,3.359937687495568,0.55,0.35,light
1.1313923894110232,0.9659373938704541,3.359937687495568,0.55,0.35,light
1.3971572949968711,0.5956554259507756,3.359937687495568,0.55,0.35,light
1.5569812901045565,0.7678678607605638,3.359937687495568,0.55,0.35,light
1.1789730615680405,0.898475912719628,3.359937687495568,0.55,0.35,light
1.3388812385168443,0.5375198279222108,3.359937687495568,0.55,0.35,light
1.6494604840595732,0.8762650670156831,3.359937687495568,0.55,0.35,light
1.319059658965474,0.9426921970066617,3.359937687495568,0.55,0.35,light
1.5991187940198457,0.7093305146782061,3.359937687495568,0.55,0.35,light
1.2821999834613567,0.6814639813629513,3.359937687495568,0.55,0.35,light
1.555317748391583,0.688745235647992,3.359937687495568,0.55,0.35,light
1.3822054977928993,0.6959534218043052,3.359937687495568,0.55,0.35,light
1.1722547053126673,0.9431516795724171,3.359937687495568,0.55,0.35,light
1.328974137016535,0.9002583073162085,3.359937687495568,0.55,0.35,light
1.2639892359657203,0.9868091258035698,3.359937687495568,0.55,0.35,light
1.4860265355503044,0.5534232864786565,3.359937687495568,0.55,0.35,light
1.4777028851005702,0.9805607447362337,3.359937687495568,0.55,0.35,light
1.398283719213875,0.9806496464846428,3.359937687495568,0.55,0.35,light
1.079337861784693,0.6126996270589422,3.359937687495568,0.55,0.35,light
1.4642143858692922,0.580668945316573,3.359937687495568,0.55,0.35,light
1.1163253920823113,0.843501786066593,3.359937687495568,0.55,0.35,light
1.1183253826436121,0.5931530936986733,3.359937687495568,0.55,0.35,light
1.4287486368958153,0.6893165032338575,3.359937687495568,0.55,0.35,light
1.0926535733211629,0.8309125142952016,3.359937687495568,0.55,0.35,light
1.1740332369870796,0.5865412827584923,3.359937687495568,0.55,0.35,light
1.1100758247812883,0.6814179039814194,3.359937687495568,0.55,0.35,light
1.1120623459774825,0.9376209858621298,3.359937687495568,0.55,0.35,light
1.0565371177223828,0.9865986134366638,3.359937687495568,0.55,0.35,light
1.189054641438578,0.9435462760678939,3.359937687495568,0.55,0.35,light
1.3062407708764259,0.6118064416700404,3.359937687495568,0.55,0.35,light
1.109470905627112,0.8000452649575448,3.359937687495568,0.55,0.35,light
1.4505099146631981,0.8676254720862522,3.359937687495568,0.55,0.35,light
1.231241529720101,0.6468531596364594,3.359937687495568,0.55,0.35,light
1.3103165056496326,0.9171900543447323,3.359937687495568,0.55,0.35,light
1.6111471940201103,0.6319522738627654,3.359937687495568,0.55,0.35,light
1.4022028138382188,0.759758084135653,3.359937687495568,0.55,0.35,light
1.0702631761608226,0.9825054053792883,3.359937687495568,0.55,0.35,light
1.113756967498446,0.8319439456284046,3.359937687495568,0.55,0.35,light
1.4517197161501971,0.5943596940345103,3.359937687495568,0.55,0.35,light
1.4385482180961675,0.3518668282430206,3.359937687495568,0.55,0.35,light
1.2950083202343918,0.6154014999796185,3.359937687495568,0.55,0.35,light
1.219850689722636,0.5560713769922901,3.359937687495568,0.55,0.35,light
1.6114025341084608,0.46159939133834965,3.359937687495568,0.55,0.35,light
1.419911409682743,0.6835665560166397,3.359937687495568,0.55,0.35,light
1.5669262711286673,0.7258970692711944,3.359937687495568,0.55,0.35,light
1.4099876512323923,0.7981365516660308,3.359937687495568,0.55,0.35,light
1.3318145354405644,0.5280454194868218,3.359937687495568,0.55,0.35,light
1.4423259249596487,0.6527172529541987,3.359937687495568,0.55,0.35,light
1.1853373441875281,0.854625424244922,3.359937687495568,0.55,0.35,light
1.0916085870361933,0.38633832459898,3.359937687495568,0.55,0.35,light
1.1166306700872917,0.5031566474469504,3.359937687495568,0.55,0.35,light
1.4494152164270449,0.6751749451855199,3.359937687495568,0.55,0.35,light
1.5475506697769672,0.9017429164232185,3.359937687495568,0.55,0.35,light
1.393929706864353,0.5903335339183245,3.359937687495568,0.55,0.35,light
1.4587752794675863,0.7768704719523639,3.359937687495568,0.55,0.35,light
1.2896221653253928,0.7844716276215238,3.359937687495568,0.55,0.35,light
1.1723833895616176,0.6085515570960586,3.359937687495568,0.55,0.35,light
1.3924592731871543,0.4843739043666472,3.359937687495568,0.55,0.35,light
1.1697908136288093,0.8628360277798744,3.359937687495568,0.65,0.35,light
1.1839329459228944,0.9301679594610084,3.359937687495568,0.65,0.35,light
1.554675524331089,0.8725840215318593,3.359937687495568,0.65,0.35,light
1.2470001677878604,0.5344904143353213,3.359937687495568,0.65,0.35,light
1.1880528752144568,0.7698011647278451,3.359937687495568,0.65,0.35,light
1.5119023158101927,0.8058587429079707,3.359937687495568,0.65,0.35,light
1.264757738262054,0.6053431156255336,3.359937687495568,0.65,0.35,light
1.2632860128445724,0.9505084674447555,3.359937687495568,0.65,0.35,light
1.4192809977245398,0.7873975158374081,3.359937687495568,0.65,0.35,light
1.4402072549036296,0.7894206377525992,3.359937687495568,0.65,0.35,light
1.4801970949163334,0.8229123616800569,3.359937687495568,0.65,0.35,light
1.4438311435110323,0.7665576139185362,3.359937687495568,0.65,0.35,light
1.5028789068702684,0.7277708823185818,3.359937687495568,0.65,0.35,light
1.6674921211169837,0.7829237340070941,3.359937687495568,0.65,0.35,light
1.5566626644523118,0.8043238893578688,3.359937687495568,0.65,0.35,light
1.494580006770865,0.7983865599679982,3.359937687495568,0.65,0.35,light
1.4492403527180215,0.397839095003898,3.359937687495568,0.65,0.35,light
1.3516169500655837,0.8749318882610604,3.359937687495568,0.65,0.35,light
1.6052306722252594,0.9770364066901749,3.359937687495568,0.65,0.35,light
1.5344002913272141,0.8722838083166107,3.359937687495568,0.65,0.35,light
1.5061531860163213,0.8715114449960211,3.359937687495568,0.65,0.35,light
1.5223406442065985,0.8236232413108195,3.359937687495568,0.65,0.35,light
1.05724209648258,0.6354878282125102,3.359937687495568,0.65,0.35,light
1.4889999791326491,0.7170737213395959,3.359937687495568,0.65,0.35,light
1.2476755867749028,0.8129693106047513,3.359937687495568,0.65,0.35,light
1.3466542575780325,0.9019933708225373,3.359937687495568,0.65,0.35,light
1.2703566497709116,0.516536023677875,3.359937687495568,0.65,0.35,light
1.2800354296879957,0.7141380043505245,3.359937687495568,0.65,0.35,light
1.304902527197436,0.6837496959620828,3.359937687495568,0.65,0.35,light
1.147766792206882,0.5799488268999915,3.359937687495568,0.65,0.35,light
1.4432569375478035,0.8608505582352937,3.359937687495568,0.65,0.35,light
1.2504827744219464,0.954828175568453,3.359937687495568,0.65,0.35,light
1.2341988942828375,0.5405339657793982,3.359937687495568,0.65,0.35,light
1.127500922490757,0.529368842564517,3.359937687495568,0.65,0.35,light
1.5617030104841534,0.4243169100912614,3.359937687495568,0.65,0.35,light
1.235636463656909,0.521451184089454,3.359937687495568,0.65,0.35,light
1.6204816702431268,0.8003112945274603,3.359937687495568,0.65,0.35,light
1.2504469037468458,0.7543845190339029,3.359937687495568,0.65,0.35,light
1.1654471499047032,0.6229738425997589,3.359937687495568,0.65,0.35,light
1.387377321565065,0.7989851606383731,3.359937687495568,0.65,0.35,light
1.1141607482242128,0.5167557905369556,3.359937687495568,0.65,0.35,light
1.0797986362698604,0.9523567007004101,3.359937687495568,0.65,0.35,light
1.4659274042023118,0.3724352664407283,3.359937687495568,0.65,0.35,light
1.574619282867458,0.9992761585984683,3.359937687495568,0.65,0.35,light
1.3099419198361828,0.7875787369103096,3.359937687495568,0.65,0.35,light
1.1685668696435678,0.6382607368118958,3.359937687495568,0.65,0.35,light
1.439664479029457,0.7698746499723259,3.359937687495568,0.65,0.35,light
1.5487132104916592,0.9591906040532588,3.359937687495568,0.65,0.35,light
1.5661276495940393,0.5263078324676844,3.359937687495568,0.65,0.35,light
1.674667914091875,0.7202094875712755,3.359937687495568,0.65,0.35,light
1.6174607084645503,0.626933798574638,3.359937687495568,0.65,0.35,light
1.4351210752600152,0.7434528679056953,3.359937687495568,0.65,0.35,light
1.5126096982058381,0.5152936783359374,3.359937687495568,0.65,0.35,light
1.6273329228179139,0.6861137032659768,3.359937687495568,0.65,0.35,light
1.1909824882463707,0.5732589190482451,3.359937687495568,0.65,0.35,light
1.5158217289537297,0.9003743930457101,3.359937687495568,0.65,0.35,light
1.1731820916212323,0.6575593817655323,3.359937687495568,0.65,0.35,light
1.2283592344116565,0.8384841914392818,3.359937687495568,0.65,0.35,light
1.5851011522219647,0.5518818907033297,3.359937687495568,0.65,0.35,light
1.4455685555978093,0.7461428800316525,3.359937687495568,0.65,0.35,light
1.4367118869565532,0.6932504503508287,3.359937687495568,0.65,0.35,light
1.4653580261329957,0.7335174408281226,3.359937687495568,0.65,0.35,light
1.3852050286848399,0.6650879494447917,3.359937687495568,0.65,0.35,light
1.1737636019101367,0.8196091765970372,3.359937687495568,0.65,0.35,light
1.3971572949968711,0.5956554259507756,3.359937687495568,0.65,0.35,light
1.0423297934524147,0.5567581991384983,3.359937687495568,0.65,0.35,light
1.4709066530142145,0.32960854921835103,3.359937687495568,0.65,0.35,light
1.5300536697415041,0.822935888686388,3.359937687495568,0.65,0.35,light
1.5945354383965138,0.7637040064432408,3.359937687495568,0.65,0.35,light
1.3771417944716302,0.5831313690598089,3.359937687495568,0.65,0.35,light
1.4674453454832417,0.9865301722727512,3.359937687495568,0.65,0.35,light
1.5338363126365209,0.949657167848265,3.359937687495568,0.65,0.35,light
1.1662314617561669,0.5915972141381349,3.359937687495568,0.65,0.35,light
1.1762610015988924,0.9651304842791212,3.359937687495568,0.65,0.35,light
1.4290555604376332,0.7505628563658047,3.359937687495568,0.65,0.35,light
1.2755408603019938,0.7557079417381625,3.359937687495568,0.65,0.35,light
1.6404877419739745,0.7962488040232241,3.359937687495568,0.65,0.35,light
1.6606460973838688,0.6377524387100699,3.359937687495568,0.65,0.35,light
1.5877543530875422,0.650170138440456,3.359937687495568,0.65,0.35,light
1.469762392633669,0.5649663310811602,3.359937687495568,0.65,0.35,light
1.6452569307203861,0.6503425806105773,3.359937687495568,0.65,0.35,light
1.3747629199328597,0.5892182730525277,3.359937687495568,0.65,0.35,light
1.2078042786381964,0.566988951431876,3.359937687495568,0.65,0.35,light
1.5112489245344045,0.9887448637972142,3.359937687495568,0.65,0.35,light
1.0907424994970656,0.7235230283428389,3.359937687495568,0.65,0.35,light
1.1863326478542648,0.5579855799855179,3.359937687495568,0.65,0.35,light
1.5943491129624194,0.7061889096309882,3.359937687495568,0.65,0.35,light
1.1562919767711142,0.9221931397958463,3.359937687495568,0.65,0.35,light
1.3529145632736632,0.9253268895338524,3.359937687495568,0.65,0.35,light
1.122438370995261,0.7520788683083821,3.359937687495568,0.65,0.35,light
1.349138303989836,0.8970097429086048,3.359937687495568,0.65,0.35,light
1.55926172597669,0.6947394657699908,3.359937687495568,0.65,0.35,light
1.470429431854642,0.6346115862397863,3.359937687495568,0.65,0.35,light
1.2017131773269396,0.9838589397518449,3.359937687495568,0.65,0.35,light
1.6510453684394242,0.9336251507310878,3.359937687495568,0.65,0.35,light
1.3113976598630215,0.5386100399073173,3.359937687495568,0.65,0.35,light
1.1148205039011658,0.7637756161996045,3.359937687495568,0.65,0.35,light
1.3889820187686928,0.697926538936728,3.359937687495568,0.65,0.35,light
1.201822527785669,0.5173510200685248,3.359937687495568,0.65,0.35,light
1.490375988428849,0.4289871653790278,3.359937687495568,0.65,0.35,light
1.7139040931260205,0.9742588700146998,3.359937687495568,0.65,0.35,light
1.5915844166837056,0.6579742624198897,3.359937687495568,0.65,0.35,light
1.5263991063958904,0.6863514259219259,3.359937687495568,0.65,0.35,light
1.515938985446254,0.5479458567725188,3.359937687495568,0.65,0.35,light
1.3634117842235507,0.888814800088377,3.359937687495568,0.65,0.35,light
1.132541445535317,0.7550570552950036,3.359937687495568,0.65,0.35,light
1.442719616775673,0.7267362048895534,3.359937687495568,0.65,0.35,light
1.400658780491098,0.9588951376761936,3.359937687495568,0.65,0.35,light
1.2523092217753466,0.9334177780985569,3.359937687495568,0.65,0.35,light
1.2188164629576634,0.9490355949105425,3.359937687495568,0.65,0.35,light
