u_s,size_mm,flow_velocity,duty,low_flow_fraction,outcome
1.18398742893162,1.3999503773620914,2.263536968418067,0.4,0.35,active
1.3515175238051063,1.0914957997100618,2.263536968418067,0.4,0.35,active
1.3391722255414609,1.2928990351155378,2.263536968418067,0.4,0.35,active
1.2176332595159691,1.2601153898953923,2.263536968418067,0.4,0.35,active
1.5002979497127722,1.1732683684494312,2.263536968418067,0.4,0.35,heavy
1.6976482837537332,1.0217007529326332,2.263536968418067,0.4,0.35,heavy
1.5684039476615126,1.2306054448424213,2.263536968418067,0.4,0.35,heavy
1.4269237696176775,1.1162689556102294,2.263536968418067,0.4,0.35,active
1.3677176724907905,1.0857379233669626,2.263536968418067,0.4,0.35,active
1.3558613089671394,1.2405268358585535,2.263536968418067,0.4,0.35,active
1.6958689811842347,1.460316958223599,2.263536968418067,0.4,0.35,heavy
1.3257102876710654,1.4254649789231246,2.263536968418067,0.4,0.35,active
1.558476093756612,1.21888108949359,2.263536968418067,0.4,0.35,heavy
1.1291324507433913,1.2385331581535561,2.263536968418067,0.4,0.35,active
1.2944479168519278,1.2618698727837312,2.263536968418067,0.4,0.35,active
1.2176303885784183,1.4668247755176371,2.263536968418067,0.4,0.35,active
1.668660018544993,1.1356772988514248,2.263536968418067,0.4,0.35,heavy
1.413083043867995,1.204903611970402,2.263536968418067,0.4,0.35,active
1.5861646385123278,1.138287124252704,2.263536968418067,0.4,0.35,heavy
1.4653883562081105,1.0803791618211616,2.263536968418067,0.4,0.35,active
1.4342651353871163,1.2023414013821383,2.263536968418067,0.4,0.35,active
1.5499107994028989,1.100398993889377,2.263536968418067,0.4,0.35,heavy
1.3945066733735962,1.0365138217340815,2.263536968418067,0.4,0.35,active
1.6984853499221793,1.2087040883172213,2.263536968418067,0.4,0.35,heavy
1.51597917402781,1.4601286160075733,2.263536968418067,0.4,0.35,heavy
1.6079432639596494,1.267673910544546,2.263536968418067,0.4,0.35,heavy
1.556891705464439,1.0741321394406098,2.263536968418067,0.4,0.35,heavy
1.5227615827419514,1.2048637932406738,2.263536968418067,0.4,0.35,heavy
1.4935157207209109,1.3505616458480945,2.263536968418067,0.4,0.35,heavy
1.4708397025109323,1.4572030606692197,2.263536968418067,0.4,0.35,active
1.748397016392066,1.1512715678610013,2.263536968418067,0.4,0.35,heavy
1.423476467728363,1.2076961439987401,2.263536968418067,0.4,0.35,active
1.3297384512237216,1.1114218573246828,2.263536968418067,0.4,0.35,active
1.4761181161410182,1.3170130452419844,2.263536968418067,0.4,0.35,active
1.6443668458469338,1.172818868233573,2.263536968418067,0.4,0.35,heavy
1.4819355874893148,1.1580396721154813,2.263536968418067,0.4,0.35,active
1.110376574276687,1.4456488505486842,2.263536968418067,0.4,0.35,active
1.3195556404462176,1.1025739415075588,2.263536968418067,0.4,0.35,active
1.360345356324675,1.128313581214002,2.263536968418067,0.4,0.35,active
1.5345352713706875,1.359613499676101,2.263536968418067,0.4,0.35,heavy
1.6138044119550916,1.2838809295030635,2.263536968418067,0.4,0.35,heavy
1.2711478076771705,1.4981847461243973,2.263536968418067,0.4,0.35,active
1.659361645894674,1.4198065638133968,2.263536968418067,0.4,0.35,heavy
1.210829597166461,1.3681813262163585,2.263536968418067,0.4,0.35,active
1.2638994356510354,1.3902519324661844,2.263536968418067,0.4,0.35,active
1.1812030395801594,1.303131211921854,2.263536968418067,0.4,0.35,active
1.705924622030524,1.3912886310428223,2.263536968418067,0.4,0.35,heavy
1.4807510158791934,1.3530994683752842,2.263536968418067,0.4,0.35,active
1.3722150797198143,1.2028692887555719,2.263536968418067,0.4,0.35,active
1.7576597939634422,1.4713419442398312,2.263536968418067,0.4,0.35,heavy
1.379317964574005,1.0132317050781656,2.263536968418067,0.4,0.35,active
1.1472897994300328,1.4675724744532497,2.263536968418067,0.4,0.35,active
1.6362289875890872,1.3124197258826693,2.263536968418067,0.4,0.35,heavy
1.3453165313414215,1.1354831510522287,2.263536968418067,0.4,0.35,active
1.4860863791267034,1.0663111685281121,2.263536968418067,0.4,0.35,active
1.7061021213403225,1.1011250136484838,2.263536968418067,0.4,0.35,heavy
1.467483057654825,1.4404927717909035,2.263536968418067,0.4,0.35,active
1.3457490205920402,1.1665867002354542,2.263536968418067,0.4,0.35,active
1.3823157436731435,1.379757684094023,2.263536968418067,0.4,0.35,active
1.510216422764031,1.488149205723664,2.263536968418067,0.4,0.35,heavy
1.2485575219103828,1.4259363472325253,2.263536968418067,0.4,0.35,active
1.6368810302470593,1.2735122657272568,2.263536968418067,0.4,0.35,heavy
1.4326863727329022,1.3466919009154505,2.263536968418067,0.4,0.35,active
1.7248629794571053,1.1092088844393082,2.263536968418067,0.4,0.35,heavy
1.5953954626876117,1.3370468715804555,2.263536968418067,0.4,0.35,heavy
1.4186800101129116,1.2354427803837842,2.263536968418067,0.4,0.35,active
1.1684358326111055,1.2028153873175107,2.263536968418067,0.4,0.35,active
1.2083263353679803,1.1946051073078245,2.263536968418067,0.4,0.35,active
1.5838780608548833,1.209378993156972,2.263536968418067,0.4,0.35,heavy
1.4153716069076396,1.4629763132613962,2.263536968418067,0.4,0.35,active
1.7007292653982964,1.1946537596464326,2.263536968418067,0.4,0.35,heavy
1.2144734277033118,1.4721595148811555,2.263536968418067,0.4,0.35,active
1.288534534939417,1.1999605253142114,2.263536968418067,0.4,0.35,active
1.4548521426355223,1.178039976009853,2.263536968418067,0.4,0.35,active
1.2683351022639149,1.4862367225671063,2.263536968418067,0.4,0.35,active
1.3160963607132745,1.1891153739476679,2.263536968418067,0.4,0.35,active
1.3307805182005858,1.3934945922494841,2.263536968418067,0.4,0.35,active
1.5445357272447975,1.35306185302352,2.263536968418067,0.4,0.35,heavy
1.6322588880825506,1.111518033065728,2.263536968418067,0.4,0.35,heavy
1.418842327337821,1.2574869028709292,2.263536968418067,0.4,0.35,active
1.1069430405383087,1.143618939203336,2.263536968418067,0.4,0.35,active
1.6561590591078723,1.1931269261022006,2.263536968418067,0.4,0.35,heavy
1.6261257194587273,1.2075542482080632,2.263536968418067,0.4,0.35,heavy
1.5395478444352861,1.1835537595655155,2.263536968418067,0.4,0.35,heavy
1.1834454583731566,1.3066014203927008,2.263536968418067,0.4,0.35,active
1.3983744753986045,1.180653695371655,2.263536968418067,0.4,0.35,active
1.5176838319844674,1.2305351323041813,2.263536968418067,0.4,0.35,heavy
1.530057194298077,1.3355981632277147,2.263536968418067,0.4,0.35,heavy
1.4368659301518227,1.1026567891231744,2.263536968418067,0.4,0.35,active
1.4504634380515968,1.25049156689653,2.263536968418067,0.4,0.35,active
1.6106382454988375,1.2013396524920315,2.263536968418067,0.4,0.35,heavy
1.528415722755095,1.0347159406852582,2.263536968418067,0.4,0.35,heavy
1.4613371682411744,1.0984426792367032,2.263536968418067,0.4,0.35,active
1.2880136186751092,1.2724398338560374,2.263536968418067,0.4,0.35,active
1.2024094813435107,1.09112616035957,2.263536968418067,0.4,0.35,active
1.4410259151891123,1.161076398705288,2.263536968418067,0.4,0.35,active
1.698343096447258,1.1345005903730345,2.263536968418067,0.4,0.35,heavy
1.640900198039758,1.3920996014868283,2.263536968418067,0.4,0.35,heavy
1.1860900041934037,1.3720703854210048,2.263536968418067,0.4,0.35,active
1.7572409674672775,1.3794814945294989,2.263536968418067,0.4,0.35,heavy
1.7001835489990715,1.2950632722613804,2.263536968418067,0.4,0.35,heavy
1.6104741883173361,1.2458301555426126,2.263536968418067,0.4,0.35,heavy
1.4696014629885252,1.3959328621784004,2.263536968418067,0.4,0.35,active
1.478346287183636,1.1001585862227514,2.263536968418067,0.4,0.35,active
1.288923870455,1.4531754898825733,2.263536968418067,0.4,0.35,active
1.723501119016602,1.333401954401098,2.263536968418067,0.4,0.35,heavy
1.249578937715378,1.4088360754719784,2.263536968418067,0.4,0.35,active
1.239679557968811,1.1998589134498125,2.263536968418067,0.4,0.35,active
1.3258882596203314,1.4944651705718028,2.263536968418067,0.4,0.35,active
1.2115373482820486,1.2230853919997031,2.263536968418067,0.4,0.35,active
1.2326540984616012,1.3364664260786834,2.263536968418067,0.55,0.35,active
1.6560419502699166,1.398418567501005,2.263536968418067,0.55,0.35,active
1.7943962505146542,1.2553602921844218,2.263536968418067,0.55,0.35,heavy
1.1684275015568004,1.1094985900089522,2.263536968418067,0.55,0.35,active
1.3147197757582056,1.149259188021224,2.263536968418067,0.55,0.35,active
1.5503973992754012,1.4295865563794221,2.263536968418067,0.55,0.35,active
1.381123125632753,1.1748346808166068,2.263536968418067,0.55,0.35,active
1.3461917077690104,1.3085465755283745,2.263536968418067,0.55,0.35,active
1.669865659685776,1.0175081453449524,2.263536968418067,0.55,0.35,active
1.0770606196828774,1.350449834941893,2.263536968418067,0.55,0.35,light
1.522535475993164,1.4975613196621378,2.263536968418067,0.55,0.35,active
1.487957657588421,1.4440297988073414,2.263536968418067,0.55,0.35,active
1.4996501065631587,1.0031718464714396,2.263536968418067,0.55,0.35,active
1.6535342733157257,1.1542938837174788,2.263536968418067,0.55,0.35,active
1.5712686627886605,1.2223786608491771,2.263536968418067,0.55,0.35,active
1.5423255590669915,1.3227170912974078,2.263536968418067,0.55,0.35,active
1.412092059063351,1.4034556123426551,2.263536968418067,0.55,0.35,active
1.3569211750943966,1.48309750123195,2.263536968418067,0.55,0.35,active
1.5878231867012693,1.3087098051196275,2.263536968418067,0.55,0.35,active
1.839146624412746,1.2957111591569483,2.263536968418067,0.55,0.35,heavy
1.7248629794571053,1.1092088844393082,2.263536968418067,0.55,0.35,heavy
1.1619100821524067,1.1064783060462178,2.263536968418067,0.55,0.35,active
1.5098211387140417,1.2899096851213026,2.263536968418067,0.55,0.35,active
1.344963118409162,1.1252458003459704,2.263536968418067,0.55,0.35,active
1.1847818618147372,1.1812494306379024,2.263536968418067,0.55,0.35,active
1.224402677519328,1.010026744526467,2.263536968418067,0.55,0.35,active
1.6030772769442156,1.387045619934032,2.263536968418067,0.55,0.35,active
1.1567219300384641,1.1861198265292865,2.263536968418067,0.55,0.35,light
1.5021677258607309,1.40186200784352,2.263536968418067,0.55,0.35,active
1.132153511149153,1.2957438274469262,2.263536968418067,0.55,0.35,light
1.3787472970850345,1.1867602370730155,2.263536968418067,0.55,0.35,active
1.2904410881773118,1.128064973766453,2.263536968418067,0.55,0.35,active
1.4009841357514292,1.3970249054384092,2.263536968418067,0.55,0.35,active
1.4615253887367154,1.0582260902868548,2.263536968418067,0.55,0.35,active
1.4097135247713557,1.352049181672284,2.263536968418067,0.55,0.35,active
1.1222778830590707,1.069389698980884,2.263536968418067,0.55,0.35,light
1.4936589686569426,1.2006532072718756,2.263536968418067,0.55,0.35,active
1.6113953012421576,1.4351670111677015,2.263536968418067,0.55,0.35,active
1.3964430774674292,1.3187938092955003,2.263536968418067,0.55,0.35,active
1.4591281059676129,1.2159068433215308,2.263536968418067,0.55,0.35,active
1.1235518876809847,1.203228492156224,2.263536968418067,0.55,0.35,light
1.719047651831269,1.3123251245907182,2.263536968418067,0.55,0.35,heavy
1.5648565657249667,1.0197543039464472,2.263536968418067,0.55,0.35,active
1.4922681333811998,1.2761442394724751,2.263536968418067,0.55,0.35,active
1.748397016392066,1.1512715678610013,2.263536968418067,0.55,0.35,heavy
1.570731969500707,1.1139063986765874,2.263536968418067,0.55,0.35,active
1.3994870926495628,1.375125354894273,2.263536968418067,0.55,0.35,active
1.2662020574600539,1.3925851793165283,2.263536968418067,0.55,0.35,active
1.5166057065031582,1.2616092110708996,2.263536968418067,0.55,0.35,active
1.0665718828281605,1.130459476192616,2.263536968418067,0.55,0.35,light
1.3624641119435041,1.2934484440900154,2.263536968418067,0.55,0.35,active
1.5383707416275423,1.2468555980366256,2.263536968418067,0.55,0.35,active
1.504765933652293,1.3844056211613174,2.263536968418067,0.55,0.35,active
1.1731629996576471,1.2006977408869384,2.263536968418067,0.55,0.35,active
1.6857325051479684,1.3297481153201047,2.263536968418067,0.55,0.35,active
1.4481990171791872,1.3514594916312104,2.263536968418067,0.55,0.35,active
1.152785617550069,1.3720959979002552,2.263536968418067,0.55,0.35,light
1.6723748952509718,1.4783828785538171,2.263536968418067,0.55,0.35,active
1.5532838345004982,1.1585506468392905,2.263536968418067,0.55,0.35,active
1.6172059613548118,1.4681313843511148,2.263536968418067,0.55,0.35,active
1.8377614632471302,1.474818711923692,2.263536968418067,0.55,0.35,heavy
1.578625020789772,1.1394569304643882,2.263536968418067,0.55,0.35,active
1.3497823344563276,1.226178876660344,2.263536968418067,0.55,0.35,active
1.7321791779898068,1.1167204235493287,2.263536968418067,0.55,0.35,heavy
1.5576219572806393,1.0842574073474136,2.263536968418067,0.55,0.35,active
1.724853531643822,1.38180764399402,2.263536968418067,0.55,0.35,heavy
1.6502618266772076,1.4799476693950167,2.263536968418067,0.55,0.35,active
1.538835359549315,1.4502837041411185,2.263536968418067,0.55,0.35,active
1.728627825097945,1.392257758463694,2.263536968418067,0.55,0.35,heavy
1.5557370788531764,1.4593723443097613,2.263536968418067,0.55,0.35,active
1.531547335713935,1.4754241941530397,2.263536968418067,0.55,0.35,active
1.5333920890279646,1.0070962006204671,2.263536968418067,0.55,0.35,active
1.0859131292366229,1.226638535440491,2.263536968418067,0.55,0.35,light
1.533277666138166,1.4295844771536808,2.263536968418067,0.55,0.35,active
1.4294700198830352,1.1054256056042158,2.263536968418067,0.55,0.35,active
1.664318278281941,1.2802618486640616,2.263536968418067,0.55,0.35,active
1.5842361661449484,1.232714791992374,2.263536968418067,0.55,0.35,active
1.5879487543739497,1.2273024466424747,2.263536968418067,0.55,0.35,active
1.3700214482513102,1.0476642884792025,2.263536968418067,0.55,0.35,active
1.261325259405149,1.2202276797096165,2.263536968418067,0.55,0.35,active
1.69006810625965,1.3423490076102094,2.263536968418067,0.55,0.35,active
1.5685059372641368,1.3075053977987388,2.263536968418067,0.55,0.35,active
1.2497258012682593,1.3488354824644,2.263536968418067,0.55,0.35,active
1.0636304931592755,1.2503958308928451,2.263536968418067,0.55,0.35,light
1.6276908329433664,1.1199450772752944,2.263536968418067,0.55,0.35,active
1.637472810863905,1.1150090079487134,2.263536968418067,0.55,0.35,active
1.5761923634175108,1.208326135341358,2.263536968418067,0.55,0.35,active
1.5378546597936718,1.3942278939857522,2.263536968418067,0.55,0.35,active
1.664167701490479,1.104786961547048,2.263536968418067,0.55,0.35,active
1.3190771539881487,1.0442874502041173,2.263536968418067,0.55,0.35,active
1.6221170948793098,1.0249622748131282,2.263536968418067,0.55,0.35,active
1.3062653683136904,1.141190592407117,2.263536968418067,0.55,0.35,active
1.6104741883173361,1.2458301555426126,2.263536968418067,0.55,0.35,active
1.5743821227202328,1.0108626927888478,2.263536968418067,0.55,0.35,active
1.5191283215268108,1.0435687207984312,2.263536968418067,0.55,0.35,active
1.4780053573911522,1.3940501122284266,2.263536968418067,0.55,0.35,active
1.5928164168369818,1.409737531317869,2.263536968418067,0.55,0.35,active
1.1445487869200022,1.0738814781318216,2.263536968418067,0.55,0.35,light
1.6688139959820094,1.2450709254960635,2.263536968418067,0.55,0.35,active
1.7013819628219633,1.3356906077903687,2.263536968418067,0.55,0.35,active
1.1578727994369047,1.0605617376068395,2.263536968418067,0.55,0.35,light
1.384842665320775,1.2509870349206513,2.263536968418067,0.55,0.35,active
1.3925330826769051,1.010262804696388,2.263536968418067,0.55,0.35,active
1.239679557968811,1.1998589134498125,2.263536968418067,0.55,0.35,active
1.6136117150581133,1.1618962451348338,2.263536968418067,0.55,0.35,active
1.1728595076852455,1.3819455625336285,2.263536968418067,0.55,0.35,active
1.1604057148255746,1.2902554496517142,2.263536968418067,0.55,0.35,active
1.1892951363003668,1.4598020995470264,2.263536968418067,0.55,0.35,active
1.402507917605655,1.1256790808886676,2.263536968418067,0.55,0.35,active
1.071506434854761,1.4997387994882831,2.263536968418067,0.55,0.35,light
1.487216200155506,1.304155631653725,2.263536968418067,0.65,0.35,active
1.3754079462425022,1.258375580740642,2.263536968418067,0.65,0.35,active
1.1195688821167602,1.0258535271440818,2.263536968418067,0.65,0.35,light
1.442429712514106,1.3412163035247882,2.263536968418067,0.65,0.35,active
1.2506998856828198,1.2130323040277537,2.263536968418067,0.65,0.35,light
1.3468489868402511,1.3078749191979135,2.263536968418067,0.65,0.35,active
1.5603441274625667,1.1536716606117086,2.263536968418067,0.65,0.35,active
1.4371615935905746,1.1441381415484588,2.263536968418067,0.65,0.35,active
1.6414366715103674,1.320961373850353,2.263536968418067,0.65,0.35,active
1.2297239438515422,1.4790104795934473,2.263536968418067,0.65,0.35,light
1.20210672712465,1.0575036858887703,2.263536968418067,0.65,0.35,light
1.559292856418878,1.1971413287319759,2.263536968418067,0.65,0.35,active
1.1008596394288337,1.1836962410965854,2.263536968418067,0.65,0.35,light
1.4697622352899833,1.3060115907963388,2.263536968418067,0.65,0.35,active
1.5136477639716561,1.1976429534089217,2.263536968418067,0.65,0.35,active
1.2487962469964922,1.1001289318117897,2.263536968418067,0.65,0.35,light
1.3616164515224782,1.0691010208088636,2.263536968418067,0.65,0.35,active
1.1909218718034147,1.4227958580232887,2.263536968418067,0.65,0.35,light
1.2121247980767502,1.0855652659528057,2.263536968418067,0.65,0.35,light
1.4551349609773534,1.2336141070359168,2.263536968418067,0.65,0.35,active
1.1252307085763966,1.158630139119592,2.263536968418067,0.65,0.35,light
1.1701557672460186,1.1261916550093376,2.263536968418067,0.65,0.35,light
1.65955179925882,1.2086214075990254,2.263536968418067,0.65,0.35,active
1.5470202328402076,1.0378497302273226,2.263536968418067,0.65,0.35,active
1.5222425154914505,1.4940428769060468,2.263536968418067,0.65,0.35,active
1.4680195149032622,1.2926659256548598,2.263536968418067,0.65,0.35,active
1.4578734714891979,1.4379964992443568,2.263536968418067,0.65,0.35,active
1.717932797384636,1.2905918709094861,2.263536968418067,0.65,0.35,active
1.375964289152876,1.4578723341734634,2.263536968418067,0.65,0.35,active
1.1332897818084615,1.04013043556386,2.263536968418067,0.65,0.35,light
1.6054909595730802,1.0690302165198078,2.263536968418067,0.65,0.35,active
1.6192794148327612,1.1603326723291745,2.263536968418067,0.65,0.35,active
1.421631883259072,1.1331910924597817,2.263536968418067,0.65,0.35,active
1.4633973252880712,1.1723579505939508,2.263536968418067,0.65,0.35,active
1.4604674959021926,1.293116035836929,2.263536968418067,0.65,0.35,active
1.6879654713710155,1.217377091952234,2.263536968418067,0.65,0.35,active
1.4425684399763907,1.1469086961944561,2.263536968418067,0.65,0.35,active
1.5290548420396959,1.334906021770309,2.263536968418067,0.65,0.35,active
1.504940616002121,1.1044729288545445,2.263536968418067,0.65,0.35,active
1.267007719989061,1.0237040810319775,2.263536968418067,0.65,0.35,active
1.3883930630529053,1.3696582806848743,2.263536968418067,0.65,0.35,active
1.2666017803099314,1.0692270734170588,2.263536968418067,0.65,0.35,active
1.1498621291212152,1.0702125092044663,2.263536968418067,0.65,0.35,light
1.22744291948456,1.1494900490884215,2.263536968418067,0.65,0.35,light
1.6289902285962548,1.1819172303242507,2.263536968418067,0.65,0.35,active
1.6138355964932747,1.2834875518676043,2.263536968418067,0.65,0.35,active
1.4678797662882532,1.2696530937762749,2.263536968418067,0.65,0.35,active
1.219870771618322,1.1395601625637317,2.263536968418067,0.65,0.35,light
1.418753071414277,1.4542257937244254,2.263536968418067,0.65,0.35,active
1.2263008130695596,1.1363922272958806,2.263536968418067,0.65,0.35,light
1.6030030839896448,1.3388937598441308,2.263536968418067,0.65,0.35,active
1.4739647802784828,1.328307939039786,2.263536968418067,0.65,0.35,active
1.5477803161505514,1.3511767064571916,2.263536968418067,0.65,0.35,active
1.4852981387683681,1.2273594028843586,2.263536968418067,0.65,0.35,active
1.460049344339439,1.0947418429496203,2.263536968418067,0.65,0.35,active
1.5984993762075284,1.343929190230452,2.263536968418067,0.65,0.35,active
1.5495375954310802,1.2036782480933546,2.263536968418067,0.65,0.35,active
1.2164469744633792,1.3568384354270986,2.263536968418067,0.65,0.35,light
1.6104741883173361,1.2458301555426126,2.263536968418067,0.65,0.35,active
1.2174541653298756,1.0056136810000755,2.263536968418067,0.65,0.35,light
1.2317008018058442,1.0203439842426492,2.263536968418067,0.65,0.35,light
1.5600723884609942,1.420667737745987,2.263536968418067,0.65,0.35,active
1.6933536602224597,1.4221864414193306,2.263536968418067,0.65,0.35,active
1.4288771031157323,1.2130353185168892,2.263536968418067,0.65,0.35,active
1.1658380030266589,1.2419349765710308,2.263536968418067,0.65,0.35,light
1.1377961615465715,1.3927059640354904,2.263536968418067,0.65,0.35,light
1.0601012792311455,1.011604376935411,2.263536968418067,0.65,0.35,light
1.107270102597746,1.1330469011622721,2.263536968418067,0.65,0.35,light
1.1591885770436188,1.1059251132923975,2.263536968418067,0.65,0.35,light
1.6335456718645363,1.144009282607721,2.263536968418067,0.65,0.35,active
1.183094316408583,1.4129692514952084,2.263536968418067,0.65,0.35,light
1.508508700434619,1.1862909602652028,2.263536968418067,0.65,0.35,active
1.5525976201100173,1.1248537802598844,2.263536968418067,0.65,0.35,active
1.160943796999929,1.1492607893401425,2.263536968418067,0.65,0.35,light
1.6576900150394303,1.2117854778651642,2.263536968418067,0.65,0.35,active
1.4349183407293535,1.009890646838284,2.263536968418067,0.65,0.35,active
1.791254626189054,1.2296464183203113,2.263536968418067,0.65,0.35,active
1.4801207454706653,1.2100611510725625,2.263536968418067,0.65,0.35,active
1.673802698416296,1.4184883059006368,2.263536968418067,0.65,0.35,active
1.4062134801655017,1.4862017448759346,2.263536968418067,0.65,0.35,active
1.4239096772535722,1.4552232296243997,2.263536968418067,0.65,0.35,active
1.1752427078444438,1.1774440187623945,2.263536968418067,0.65,0.35,light
1.1978538023310157,1.2892379092559645,2.263536968418067,0.65,0.35,light
1.7131312185521974,1.3691765117622208,2.263536968418067,0.65,0.35,active
1.539408536416,1.40846919906145,2.263536968418067,0.65,0.35,active
1.5452240847990264,1.465364235748884,2.263536968418067,0.65,0.35,active
1.392852366621945,1.2437345414148906,2.263536968418067,0.65,0.35,active
1.2550978812464981,1.4237590509657188,2.263536968418067,0.65,0.35,light
1.390182373130915,1.491855552000131,2.263536968418067,0.65,0.35,active
1.5687632408115315,1.2161819097261677,2.263536968418067,0.65,0.35,active
1.6107692447193611,1.2241702851833773,2.263536968418067,0.65,0.35,active
1.4625719958230734,1.2476875028225252,2.263536968418067,0.65,0.35,active
1.5091444730971215,1.2103401640500526,2.263536968418067,0.65,0.35,active
1.6743436131188438,1.283431139324497,2.263536968418067,0.65,0.35,active
1.3851960443169233,1.064703032223895,2.263536968418067,0.65,0.35,active
1.2862578187588778,1.086997869857337,2.263536968418067,0.65,0.35,active
1.5354347088792986,1.4993289517476414,2.263536968418067,0.65,0.35,active
1.4403107392900707,1.3728681118234423,2.263536968418067,0.65,0.35,active
1.5333920890279646,1.0070962006204671,2.263536968418067,0.65,0.35,active
1.807537061444205,1.3716383433294816,2.263536968418067,0.65,0.35,active
1.3100313087364845,1.0264034816207839,2.263536968418067,0.65,0.35,active
1.6341810773097225,1.0351943407441537,2.263536968418067,0.65,0.35,active
1.265737911424009,1.0219333075093646,2.263536968418067,0.65,0.35,active
1.514986728584305,1.4724800390356398,2.263536968418067,0.65,0.35,active
1.1795071195402769,1.1079267113904807,2.263536968418067,0.65,0.35,light
1.6929212761438137,1.4016093180362175,2.263536968418067,0.65,0.35,active
1.6847966236642742,1.0482921739136943,2.263536968418067,0.65,0.35,active
1.177827163917649,1.2203415581979005,2.263536968418067,0.65,0.35,light
1.0615300245106503,1.1954372048123154,2.263536968418067,0.65,0.35,light
1.4881776519233838,1.2248515458571567,2.263536968418067,0.65,0.35,active
1.635382264564014,1.3381175085542294,2.61721461973339,0.4,0.35,active
1.6946750922991638,1.3193454198723824,2.61721461973339,0.4,0.35,active
1.360345356324675,1.128313581214002,2.61721461973339,0.4,0.35,active
1.3139418227023427,1.0003015281310463,2.61721461973339,0.4,0.35,active
1.2083263353679803,1.1946051073078245,2.61721461973339,0.4,0.35,active
1.334177756689367,1.2122725238930077,2.61721461973339,0.4,0.35,active
1.2002269337921354,1.188069165528599,2.61721461973339,0.4,0.35,active
1.4697959017130486,1.0062219761440745,2.61721461973339,0.4,0.35,active
1.4260458097755024,1.3178606413378815,2.61721461973339,0.4,0.35,active
1.54387236043452,1.2121775399158345,2.61721461973339,0.4,0.35,active
1.4220784176968446,1.388492290738899,2.61721461973339,0.4,0.35,active
1.0801739904141319,1.2355807034127653,2.61721461973339,0.4,0.35,light
1.7398701982341604,1.1071719924249053,2.61721461973339,0.4,0.35,heavy
1.5713458275263186,1.149632300598121,2.61721461973339,0.4,0.35,active
1.2969185051681602,1.2924499444271214,2.61721461973339,0.4,0.35,active
1.493689167412113,1.3891468909164362,2.61721461973339,0.4,0.35,active
1.6351171947557566,1.427359169098778,2.61721461973339,0.4,0.35,active
1.1813794245079112,1.4511168679721425,2.61721461973339,0.4,0.35,active
1.5150365349174666,1.4546264861318485,2.61721461973339,0.4,0.35,active
1.2940178804103952,1.3396658571212916,2.61721461973339,0.4,0.35,active
1.221656956526481,1.2248866937451197,2.61721461973339,0.4,0.35,active
1.745443180995572,1.0792847874331488,2.61721461973339,0.4,0.35,heavy
1.690380951770127,1.3790093351707302,2.61721461973339,0.4,0.35,active
1.7536551782787975,1.243516330881036,2.61721461973339,0.4,0.35,heavy
1.5182159706494307,1.4787368530069374,2.61721461973339,0.4,0.35,active
1.5525848367951982,1.262177005374158,2.61721461973339,0.4,0.35,active
1.4476113410987246,1.2376005227779898,2.61721461973339,0.4,0.35,active
1.2775394246648697,1.372231914224533,2.61721461973339,0.4,0.35,active
1.514567573106157,1.440091980430862,2.61721461973339,0.4,0.35,active
1.0738620478646212,1.314611995626367,2.61721461973339,0.4,0.35,light
1.2947819594673942,1.4437995266054786,2.61721461973339,0.4,0.35,active
1.7662320841052992,1.0988433117711964,2.61721461973339,0.4,0.35,heavy
1.1925980131899574,1.374251171455294,2.61721461973339,0.4,0.35,active
1.4696821925951349,1.1090292185887363,2.61721461973339,0.4,0.35,active
1.4628437161756216,1.2772889446839018,2.61721461973339,0.4,0.35,active
1.1928158147537757,1.2671346754338926,2.61721461973339,0.4,0.35,active
1.6181028628580691,1.4198184967137133,2.61721461973339,0.4,0.35,active
1.15130000701554,1.1229518322002476,2.61721461973339,0.4,0.35,light
1.305530782025393,1.2912512207347466,2.61721461973339,0.4,0.35,active
1.2789772320273378,1.1340682114175733,2.61721461973339,0.4,0.35,active
1.4772411560533396,1.2521415938367029,2.61721461973339,0.4,0.35,active
1.4863993025818354,1.0985356179874592,2.61721461973339,0.4,0.35,active
1.3038583725199437,1.4459343012617734,2.61721461973339,0.4,0.35,active
1.5912578339536174,1.162509161802009,2.61721461973339,0.4,0.35,active
1.4493001725593828,1.0481723821253262,2.61721461973339,0.4,0.35,active
1.6142377799148189,1.116813721400197,2.61721461973339,0.4,0.35,active
1.6542363446590522,1.4334591519188877,2.61721461973339,0.4,0.35,active
1.4556775422712465,1.0390989673643876,2.61721461973339,0.4,0.35,active
1.7264939275462494,1.1864658162638375,2.61721461973339,0.4,0.35,heavy
1.6646646226396888,1.0723066450658774,2.61721461973339,0.4,0.35,active
1.5321759166287507,1.0250799654580993,2.61721461973339,0.4,0.35,active
1.2141477551475581,1.1858167692698758,2.61721461973339,0.4,0.35,active
1.5110031312907874,1.2939138147614069,2.61721461973339,0.4,0.35,active
1.4251569621731703,1.0032357391406794,2.61721461973339,0.4,0.35,active
1.3759304504947116,1.1902713105995708,2.61721461973339,0.4,0.35,active
1.5827852602933214,1.4136779301423115,2.61721461973339,0.4,0.35,active
1.3340868289906322,1.2305764276494882,2.61721461973339,0.4,0.35,active
1.464357588611574,1.2827351597168033,2.61721461973339,0.4,0.35,active
1.728627825097945,1.392257758463694,2.61721461973339,0.4,0.35,heavy
1.3537248886411406,1.2732171455678731,2.61721461973339,0.4,0.35,active
1.2486827496846846,1.0730523079476137,2.61721461973339,0.4,0.35,active
1.4086181943073588,1.4081757766714451,2.61721461973339,0.4,0.35,active
1.8134243755305108,1.0547199996590997,2.61721461973339,0.4,0.35,heavy
1.5014289905453042,1.4738111365543642,2.61721461973339,0.4,0.35,active
1.5038277127232986,1.0750185864560016,2.61721461973339,0.4,0.35,active
1.4452296152585988,1.2024856144606872,2.61721461973339,0.4,0.35,active
1.62565750351757,1.017687268152918,2.61721461973339,0.4,0.35,active
1.4212549920540751,1.2395697553186327,2.61721461973339,0.4,0.35,active
1.7288028101121695,1.2424989919867295,2.61721461973339,0.4,0.35,heavy
1.5383064767443377,1.4525547710204898,2.61721461973339,0.4,0.35,active
1.307835460791653,1.0147870030357886,2.61721461973339,0.4,0.35,active
1.4804016535099438,1.1611200708797715,2.61721461973339,0.4,0.35,active
1.3420473283238459,1.4732875373722436,2.61721461973339,0.4,0.35,active
1.077045483144533,1.3925067044204833,2.61721461973339,0.4,0.35,light
1.1738000443281043,1.2904321134416805,2.61721461973339,0.4,0.35,active
1.2673865032878382,1.2078266483517561,2.61721461973339,0.4,0.35,active
1.5738298059641334,1.083500175525375,2.61721461973339,0.4,0.35,active
1.595641755513844,1.018929112024401,2.61721461973339,0.4,0.35,active
1.6839400391330719,1.4301175644782995,2.61721461973339,0.4,0.35,active
1.6176142656079084,1.467725740948269,2.61721461973339,0.4,0.35,active
1.37804001673632,1.3899437051585273,2.61721461973339,0.4,0.35,active
1.2087677145641575,1.4343095463683746,2.61721461973339,0.4,0.35,active
1.1312433729639721,1.0286802928548986,2.61721461973339,0.4,0.35,light
1.2440421109560327,1.1476849289290645,2.61721461973339,0.4,0.35,active
1.2994972923371653,1.0147137319555093,2.61721461973339,0.4,0.35,active
1.1252609319473732,1.2350999850720976,2.61721461973339,0.4,0.35,light
1.409958978259549,1.2483326611251306,2.61721461973339,0.4,0.35,active
1.713136781643837,1.0695648011569203,2.61721461973339,0.4,0.35,active
1.5170918744604793,1.024503972970558,2.61721461973339,0.4,0.35,active
1.3846789052463413,1.1860099435749984,2.61721461973339,0.4,0.35,active
1.1571038495020318,1.0841327390716156,2.61721461973339,0.4,0.35,light
1.2568495590935957,1.2187873289587343,2.61721461973339,0.4,0.35,active
1.7501794103938793,1.2293345199815735,2.61721461973339,0.4,0.35,heavy
1.4730955524279057,1.2766320012710533,2.61721461973339,0.4,0.35,active
1.6642435847051564,1.1813178553003727,2.61721461973339,0.4,0.35,active
1.6338312243441806,1.1317390313183329,2.61721461973339,0.4,0.35,active
1.5151735591120257,1.2632949790395909,2.61721461973339,0.4,0.35,active
1.6899955544641572,1.2583817653034348,2.61721461973339,0.4,0.35,active
1.7310117604198931,1.187569001188298,2.61721461973339,0.4,0.35,heavy
1.1921868908701827,1.4339438341959483,2.61721461973339,0.4,0.35,active
1.1904561976026233,1.346783968971712,2.61721461973339,0.4,0.35,active
1.6207192633776875,1.034998387703543,2.61721461973339,0.4,0.35,active
1.5475739162158537,1.4770626372238609,2.61721461973339,0.4,0.35,active
1.0998690663009727,1.013287493815759,2.61721461973339,0.4,0.35,light
1.4924834619920833,1.2127869746392967,2.61721461973339,0.4,0.35,active
1.4511654833645136,1.2202518297776854,2.61721461973339,0.4,0.35,active
1.181262703832545,1.4787594122072734,2.61721461973339,0.4,0.35,active
1.3604052703359164,1.355538366115368,2.61721461973339,0.4,0.35,active
1.4137860331121281,1.2564350855731239,2.61721461973339,0.4,0.35,active
1.4129603517547944,1.2385156249294302,2.61721461973339,0.4,0.35,active
1.0947534325518422,1.1675684947977967,2.61721461973339,0.55,0.35,light
1.6033051878511593,1.3277574859566041,2.61721461973339,0.55,0.35,active
1.5375046244935304,1.0253567009369713,2.61721461973339,0.55,0.35,active
1.3192694162993088,1.151199010369598,2.61721461973339,0.55,0.35,light
1.1369067719934667,1.2235831459058466,2.61721461973339,0.55,0.35,light
1.1071293326430525,1.2975946031913241,2.61721461973339,0.55,0.35,light
1.0962105665831579,1.2713753792302067,2.61721461973339,0.55,0.35,light
1.4966613018898585,1.3525321671639792,2.61721461973339,0.55,0.35,active
1.4110074507514005,1.4764984066273423,2.61721461973339,0.55,0.35,active
1.5342270996032343,1.094282028467783,2.61721461973339,0.55,0.35,active
1.3990504367635292,1.4992997222122346,2.61721461973339,0.55,0.35,active
1.2238510020740314,1.4753146705693587,2.61721461973339,0.55,0.35,light
1.5729102718192105,1.3440738496783737,2.61721461973339,0.55,0.35,active
1.1480845623869103,1.0448971689452065,2.61721461973339,0.55,0.35,light
1.6719557133663066,1.111024336258583,2.61721461973339,0.55,0.35,active
1.515775319499265,1.0212783184268888,2.61721461973339,0.55,0.35,active
1.1414681004149205,1.081106999713025,2.61721461973339,0.55,0.35,light
1.2960186974804873,1.4951553787937757,2.61721461973339,0.55,0.35,light
1.29709506806657,1.383415715204587,2.61721461973339,0.55,0.35,light
1.517341985934935,1.307204535711473,2.61721461973339,0.55,0.35,active
1.6808330627261958,1.0903876416226503,2.61721461973339,0.55,0.35,active
1.52467968288374,1.0022910209834845,2.61721461973339,0.55,0.35,active
1.3871783789518495,1.2237122361827788,2.61721461973339,0.55,0.35,active
1.5024141484357585,1.3122403883986393,2.61721461973339,0.55,0.35,active
1.6564839503907334,1.2031838134631805,2.61721461973339,0.55,0.35,active
1.1479218274297116,1.3071453300362874,2.61721461973339,0.55,0.35,light
1.1333723498457713,1.3825971729298674,2.61721461973339,0.55,0.35,light
1.570341156586883,1.2944276625996596,2.61721461973339,0.55,0.35,active
1.166369977007246,1.2129681986966954,2.61721461973339,0.55,0.35,light
1.343516463495971,1.3451985434983038,2.61721461973339,0.55,0.35,light
1.5061522319329115,1.2515555778079104,2.61721461973339,0.55,0.35,active
1.5211678645850397,1.1434458194845645,2.61721461973339,0.55,0.35,active
1.4072188166236341,1.2225937292201683,2.61721461973339,0.55,0.35,active
1.6796122896941088,1.4382318341847853,2.61721461973339,0.55,0.35,active
1.7566387956483644,1.2982455986454213,2.61721461973339,0.55,0.35,active
1.614891336539535,1.4732620888291672,2.61721461973339,0.55,0.35,active
1.4583697258939274,1.3223659172515358,2.61721461973339,0.55,0.35,active
1.092774819994043,1.0264042565773337,2.61721461973339,0.55,0.35,light
1.6586886187984378,1.367861065059187,2.61721461973339,0.55,0.35,active
1.2137908196128775,1.0849476584309978,2.61721461973339,0.55,0.35,light
1.7480692932284672,1.2885729718919454,2.61721461973339,0.55,0.35,active
1.2782292658845762,1.1463611555242286,2.61721461973339,0.55,0.35,light
1.635915835684068,1.3098272902365042,2.61721461973339,0.55,0.35,active
1.5067514844431569,1.252304375496827,2.61721461973339,0.55,0.35,active
1.0947658433884642,1.370303189898462,2.61721461973339,0.55,0.35,light
1.5375974531923824,1.3248092383411398,2.61721461973339,0.55,0.35,active
1.4983088450582234,1.1206450375078207,2.61721461973339,0.55,0.35,active
1.4654933460368444,1.0752773267504931,2.61721461973339,0.55,0.35,active
1.3463191052142365,1.2529797789553885,2.61721461973339,0.55,0.35,light
1.369590125967763,1.0047101521330135,2.61721461973339,0.55,0.35,active
1.2844748618567094,1.3180564129921422,2.61721461973339,0.55,0.35,light
1.570590514596788,1.4244405712099462,2.61721461973339,0.55,0.35,active
1.6238652801490514,1.1843738466787774,2.61721461973339,0.55,0.35,active
1.2315303666202309,1.150375754950713,2.61721461973339,0.55,0.35,light
1.6605898380667792,1.3393166988930914,2.61721461973339,0.55,0.35,active
1.2687720144234609,1.4985583660709638,2.61721461973339,0.55,0.35,light
1.3893916006107585,1.41608566327989,2.61721461973339,0.55,0.35,active
1.3931206537225338,1.2843277861319775,2.61721461973339,0.55,0.35,active
1.639759772573284,1.2536372257766881,2.61721461973339,0.55,0.35,active
1.4880954717050585,1.0673942898216031,2.61721461973339,0.55,0.35,active
1.5640706627373162,1.1780525308586296,2.61721461973339,0.55,0.35,active
1.1558610390477628,1.4748106568166324,2.61721461973339,0.55,0.35,light
1.4241889420513805,1.1043427847275105,2.61721461973339,0.55,0.35,active
1.7630511871772792,1.11995036549868,2.61721461973339,0.55,0.35,active
1.2229411656342426,1.2190124018863426,2.61721461973339,0.55,0.35,light
1.11091247188622,1.2288764803524201,2.61721461973339,0.55,0.35,light
1.4644716050293305,1.0380227031353342,2.61721461973339,0.55,0.35,active
1.0930936666297812,1.26480855568607,2.61721461973339,0.55,0.35,light
1.4798709383307536,1.4424127728782112,2.61721461973339,0.55,0.35,active
1.3461917077690104,1.3085465755283745,2.61721461973339,0.55,0.35,light
1.688862486551359,1.3517152941312967,2.61721461973339,0.55,0.35,active
1.5535129729876764,1.1742289594117425,2.61721461973339,0.55,0.35,active
1.5298992925322668,1.0513762362301051,2.61721461973339,0.55,0.35,active
1.2466552416735026,1.408409302688955,2.61721461973339,0.55,0.35,light
1.643686479895555,1.3743979130633464,2.61721461973339,0.55,0.35,active
1.077606694585449,1.4520954772431645,2.61721461973339,0.55,0.35,light
1.3391431426655727,1.2098328643206504,2.61721461973339,0.55,0.35,light
1.6355752870774065,1.2379669868349494,2.61721461973339,0.55,0.35,active
1.3324317933607348,1.4628656743542074,2.61721461973339,0.55,0.35,light
1.2238785295522796,1.4751950413225685,2.61721461973339,0.55,0.35,light
1.5109363435015586,1.4212561956205152,2.61721461973339,0.55,0.35,active
1.4869751963654123,1.2730507715787043,2.61721461973339,0.55,0.35,active
1.7461370925343052,1.1630066897295317,2.61721461973339,0.55,0.35,active
1.2250316186360208,1.288396327890536,2.61721461973339,0.55,0.35,light
1.4609738094872864,1.0490728249209014,2.61721461973339,0.55,0.35,active
1.559293147891824,1.1405452408067414,2.61721461973339,0.55,0.35,active
1.404439590708298,1.4088155380757978,2.61721461973339,0.55,0.35,active
1.2038413057774127,1.0548989741106956,2.61721461973339,0.55,0.35,light
1.4785635558733485,1.2611720597789857,2.61721461973339,0.55,0.35,active
1.6831175290433074,1.0693685242300077,2.61721461973339,0.55,0.35,active
1.7366247070827636,1.0145773937447045,2.61721461973339,0.55,0.35,active
1.7171585762665116,1.1276793260589693,2.61721461973339,0.55,0.35,active
1.3430222644329808,1.386534451437517,2.61721461973339,0.55,0.35,light
1.4856135639206653,1.3620552544601148,2.61721461973339,0.55,0.35,active
1.3021633488590456,1.3097044259781572,2.61721461973339,0.55,0.35,light
1.560066399064908,1.2894543282742599,2.61721461973339,0.55,0.35,active
1.3798391719855323,1.285281316662651,2.61721461973339,0.55,0.35,active
1.657164144359267,1.0510638794632092,2.61721461973339,0.55,0.35,active
1.4503302977870483,1.4743930330378432,2.61721461973339,0.55,0.35,active
1.5646138169777715,1.3202137476647715,2.61721461973339,0.55,0.35,active
1.5812491498264367,1.368767626010121,2.61721461973339,0.55,0.35,active
1.5342454965261487,1.0285226549195632,2.61721461973339,0.55,0.35,active
1.1864252841893415,1.0879964931426336,2.61721461973339,0.55,0.35,light
1.4695639807636844,1.443221482959864,2.61721461973339,0.55,0.35,active
1.6625002354254648,1.1138742462428932,2.61721461973339,0.55,0.35,active
1.3741195909173292,1.1577767683147804,2.61721461973339,0.55,0.35,active
1.2979255984254012,1.1304233901872964,2.61721461973339,0.55,0.35,light
1.468806708165856,1.0921377619961659,2.61721461973339,0.55,0.35,active
1.4206876699283868,1.3118691376918425,2.61721461973339,0.55,0.35,active
1.5664010738915968,1.28482051514692,2.61721461973339,0.55,0.35,active
1.4153710378524296,1.020689577145733,2.61721461973339,0.65,0.35,light
1.2576071550562749,1.3255571443870502,2.61721461973339,0.65,0.35,light
1.654543044982546,1.1618115139697405,2.61721461973339,0.65,0.35,active
1.311665261299296,1.4543659739104995,2.61721461973339,0.65,0.35,light
1.481020662068714,1.4084416091006675,2.61721461973339,0.65,0.35,active
1.5738298059641334,1.083500175525375,2.61721461973339,0.65,0.35,active
1.2440634042103131,1.0101668045990955,2.61721461973339,0.65,0.35,light
1.484874249689685,1.1502117044389322,2.61721461973339,0.65,0.35,active
1.5585175349563032,1.2484449558863437,2.61721461973339,0.65,0.35,active
1.2746852370122574,1.2531795509503532,2.61721461973339,0.65,0.35,light
1.589309881777299,1.3986957390952923,2.61721461973339,0.65,0.35,active
1.4235860653274441,1.3160875514507593,2.61721461973339,0.65,0.35,light
1.4828295023525597,1.0376938570295653,2.61721461973339,0.65,0.35,active
1.612189824175773,1.149225616613831,2.61721461973339,0.65,0.35,active
1.6766316331444189,1.0398477011824954,2.61721461973339,0.65,0.35,active
1.4271877569564975,1.478164217597388,2.61721461973339,0.65,0.35,light
1.4638445594429979,1.427122517977401,2.61721461973339,0.65,0.35,active
1.6815522348505383,1.4252542114043405,2.61721461973339,0.65,0.35,active
1.2575525080171512,1.2932878960580887,2.61721461973339,0.65,0.35,light
1.3699102566928705,1.2899156102020275,2.61721461973339,0.65,0.35,light
1.2874544013454448,1.1030265735717337,2.61721461973339,0.65,0.35,light
1.2098601100044877,1.2505622809845724,2.61721461973339,0.65,0.35,light
1.1518166091503137,1.1663327698596455,2.61721461973339,0.65,0.35,light
1.723386863831476,1.0224204024889179,2.61721461973339,0.65,0.35,active
1.3426453343637574,1.091472005554484,2.61721461973339,0.65,0.35,light
1.2757394432398395,1.4629238726763856,2.61721461973339,0.65,0.35,light
1.2028831912490383,1.3546850813762408,2.61721461973339,0.65,0.35,light
1.4037138308194848,1.0324243686585872,2.61721461973339,0.65,0.35,light
1.2667496198893473,1.484302152287359,2.61721461973339,0.65,0.35,light
1.6113607870765148,1.394714697107033,2.61721461973339,0.65,0.35,active
1.614891336539535,1.4732620888291672,2.61721461973339,0.65,0.35,active
1.501741146349964,1.1350352439796634,2.61721461973339,0.65,0.35,active
1.4178944009223637,1.2527693511865037,2.61721461973339,0.65,0.35,light
1.5893924860430637,1.0702245958541485,2.61721461973339,0.65,0.35,active
1.5100879079997374,1.166501866461459,2.61721461973339,0.65,0.35,active
1.5198506887680345,1.176852670680907,2.61721461973339,0.65,0.35,active
1.724486505818425,1.3306815971446981,2.61721461973339,0.65,0.35,active
1.1270676314157757,1.1341204773498943,2.61721461973339,0.65,0.35,light
1.6136117150581133,1.1618962451348338,2.61721461973339,0.65,0.35,active
1.7790394460519727,1.41207333140478,2.61721461973339,0.65,0.35,active
1.431621301064955,1.315627431354443,2.61721461973339,0.65,0.35,light
1.5446354850870732,1.3875092632356278,2.61721461973339,0.65,0.35,active
1.23460063089234,1.4173598012930178,2.61721461973339,0.65,0.35,light
1.0812353559791907,1.1827889525357946,2.61721461973339,0.65,0.35,light
1.652269617575604,1.4740065424020956,2.61721461973339,0.65,0.35,active
1.638897840201779,1.4979997317175842,2.61721461973339,0.65,0.35,active
1.7073031034192183,1.4025038717524712,2.61721461973339,0.65,0.35,active
1.7330533789069413,1.067893557114584,2.61721461973339,0.65,0.35,active
1.4263273108289658,1.2565321505751308,2.61721461973339,0.65,0.35,light
1.2421787545254594,1.3503072341265618,2.61721461973339,0.65,0.35,light
1.518725216032899,1.362339833833991,2.61721461973339,0.65,0.35,active
1.107270102597746,1.1330469011622721,2.61721461973339,0.65,0.35,light
1.4991559752045893,1.2942443096992045,2.61721461973339,0.65,0.35,active
1.2416447298096884,1.2153852975681447,2.61721461973339,0.65,0.35,light
1.140344660932666,1.4843297472881098,2.61721461973339,0.65,0.35,light
1.6666413525582844,1.0074386253744536,2.61721461973339,0.65,0.35,active
1.746403840389125,1.1590366214849344,2.61721461973339,0.65,0.35,active
1.5595314196165595,1.190765015247501,2.61721461973339,0.65,0.35,active
1.3707690914722297,1.0067559770371923,2.61721461973339,0.65,0.35,light
1.1354679660747922,1.0951261837165178,2.61721461973339,0.65,0.35,light
1.4872069909809649,1.298943760024757,2.61721461973339,0.65,0.35,active
1.5724942918078406,1.2833099771929912,2.61721461973339,0.65,0.35,active
1.21640396002737,1.2124423916544558,2.61721461973339,0.65,0.35,light
1.6954528795608836,1.392327170029569,2.61721461973339,0.65,0.35,active
1.5363689879664282,1.2619809035873593,2.61721461973339,0.65,0.35,active
1.4028570721901226,1.3377164232995684,2.61721461973339,0.65,0.35,light
1.3930315859328521,1.0917871261961212,2.61721461973339,0.65,0.35,light
1.204659186957068,1.3466111357431494,2.61721461973339,0.65,0.35,light
1.5818238981779331,1.4647209765206075,2.61721461973339,0.65,0.35,active
1.2591400521565068,1.1099987240705909,2.61721461973339,0.65,0.35,light
1.7111156159094452,1.438422993294256,2.61721461973339,0.65,0.35,active
1.6220073025119877,1.2216836574590917,2.61721461973339,0.65,0.35,active
1.6348662378825816,1.4766531614982092,2.61721461973339,0.65,0.35,active
1.6290987654834101,1.1685787423733172,2.61721461973339,0.65,0.35,active
1.1478506638213521,1.131592692290991,2.61721461973339,0.65,0.35,light
1.135467809341315,1.382996815399335,2.61721461973339,0.65,0.35,light
1.6299864840291978,1.1242779040707727,2.61721461973339,0.65,0.35,active
1.2692429866022141,1.141240463176966,2.61721461973339,0.65,0.35,light
1.1832902962575558,1.2736020816123559,2.61721461973339,0.65,0.35,light
1.383958765525033,1.3943492962293038,2.61721461973339,0.65,0.35,light
1.7638192905152765,1.3775830252533177,2.61721461973339,0.65,0.35,active
1.5065659646211673,1.1067699666472683,2.61721461973339,0.65,0.35,active
1.089049955936976,1.284022279615101,2.61721461973339,0.65,0.35,light
1.0927443405147543,1.4518952248455022,2.61721461973339,0.65,0.35,light
1.510216422764031,1.488149205723664,2.61721461973339,0.65,0.35,active
1.576397836126874,1.4422936107717927,2.61721461973339,0.65,0.35,active
1.827285325819435,1.3342747392349938,2.61721461973339,0.65,0.35,active
1.273461525178828,1.4375973632231587,2.61721461973339,0.65,0.35,light
1.45318667190934,1.0026474746831016,2.61721461973339,0.65,0.35,light
1.484255620660369,1.1843502712630056,2.61721461973339,0.65,0.35,active
1.5282206014579849,1.0015458832039468,2.61721461973339,0.65,0.35,active
1.5139215499148653,1.3652760327100133,2.61721461973339,0.65,0.35,active
1.4680195149032622,1.2926659256548598,2.61721461973339,0.65,0.35,active
1.4573449785253811,1.077507009011164,2.61721461973339,0.65,0.35,light
1.5425735470545494,1.129620179658039,2.61721461973339,0.65,0.35,active
1.1737839060376813,1.1934450509762788,2.61721461973339,0.65,0.35,light
1.104756445679579,1.4411851552075245,2.61721461973339,0.65,0.35,light
1.6174733174406906,1.443755351450706,2.61721461973339,0.65,0.35,active
1.1592253401803567,1.3755239493560056,2.61721461973339,0.65,0.35,light
1.2942875477704214,1.0464311040591727,2.61721461973339,0.65,0.35,light
1.4031851706286809,1.185855492117867,2.61721461973339,0.65,0.35,light
1.5334941291836774,1.1415623006215987,2.61721461973339,0.65,0.35,active
1.520194988763215,1.2868211452605371,2.61721461973339,0.65,0.35,active
1.225034685361437,1.3849131602493023,2.61721461973339,0.65,0.35,light
1.1187902659460562,1.0342661579890484,2.61721461973339,0.65,0.35,light
1.5261738979474302,1.238771093734019,2.61721461973339,0.65,0.35,active
1.7548627565922554,1.4346468300247206,2.61721461973339,0.65,0.35,active
1.0989030770108397,1.2929060123093519,2.61721461973339,0.65,0.35,light
1.5132742997355781,1.4068778196944112,2.61721461973339,0.65,0.35,active
1.4813144761113077,1.4587045605341125,2.61721461973339,0.65,0.35,active
1.2494764978342114,1.3650221022222644,2.970892271048713,0.4,0.35,light
1.2190767667174778,1.363422352695003,2.970892271048713,0.4,0.35,light
1.1990015082550494,1.4484507301333422,2.970892271048713,0.4,0.35,light
1.3196954767897298,1.428914378812658,2.970892271048713,0.4,0.35,light
1.4958274213314793,1.3367031883775802,2.970892271048713,0.4,0.35,active
1.6609531424057578,1.0890100306995882,2.970892271048713,0.4,0.35,active
1.1300333516393202,1.3341835852296078,2.970892271048713,0.4,0.35,light
1.316052561814674,1.4992727937113872,2.970892271048713,0.4,0.35,light
1.267841523179484,1.208017345480927,2.970892271048713,0.4,0.35,light
1.4217478376206942,1.0851051506628309,2.970892271048713,0.4,0.35,active
1.3093252537440478,1.2720333625522589,2.970892271048713,0.4,0.35,light
1.7597215577508487,1.4811403884791383,2.970892271048713,0.4,0.35,active
1.1503091831831609,1.1640589702922681,2.970892271048713,0.4,0.35,light
1.5615791092027014,1.0871488061655075,2.970892271048713,0.4,0.35,active
1.600511663807119,1.4053484033141492,2.970892271048713,0.4,0.35,active
1.4223066469067147,1.2187872076676773,2.970892271048713,0.4,0.35,active
1.5229580350312921,1.355956179154863,2.970892271048713,0.4,0.35,active
1.2472226918255243,1.0145987478617493,2.970892271048713,0.4,0.35,light
1.6319118444575875,1.198327703040464,2.970892271048713,0.4,0.35,active
1.350570064951462,1.3881674478716461,2.970892271048713,0.4,0.35,active
1.4521581555190233,1.4297545069698665,2.970892271048713,0.4,0.35,active
1.5761106357185142,1.1918878967861322,2.970892271048713,0.4,0.35,active
1.376602399006295,1.249094944100376,2.970892271048713,0.4,0.35,active
1.5610184372731977,1.1265532582797384,2.970892271048713,0.4,0.35,active
1.325500019589464,1.303432070227033,2.970892271048713,0.4,0.35,light
1.6607625094636993,1.215724848662822,2.970892271048713,0.4,0.35,active
1.6438913645916162,1.0989456309369627,2.970892271048713,0.4,0.35,active
1.5821580447659136,1.261759759667561,2.970892271048713,0.4,0.35,active
1.711052809687997,1.146654841937916,2.970892271048713,0.4,0.35,active
1.5693454906329543,1.4995972421373263,2.970892271048713,0.4,0.35,active
1.5776672695558989,1.448159571416973,2.970892271048713,0.4,0.35,active
1.4677811417051057,1.405916197511071,2.970892271048713,0.4,0.35,active
1.7602880750696588,1.1019518509394204,2.970892271048713,0.4,0.35,active
1.5112642136053502,1.2558591124495935,2.970892271048713,0.4,0.35,active
1.1271054670638028,1.0438996551252973,2.970892271048713,0.4,0.35,light
1.49092791202293,1.2390669179182132,2.970892271048713,0.4,0.35,active
1.5102967383665762,1.3730799113032872,2.970892271048713,0.4,0.35,active
1.236087647679969,1.3112812847229216,2.970892271048713,0.4,0.35,light
1.5826911371258483,1.3804881234599309,2.970892271048713,0.4,0.35,active
1.2320483990122142,1.3595951627948017,2.970892271048713,0.4,0.35,light
1.2134800221724338,1.1998996832130313,2.970892271048713,0.4,0.35,light
1.221341704603098,1.3841180506148443,2.970892271048713,0.4,0.35,light
1.6095364868634203,1.0769576043717046,2.970892271048713,0.4,0.35,active
1.45304822263245,1.2590178078167573,2.970892271048713,0.4,0.35,active
1.5459799389079654,1.363122743484773,2.970892271048713,0.4,0.35,active
1.1891777722784191,1.3362681203398066,2.970892271048713,0.4,0.35,light
1.6699101767741595,1.0644513634867674,2.970892271048713,0.4,0.35,active
1.6172059613548118,1.4681313843511148,2.970892271048713,0.4,0.35,active
1.735021486111185,1.000185800501933,2.970892271048713,0.4,0.35,active
1.29965027142953,1.4034588244646196,2.970892271048713,0.4,0.35,light
1.0961428377217473,1.113653804579201,2.970892271048713,0.4,0.35,light
1.3860296524081464,1.3726806584773874,2.970892271048713,0.4,0.35,active
1.554733107696676,1.1550034569203071,2.970892271048713,0.4,0.35,active
1.173244725336064,1.169621175450934,2.970892271048713,0.4,0.35,light
1.5565315415897016,1.3686477379974216,2.970892271048713,0.4,0.35,active
1.6596032124620166,1.4780919861845065,2.970892271048713,0.4,0.35,active
1.6349728893280862,1.142461340144794,2.970892271048713,0.4,0.35,active
1.4801736675191763,1.1081483111626738,2.970892271048713,0.4,0.35,active
1.491304377715774,1.0166041101889247,2.970892271048713,0.4,0.35,active
1.2198170488298403,1.0389579693974016,2.970892271048713,0.4,0.35,light
1.4819458789362345,1.0975586193045457,2.970892271048713,0.4,0.35,active
1.584184836270468,1.002038443677574,2.970892271048713,0.4,0.35,active
1.4625895563639897,1.3830887022376317,2.970892271048713,0.4,0.35,active
1.2700105911841701,1.0974997869895924,2.970892271048713,0.4,0.35,light
1.3666746417162798,1.2680216984208506,2.970892271048713,0.4,0.35,active
1.4887799362762697,1.2082402271681318,2.970892271048713,0.4,0.35,active
1.3951720106378007,1.3809294413360207,2.970892271048713,0.4,0.35,active
1.2341750041689687,1.2281912652156939,2.970892271048713,0.4,0.35,light
1.4259860552310866,1.21036485281836,2.970892271048713,0.4,0.35,active
1.2148405532752793,1.3508382348798054,2.970892271048713,0.4,0.35,light
1.3496383609727511,1.2104967147935444,2.970892271048713,0.4,0.35,active
1.2677354987829073,1.428113028300204,2.970892271048713,0.4,0.35,light
1.2534675333455425,1.102621139126609,2.970892271048713,0.4,0.35,light
1.4936121349850964,1.160371753900928,2.970892271048713,0.4,0.35,active
1.5686291828783328,1.0604351158109995,2.970892271048713,0.4,0.35,active
1.3908931659335382,1.480719875827861,2.970892271048713,0.4,0.35,active
1.2663640316555484,1.07216128283764,2.970892271048713,0.4,0.35,light
1.2440634042103131,1.0101668045990955,2.970892271048713,0.4,0.35,light
1.4150316528165032,1.480354992625783,2.970892271048713,0.4,0.35,active
1.5779617296144024,1.2693162597299656,2.970892271048713,0.4,0.35,active
1.5145957921065818,1.4631943340663178,2.970892271048713,0.4,0.35,active
1.571111435653513,1.2454063694311246,2.970892271048713,0.4,0.35,active
1.4545410504001965,1.3876701247192542,2.970892271048713,0.4,0.35,active
1.8000443585413415,1.2710635871688984,2.970892271048713,0.4,0.35,active
1.7787440833360484,1.3809807668896235,2.970892271048713,0.4,0.35,active
1.6224332290590127,1.0909954490914962,2.970892271048713,0.4,0.35,active
1.4204869276259662,1.1778140862034847,2.970892271048713,0.4,0.35,active
1.6477307382186306,1.2557764469000512,2.970892271048713,0.4,0.35,active
1.1503479133390089,1.0331303575846855,2.970892271048713,0.4,0.35,light
1.5251457392112018,1.2168256256018823,2.970892271048713,0.4,0.35,active
1.1295924696152138,1.1896071087669602,2.970892271048713,0.4,0.35,light
1.1141099465177362,1.1832400561905196,2.970892271048713,0.4,0.35,light
1.1066166059293945,1.2640207792444675,2.970892271048713,0.4,0.35,light
1.602303910699738,1.1480534137970757,2.970892271048713,0.4,0.35,active
1.5101443895039108,1.2387140494167213,2.970892271048713,0.4,0.35,active
1.3960196589420066,1.3853244021583073,2.970892271048713,0.4,0.35,active
1.641356421893407,1.0774738454815596,2.970892271048713,0.4,0.35,active
1.425830048253916,1.4255298936386005,2.970892271048713,0.4,0.35,active
1.696120378812685,1.139179892865688,2.970892271048713,0.4,0.35,active
1.452489177183529,1.069124305767171,2.970892271048713,0.4,0.35,active
1.2587661811606359,1.480697780287976,2.970892271048713,0.4,0.35,light
1.58290881506104,1.2856413979116017,2.970892271048713,0.4,0.35,active
1.5799309281759144,1.3905742144475965,2.970892271048713,0.4,0.35,active
1.6027722048290907,1.0581877332885132,2.970892271048713,0.4,0.35,active
1.5763769768159408,1.0585149824747084,2.970892271048713,0.4,0.35,active
1.651532038949165,1.0930922449303135,2.970892271048713,0.4,0.35,active
1.4720402036433073,1.0354403101160017,2.970892271048713,0.4,0.35,active
1.4590597290687763,1.430552403975998,2.970892271048713,0.4,0.35,active
1.3062954623847656,1.3589159150132097,2.970892271048713,0.4,0.35,light
1.318704752669219,1.2211225387375284,2.970892271048713,0.4,0.35,light
1.6698042708666172,1.3071360572969781,2.970892271048713,0.55,0.35,active
1.4415614089835416,1.1474473454544754,2.970892271048713,0.55,0.35,light
1.1420491107035968,1.4127991782420781,2.970892271048713,0.55,0.35,light
1.2764769022043085,1.1183935613785745,2.970892271048713,0.55,0.35,light
1.1159346118875777,1.1542780740367329,2.970892271048713,0.55,0.35,light
1.3181636966237151,1.311753478165842,2.970892271048713,0.55,0.35,light
1.3344386626933937,1.2191008477619563,2.970892271048713,0.55,0.35,light
1.516030280881518,1.059494228025416,2.970892271048713,0.55,0.35,light
1.5147163595391755,1.2419994306643054,2.970892271048713,0.55,0.35,light
1.6854958436427392,1.1455895086394214,2.970892271048713,0.55,0.35,active
1.3141640742855292,1.0865319083830636,2.970892271048713,0.55,0.35,light
1.7710627728672848,1.1232017830808894,2.970892271048713,0.55,0.35,active
1.807537061444205,1.3716383433294816,2.970892271048713,0.55,0.35,active
1.1923166770113374,1.1485948564532447,2.970892271048713,0.55,0.35,light
1.5189610586085098,1.0171686559376312,2.970892271048713,0.55,0.35,light
1.0567704548863501,1.1012567401637219,2.970892271048713,0.55,0.35,light
1.604977413985679,1.3142817535925924,2.970892271048713,0.55,0.35,active
1.6510977811656444,1.0040229673782728,2.970892271048713,0.55,0.35,active
1.6265396567124895,1.1227366762898843,2.970892271048713,0.55,0.35,active
1.442221357110883,1.3244261755713123,2.970892271048713,0.55,0.35,light
1.696432010546219,1.2660194843918067,2.970892271048713,0.55,0.35,active
1.3390941523555764,1.0394318292473004,2.970892271048713,0.55,0.35,light
1.23730416922306,1.2388071099193496,2.970892271048713,0.55,0.35,light
1.728627825097945,1.392257758463694,2.970892271048713,0.55,0.35,active
1.3055983068885562,1.4410487854174598,2.970892271048713,0.55,0.35,light
1.6264626750030249,1.0735160924293166,2.970892271048713,0.55,0.35,active
1.4421876809091954,1.10800942056555,2.970892271048713,0.55,0.35,light
1.7807487012703935,1.4369419469398925,2.970892271048713,0.55,0.35,active
1.123046041346488,1.2054718486613774,2.970892271048713,0.55,0.35,light
1.1362688180256848,1.39594303618195,2.970892271048713,0.55,0.35,light
1.6457065223278309,1.2647643913775513,2.970892271048713,0.55,0.35,active
1.0308082070710214,1.2896429156553015,2.970892271048713,0.55,0.35,light
1.4901771700810102,1.0662744353770583,2.970892271048713,0.55,0.35,light
1.3832823697504675,1.3610915737871052,2.970892271048713,0.55,0.35,light
1.1046104838416388,1.0850411825381523,2.970892271048713,0.55,0.35,light
1.3321731551650284,1.1037892809573462,2.970892271048713,0.55,0.35,light
1.2357829997338523,1.1374238542296005,2.970892271048713,0.55,0.35,light
1.5761548262260228,1.330184067444983,2.970892271048713,0.55,0.35,active
1.5317162299968026,1.4301248445963657,2.970892271048713,0.55,0.35,light
1.703740230373016,1.3302215229287777,2.970892271048713,0.55,0.35,active
1.462702242124965,1.1710803264122387,2.970892271048713,0.55,0.35,light
1.2958204700155032,1.0720587399744077,2.970892271048713,0.55,0.35,light
1.58588818099992,1.4384519048509,2.970892271048713,0.55,0.35,active
1.3338434947421425,1.1960045914847308,2.970892271048713,0.55,0.35,light
1.5101053239567765,1.3175534970226515,2.970892271048713,0.55,0.35,light
1.2067264004477967,1.3835173448155316,2.970892271048713,0.55,0.35,light
1.305349164772607,1.39742740160025,2.970892271048713,0.55,0.35,light
1.453373924501183,1.0932138831520946,2.970892271048713,0.55,0.35,light
1.2300607110691522,1.188541676165148,2.970892271048713,0.55,0.35,light
1.4626061155754981,1.1238067836239827,2.970892271048713,0.55,0.35,light
1.7305925319035873,1.4574993144465782,2.970892271048713,0.55,0.35,active
1.4676854392738798,1.1156218496726849,2.970892271048713,0.55,0.35,light
1.4830837300750825,1.3029451460949741,2.970892271048713,0.55,0.35,light
1.1164790973202048,1.109539496430905,2.970892271048713,0.55,0.35,light
1.0439144423865887,1.4816387212489193,2.970892271048713,0.55,0.35,light
1.3278605761990878,1.4293488722257466,2.970892271048713,0.55,0.35,light
1.2210803094499307,1.2959699542324497,2.970892271048713,0.55,0.35,light
1.4181406530806122,1.073217683354293,2.970892271048713,0.55,0.35,light
1.416000792902727,1.1472905212993036,2.970892271048713,0.55,0.35,light
1.4325922684429173,1.4351113020148258,2.970892271048713,0.55,0.35,light
1.568048906635402,1.42365798491567,2.970892271048713,0.55,0.35,active
1.3591272238947265,1.2168123696893403,2.970892271048713,0.55,0.35,light
1.3865689579480196,1.362506354309439,2.970892271048713,0.55,0.35,light
1.3043992329050507,1.4894957741408903,2.970892271048713,0.55,0.35,light
1.1832876370371774,1.489636894781183,2.970892271048713,0.55,0.35,light
1.3653578783234457,1.0150435763120194,2.970892271048713,0.55,0.35,light
1.2427788085257876,1.0206020908660278,2.970892271048713,0.55,0.35,light
1.486434271910268,1.2177751585804844,2.970892271048713,0.55,0.35,light
1.4338022162202364,1.2364992456857458,2.970892271048713,0.55,0.35,light
1.1557325129746827,1.174359750153576,2.970892271048713,0.55,0.35,light
1.638745053654622,1.2446438285668175,2.970892271048713,0.55,0.35,active
1.3296718456153587,1.0652211189015501,2.970892271048713,0.55,0.35,light
1.5820611163036762,1.2057944580288775,2.970892271048713,0.55,0.35,active
1.7363288138555955,1.1886079638373461,2.970892271048713,0.55,0.35,active
1.3456638711808913,1.478766383456457,2.970892271048713,0.55,0.35,light
1.4773094285555661,1.1462360214802387,2.970892271048713,0.55,0.35,light
1.534165883562195,1.4158630065646072,2.970892271048713,0.55,0.35,light
1.2081188089070554,1.0710949066105393,2.970892271048713,0.55,0.35,light
1.116190612603053,1.2561325088204167,2.970892271048713,0.55,0.35,light
1.1281702984246094,1.454969882900116,2.970892271048713,0.55,0.35,light
1.7249896698598315,1.4892907651705714,2.970892271048713,0.55,0.35,active
1.4258978207595607,1.1029226396112592,2.970892271048713,0.55,0.35,light
1.5989448932457826,1.2259961620350794,2.970892271048713,0.55,0.35,active
1.6797193017945822,1.2606526432474485,2.970892271048713,0.55,0.35,active
1.5439527846872458,1.1706834777773873,2.970892271048713,0.55,0.35,active
1.5694707528938927,1.380840213720961,2.970892271048713,0.55,0.35,active
1.4153716069076396,1.4629763132613962,2.970892271048713,0.55,0.35,light
1.7291259509078152,1.498090087515419,2.970892271048713,0.55,0.35,active
1.4839668928701673,1.4345223999792902,2.970892271048713,0.55,0.35,light
1.0746313237921434,1.334150016645844,2.970892271048713,0.55,0.35,light
1.5620690492062972,1.2699283725634505,2.970892271048713,0.55,0.35,active
1.4015158335131748,1.3696193811106636,2.970892271048713,0.55,0.35,light
1.1948441099977303,1.135344981843343,2.970892271048713,0.55,0.35,light
1.3937349403222234,1.2855647315992709,2.970892271048713,0.55,0.35,light
1.5350903240909017,1.0971255904805282,2.970892271048713,0.55,0.35,light
1.8142582957714717,1.2832817755081305,2.970892271048713,0.55,0.35,active
1.6523022791709363,1.453163196821513,2.970892271048713,0.55,0.35,active
1.32048838653622,1.090983106628995,2.970892271048713,0.55,0.35,light
1.4844218938897709,1.4790723087737259,2.970892271048713,0.55,0.35,light
1.420333212780729,1.0516974658887008,2.970892271048713,0.55,0.35,light
1.1744370419430135,1.466717665007931,2.970892271048713,0.55,0.35,light
1.427806702951827,1.0710945332374067,2.970892271048713,0.55,0.35,light
1.1100848768822498,1.1403364799975029,2.970892271048713,0.55,0.35,light
1.4801933853925295,1.1750670681636994,2.970892271048713,0.55,0.35,light
1.1462679389155597,1.0725527247904287,2.970892271048713,0.55,0.35,light
1.4472578485088634,1.0231304400776842,2.970892271048713,0.55,0.35,light
1.2098032498574698,1.378791556116582,2.970892271048713,0.55,0.35,light
1.7585817027971191,1.2090813967480034,2.970892271048713,0.55,0.35,active
1.3364758592556472,1.4769574186563965,2.970892271048713,0.55,0.35,light
1.5262109637475316,1.026335301331914,2.970892271048713,0.55,0.35,light
1.7672863459121126,1.258238753440861,2.970892271048713,0.65,0.35,active
1.1175918899855883,1.0518911155113728,2.970892271048713,0.65,0.35,light
1.0888711252207899,1.2603890290936912,2.970892271048713,0.65,0.35,light
1.4460182517450493,1.304859189879616,2.970892271048713,0.65,0.35,light
1.3284938779161712,1.2905122755289278,2.970892271048713,0.65,0.35,light
1.1647108326164377,1.0905828877647137,2.970892271048713,0.65,0.35,light
1.4120244783646596,1.1536286402063298,2.970892271048713,0.65,0.35,light
1.5709594715510193,1.338450419848894,2.970892271048713,0.65,0.35,light
1.5142087740551586,1.14690221054979,2.970892271048713,0.65,0.35,light
1.2683809204424434,1.2695245434173705,2.970892271048713,0.65,0.35,light
1.1745585466062853,1.3530899979977349,2.970892271048713,0.65,0.35,light
1.1601974225500635,1.146213217614603,2.970892271048713,0.65,0.35,light
1.1274130779647813,1.3762932976621998,2.970892271048713,0.65,0.35,light
1.1872433726358071,1.4196160354291458,2.970892271048713,0.65,0.35,light
1.0635974624888116,1.0730155602100846,2.970892271048713,0.65,0.35,light
1.6181028628580691,1.4198184967137133,2.970892271048713,0.65,0.35,light
1.5645119550459528,1.333231962581769,2.970892271048713,0.65,0.35,light
1.3413562896863467,1.238708536246493,2.970892271048713,0.65,0.35,light
1.6120283268645565,1.408330818991127,2.970892271048713,0.65,0.35,light
1.7847245736241462,1.2196263642141885,2.970892271048713,0.65,0.35,active
1.7643041086452937,1.2410061909139742,2.970892271048713,0.65,0.35,active
1.1950587769781391,1.0191967346794568,2.970892271048713,0.65,0.35,light
1.4497578627085477,1.0689104034094534,2.970892271048713,0.65,0.35,light
1.6220073025119877,1.2216836574590917,2.970892271048713,0.65,0.35,light
1.7631650768649438,1.3241860167070272,2.970892271048713,0.65,0.35,active
1.5568481887641867,1.094113440079402,2.970892271048713,0.65,0.35,light
1.313787959071234,1.2138161622162726,2.970892271048713,0.65,0.35,light
1.5065160129863693,1.2402284988908439,2.970892271048713,0.65,0.35,light
1.5542607975647544,1.2428084484217004,2.970892271048713,0.65,0.35,light
1.5757534018116834,1.07835852831557,2.970892271048713,0.65,0.35,light
1.2471753352011246,1.3278762312264556,2.970892271048713,0.65,0.35,light
1.4681526800741456,1.4504326364287004,2.970892271048713,0.65,0.35,light
1.332121670947116,1.4407724331507337,2.970892271048713,0.65,0.35,light
1.1119846538205258,1.3524115498953648,2.970892271048713,0.65,0.35,light
1.0727545468322386,1.1617024168431311,2.970892271048713,0.65,0.35,light
1.7239672035288327,1.209135868822625,2.970892271048713,0.65,0.35,active
1.535433608399386,1.2078483649497176,2.970892271048713,0.65,0.35,light
1.044331744763075,1.2809818757356433,2.970892271048713,0.65,0.35,light
1.213475655521774,1.0615802242365155,2.970892271048713,0.65,0.35,light
1.6424259623372786,1.4042273701295995,2.970892271048713,0.65,0.35,light
1.5246425037707272,1.4064550422799422,2.970892271048713,0.65,0.35,light
1.2381247875091528,1.2869383758369175,2.970892271048713,0.65,0.35,light
1.5629599707426676,1.0620237263683014,2.970892271048713,0.65,0.35,light
1.5253027916483946,1.4423082595763852,2.970892271048713,0.65,0.35,light
1.4551349609773534,1.2336141070359168,2.970892271048713,0.65,0.35,light
1.5035211422745403,1.317522519269164,2.970892271048713,0.65,0.35,light
1.7453203977348781,1.2767491558404243,2.970892271048713,0.65,0.35,active
1.4847096461058291,1.4443222696962814,2.970892271048713,0.65,0.35,light
1.457317136752258,1.2922538971041049,2.970892271048713,0.65,0.35,light
1.5714222246429232,1.2297944862798051,2.970892271048713,0.65,0.35,light
1.5862521529945381,1.2528519219549674,2.970892271048713,0.65,0.35,light
1.3730017173214528,1.1107953391711738,2.970892271048713,0.65,0.35,light
1.5442526692409317,1.4550340868774456,2.970892271048713,0.65,0.35,light
1.6625002354254648,1.1138742462428932,2.970892271048713,0.65,0.35,light
1.4355950286325563,1.0508097589059482,2.970892271048713,0.65,0.35,light
1.5522437687703596,1.0830751745948275,2.970892271048713,0.65,0.35,light
1.5538708844129105,1.2901565500447951,2.970892271048713,0.65,0.35,light
1.329983994628813,1.4682559462335845,2.970892271048713,0.65,0.35,light
1.220603422007055,1.4594565558391717,2.970892271048713,0.65,0.35,light
1.6368810302470593,1.2735122657272568,2.970892271048713,0.65,0.35,light
1.4462012656319692,1.2421701770938651,2.970892271048713,0.65,0.35,light
1.2551232273864419,1.009329883949291,2.970892271048713,0.65,0.35,light
1.0555882361642617,1.0144143355293103,2.970892271048713,0.65,0.35,light
1.18398742893162,1.3999503773620914,2.970892271048713,0.65,0.35,light
1.24766979389859,1.2709732564876197,2.970892271048713,0.65,0.35,light
1.4870813502034976,1.1845489626203578,2.970892271048713,0.65,0.35,light
1.2788908017614415,1.4097842688786906,2.970892271048713,0.65,0.35,light
1.5151735591120257,1.2632949790395909,2.970892271048713,0.65,0.35,light
1.4523693860548557,1.4586244122589784,2.970892271048713,0.65,0.35,light
1.5058111115621433,1.4952394447737551,2.970892271048713,0.65,0.35,light
1.5347639196310894,1.0333441316244536,2.970892271048713,0.65,0.35,light
1.446256992799029,1.1593377716025517,2.970892271048713,0.65,0.35,light
1.5779179923901958,1.383654909783838,2.970892271048713,0.65,0.35,light
1.6586466332803016,1.0690805169777513,2.970892271048713,0.65,0.35,light
1.1842400711143641,1.359083935686522,2.970892271048713,0.65,0.35,light
1.6998057474291752,1.2940250252403747,2.970892271048713,0.65,0.35,active
1.4711866068055697,1.4723229730682612,2.970892271048713,0.65,0.35,light
1.2122061528586403,1.3029155981445388,2.970892271048713,0.65,0.35,light
1.0828879754186849,1.278805187367787,2.970892271048713,0.65,0.35,light
1.194012651008211,1.1378485908772988,2.970892271048713,0.65,0.35,light
1.5050167576386753,1.1718877576744113,2.970892271048713,0.65,0.35,light
1.542855933170026,1.4893341229587929,2.970892271048713,0.65,0.35,light
1.4500901828316652,1.0853927843285887,2.970892271048713,0.65,0.35,light
1.1395102956237946,1.0726886069203254,2.970892271048713,0.65,0.35,light
1.4819051592900128,1.081710234080337,2.970892271048713,0.65,0.35,light
1.553628000382176,1.2991903626774817,2.970892271048713,0.65,0.35,light
1.0562451860233173,1.45133469732654,2.970892271048713,0.65,0.35,light
1.2841464766785557,1.0332048271216334,2.970892271048713,0.65,0.35,light
1.628560053743185,1.202572148571526,2.970892271048713,0.65,0.35,light
1.6620980263512792,1.1219213131423504,2.970892271048713,0.65,0.35,light
1.248507145555164,1.0809847494197515,2.970892271048713,0.65,0.35,light
1.773998214257718,1.3840841954201386,2.970892271048713,0.65,0.35,active
1.5054060221850016,1.2731654816839133,2.970892271048713,0.65,0.35,light
1.6657030456556308,1.3166884702166302,2.970892271048713,0.65,0.35,light
1.701931799129792,1.0447971089133379,2.970892271048713,0.65,0.35,active
1.6620586554180277,1.4574577047856656,2.970892271048713,0.65,0.35,light
1.4852883216013835,1.3505839722531627,2.970892271048713,0.65,0.35,light
1.697723497932448,1.2499815739906397,2.970892271048713,0.65,0.35,active
1.2751010368036353,1.0985303252882963,2.970892271048713,0.65,0.35,light
1.449288929502012,1.314753010701934,2.970892271048713,0.65,0.35,light
1.550529854200597,1.1273805926491707,2.970892271048713,0.65,0.35,light
1.2943145878602527,1.3351994352261904,2.970892271048713,0.65,0.35,light
1.4910246416546569,1.289122940663379,2.970892271048713,0.65,0.35,light
1.4536077945634684,1.1545218470667784,2.970892271048713,0.65,0.35,light
1.2732562129885245,1.1187903305271376,2.970892271048713,0.65,0.35,light
1.4348912293672293,1.2634590887418402,2.970892271048713,0.65,0.35,light
1.5739892573240928,1.1376002954939741,2.970892271048713,0.65,0.35,light
1.6588070606504028,1.3937926189656553,2.970892271048713,0.65,0.35,light
1.2580496507164984,1.3599929263261055,2.970892271048713,0.65,0.35,light
1.2541262664146386,1.3283342187424612,2.970892271048713,0.65,0.35,light
1.6603460757543993,1.1986768390851525,3.324569922364036,0.4,0.35,active
1.4964289979748673,1.2886855403694188,3.324569922364036,0.4,0.35,light
1.0776261231747388,1.0463016400515273,3.324569922364036,0.4,0.35,light
1.5670700884329125,1.0265430076836457,3.324569922364036,0.4,0.35,active
1.3670439256022076,1.2484750158487288,3.324569922364036,0.4,0.35,light
1.2716204640588995,1.131980428421375,3.324569922364036,0.4,0.35,light
1.3910045109673495,1.324632203867595,3.324569922364036,0.4,0.35,light
1.7625824242333763,1.2525921167253027,3.324569922364036,0.4,0.35,active
1.2685108634682605,1.2043570396903023,3.324569922364036,0.4,0.35,light
1.7881842490879194,1.3470155002059312,3.324569922364036,0.4,0.35,active
1.6745166202612438,1.169263745426428,3.324569922364036,0.4,0.35,active
1.572804951193752,1.0061144450564776,3.324569922364036,0.4,0.35,active
1.4293731576753532,1.020284885302041,3.324569922364036,0.4,0.35,light
1.0369629168376777,1.1130195295339498,3.324569922364036,0.4,0.35,light
1.31877395307543,1.486560280233213,3.324569922364036,0.4,0.35,light
1.6508995388729646,1.0698254411913732,3.324569922364036,0.4,0.35,active
1.6702710754267032,1.4594366898747118,3.324569922364036,0.4,0.35,active
1.1225990580059608,1.214204850794187,3.324569922364036,0.4,0.35,light
1.206737098652969,1.2310596549726922,3.324569922364036,0.4,0.35,light
1.3437282174774219,1.0470369845347558,3.324569922364036,0.4,0.35,light
1.3228825365495565,1.2008797276337895,3.324569922364036,0.4,0.35,light
1.0782525186972773,1.356812166709353,3.324569922364036,0.4,0.35,light
1.1720081392547237,1.0565928796232706,3.324569922364036,0.4,0.35,light
1.336072920545634,1.000095145953325,3.324569922364036,0.4,0.35,light
1.650007174604429,1.4487076666186514,3.324569922364036,0.4,0.35,active
1.266956050878183,1.3001141268238223,3.324569922364036,0.4,0.35,light
1.1153691874849618,1.2189091404742882,3.324569922364036,0.4,0.35,light
1.1040360338090736,1.0663009414897144,3.324569922364036,0.4,0.35,light
1.5025229950505277,1.1655130345829325,3.324569922364036,0.4,0.35,active
1.1100848768822498,1.1403364799975029,3.324569922364036,0.4,0.35,light
1.4063839412793788,1.003405660406008,3.324569922364036,0.4,0.35,light
1.3342800008216278,1.2522112753489183,3.324569922364036,0.4,0.35,light
1.586276573627642,1.2729730115472357,3.324569922364036,0.4,0.35,active
1.3738771844278324,1.2049230140303926,3.324569922364036,0.4,0.35,light
1.4709438824628285,1.346853105668137,3.324569922364036,0.4,0.35,light
1.278597866361705,1.2044916116644229,3.324569922364036,0.4,0.35,light
1.4625942152473626,1.1788606683926146,3.324569922364036,0.4,0.35,light
1.6037432064340824,1.3421256192481703,3.324569922364036,0.4,0.35,active
1.748253636059614,1.1621400628248053,3.324569922364036,0.4,0.35,active
1.5222481414622078,1.3649636509870695,3.324569922364036,0.4,0.35,active
1.4753058131436536,1.1974985553612878,3.324569922364036,0.4,0.35,light
1.264259262541324,1.43703113650198,3.324569922364036,0.4,0.35,light
1.5473221775871373,1.1358266407063005,3.324569922364036,0.4,0.35,active
1.51514233472815,1.173542729781262,3.324569922364036,0.4,0.35,active
1.7870356026209309,1.0433573901959576,3.324569922364036,0.4,0.35,active
1.4720128113697213,1.2748453229431818,3.324569922364036,0.4,0.35,light
1.5254808946587592,1.3827346102172802,3.324569922364036,0.4,0.35,active
1.5931618306514732,1.3309021105974614,3.324569922364036,0.4,0.35,active
1.1926365556877705,1.4180130009419716,3.324569922364036,0.4,0.35,light
1.4543614337753759,1.390330124946285,3.324569922364036,0.4,0.35,light
1.5542993789732276,1.3139534959456083,3.324569922364036,0.4,0.35,active
1.7641588136155797,1.092611662667036,3.324569922364036,0.4,0.35,active
1.4694742938586902,1.236697345529619,3.324569922364036,0.4,0.35,light
1.7043560935394027,1.321173204717463,3.324569922364036,0.4,0.35,active
1.8448477175504603,1.4353005300905397,3.324569922364036,0.4,0.35,active
1.5724652378187478,1.3322616833468601,3.324569922364036,0.4,0.35,active
1.4015158335131748,1.3696193811106636,3.324569922364036,0.4,0.35,light
1.4809320298277389,1.1624291827323967,3.324569922364036,0.4,0.35,light
1.4647517509468977,1.3738244539832871,3.324569922364036,0.4,0.35,light
1.7585905838758222,1.284864296018472,3.324569922364036,0.4,0.35,active
1.5298239184405111,1.3161844575509876,3.324569922364036,0.4,0.35,active
1.5898210721826747,1.0896758943252582,3.324569922364036,0.4,0.35,active
1.4380773856875149,1.1001435749880208,3.324569922364036,0.4,0.35,light
1.1316415782800462,1.2368579893864624,3.324569922364036,0.4,0.35,light
1.7035319767833448,1.0794350655895606,3.324569922364036,0.4,0.35,active
1.4681085823043734,1.4635605809493353,3.324569922364036,0.4,0.35,light
1.2407934763851676,1.1770433560352975,3.324569922364036,0.4,0.35,light
1.5664010738915968,1.28482051514692,3.324569922364036,0.4,0.35,active
1.4636539767082821,1.4743808003509697,3.324569922364036,0.4,0.35,light
1.32113472566071,1.4451987595227345,3.324569922364036,0.4,0.35,light
1.2949482360355804,1.2940521338241382,3.324569922364036,0.4,0.35,light
1.5712341147709745,1.4900074270909516,3.324569922364036,0.4,0.35,active
1.4950281097949405,1.351897383520281,3.324569922364036,0.4,0.35,light
1.5112642136053502,1.2558591124495935,3.324569922364036,0.4,0.35,active
1.2301246572273874,1.2623483032446403,3.324569922364036,0.4,0.35,light
1.5078146722636587,1.170815184824741,3.324569922364036,0.4,0.35,active
1.4285322458956184,1.3519202739169078,3.324569922364036,0.4,0.35,light
1.5331670189890423,1.3221974505222303,3.324569922364036,0.4,0.35,active
1.6018764370720189,1.278258175270348,3.324569922364036,0.4,0.35,active
1.4001966443780027,1.3862132012403854,3.324569922364036,0.4,0.35,light
1.6404710661817805,1.3584062034728892,3.324569922364036,0.4,0.35,active
1.446256992799029,1.1593377716025517,3.324569922364036,0.4,0.35,light
1.3120112852455603,1.3854398800394974,3.324569922364036,0.4,0.35,light
1.4335056992813173,1.0834350613739263,3.324569922364036,0.4,0.35,light
1.48064999527646,1.473436196345263,3.324569922364036,0.4,0.35,light
1.474370060319484,1.0221878846525003,3.324569922364036,0.4,0.35,light
1.234639466094697,1.3012111998975293,3.324569922364036,0.4,0.35,light
1.495992931940666,1.333732169745603,3.324569922364036,0.4,0.35,light
1.6597449456331312,1.2212659614426462,3.324569922364036,0.4,0.35,active
1.1842400711143641,1.359083935686522,3.324569922364036,0.4,0.35,light
1.6149443790037898,1.3753114432767044,3.324569922364036,0.4,0.35,active
1.5298896501451347,1.26873426788982,3.324569922364036,0.4,0.35,active
1.585121248188099,1.0932680837878284,3.324569922364036,0.4,0.35,active
1.7361985106385487,1.2855211648532308,3.324569922364036,0.4,0.35,active
1.070344994057949,1.4125681531173822,3.324569922364036,0.4,0.35,light
1.3406821011133687,1.3278909247685684,3.324569922364036,0.4,0.35,light
1.4491681809596735,1.352013466401261,3.324569922364036,0.4,0.35,light
1.6750554176243144,1.2000644143402306,3.324569922364036,0.4,0.35,active
1.5203998652582753,1.0649338351424713,3.324569922364036,0.4,0.35,active
1.111944007151062,1.3065000974344712,3.324569922364036,0.4,0.35,light
1.73178752487978,1.3866910020338696,3.324569922364036,0.4,0.35,active
1.1792944870203188,1.2955290840351124,3.324569922364036,0.4,0.35,light
1.4093584485786268,1.4260445584305077,3.324569922364036,0.4,0.35,light
1.4613371682411744,1.0984426792367032,3.324569922364036,0.4,0.35,light
1.5646922866381943,1.0783948934304155,3.324569922364036,0.4,0.35,active
1.2771366701501041,1.3662405752333693,3.324569922364036,0.4,0.35,light
1.4000267302676799,1.497262417759127,3.324569922364036,0.4,0.35,light
1.5408973230363139,1.4060291358719363,3.324569922364036,0.4,0.35,active
1.2066428587066513,1.2540090442830627,3.324569922364036,0.4,0.35,light
1.6086421554916386,1.1876122327995953,3.324569922364036,0.4,0.35,active
1.5683497528315054,1.2220661106609807,3.324569922364036,0.55,0.35,light
1.6328033821830257,1.019333665892474,3.324569922364036,0.55,0.35,light
1.4919659843907793,1.4860619803179345,3.324569922364036,0.55,0.35,light
1.3858383400416767,1.3215361639520031,3.324569922364036,0.55,0.35,light
1.706385644924083,1.0009025943004526,3.324569922364036,0.55,0.35,light
1.66556558432057,1.0297546947734795,3.324569922364036,0.55,0.35,light
1.1175189090492295,1.433130749873977,3.324569922364036,0.55,0.35,light
1.2078765302895693,1.362327946818649,3.324569922364036,0.55,0.35,light
1.4324780758924114,1.0157556049198881,3.324569922364036,0.55,0.35,light
1.5831571107611713,1.2907754828838387,3.324569922364036,0.55,0.35,light
1.3699064672129249,1.3392904609396612,3.324569922364036,0.55,0.35,light
1.4698715661862858,1.3202292849503947,3.324569922364036,0.55,0.35,light
1.6173843368914582,1.0147824225375504,3.324569922364036,0.55,0.35,light
1.5013142252702742,1.2545318654673994,3.324569922364036,0.55,0.35,light
1.6633325744215384,1.088261962519753,3.324569922364036,0.55,0.35,light
1.3996933846921797,1.1177959605619001,3.324569922364036,0.55,0.35,light
1.4130617963394974,1.000136430747062,3.324569922364036,0.55,0.35,light
1.424449715087078,1.2041104447865913,3.324569922364036,0.55,0.35,light
1.6476558791561704,1.1627003212552522,3.324569922364036,0.55,0.35,light
1.5153102946063264,1.1616126647417206,3.324569922364036,0.55,0.35,light
1.2403346342971553,1.020418664921511,3.324569922364036,0.55,0.35,light
1.1926365556877705,1.4180130009419716,3.324569922364036,0.55,0.35,light
1.6675733785293367,1.197127530954526,3.324569922364036,0.55,0.35,light
1.2272164517196087,1.2555178620158833,3.324569922364036,0.55,0.35,light
1.5403022979852758,1.440681119187178,3.324569922364036,0.55,0.35,light
1.10625293016918,1.2245957386625332,3.324569922364036,0.55,0.35,light
1.4201785836385892,1.3191835182686409,3.324569922364036,0.55,0.35,light
1.5866848411035241,1.042491685867498,3.324569922364036,0.55,0.35,light
1.6046020766571232,1.1390207173467015,3.324569922364036,0.55,0.35,light
1.1514363858454268,1.4090922099032417,3.324569922364036,0.55,0.35,light
1.4235713782410446,1.038237139917801,3.324569922364036,0.55,0.35,light
1.8245733854951969,1.329952056058867,3.324569922364036,0.55,0.35,active
1.394528166308364,1.425787664874028,3.324569922364036,0.55,0.35,light
1.8364411690578615,1.3002737220393046,3.324569922364036,0.55,0.35,active
1.5016045117333663,1.2586606853038136,3.324569922364036,0.55,0.35,light
1.4123257885400007,1.3552878445588936,3.324569922364036,0.55,0.35,light
1.2506319637974024,1.2085846048146207,3.324569922364036,0.55,0.35,light
1.628560053743185,1.202572148571526,3.324569922364036,0.55,0.35,light
1.6814412182468583,1.0220829524124784,3.324569922364036,0.55,0.35,light
1.6874718600343273,1.2599886363190318,3.324569922364036,0.55,0.35,light
1.2111916412592443,1.2899411123371805,3.324569922364036,0.55,0.35,light
1.6698042708666172,1.3071360572969781,3.324569922364036,0.55,0.35,light
1.7109855714623206,1.3817249203712867,3.324569922364036,0.55,0.35,light
1.344054522729908,1.3314665964799668,3.324569922364036,0.55,0.35,light
1.4544380390935714,1.3217257866868688,3.324569922364036,0.55,0.35,light
1.6238904611515572,1.1485469298742608,3.324569922364036,0.55,0.35,light
1.413083043867995,1.204903611970402,3.324569922364036,0.55,0.35,light
1.2923166995432762,1.1213494953180911,3.324569922364036,0.55,0.35,light
1.5960550062967296,1.0139883493044854,3.324569922364036,0.55,0.35,light
1.0849019322183802,1.2205127385943277,3.324569922364036,0.55,0.35,light
1.0546928281976866,1.184998608360241,3.324569922364036,0.55,0.35,light
1.257341390722332,1.078939430140176,3.324569922364036,0.55,0.35,light
1.408195738094187,1.4828509748509355,3.324569922364036,0.55,0.35,light
1.1121780184394123,1.4043069477420018,3.324569922364036,0.55,0.35,light
1.6468318878060444,1.136334203519647,3.324569922364036,0.55,0.35,light
1.5109363435015586,1.4212561956205152,3.324569922364036,0.55,0.35,light
1.3846357850848605,1.4455619709264438,3.324569922364036,0.55,0.35,light
1.5422146132580954,1.3037006352559033,3.324569922364036,0.55,0.35,light
1.2028831912490383,1.3546850813762408,3.324569922364036,0.55,0.35,light
1.1959194237547164,1.1180766969795912,3.324569922364036,0.55,0.35,light
1.2021438937633344,1.3586874370759392,3.324569922364036,0.55,0.35,light
1.535417655970991,1.3152379049246203,3.324569922364036,0.55,0.35,light
1.4555314342815246,1.0206230542551613,3.324569922364036,0.55,0.35,light
1.2210803094499307,1.2959699542324497,3.324569922364036,0.55,0.35,light
1.3821309859176656,1.479267029054629,3.324569922364036,0.55,0.35,light
1.3000859339140645,1.4724083894586926,3.324569922364036,0.55,0.35,light
1.5460735356383146,1.4662812242105088,3.324569922364036,0.55,0.35,light
1.4119960531636582,1.113135959987642,3.324569922364036,0.55,0.35,light
1.594236356928783,1.4080655750099698,3.324569922364036,0.55,0.35,light
1.1829749673750267,1.1205580143886515,3.324569922364036,0.55,0.35,light
1.264259262541324,1.43703113650198,3.324569922364036,0.55,0.35,light
1.1687371512516738,1.154085797111228,3.324569922364036,0.55,0.35,light
1.1345345149846946,1.0272126815960965,3.324569922364036,0.55,0.35,light
1.4536077945634684,1.1545218470667784,3.324569922364036,0.55,0.35,light
1.498488125241455,1.2927010086589452,3.324569922364036,0.55,0.35,light
1.474493883187753,1.041535918985065,3.324569922364036,0.55,0.35,light
1.2409867155078906,1.3110970779567053,3.324569922364036,0.55,0.35,light
1.576766252371544,1.4474839196128184,3.324569922364036,0.55,0.35,light
1.173489164873487,1.0953524842381135,3.324569922364036,0.55,0.35,light
1.5225584964600603,1.1560796794375263,3.324569922364036,0.55,0.35,light
1.7650417598132089,1.2275400572164918,3.324569922364036,0.55,0.35,active
1.264296658369687,1.051854787734955,3.324569922364036,0.55,0.35,light
1.4691613248170876,1.1282267180009315,3.324569922364036,0.55,0.35,light
1.2865869424639176,1.1736326327481799,3.324569922364036,0.55,0.35,light
1.5505068911691477,1.2342995114113753,3.324569922364036,0.55,0.35,light
1.5099423891759547,1.0372230724261744,3.324569922364036,0.55,0.35,light
1.5417061997484793,1.4014694616261183,3.324569922364036,0.55,0.35,light
1.376056362714982,1.1239558845323123,3.324569922364036,0.55,0.35,light
1.3858474611853582,1.4573861702395094,3.324569922364036,0.55,0.35,light
1.069243300585967,1.2085699876211482,3.324569922364036,0.55,0.35,light
1.5426097615448706,1.3443090828021957,3.324569922364036,0.55,0.35,light
1.4988970282440897,1.0756275530530437,3.324569922364036,0.55,0.35,light
1.313330466205982,1.3303314602678014,3.324569922364036,0.55,0.35,light
1.1685446965143715,1.3696084171478173,3.324569922364036,0.55,0.35,light
1.635130691162549,1.3384762964379902,3.324569922364036,0.55,0.35,light
1.6192794148327612,1.1603326723291745,3.324569922364036,0.55,0.35,light
1.3693408095715662,1.128135115289518,3.324569922364036,0.55,0.35,light
1.2238971797218081,1.1488225274637802,3.324569922364036,0.55,0.35,light
1.523353586641638,1.2735444345917475,3.324569922364036,0.55,0.35,light
1.1548142654363656,1.0753080613517154,3.324569922364036,0.55,0.35,light
1.519037556289932,1.0435474349276985,3.324569922364036,0.55,0.35,light
1.6526707170224235,1.144811236519427,3.324569922364036,0.55,0.35,light
1.1463288598303993,1.3378879322351465,3.324569922364036,0.55,0.35,light
1.5674859883394492,1.46877934532838,3.324569922364036,0.55,0.35,light
1.4722003554914536,1.4867666295923794,3.324569922364036,0.55,0.35,light
1.2944479168519278,1.2618698727837312,3.324569922364036,0.55,0.35,light
1.3676049456312136,1.1519983198634178,3.324569922364036,0.55,0.35,light
1.5451719181702808,1.3627794117920722,3.324569922364036,0.55,0.35,light
1.4351788099364347,1.233296524692068,3.324569922364036,0.55,0.35,light
1.4445191914436248,1.3121674319548347,3.324569922364036,0.55,0.35,light
1.3833353182155033,1.1584760217849297,3.324569922364036,0.65,0.35,light
1.342809608191477,1.0112179556282026,3.324569922364036,0.65,0.35,light
1.4848419788193377,1.2002419244337137,3.324569922364036,0.65,0.35,light
1.3508553773145866,1.3788689234396658,3.324569922364036,0.65,0.35,light
1.667379870696336,1.262623124118941,3.324569922364036,0.65,0.35,light
1.13596885173838,1.3080584314061832,3.324569922364036,0.65,0.35,light
1.4699316300926872,1.4705285133678456,3.324569922364036,0.65,0.35,light
1.285203320936972,1.3322737485516003,3.324569922364036,0.65,0.35,light
1.3855501778816668,1.4162749901320186,3.324569922364036,0.65,0.35,light
1.7585905838758222,1.284864296018472,3.324569922364036,0.65,0.35,light
1.5746775526772068,1.1053379965992371,3.324569922364036,0.65,0.35,light
1.429715762137932,1.221768294784936,3.324569922364036,0.65,0.35,light
1.46136060612731,1.4626424175261734,3.324569922364036,0.65,0.35,light
1.5024175177327608,1.2479089104551158,3.324569922364036,0.65,0.35,light
1.5666345709487515,1.2261781661997035,3.324569922364036,0.65,0.35,light
1.3976561319609313,1.1501605681060216,3.324569922364036,0.65,0.35,light
1.4966613018898585,1.3525321671639792,3.324569922364036,0.65,0.35,light
1.6043697907792467,1.0982322666809763,3.324569922364036,0.65,0.35,light
1.4755640533714711,1.326607469307544,3.324569922364036,0.65,0.35,light
1.3364758592556472,1.4769574186563965,3.324569922364036,0.65,0.35,light
1.6704654618463375,1.298729960264692,3.324569922364036,0.65,0.35,light
1.198984978848276,1.34745083962537,3.324569922364036,0.65,0.35,light
1.3431888183461302,1.0119076278517942,3.324569922364036,0.65,0.35,light
1.7900018496496766,1.4759543959682027,3.324569922364036,0.65,0.35,light
1.4929500307300663,1.2603542079761687,3.324569922364036,0.65,0.35,light
1.582811770735702,1.3666999961721182,3.324569922364036,0.65,0.35,light
1.6395813955828986,1.3471882603965448,3.324569922364036,0.65,0.35,light
1.7257014696432802,1.4931474283515878,3.324569922364036,0.65,0.35,light
1.4421876809091954,1.10800942056555,3.324569922364036,0.65,0.35,light
1.085376475742073,1.3344759825967039,3.324569922364036,0.65,0.35,light
1.4060905476781023,1.2129937046971477,3.324569922364036,0.65,0.35,light
1.1017291538201093,1.2212705961293895,3.324569922364036,0.65,0.35,light
1.4594934037686278,1.1784563663632897,3.324569922364036,0.65,0.35,light
1.1455709409855326,1.3567502935499216,3.324569922364036,0.65,0.35,light
1.0754976417947042,1.4886534213592006,3.324569922364036,0.65,0.35,light
1.7386200159955265,1.4978057852170144,3.324569922364036,0.65,0.35,light
1.7255065686919941,1.002189810053125,3.324569922364036,0.65,0.35,light
1.505163861640412,1.138832919278693,3.324569922364036,0.65,0.35,light
1.6037260181769681,1.451103407059266,3.324569922364036,0.65,0.35,light
1.5028814139608044,1.4324644315914397,3.324569922364036,0.65,0.35,light
1.347206715947817,1.4779010462650457,3.324569922364036,0.65,0.35,light
1.5158560767161104,1.3707374385054634,3.324569922364036,0.65,0.35,light
1.0305504115610626,1.0825168000330692,3.324569922364036,0.65,0.35,light
1.244163559627992,1.339031109536218,3.324569922364036,0.65,0.35,light
1.3160963607132745,1.1891153739476679,3.324569922364036,0.65,0.35,light
1.1284719456283923,1.2514814529221694,3.324569922364036,0.65,0.35,light
1.1175918899855883,1.0518911155113728,3.324569922364036,0.65,0.35,light
1.7029289977010245,1.4996152226744506,3.324569922364036,0.65,0.35,light
1.6280922538838185,1.105529071664932,3.324569922364036,0.65,0.35,light
1.5055966842455086,1.0687583784466272,3.324569922364036,0.65,0.35,light
1.6190141136858662,1.4943942668499606,3.324569922364036,0.65,0.35,light
1.593576885247623,1.4781926390160613,3.324569922364036,0.65,0.35,light
1.400993401091583,1.1502842013750854,3.324569922364036,0.65,0.35,light
1.1316659179914694,1.33208766782792,3.324569922364036,0.65,0.35,light
1.4178442761125991,1.4574222806992259,3.324569922364036,0.65,0.35,light
1.7274077616448023,1.0572125268455845,3.324569922364036,0.65,0.35,light
1.758699194849316,1.227684859092861,3.324569922364036,0.65,0.35,light
1.449565859254083,1.139509295242077,3.324569922364036,0.65,0.35,light
1.0699779785635892,1.349374902539893,3.324569922364036,0.65,0.35,light
1.529986841232719,1.3304008585236338,3.324569922364036,0.65,0.35,light
1.0783066595008872,1.130283848873872,3.324569922364036,0.65,0.35,light
1.349668048265655,1.4803821917534496,3.324569922364036,0.65,0.35,light
1.323722343289997,1.2846661043181293,3.324569922364036,0.65,0.35,light
1.6558612788815061,1.1017219876078415,3.324569922364036,0.65,0.35,light
1.687142852722206,1.3970517478074052,3.324569922364036,0.65,0.35,light
1.4444507999287746,1.111073132315494,3.324569922364036,0.65,0.35,light
1.1189581491572793,1.3356349516005364,3.324569922364036,0.65,0.35,light
1.399634819368129,1.2697442506659018,3.324569922364036,0.65,0.35,light
1.3653753039922105,1.4369668018483357,3.324569922364036,0.65,0.35,light
1.533220457723762,1.3183737828749287,3.324569922364036,0.65,0.35,light
1.1342774482605216,1.4031374952826523,3.324569922364036,0.65,0.35,light
1.520346019885547,1.3889266236967357,3.324569922364036,0.65,0.35,light
1.6459990476929647,1.1473874715853096,3.324569922364036,0.65,0.35,light
1.233960766483289,1.1802839397106573,3.324569922364036,0.65,0.35,light
1.4793633025911848,1.0276695384575028,3.324569922364036,0.65,0.35,light
1.5994070868311527,1.2136605250475279,3.324569922364036,0.65,0.35,light
1.7883150651460624,1.3305973330911136,3.324569922364036,0.65,0.35,light
1.5244668417869744,1.1835620846949202,3.324569922364036,0.65,0.35,light
1.41028748544615,1.0994050536203348,3.324569922364036,0.65,0.35,light
1.401331156501918,1.0210789503979492,3.324569922364036,0.65,0.35,light
1.256753252708894,1.3929869330114852,3.324569922364036,0.65,0.35,light
1.5984279856153822,1.482103750636902,3.324569922364036,0.65,0.35,light
1.513810268686337,1.2786535464930218,3.324569922364036,0.65,0.35,light
1.5694546975361758,1.4483804025504756,3.324569922364036,0.65,0.35,light
1.4737217591173644,1.0377089759209408,3.324569922364036,0.65,0.35,light
1.2958204700155032,1.0720587399744077,3.324569922364036,0.65,0.35,light
1.6443635410444548,1.0622571462465102,3.324569922364036,0.65,0.35,light
1.783227515777653,1.3793729650188964,3.324569922364036,0.65,0.35,light
1.2036488456028036,1.301774088650941,3.324569922364036,0.65,0.35,light
1.347839626133536,1.289685381639653,3.324569922364036,0.65,0.35,light
1.576390041848369,1.24410562649509,3.324569922364036,0.65,0.35,light
1.3430222644329808,1.386534451437517,3.324569922364036,0.65,0.35,light
1.1125239081649296,1.07122175594526,3.324569922364036,0.65,0.35,light
1.1478506638213521,1.131592692290991,3.324569922364036,0.65,0.35,light
1.68054612149175,1.2066433933259928,3.324569922364036,0.65,0.35,light
1.4044403132047931,1.2779047307360736,3.324569922364036,0.65,0.35,light
1.5598320747899956,1.408855906183418,3.324569922364036,0.65,0.35,light
1.5293028623330693,1.3499399943824058,3.324569922364036,0.65,0.35,light
1.3275423550053855,1.057359380918412,3.324569922364036,0.65,0.35,light
1.123059856245973,1.2447353258564193,3.324569922364036,0.65,0.35,light
1.2835578455981487,1.2762397125050016,3.324569922364036,0.65,0.35,light
1.518334159418358,1.2417720881861734,3.324569922364036,0.65,0.35,light
1.585121248188099,1.0932680837878284,3.324569922364036,0.65,0.35,light
1.4928967505715285,1.244884717890399,3.324569922364036,0.65,0.35,light
1.369726023754723,1.265615907842515,3.324569922364036,0.65,0.35,light
1.6742386531043802,1.0609237734873842,3.324569922364036,0.65,0.35,light
1.5173270086875092,1.2122917101154602,3.324569922364036,0.65,0.35,light
1.3640197109859398,1.3462360427126503,3.324569922364036,0.65,0.35,light
1.7926691854130676,1.0865319987144688,3.324569922364036,0.65,0.35,light
1.3032243914573098,1.1758781471337423,3.324569922364036,0.65,0.35,light
1.1774088638721338,1.1923129808338322,3.6782475736793585,0.4,0.35,light
1.4780053573911522,1.3940501122284266,3.6782475736793585,0.4,0.35,light
1.6225014671690432,1.2223571103240198,3.6782475736793585,0.4,0.35,light
1.1304629474958021,1.4066265300463556,3.6782475736793585,0.4,0.35,light
1.4907097161202476,1.3738506878534604,3.6782475736793585,0.4,0.35,light
1.1492602308220439,1.2321661865099,3.6782475736793585,0.4,0.35,light
1.3187474748939947,1.2347612995793464,3.6782475736793585,0.4,0.35,light
1.3594764882544574,1.4654223764837062,3.6782475736793585,0.4,0.35,light
1.228738879215068,1.3431774221546373,3.6782475736793585,0.4,0.35,light
1.3945796886838808,1.3712805030677855,3.6782475736793585,0.4,0.35,light
1.4224529280851654,1.174229180823934,3.6782475736793585,0.4,0.35,light
1.6307882057056666,1.211890338015019,3.6782475736793585,0.4,0.35,light
1.7823733516534352,1.3390659101614144,3.6782475736793585,0.4,0.35,active
1.0945001674951658,1.1274037988005918,3.6782475736793585,0.4,0.35,light
1.0863984382973382,1.2163384295775101,3.6782475736793585,0.4,0.35,light
1.2432357436670116,1.179892361177123,3.6782475736793585,0.4,0.35,light
1.1718442409037728,1.087070324739316,3.6782475736793585,0.4,0.35,light
1.2423633968670136,1.319196525647032,3.6782475736793585,0.4,0.35,light
1.166369977007246,1.2129681986966954,3.6782475736793585,0.4,0.35,light
1.3457490205920402,1.1665867002354542,3.6782475736793585,0.4,0.35,light
1.3189132050747285,1.4712979060788562,3.6782475736793585,0.4,0.35,light
1.1204276670991509,1.2090937481407087,3.6782475736793585,0.4,0.35,light
1.6331958562473228,1.4042422795626335,3.6782475736793585,0.4,0.35,light
1.788511728785687,1.4682601722366413,3.6782475736793585,0.4,0.35,active
1.1781547862716373,1.3314286590017672,3.6782475736793585,0.4,0.35,light
1.451255886769494,1.2648759343803062,3.6782475736793585,0.4,0.35,light
1.547823649877396,1.1445527765165313,3.6782475736793585,0.4,0.35,light
1.5127487409219935,1.0988799230934618,3.6782475736793585,0.4,0.35,light
1.757043216869024,1.1238689733618408,3.6782475736793585,0.4,0.35,active
1.5595002246208651,1.1889037751578708,3.6782475736793585,0.4,0.35,light
1.42808934720384,1.4447400876030918,3.6782475736793585,0.4,0.35,light
1.134460404972791,1.4687926526899016,3.6782475736793585,0.4,0.35,light
1.1892951363003668,1.4598020995470264,3.6782475736793585,0.4,0.35,light
1.4923246397187893,1.446666277173142,3.6782475736793585,0.4,0.35,light
1.5924438735094293,1.2801106512117004,3.6782475736793585,0.4,0.35,light
1.672103979361258,1.2491783436846682,3.6782475736793585,0.4,0.35,active
1.3936638991234471,1.0963937525928495,3.6782475736793585,0.4,0.35,light
1.6656959053621043,1.1457380624481284,3.6782475736793585,0.4,0.35,light
1.380678854307998,1.3895200546697963,3.6782475736793585,0.4,0.35,light
1.5050241390876598,1.2527973667081722,3.6782475736793585,0.4,0.35,light
1.4397748833946038,1.4963596088053044,3.6782475736793585,0.4,0.35,light
1.2596705635794327,1.1121886718535872,3.6782475736793585,0.4,0.35,light
1.225369509095889,1.185914247234445,3.6782475736793585,0.4,0.35,light
1.4268101626224867,1.4795813588792504,3.6782475736793585,0.4,0.35,light
1.2872608069483618,1.1647417426801392,3.6782475736793585,0.4,0.35,light
1.6380635053223807,1.011355374383092,3.6782475736793585,0.4,0.35,light
1.2776769693759413,1.140261152067316,3.6782475736793585,0.4,0.35,light
1.1349866668604416,1.044536028422117,3.6782475736793585,0.4,0.35,light
1.5347912404730368,1.0026073997037297,3.6782475736793585,0.4,0.35,light
1.1399808088873395,1.477354061042504,3.6782475736793585,0.4,0.35,light
1.2556093311658947,1.4573641612258372,3.6782475736793585,0.4,0.35,light
1.5365834935554967,1.3255165415261425,3.6782475736793585,0.4,0.35,light
1.6657212177240328,1.467048869836495,3.6782475736793585,0.4,0.35,light
1.0946492575388669,1.0778942392372524,3.6782475736793585,0.4,0.35,light
1.4189369594424222,1.220473870419075,3.6782475736793585,0.4,0.35,light
1.5977013549998957,1.3456932629105711,3.6782475736793585,0.4,0.35,light
1.8362800170379354,1.4900718780810758,3.6782475736793585,0.4,0.35,active
1.7335877978771714,1.052036771954332,3.6782475736793585,0.4,0.35,active
1.330017470906062,1.2646887272063259,3.6782475736793585,0.4,0.35,light
1.4367971921973184,1.1945485557949431,3.6782475736793585,0.4,0.35,light
1.1056620905135013,1.219157918707741,3.6782475736793585,0.4,0.35,light
1.5802506215545649,1.0698594343670043,3.6782475736793585,0.4,0.35,light
1.6599609785547895,1.432617706932983,3.6782475736793585,0.4,0.35,light
1.5502293123586688,1.1324778278749186,3.6782475736793585,0.4,0.35,light
1.5524269412963574,1.1261809816405608,3.6782475736793585,0.4,0.35,light
1.5950906044873039,1.3654654382237053,3.6782475736793585,0.4,0.35,light
1.5767425942857052,1.0632937974511307,3.6782475736793585,0.4,0.35,light
1.6696070750090988,1.3841906428810424,3.6782475736793585,0.4,0.35,active
1.4825886442508422,1.178163316224918,3.6782475736793585,0.4,0.35,light
1.3452540815814646,1.0079441835023768,3.6782475736793585,0.4,0.35,light
1.8193846826844566,1.4788550383112216,3.6782475736793585,0.4,0.35,active
1.641229397278481,1.4499766453756693,3.6782475736793585,0.4,0.35,light
1.1783781823797954,1.1209201948725664,3.6782475736793585,0.4,0.35,light
1.222580202677632,1.3999572384189836,3.6782475736793585,0.4,0.35,light
1.3287708691042683,1.2528881613902028,3.6782475736793585,0.4,0.35,light
1.4670320594347923,1.3711991857328263,3.6782475736793585,0.4,0.35,light
1.5856325475109465,1.4472215682976295,3.6782475736793585,0.4,0.35,light
1.7126084949875728,1.2931889485438512,3.6782475736793585,0.4,0.35,active
1.409503789328453,1.1462774452792526,3.6782475736793585,0.4,0.35,light
1.1129487520687638,1.3814106206959407,3.6782475736793585,0.4,0.35,light
1.5275854914489324,1.3385908780248053,3.6782475736793585,0.4,0.35,light
1.323417857995094,1.2187152503400847,3.6782475736793585,0.4,0.35,light
1.6543191329643767,1.2639435843818976,3.6782475736793585,0.4,0.35,light
1.1919142693596305,1.1652747426389436,3.6782475736793585,0.4,0.35,light
1.7408343802539419,1.3270488919621237,3.6782475736793585,0.4,0.35,active
1.533570649441961,1.396709295052924,3.6782475736793585,0.4,0.35,light
1.7024687992872567,1.105981793218032,3.6782475736793585,0.4,0.35,active
1.3092054007073655,1.18144070415975,3.6782475736793585,0.4,0.35,light
1.3961220861211556,1.0472178867517739,3.6782475736793585,0.4,0.35,light
1.5467846736253492,1.3068583759442018,3.6782475736793585,0.4,0.35,light
1.7140862953666354,1.3626678507347663,3.6782475736793585,0.4,0.35,active
1.1716533129821214,1.4185879560558794,3.6782475736793585,0.4,0.35,light
1.6811437803361298,1.3697350103301615,3.6782475736793585,0.4,0.35,active
1.5447496219795385,1.076534418225842,3.6782475736793585,0.4,0.35,light
1.8065150655697864,1.246050705026554,3.6782475736793585,0.4,0.35,active
1.1258755900192807,1.4576176518787576,3.6782475736793585,0.4,0.35,light
1.106909352146749,1.471090934583183,3.6782475736793585,0.4,0.35,light
1.4709589092841218,1.2949896118281063,3.6782475736793585,0.4,0.35,light
1.4312148952393484,1.3207272076350536,3.6782475736793585,0.4,0.35,light
1.682754123284178,1.1098104522501187,3.6782475736793585,0.4,0.35,active
1.2379526999501638,1.1056491798130703,3.6782475736793585,0.4,0.35,light
1.1843131109075595,1.2462164286201385,3.6782475736793585,0.4,0.35,light
1.568418167948929,1.0912168198722654,3.6782475736793585,0.4,0.35,light
1.2107801928275705,1.1655638391865688,3.6782475736793585,0.4,0.35,light
1.3152776261381003,1.2278993239545533,3.6782475736793585,0.4,0.35,light
1.1188112824323533,1.1467897909980558,3.6782475736793585,0.4,0.35,light
1.5194840623194181,1.497367431825814,3.6782475736793585,0.4,0.35,light
1.4681085823043734,1.4635605809493353,3.6782475736793585,0.4,0.35,light
1.519424970491995,1.050081550901309,3.6782475736793585,0.4,0.35,light
1.1547323013015007,1.0410790358594353,3.6782475736793585,0.4,0.35,light
1.2341750041689687,1.2281912652156939,3.6782475736793585,0.55,0.35,light
1.2166713902277182,1.4186101461233998,3.6782475736793585,0.55,0.35,light
1.5242972348151624,1.476471752391854,3.6782475736793585,0.55,0.35,light
1.4138490688649756,1.181107376594585,3.6782475736793585,0.55,0.35,light
1.1784588707086265,1.4070492009052762,3.6782475736793585,0.55,0.35,light
1.0564581963471853,1.0609313521836878,3.6782475736793585,0.55,0.35,light
1.0990368390251413,1.269066499749934,3.6782475736793585,0.55,0.35,light
1.8479187658022744,1.3636157876464832,3.6782475736793585,0.55,0.35,light
1.5338677082399834,1.4369958756642776,3.6782475736793585,0.55,0.35,light
1.418753071414277,1.4542257937244254,3.6782475736793585,0.55,0.35,light
1.0700048120679568,1.130319479741384,3.6782475736793585,0.55,0.35,light
1.0381739793840232,1.2664033642236805,3.6782475736793585,0.55,0.35,light
1.5020696423407809,1.1783563959276768,3.6782475736793585,0.55,0.35,light
1.5141821643962445,1.1624563887065442,3.6782475736793585,0.55,0.35,light
1.4638040648807342,1.251618668342996,3.6782475736793585,0.55,0.35,light
1.4543867110116782,1.0358563991429108,3.6782475736793585,0.55,0.35,light
1.2788908017614415,1.4097842688786906,3.6782475736793585,0.55,0.35,light
1.449297830744475,1.4249726053350258,3.6782475736793585,0.55,0.35,light
1.4469509854134917,1.3649369275578476,3.6782475736793585,0.55,0.35,light
1.100245659437625,1.1051742165895029,3.6782475736793585,0.55,0.35,light
1.6350257721058803,1.2288852541154347,3.6782475736793585,0.55,0.35,light
1.3173756354580983,1.0694452953204976,3.6782475736793585,0.55,0.35,light
1.5387583820214887,1.2765495268566913,3.6782475736793585,0.55,0.35,light
1.459247917322884,1.0379420721107184,3.6782475736793585,0.55,0.35,light
1.7244871520440697,1.0401768733249637,3.6782475736793585,0.55,0.35,light
1.3561984001572878,1.0429347569860647,3.6782475736793585,0.55,0.35,light
1.260163550496144,1.2876902573099644,3.6782475736793585,0.55,0.35,light
1.447878933995875,1.2678385626337787,3.6782475736793585,0.55,0.35,light
1.18696490116525,1.029225442133697,3.6782475736793585,0.55,0.35,light
1.311665261299296,1.4543659739104995,3.6782475736793585,0.55,0.35,light
1.4285322458956184,1.3519202739169078,3.6782475736793585,0.55,0.35,light
1.6977841651813441,1.3284046237792648,3.6782475736793585,0.55,0.35,light
1.5022729360898315,1.1957881378400592,3.6782475736793585,0.55,0.35,light
1.6918940053999543,1.2204002361808208,3.6782475736793585,0.55,0.35,light
1.6864052011822823,1.3204266558394264,3.6782475736793585,0.55,0.35,light
1.5150848734530593,1.263628875350008,3.6782475736793585,0.55,0.35,light
1.5506131053313428,1.4251099408785945,3.6782475736793585,0.55,0.35,light
1.3537248886411406,1.2732171455678731,3.6782475736793585,0.55,0.35,light
1.3708483181158067,1.1544267453296109,3.6782475736793585,0.55,0.35,light
1.7966460259776411,1.3167373112262055,3.6782475736793585,0.55,0.35,light
1.0848628380775347,1.2667200542970707,3.6782475736793585,0.55,0.35,light
1.4787338567493216,1.1021225731752398,3.6782475736793585,0.55,0.35,light
1.550840228758178,1.062985309673436,3.6782475736793585,0.55,0.35,light
1.1738225268052933,1.483098689458947,3.6782475736793585,0.55,0.35,light
1.2206649220488814,1.121389696954923,3.6782475736793585,0.55,0.35,light
1.603286450554281,1.4156353349315194,3.6782475736793585,0.55,0.35,light
1.4256948558114253,1.1512653209120547,3.6782475736793585,0.55,0.35,light
1.4457198576856762,1.1540620889195023,3.6782475736793585,0.55,0.35,light
1.415541226645351,1.0254485808754963,3.6782475736793585,0.55,0.35,light
1.431547368665959,1.4482965056068768,3.6782475736793585,0.55,0.35,light
1.4381609716756243,1.0348754392939457,3.6782475736793585,0.55,0.35,light
1.6439907140621948,1.4757648089980904,3.6782475736793585,0.55,0.35,light
1.3936604481736259,1.4948052986051952,3.6782475736793585,0.55,0.35,light
1.5310827283688961,1.1214329763613033,3.6782475736793585,0.55,0.35,light
1.4815822256390954,1.4913987238497453,3.6782475736793585,0.55,0.35,light
1.0868853308248607,1.2606517967832902,3.6782475736793585,0.55,0.35,light
1.2334521908088762,1.1572473820333848,3.6782475736793585,0.55,0.35,light
1.3666538553785887,1.1095199845330723,3.6782475736793585,0.55,0.35,light
1.7011097245010842,1.3826271330149447,3.6782475736793585,0.55,0.35,light
1.6537079787466005,1.087465430023047,3.6782475736793585,0.55,0.35,light
1.4449493887055151,1.19500431006073,3.6782475736793585,0.55,0.35,light
1.5467846736253492,1.3068583759442018,3.6782475736793585,0.55,0.35,light
1.2913992727652843,1.1665668116632604,3.6782475736793585,0.55,0.35,light
1.4894781040694476,1.4313645236903114,3.6782475736793585,0.55,0.35,light
1.575541267465676,1.1688448354678744,3.6782475736793585,0.55,0.35,light
1.5406076859478572,1.0643795796181539,3.6782475736793585,0.55,0.35,light
1.5657709839667078,1.313051369003034,3.6782475736793585,0.55,0.35,light
1.6705341920608725,1.1806518438660194,3.6782475736793585,0.55,0.35,light
1.5332106837586323,1.2866239836589846,3.6782475736793585,0.55,0.35,light
1.5746106871378447,1.3482467525794637,3.6782475736793585,0.55,0.35,light
1.474487375298544,1.4023969783424612,3.6782475736793585,0.55,0.35,light
1.4934192878352868,1.01521975385195,3.6782475736793585,0.55,0.35,light
1.6415441943048341,1.142181554000394,3.6782475736793585,0.55,0.35,light
1.1745585466062853,1.3530899979977349,3.6782475736793585,0.55,0.35,light
1.5816898124143959,1.2932254046343123,3.6782475736793585,0.55,0.35,light
1.4670320594347923,1.3711991857328263,3.6782475736793585,0.55,0.35,light
1.715269901130589,1.3263014823038954,3.6782475736793585,0.55,0.35,light
1.5995376037601394,1.3952214984890654,3.6782475736793585,0.55,0.35,light
1.449214374087444,1.191841038443082,3.6782475736793585,0.55,0.35,light
1.3322090420569455,1.4137562624349704,3.6782475736793585,0.55,0.35,light
1.6338115750675661,1.3757189340186864,3.6782475736793585,0.55,0.35,light
1.5896311240670606,1.3433475916084943,3.6782475736793585,0.55,0.35,light
1.3601394944692595,1.2279557216177714,3.6782475736793585,0.55,0.35,light
1.2098498981168961,1.3955130606364923,3.6782475736793585,0.55,0.35,light
1.0744785222809605,1.1674479924174856,3.6782475736793585,0.55,0.35,light
1.648745857335308,1.4086554551346633,3.6782475736793585,0.55,0.35,light
1.4374679955238183,1.0474294795351469,3.6782475736793585,0.55,0.35,light
1.2494930471794163,1.0467475325571398,3.6782475736793585,0.55,0.35,light
1.5309153139665839,1.23279252940856,3.6782475736793585,0.55,0.35,light
1.439167657394484,1.4191825329232088,3.6782475736793585,0.55,0.35,light
1.506582928128535,1.119667068063722,3.6782475736793585,0.55,0.35,light
1.5921655433197548,1.3881407891458886,3.6782475736793585,0.55,0.35,light
1.4676854392738798,1.1156218496726849,3.6782475736793585,0.55,0.35,light
1.647363025860237,1.3051951818372973,3.6782475736793585,0.55,0.35,light
1.1074043024867668,1.367196124217876,3.6782475736793585,0.55,0.35,light
1.5489745877916345,1.0704138651417865,3.6782475736793585,0.55,0.35,light
1.72323791194241,1.0880766272221067,3.6782475736793585,0.55,0.35,light
1.7900882379348286,1.2832841199716356,3.6782475736793585,0.55,0.35,light
1.7442155170129434,1.1719153639873559,3.6782475736793585,0.55,0.35,light
1.6184508335106265,1.122781353436032,3.6782475736793585,0.55,0.35,light
1.3380501861676994,1.1515726240142863,3.6782475736793585,0.55,0.35,light
1.5131215923384334,1.4928267863237163,3.6782475736793585,0.55,0.35,light
1.3091400971981009,1.355807407757051,3.6782475736793585,0.55,0.35,light
1.5728993888366265,1.2545426222796126,3.6782475736793585,0.55,0.35,light
1.5757224139145258,1.254137344864868,3.6782475736793585,0.55,0.35,light
1.2554232620038273,1.4290374603069482,3.6782475736793585,0.55,0.35,light
1.5837534883295457,1.2396497904300952,3.6782475736793585,0.55,0.35,light
1.2138278366300808,1.1870908985704898,3.6782475736793585,0.55,0.35,light
1.2059682687669806,1.426533844593973,3.6782475736793585,0.55,0.35,light
1.1589636229583833,1.2663100473269004,3.6782475736793585,0.55,0.35,light
1.5654993693695054,1.3193060101736898,3.6782475736793585,0.65,0.35,light
1.3791141651705205,1.4077007474072047,3.6782475736793585,0.65,0.35,light
1.576547631087342,1.0355841352659805,3.6782475736793585,0.65,0.35,light
1.6518897533540615,1.1007466251044122,3.6782475736793585,0.65,0.35,light
1.674925177035854,1.0756325254862096,3.6782475736793585,0.65,0.35,light
1.4271877569564975,1.478164217597388,3.6782475736793585,0.65,0.35,light
1.5010905599397997,1.0806454662049747,3.6782475736793585,0.65,0.35,light
1.5754935444309925,1.4359470859853027,3.6782475736793585,0.65,0.35,light
1.4918204921427027,1.4114130329417756,3.6782475736793585,0.65,0.35,light
1.097306869635358,1.0513817655986615,3.6782475736793585,0.65,0.35,light
1.4922520753148907,1.1847144876093179,3.6782475736793585,0.65,0.35,light
1.4549528017821525,1.0233792919599525,3.6782475736793585,0.65,0.35,light
1.1466989066054538,1.1279590609740062,3.6782475736793585,0.65,0.35,light
1.5984993762075284,1.343929190230452,3.6782475736793585,0.65,0.35,light
1.773285048544276,1.4966394890154355,3.6782475736793585,0.65,0.35,light
1.454626661162578,1.218253328091622,3.6782475736793585,0.65,0.35,light
1.4833369257058786,1.3558109458618532,3.6782475736793585,0.65,0.35,light
1.2334475814569559,1.4502820724110377,3.6782475736793585,0.65,0.35,light
1.3296082457225713,1.2811198679418947,3.6782475736793585,0.65,0.35,light
1.4626718006458688,1.0274086527563744,3.6782475736793585,0.65,0.35,light
1.1332870507747825,1.2437521037306276,3.6782475736793585,0.65,0.35,light
1.4425314832903395,1.0559242898790426,3.6782475736793585,0.65,0.35,light
1.1525699763112873,1.3228737746839316,3.6782475736793585,0.65,0.35,light
1.6754483969129506,1.3464824488228502,3.6782475736793585,0.65,0.35,light
1.5425798469398542,1.3264729953571313,3.6782475736793585,0.65,0.35,light
1.3036822641313888,1.496628856333972,3.6782475736793585,0.65,0.35,light
1.5379303225837484,1.0287704389419794,3.6782475736793585,0.65,0.35,light
1.1879490042443182,1.3288841237877829,3.6782475736793585,0.65,0.35,light
1.1270676314157757,1.1341204773498943,3.6782475736793585,0.65,0.35,light
1.794698235770032,1.4510640377004744,3.6782475736793585,0.65,0.35,light
1.3868170639387678,1.2130359977249305,3.6782475736793585,0.65,0.35,light
1.602040697116,1.2023577949745479,3.6782475736793585,0.65,0.35,light
1.4142495929522796,1.1632161637221292,3.6782475736793585,0.65,0.35,light
1.1140413057261194,1.0926602731610542,3.6782475736793585,0.65,0.35,light
1.5944847865281726,1.4632424353572897,3.6782475736793585,0.65,0.35,light
1.6463557408847047,1.1646756984464797,3.6782475736793585,0.65,0.35,light
1.7905703052494728,1.3557259262291992,3.6782475736793585,0.65,0.35,light
1.5828885011541844,1.2509966333962759,3.6782475736793585,0.65,0.35,light
1.1902601921276441,1.0939549696161202,3.6782475736793585,0.65,0.35,light
1.4594912076637399,1.0726891346096137,3.6782475736793585,0.65,0.35,light
1.2076503449096294,1.3892382801659633,3.6782475736793585,0.65,0.35,light
1.1763096019401083,1.1117411820615142,3.6782475736793585,0.65,0.35,light
1.469510372904276,1.2494822800990002,3.6782475736793585,0.65,0.35,light
1.310491232971716,1.3230461210094158,3.6782475736793585,0.65,0.35,light
1.566704069025111,1.2282800213474103,3.6782475736793585,0.65,0.35,light
1.255333514998798,1.243425232264319,3.6782475736793585,0.65,0.35,light
1.271370197767534,1.4577507281737505,3.6782475736793585,0.65,0.35,light
1.1671110785789598,1.4902676385375455,3.6782475736793585,0.65,0.35,light
1.5341319032708454,1.3754696387241647,3.6782475736793585,0.65,0.35,light
1.13750460322479,1.317035339017012,3.6782475736793585,0.65,0.35,light
1.6768501072225255,1.4530195118554434,3.6782475736793585,0.65,0.35,light
1.7391911846145625,1.0174920970222683,3.6782475736793585,0.65,0.35,light
1.5882544317276803,1.1954502212598772,3.6782475736793585,0.65,0.35,light
1.2218938882109205,1.1960387857911055,3.6782475736793585,0.65,0.35,light
1.1025418299371055,1.0019076917124343,3.6782475736793585,0.65,0.35,light
1.582570503891946,1.1018865476950983,3.6782475736793585,0.65,0.35,light
1.082487196537838,1.0762824934339803,3.6782475736793585,0.65,0.35,light
1.2095728708686984,1.3473846436303196,3.6782475736793585,0.65,0.35,light
1.4698243944328022,1.4165548796462426,3.6782475736793585,0.65,0.35,light
1.227993250116205,1.2398600916170928,3.6782475736793585,0.65,0.35,light
1.2160885479247803,1.0570563249923532,3.6782475736793585,0.65,0.35,light
1.2015249412744853,1.1763839427971665,3.6782475736793585,0.65,0.35,light
1.5648569626939803,1.0187240037754062,3.6782475736793585,0.65,0.35,light
1.7356095855128686,1.2246561925027275,3.6782475736793585,0.65,0.35,light
1.2409993853078478,1.2623458420254765,3.6782475736793585,0.65,0.35,light
1.5859459972456456,1.4643788076268411,3.6782475736793585,0.65,0.35,light
1.1105505901192674,1.3824295429263649,3.6782475736793585,0.65,0.35,light
1.4582811313226018,1.4804166712241766,3.6782475736793585,0.65,0.35,light
1.3184775283371242,1.30603972324661,3.6782475736793585,0.65,0.35,light
1.549261710288343,1.4664859976183302,3.6782475736793585,0.65,0.35,light
1.1975204391790062,1.099281733276836,3.6782475736793585,0.65,0.35,light
1.7055136984295083,1.3508823540225268,3.6782475736793585,0.65,0.35,light
1.568418167948929,1.0912168198722654,3.6782475736793585,0.65,0.35,light
1.596581365341873,1.0186119237530562,3.6782475736793585,0.65,0.35,light
1.1495441436896283,1.293143590395636,3.6782475736793585,0.65,0.35,light
1.6637896913921688,1.1658421747355483,3.6782475736793585,0.65,0.35,light
1.4919470174010316,1.3433150641838925,3.6782475736793585,0.65,0.35,light
1.279346736001532,1.4411276227665795,3.6782475736793585,0.65,0.35,light
1.2424266090174272,1.2510826805734088,3.6782475736793585,0.65,0.35,light
1.4164235585352354,1.3380165782924531,3.6782475736793585,0.65,0.35,light
1.5506779912356528,1.4190679022262886,3.6782475736793585,0.65,0.35,light
1.7556172490403692,1.478151813977024,3.6782475736793585,0.65,0.35,light
1.2696224432497911,1.4242877514122994,3.6782475736793585,0.65,0.35,light
1.5396144153462876,1.0663922312407035,3.6782475736793585,0.65,0.35,light
1.584160094279828,1.0528654953682226,3.6782475736793585,0.65,0.35,light
1.057535443468552,1.0358721243051858,3.6782475736793585,0.65,0.35,light
1.1840765089569727,1.3323553143356601,3.6782475736793585,0.65,0.35,light
1.4583550709686859,1.3670733878328938,3.6782475736793585,0.65,0.35,light
1.5816188447844466,1.4459550986805882,3.6782475736793585,0.65,0.35,light
1.2624054346448028,1.3453516002679622,3.6782475736793585,0.65,0.35,light
1.5036703085888419,1.0133078699995677,3.6782475736793585,0.65,0.35,light
1.5047580382061585,1.007084327752537,3.6782475736793585,0.65,0.35,light
1.3135191406655797,1.3055765295241908,3.6782475736793585,0.65,0.35,light
1.411755163859003,1.3188758514233612,3.6782475736793585,0.65,0.35,light
1.166369977007246,1.2129681986966954,3.6782475736793585,0.65,0.35,light
1.4328281322028835,1.327563413999661,3.6782475736793585,0.65,0.35,light
1.0628785427061067,1.1052820840892652,3.6782475736793585,0.65,0.35,light
1.5044196590465613,1.106162623023964,3.6782475736793585,0.65,0.35,light
1.4362124908652212,1.1535413121302849,3.6782475736793585,0.65,0.35,light
1.3932903722853696,1.2333727795679879,3.6782475736793585,0.65,0.35,light
1.3967400548470814,1.419887737853321,3.6782475736793585,0.65,0.35,light
1.6729445806611452,1.4309047802171113,3.6782475736793585,0.65,0.35,light
1.1931060817406336,1.1778346793367476,3.6782475736793585,0.65,0.35,light
1.6073182860456616,1.1740151658951556,3.6782475736793585,0.65,0.35,light
1.620003247903243,1.355450965153432,3.6782475736793585,0.65,0.35,light
1.599258850776481,1.1350137560489384,3.6782475736793585,0.65,0.35,light
1.1175918899855883,1.0518911155113728,3.6782475736793585,0.65,0.35,light
1.5756977225247517,1.0941124423373132,3.6782475736793585,0.65,0.35,light
1.4104989678704114,1.498130739215859,3.6782475736793585,0.65,0.35,light
1.6449673588125104,1.1573936829902256,3.6782475736793585,0.65,0.35,light
