u_s,size_mm,flow_velocity,duty,low_flow_fraction,outcome
1.170400281940868,1.5224403242159612,2.4403757940757282,0.4,0.35,active
1.1789236414027593,1.852510036888863,2.4403757940757282,0.4,0.35,active
1.6140951172401956,1.7136348485789004,2.4403757940757282,0.4,0.35,heavy
1.1188431535727126,1.9871091834460402,2.4403757940757282,0.4,0.35,active
1.7943502547968633,1.939122197026369,2.4403757940757282,0.4,0.35,heavy
1.1952132756832077,1.7962945665599666,2.4403757940757282,0.4,0.35,active
1.531250216613052,1.5686887768190163,2.4403757940757282,0.4,0.35,active
1.14817824395468,1.7323887805155076,2.4403757940757282,0.4,0.35,active
1.7392623310832835,1.882951070819918,2.4403757940757282,0.4,0.35,heavy
1.4582663037385688,1.5976134768197805,2.4403757940757282,0.4,0.35,active
1.6187197061900034,1.5954611183489007,2.4403757940757282,0.4,0.35,heavy
1.697128552235145,1.7901882662649007,2.4403757940757282,0.4,0.35,heavy
1.2409372296279393,1.5340417426680881,2.4403757940757282,0.4,0.35,active
1.677853994457807,1.877278015819895,2.4403757940757282,0.4,0.35,heavy
1.4297269323527162,1.8380450486661235,2.4403757940757282,0.4,0.35,active
1.6605324576013667,1.89961668820285,2.4403757940757282,0.4,0.35,heavy
1.2918938453298592,1.7125208070445515,2.4403757940757282,0.4,0.35,active
1.5011591288944504,1.9332573952588836,2.4403757940757282,0.4,0.35,active
1.5574781691975104,1.733150435705651,2.4403757940757282,0.4,0.35,active
1.6163344689038217,1.5362917272029,2.4403757940757282,0.4,0.35,heavy
1.5432819897015178,1.780021323179927,2.4403757940757282,0.4,0.35,active
1.758048692139369,1.763744752482667,2.4403757940757282,0.4,0.35,heavy
1.1325255690922338,1.8717916959339969,2.4403757940757282,0.4,0.35,active
1.2512244733844595,1.6177599234312694,2.4403757940757282,0.4,0.35,active
1.5101670272362298,1.7561805846090162,2.4403757940757282,0.4,0.35,active
1.625508948667235,1.773300374209573,2.4403757940757282,0.4,0.35,heavy
1.2300231880461114,1.9790912590520118,2.4403757940757282,0.4,0.35,active
1.7835795049378802,1.9468680070749884,2.4403757940757282,0.4,0.35,heavy
1.4364460008067512,1.6179342891497381,2.4403757940757282,0.4,0.35,active
1.5349867847339598,1.9951417242556364,2.4403757940757282,0.4,0.35,active
1.4642484478848574,1.55451760282737,2.4403757940757282,0.4,0.35,active
1.705304807495186,1.9777454004564343,2.4403757940757282,0.4,0.35,heavy
1.4597361959956887,1.5321789062057147,2.4403757940757282,0.4,0.35,active
1.5674033273175838,1.9327561714061114,2.4403757940757282,0.4,0.35,active
1.1549999699409597,1.6307026541636405,2.4403757940757282,0.4,0.35,active
1.6510629528083738,1.5172550034726702,2.4403757940757282,0.4,0.35,heavy
1.4991832538733574,1.817469249310423,2.4403757940757282,0.4,0.35,active
1.64271106532291,1.7527538851736684,2.4403757940757282,0.4,0.35,heavy
1.2942595640508887,1.5164386311298839,2.4403757940757282,0.4,0.35,active
1.3623452114725563,1.767104070862777,2.4403757940757282,0.4,0.35,active
1.2256045149266974,1.6949171437641382,2.4403757940757282,0.4,0.35,active
1.621274474191547,1.9192889645738753,2.4403757940757282,0.4,0.35,heavy
1.6079669079078294,1.8715666236467101,2.4403757940757282,0.4,0.35,heavy
1.5233241832738966,1.836843635320097,2.4403757940757282,0.4,0.35,active
1.4950504834880765,1.6615877429984232,2.4403757940757282,0.4,0.35,active
1.2837485280768883,1.7813916423817786,2.4403757940757282,0.4,0.35,active
1.1049480048683569,1.7292634582294144,2.4403757940757282,0.4,0.35,active
1.2485113949000468,1.6932757025355363,2.4403757940757282,0.4,0.35,active
1.4194323079619728,1.834249758363034,2.4403757940757282,0.4,0.35,active
1.3963464262665415,1.5292363161414837,2.4403757940757282,0.4,0.35,active
1.170345265875438,1.6703611970096743,2.4403757940757282,0.4,0.35,active
1.4450557874641294,1.846015330034624,2.4403757940757282,0.4,0.35,active
1.728203961114998,1.989304809971432,2.4403757940757282,0.4,0.35,heavy
1.5041771087282763,1.8589231811333886,2.4403757940757282,0.4,0.35,active
1.4865799671972177,1.7757348061748972,2.4403757940757282,0.4,0.35,active
1.592567691061482,1.9244726189212842,2.4403757940757282,0.4,0.35,active
1.5141296317828512,1.5496301925836051,2.4403757940757282,0.4,0.35,active
1.1979009419401951,1.843119752105142,2.4403757940757282,0.4,0.35,active
1.557913037569933,1.9967088020485342,2.4403757940757282,0.4,0.35,active
1.3926896328374403,1.7696730028743728,2.4403757940757282,0.4,0.35,active
1.2874247068269526,1.7290724845063936,2.4403757940757282,0.4,0.35,active
1.2616163476579119,1.94528034464345,2.4403757940757282,0.4,0.35,active
1.698102936472736,1.5213580831212723,2.4403757940757282,0.4,0.35,heavy
1.6130846984428628,1.7392065426497616,2.4403757940757282,0.4,0.35,heavy
1.0593780603622511,1.5823139086024098,2.4403757940757282,0.4,0.35,light
1.5425232132076327,1.8482095136090264,2.4403757940757282,0.4,0.35,active
1.1417039929079316,1.986826359991012,2.4403757940757282,0.4,0.35,active
1.6074405517534094,1.9773453969142116,2.4403757940757282,0.4,0.35,heavy
1.534644257740572,1.594439414333917,2.4403757940757282,0.4,0.35,active
1.3651537841088346,1.7832767182254083,2.4403757940757282,0.4,0.35,active
1.5546015204853676,1.6344933530487549,2.4403757940757282,0.4,0.35,active
1.6009708863088556,1.5592858585714993,2.4403757940757282,0.4,0.35,active
1.1786681615536845,1.6144935923540518,2.4403757940757282,0.4,0.35,active
1.2160330122870435,1.6378889795554248,2.4403757940757282,0.4,0.35,active
1.3522118515432349,1.6994800267112287,2.4403757940757282,0.4,0.35,active
1.4344036404846245,1.5343740746511625,2.4403757940757282,0.4,0.35,active
1.6233047755480812,1.9903530417111834,2.4403757940757282,0.4,0.35,heavy
1.5357887260097587,1.7760750021018255,2.4403757940757282,0.4,0.35,active
1.3375784536388158,1.939771261353289,2.4403757940757282,0.4,0.35,active
1.3054095318098988,1.915755597452141,2.4403757940757282,0.4,0.35,active
1.4440532416194412,1.7318978667144371,2.4403757940757282,0.4,0.35,active
1.6002791049862148,1.6227176923656357,2.4403757940757282,0.4,0.35,active
1.338868367845861,1.8295168542466527,2.4403757940757282,0.4,0.35,active
1.2434428554517598,1.8476422772853707,2.4403757940757282,0.4,0.35,active
1.5168756782612467,1.7471572658842969,2.4403757940757282,0.4,0.35,active
1.5017869075002208,1.5346971496593858,2.4403757940757282,0.4,0.35,active
1.7926169280722448,1.7055141186736942,2.4403757940757282,0.4,0.35,heavy
1.4833630960412205,1.5254764622328594,2.4403757940757282,0.4,0.35,active
1.561773742406329,1.888466783253566,2.4403757940757282,0.4,0.35,active
1.2594736385593313,1.7435604535738967,2.4403757940757282,0.4,0.35,active
1.5524316635143014,1.8569801854739443,2.4403757940757282,0.4,0.35,active
1.406492046436529,1.5246050894751249,2.4403757940757282,0.4,0.35,active
1.554772032903954,1.724885678625455,2.4403757940757282,0.4,0.35,active
1.660282951091213,1.5519522354925024,2.4403757940757282,0.4,0.35,heavy
1.7380174785373455,1.874886035312106,2.4403757940757282,0.4,0.35,heavy
1.1753824258495427,1.9908823660267725,2.4403757940757282,0.4,0.35,active
1.624745370112595,1.7406206876208663,2.4403757940757282,0.4,0.35,heavy
1.5367509542214466,1.8918658145604244,2.4403757940757282,0.4,0.35,active
1.6234923784907758,1.7401903498130575,2.4403757940757282,0.4,0.35,heavy
1.7117263555849223,1.6446226203163232,2.4403757940757282,0.4,0.35,heavy
1.5545578974110863,1.8078477229643515,2.4403757940757282,0.4,0.35,active
1.1505107300485546,1.513845639911137,2.4403757940757282,0.4,0.35,active
1.4759142243629857,1.5221673758225567,2.4403757940757282,0.4,0.35,active
1.4677497979138274,1.8875999860898722,2.4403757940757282,0.4,0.35,active
1.698947709630793,1.508013554988897,2.4403757940757282,0.4,0.35,heavy
1.3825278607789315,1.8091933814683563,2.4403757940757282,0.4,0.35,active
1.4214395867352831,1.978429412124149,2.4403757940757282,0.4,0.35,active
1.500864309878518,1.9212741013584806,2.4403757940757282,0.4,0.35,active
1.5023066024042335,1.6299337636527373,2.4403757940757282,0.4,0.35,active
1.3082883648579164,1.6310868144927244,2.4403757940757282,0.4,0.35,active
1.735204690443205,1.9703384788388405,2.4403757940757282,0.55,0.35,active
1.5634072572646929,1.6716234936477707,2.4403757940757282,0.55,0.35,active
1.6408548245342818,1.578980409450942,2.4403757940757282,0.55,0.35,active
1.4991152171904576,1.9472919326558746,2.4403757940757282,0.55,0.35,active
1.5118423991387837,1.836957286801641,2.4403757940757282,0.55,0.35,active
1.4355248247774952,1.859698729211527,2.4403757940757282,0.55,0.35,active
1.49526091661372,1.8071012457814386,2.4403757940757282,0.55,0.35,active
1.4779174769878303,1.7436968927360412,2.4403757940757282,0.55,0.35,active
1.5687085835061216,1.794006982921811,2.4403757940757282,0.55,0.35,active
1.1979468133563465,1.5496182001238927,2.4403757940757282,0.55,0.35,light
1.3485922156864751,1.579743871879534,2.4403757940757282,0.55,0.35,active
1.2160330122870435,1.6378889795554248,2.4403757940757282,0.55,0.35,light
1.7479789211382817,1.652988086224816,2.4403757940757282,0.55,0.35,active
1.4327414430691232,1.7257708888346464,2.4403757940757282,0.55,0.35,active
1.470317536604106,1.9035580721546563,2.4403757940757282,0.55,0.35,active
1.435955486769411,1.8753019385117027,2.4403757940757282,0.55,0.35,active
1.5926186639423499,1.9505909304693128,2.4403757940757282,0.55,0.35,active
1.1981304584082904,1.8479636073409296,2.4403757940757282,0.55,0.35,light
1.4771292646283456,1.7179937966684702,2.4403757940757282,0.55,0.35,active
1.367253679189451,1.7622985034691032,2.4403757940757282,0.55,0.35,active
1.1679726226316536,1.5270846342162383,2.4403757940757282,0.55,0.35,light
1.2809593610929737,1.6985314490834287,2.4403757940757282,0.55,0.35,active
1.5673104687665385,1.938127841112346,2.4403757940757282,0.55,0.35,active
1.7289834966800042,1.710350857538952,2.4403757940757282,0.55,0.35,active
1.0919885954613928,1.8337803376824144,2.4403757940757282,0.55,0.35,light
1.609380130280378,1.5785819336403568,2.4403757940757282,0.55,0.35,active
1.535443603018157,1.9120212605349969,2.4403757940757282,0.55,0.35,active
1.4403662005884506,1.616331319028757,2.4403757940757282,0.55,0.35,active
1.8559174279632231,1.7539128205665018,2.4403757940757282,0.55,0.35,heavy
1.4881893361261722,1.7507956200279313,2.4403757940757282,0.55,0.35,active
1.5700738143904438,1.6404749064098516,2.4403757940757282,0.55,0.35,active
1.7939642879462265,1.7770743216827751,2.4403757940757282,0.55,0.35,active
1.5078727928423055,1.5975179733710532,2.4403757940757282,0.55,0.35,active
1.5056911482921809,1.8156685805202526,2.4403757940757282,0.55,0.35,active
1.4447985843292501,1.8525554084996474,2.4403757940757282,0.55,0.35,active
1.6256125404320632,1.5032587392209735,2.4403757940757282,0.55,0.35,active
1.402381974293624,1.7105169098983202,2.4403757940757282,0.55,0.35,active
1.5588547845241678,1.8050079571026698,2.4403757940757282,0.55,0.35,active
1.7065829830379593,1.5632874013786466,2.4403757940757282,0.55,0.35,active
1.0463743888548485,1.9265879710402967,2.4403757940757282,0.55,0.35,light
1.3698390237994214,1.8735704810390659,2.4403757940757282,0.55,0.35,active
1.7860546639511754,1.656871054403255,2.4403757940757282,0.55,0.35,active
1.553228843487576,1.9485942220616064,2.4403757940757282,0.55,0.35,active
1.6389784022086724,1.5289731200237844,2.4403757940757282,0.55,0.35,active
1.6175480641476634,1.626873699803502,2.4403757940757282,0.55,0.35,active
1.46013068683503,1.8865379637114605,2.4403757940757282,0.55,0.35,active
1.6411132203567889,1.7336034350923457,2.4403757940757282,0.55,0.35,active
1.7056535090001013,1.820909774859668,2.4403757940757282,0.55,0.35,active
1.611568912432454,1.7784588374024939,2.4403757940757282,0.55,0.35,active
1.183358854336073,1.7695010988562456,2.4403757940757282,0.55,0.35,light
1.4691298062375697,1.7905441657380454,2.4403757940757282,0.55,0.35,active
1.5445249980498363,1.9277521286023849,2.4403757940757282,0.55,0.35,active
1.1729164433338535,1.5072419892669697,2.4403757940757282,0.55,0.35,light
1.6200186975643793,1.9619533384595507,2.4403757940757282,0.55,0.35,active
1.4871163979319317,1.6440236369956334,2.4403757940757282,0.55,0.35,active
1.52477826268077,1.64883604812101,2.4403757940757282,0.55,0.35,active
1.08521049390962,1.6494191833398872,2.4403757940757282,0.55,0.35,light
1.135157922344909,1.6026644852370595,2.4403757940757282,0.55,0.35,light
1.6841757815554055,1.7516255524377338,2.4403757940757282,0.55,0.35,active
1.591207444817246,1.9225469385099396,2.4403757940757282,0.55,0.35,active
1.3014937299915477,1.9871490777322571,2.4403757940757282,0.55,0.35,active
1.451420081078727,1.9198412814439583,2.4403757940757282,0.55,0.35,active
1.196684474048416,1.5845976284194025,2.4403757940757282,0.55,0.35,light
1.2922353418551527,1.820386743779309,2.4403757940757282,0.55,0.35,active
1.7639272642564807,1.752435893648948,2.4403757940757282,0.55,0.35,active
1.127322261276537,1.5246041834268107,2.4403757940757282,0.55,0.35,light
1.0689886826653008,1.8262022132424107,2.4403757940757282,0.55,0.35,light
1.8234777827161166,1.9300224547880456,2.4403757940757282,0.55,0.35,active
1.133937228716878,1.8625435857693209,2.4403757940757282,0.55,0.35,light
1.375068677885295,1.6740642916868265,2.4403757940757282,0.55,0.35,active
1.6023951065354554,1.5004018809953825,2.4403757940757282,0.55,0.35,active
1.695525392924365,1.9370814667096359,2.4403757940757282,0.55,0.35,active
1.1430719022227636,1.6903640071504977,2.4403757940757282,0.55,0.35,light
1.4617955286013904,1.9626119102191206,2.4403757940757282,0.55,0.35,active
1.3648791914488414,1.8324160849099174,2.4403757940757282,0.55,0.35,active
1.6371339468768316,1.6165856594660397,2.4403757940757282,0.55,0.35,active
1.4277191480624627,1.9377140836759534,2.4403757940757282,0.55,0.35,active
1.5948764840387186,1.72282396809543,2.4403757940757282,0.55,0.35,active
1.2939713610226138,1.6303697454549764,2.4403757940757282,0.55,0.35,active
1.2510614515345053,1.7320435867839015,2.4403757940757282,0.55,0.35,light
1.4732139855696595,1.7425736395103706,2.4403757940757282,0.55,0.35,active
1.5679219384684406,1.5762671168010725,2.4403757940757282,0.55,0.35,active
1.5857005088807394,1.9872301211325025,2.4403757940757282,0.55,0.35,active
1.1303842959343526,1.5301372649350544,2.4403757940757282,0.55,0.35,light
1.4023968490567673,1.560497126950525,2.4403757940757282,0.55,0.35,active
1.4060582517593592,1.5732303976812787,2.4403757940757282,0.55,0.35,active
1.5526970076613147,1.7305297677875588,2.4403757940757282,0.55,0.35,active
1.3783027962407295,1.9241483684284533,2.4403757940757282,0.55,0.35,active
1.7088841955189675,1.9775101764857124,2.4403757940757282,0.55,0.35,active
1.7540754523587203,1.977917780031306,2.4403757940757282,0.55,0.35,active
1.5228696515920774,1.7937230921105976,2.4403757940757282,0.55,0.35,active
1.390021803029775,1.913319493644347,2.4403757940757282,0.55,0.35,active
1.7410623411103603,1.6476864763631078,2.4403757940757282,0.55,0.35,active
1.3063620506371543,1.6829943486871588,2.4403757940757282,0.55,0.35,active
1.1209563874068955,1.551146590569454,2.4403757940757282,0.55,0.35,light
1.6096352712123387,1.666764171480171,2.4403757940757282,0.55,0.35,active
1.576545827448596,1.8252804273880474,2.4403757940757282,0.55,0.35,active
1.4771548354901611,1.809932464546803,2.4403757940757282,0.55,0.35,active
1.3962728900425532,1.6749472908907368,2.4403757940757282,0.55,0.35,active
1.7882122581466744,1.8263064990308397,2.4403757940757282,0.55,0.35,active
1.2053159706972705,1.9741969912170596,2.4403757940757282,0.55,0.35,light
1.5579240369898408,1.6234750171586219,2.4403757940757282,0.55,0.35,active
1.4934066164067723,1.8870229978811395,2.4403757940757282,0.55,0.35,active
1.1049065427103675,1.8248217959513167,2.4403757940757282,0.55,0.35,light
1.3957641064852992,1.6548718653221959,2.4403757940757282,0.55,0.35,active
1.353498928119882,1.8077952875993404,2.4403757940757282,0.55,0.35,active
1.4553409134909365,1.5068617702223912,2.4403757940757282,0.55,0.35,active
1.6562889601199218,1.9575273102086364,2.4403757940757282,0.55,0.35,active
1.2992208774325256,1.9339572510366339,2.4403757940757282,0.55,0.35,active
1.5189135434390715,1.5119928009436716,2.4403757940757282,0.55,0.35,active
1.547142062969616,1.7439243088755059,2.4403757940757282,0.65,0.35,active
1.8201464822209321,1.562186655666232,2.4403757940757282,0.65,0.35,active
1.3180246772509148,1.8281299496375343,2.4403757940757282,0.65,0.35,light
1.7880669424336606,1.8363811591724755,2.4403757940757282,0.65,0.35,active
1.4736149455297665,1.570480920139585,2.4403757940757282,0.65,0.35,active
1.3613106217836435,1.6386038863541494,2.4403757940757282,0.65,0.35,active
1.6032045818050527,1.7988433599786529,2.4403757940757282,0.65,0.35,active
1.5380889937324758,1.6742468359501348,2.4403757940757282,0.65,0.35,active
1.4311095655280144,1.8419596045957691,2.4403757940757282,0.65,0.35,active
1.6850898283179963,1.6979898594832954,2.4403757940757282,0.65,0.35,active
1.5314702830701914,1.6194075540773138,2.4403757940757282,0.65,0.35,active
1.186800593391576,1.6729082626504455,2.4403757940757282,0.65,0.35,light
1.5032611783254168,1.819302469384876,2.4403757940757282,0.65,0.35,active
1.817895227857802,1.8677875797213774,2.4403757940757282,0.65,0.35,active
1.1297059674284629,1.8554047010824144,2.4403757940757282,0.65,0.35,light
1.2364516520127926,1.9510213254332234,2.4403757940757282,0.65,0.35,light
1.3996399060435734,1.6052190481539268,2.4403757940757282,0.65,0.35,active
1.4010721290590502,1.9520523201589008,2.4403757940757282,0.65,0.35,active
1.5573688294445824,1.6537604481875952,2.4403757940757282,0.65,0.35,active
1.4620268562438217,1.8063667396055676,2.4403757940757282,0.65,0.35,active
1.3047110839348035,1.8112544566528952,2.4403757940757282,0.65,0.35,light
1.6840847416090816,1.9549229051075283,2.4403757940757282,0.65,0.35,active
1.6243975100546828,1.6881133048035153,2.4403757940757282,0.65,0.35,active
1.6243457088081596,1.5961786402159983,2.4403757940757282,0.65,0.35,active
1.2449790459696652,1.70469605835632,2.4403757940757282,0.65,0.35,light
1.4666046046836687,1.7625412468130786,2.4403757940757282,0.65,0.35,active
1.6079684443153808,1.7681441977474386,2.4403757940757282,0.65,0.35,active
1.2284313678174286,1.8320241651526896,2.4403757940757282,0.65,0.35,light
1.2823037649713176,1.7245469358887853,2.4403757940757282,0.65,0.35,light
1.468232624895835,1.9727968546057908,2.4403757940757282,0.65,0.35,active
1.117254510573339,1.8281877018544224,2.4403757940757282,0.65,0.35,light
1.2854193550521067,1.6018655868647724,2.4403757940757282,0.65,0.35,light
1.5053611904265582,1.8400473912536333,2.4403757940757282,0.65,0.35,active
1.4482774787297712,1.9840510229943509,2.4403757940757282,0.65,0.35,active
1.418458227576298,1.8318437548091595,2.4403757940757282,0.65,0.35,active
1.527168086483438,1.8439146169093625,2.4403757940757282,0.65,0.35,active
1.7374861765861624,1.611061251808312,2.4403757940757282,0.65,0.35,active
1.093828185207578,1.8043221006507562,2.4403757940757282,0.65,0.35,light
1.2236914992763182,1.8043918370419478,2.4403757940757282,0.65,0.35,light
1.4787175258243273,1.655249521888022,2.4403757940757282,0.65,0.35,active
1.6511959549299273,1.9327372231727742,2.4403757940757282,0.65,0.35,active
1.288478287124495,1.6968229995664061,2.4403757940757282,0.65,0.35,light
1.2633352868564927,1.6960569164204802,2.4403757940757282,0.65,0.35,light
1.435890180998805,1.663646951464751,2.4403757940757282,0.65,0.35,active
1.7002610146199473,1.7641205125686166,2.4403757940757282,0.65,0.35,active
1.4658258530476986,1.639316104127636,2.4403757940757282,0.65,0.35,active
1.330641792876661,1.697469647749643,2.4403757940757282,0.65,0.35,light
1.1311508118545233,1.7122596490922672,2.4403757940757282,0.65,0.35,light
1.1223096686614966,1.8815082704824155,2.4403757940757282,0.65,0.35,light
1.6019293114078417,1.6630021006820297,2.4403757940757282,0.65,0.35,active
1.2782853384482897,1.8334291976872064,2.4403757940757282,0.65,0.35,light
1.5104214002679017,1.5847096808971026,2.4403757940757282,0.65,0.35,active
1.5884012056550743,1.660925079118468,2.4403757940757282,0.65,0.35,active
1.6915516323659612,1.8400129120101285,2.4403757940757282,0.65,0.35,active
1.644276935927698,1.805282678794555,2.4403757940757282,0.65,0.35,active
1.5575586026541712,1.592494837317496,2.4403757940757282,0.65,0.35,active
1.4406782376738012,1.9984423469785035,2.4403757940757282,0.65,0.35,active
1.3453553964709553,1.8284192190436184,2.4403757940757282,0.65,0.35,light
1.2330943888027937,1.6471531182615404,2.4403757940757282,0.65,0.35,light
1.5293274749196062,1.6079316377233372,2.4403757940757282,0.65,0.35,active
1.5720397068836438,1.6300174584526002,2.4403757940757282,0.65,0.35,active
1.7027803000746737,1.6712946456037963,2.4403757940757282,0.65,0.35,active
1.0506224065241618,1.8588642020935329,2.4403757940757282,0.65,0.35,light
1.2259704405009824,1.7862338238045392,2.4403757940757282,0.65,0.35,light
1.3254452245319752,1.5322101447289609,2.4403757940757282,0.65,0.35,light
1.2968954076616763,1.9335943290483184,2.4403757940757282,0.65,0.35,light
1.5377380680324662,1.9312808352943913,2.4403757940757282,0.65,0.35,active
1.2937160771279774,1.8096537023603299,2.4403757940757282,0.65,0.35,light
1.2029246152685698,1.9879093591536923,2.4403757940757282,0.65,0.35,light
1.6000508863371434,1.6414117014091505,2.4403757940757282,0.65,0.35,active
1.7008735481780346,1.554414863556251,2.4403757940757282,0.65,0.35,active
1.5751735340743418,1.818511863478907,2.4403757940757282,0.65,0.35,active
1.7609458573828378,1.8944962991813497,2.4403757940757282,0.65,0.35,active
1.733590199825589,1.7431617081436934,2.4403757940757282,0.65,0.35,active
1.5697081539328175,1.8706831537861677,2.4403757940757282,0.65,0.35,active
1.7153271320944954,1.889961255301827,2.4403757940757282,0.65,0.35,active
1.4460359267538017,1.6237648107563822,2.4403757940757282,0.65,0.35,active
1.4441025304782718,1.5224647738969088,2.4403757940757282,0.65,0.35,active
1.3178402919308152,1.5593140264230827,2.4403757940757282,0.65,0.35,light
1.1580846258493693,1.8777604498825617,2.4403757940757282,0.65,0.35,light
1.5727046330310033,1.952122164184558,2.4403757940757282,0.65,0.35,active
1.136403103855997,1.7873065491194917,2.4403757940757282,0.65,0.35,light
1.5262646901901635,1.6767464367619167,2.4403757940757282,0.65,0.35,active
1.2697731413489861,1.909534713255307,2.4403757940757282,0.65,0.35,light
1.5192460428893793,1.7637298635172194,2.4403757940757282,0.65,0.35,active
1.2260244204309987,1.8965184026007669,2.4403757940757282,0.65,0.35,light
1.2666803211334283,1.8305893328601412,2.4403757940757282,0.65,0.35,light
1.3120975796536385,1.64983690814649,2.4403757940757282,0.65,0.35,light
1.5362632543455048,1.9287930797021704,2.4403757940757282,0.65,0.35,active
1.5276030947185777,1.9155992254749028,2.4403757940757282,0.65,0.35,active
1.6607829710086603,1.6400271367478583,2.4403757940757282,0.65,0.35,active
1.1676751195167328,1.610089997699002,2.4403757940757282,0.65,0.35,light
1.4606907308966437,1.6621681935736587,2.4403757940757282,0.65,0.35,active
1.1190746686047421,1.7244266680698086,2.4403757940757282,0.65,0.35,light
1.5623887811038961,1.897901068414979,2.4403757940757282,0.65,0.35,active
1.3037180530968315,1.712158672800383,2.4403757940757282,0.65,0.35,light
1.532059645375751,1.886980573967357,2.4403757940757282,0.65,0.35,active
1.7619491612904972,1.5426622953575861,2.4403757940757282,0.65,0.35,active
1.6979158402998162,1.7969675955198239,2.4403757940757282,0.65,0.35,active
1.681570922355562,1.9954148323290346,2.4403757940757282,0.65,0.35,active
1.2650137159441697,1.8699996916439106,2.4403757940757282,0.65,0.35,light
1.6126194342228715,1.9330143698030586,2.4403757940757282,0.65,0.35,active
1.4290723519741837,1.5448296862779132,2.4403757940757282,0.65,0.35,active
1.0913974374183906,1.6147612768970216,2.4403757940757282,0.65,0.35,light
1.3820178141829975,1.5484161334605704,2.4403757940757282,0.65,0.35,active
1.5450173907054043,1.6620095361723337,2.4403757940757282,0.65,0.35,active
1.3818800214026494,1.670502909095589,2.4403757940757282,0.65,0.35,active
1.1953782022889168,1.6869415108711912,2.4403757940757282,0.65,0.35,light
1.8220452456002654,1.9616770270262207,2.4403757940757282,0.65,0.35,active
1.3412133165775257,1.665133266376933,2.4403757940757282,0.65,0.35,light
1.412382756982075,1.918543329423259,2.794053445391051,0.4,0.35,active
1.4522362898663637,1.5063350472433128,2.794053445391051,0.4,0.35,active
1.7610376972491664,1.7610324499843508,2.794053445391051,0.4,0.35,active
1.7039671623719703,1.931189844663382,2.794053445391051,0.4,0.35,active
1.425711579724084,1.6174089415778707,2.794053445391051,0.4,0.35,active
1.4164648365864714,1.8984409620638263,2.794053445391051,0.4,0.35,active
1.1149077035357393,1.8315458654524563,2.794053445391051,0.4,0.35,light
1.2787047005972145,1.7365024926152226,2.794053445391051,0.4,0.35,active
1.7127009029837335,1.5976841728630742,2.794053445391051,0.4,0.35,active
1.5564100064984063,1.891309311280599,2.794053445391051,0.4,0.35,active
1.4828707071060023,1.8234074852592101,2.794053445391051,0.4,0.35,active
1.4753392847442635,1.6697861518313726,2.794053445391051,0.4,0.35,active
1.50785036657533,1.7420177183409618,2.794053445391051,0.4,0.35,active
1.8259965525273123,1.578189350447345,2.794053445391051,0.4,0.35,active
1.5888353582290753,1.8134193238744611,2.794053445391051,0.4,0.35,active
1.0934840389338059,1.556491298800918,2.794053445391051,0.4,0.35,light
1.8119650757562202,1.9449150677913982,2.794053445391051,0.4,0.35,active
1.4035103261872295,1.7337366205953517,2.794053445391051,0.4,0.35,active
1.7174004901281157,1.793943311226374,2.794053445391051,0.4,0.35,active
1.5124725125642275,1.962935010542654,2.794053445391051,0.4,0.35,active
1.4191310234487873,1.9990178019469513,2.794053445391051,0.4,0.35,active
1.712980360624125,1.8159496245064604,2.794053445391051,0.4,0.35,active
1.1561273082527765,1.6224355661368839,2.794053445391051,0.4,0.35,light
1.3952857070006783,1.9614439558995655,2.794053445391051,0.4,0.35,active
1.3285162003527773,1.8323806076576252,2.794053445391051,0.4,0.35,active
1.524116288137406,1.8136268597807284,2.794053445391051,0.4,0.35,active
1.6760167137082453,1.6549896309922765,2.794053445391051,0.4,0.35,active
1.182968860356377,1.8761941126150963,2.794053445391051,0.4,0.35,light
1.2164051966028255,1.9282838071781874,2.794053445391051,0.4,0.35,light
1.441187377786954,1.9354081102826544,2.794053445391051,0.4,0.35,active
1.2015022036600878,1.8815217913973443,2.794053445391051,0.4,0.35,light
1.5230363740129962,1.8822023894579156,2.794053445391051,0.4,0.35,active
1.514747975728044,1.5723471493948313,2.794053445391051,0.4,0.35,active
1.1731272108205888,1.5684804662604064,2.794053445391051,0.4,0.35,light
1.644276935927698,1.805282678794555,2.794053445391051,0.4,0.35,active
1.7870285578141476,1.8010529178884653,2.794053445391051,0.4,0.35,active
1.6966992785392483,1.58728235542717,2.794053445391051,0.4,0.35,active
1.356442321549949,1.9794908258417263,2.794053445391051,0.4,0.35,active
1.106547357500713,1.6504705216812432,2.794053445391051,0.4,0.35,light
1.3474670638275248,1.962319719343017,2.794053445391051,0.4,0.35,active
1.3541041139601586,1.925381233234602,2.794053445391051,0.4,0.35,active
1.1169982513733117,1.5603355626472655,2.794053445391051,0.4,0.35,light
1.655939805144898,1.5896210417396204,2.794053445391051,0.4,0.35,active
1.669425967725027,1.5647629371935299,2.794053445391051,0.4,0.35,active
1.7747068272634972,1.6933216949420349,2.794053445391051,0.4,0.35,active
1.7111436904015744,1.7482352485201567,2.794053445391051,0.4,0.35,active
1.611568912432454,1.7784588374024939,2.794053445391051,0.4,0.35,active
1.5382856380632801,1.580601876932643,2.794053445391051,0.4,0.35,active
1.6523973320782488,1.9998565418627825,2.794053445391051,0.4,0.35,active
1.4619040695781549,1.887141540258875,2.794053445391051,0.4,0.35,active
1.3189145124827641,1.952873889260007,2.794053445391051,0.4,0.35,active
1.4080035616920057,1.9265831152177464,2.794053445391051,0.4,0.35,active
1.816821820425961,1.71170177826624,2.794053445391051,0.4,0.35,active
1.4418393014816058,1.5193854129800541,2.794053445391051,0.4,0.35,active
1.7672477341621273,1.9197906815537733,2.794053445391051,0.4,0.35,active
1.501889471690838,1.9011410666757291,2.794053445391051,0.4,0.35,active
1.6260886847541913,1.6789999489493934,2.794053445391051,0.4,0.35,active
1.1040745565594066,1.581478914922202,2.794053445391051,0.4,0.35,light
1.4685893358710265,1.9132946482612656,2.794053445391051,0.4,0.35,active
1.620831751820662,1.7338722194491438,2.794053445391051,0.4,0.35,active
1.2477094490980316,1.8274136586997536,2.794053445391051,0.4,0.35,light
1.4811686038586862,1.5217312961109144,2.794053445391051,0.4,0.35,active
1.766961224075178,1.5137657158405986,2.794053445391051,0.4,0.35,active
1.348864249798279,1.812707325713335,2.794053445391051,0.4,0.35,active
1.6667815287056198,1.9034034323750122,2.794053445391051,0.4,0.35,active
1.1315241039415325,1.9297832233299306,2.794053445391051,0.4,0.35,light
1.7501680284996612,1.9123578700732942,2.794053445391051,0.4,0.35,active
1.3620404573009022,1.6973282555197235,2.794053445391051,0.4,0.35,active
1.6513218860672192,1.8881655179556027,2.794053445391051,0.4,0.35,active
1.679095333418193,1.5753467884768813,2.794053445391051,0.4,0.35,active
1.2510843493027746,1.9281291471079838,2.794053445391051,0.4,0.35,light
1.2318191860360799,1.6659423718774788,2.794053445391051,0.4,0.35,light
1.4050425808380236,1.5299428770619925,2.794053445391051,0.4,0.35,active
1.7011045712709099,1.8922416755174658,2.794053445391051,0.4,0.35,active
1.4616928570021466,1.8130524031747002,2.794053445391051,0.4,0.35,active
1.427874617633774,1.6124251784844916,2.794053445391051,0.4,0.35,active
1.7753627176761,1.981781301605904,2.794053445391051,0.4,0.35,active
1.3355844891932793,1.7515932308674613,2.794053445391051,0.4,0.35,active
1.7962110951937067,1.8562443620483766,2.794053445391051,0.4,0.35,active
1.1287692073346285,1.576719411745965,2.794053445391051,0.4,0.35,light
1.6404663429691835,1.5609039451902786,2.794053445391051,0.4,0.35,active
1.6002823306838325,1.9396648053056016,2.794053445391051,0.4,0.35,active
1.4416177540021784,1.7613508925323074,2.794053445391051,0.4,0.35,active
1.3328657372307315,1.604241678339842,2.794053445391051,0.4,0.35,active
1.5289531457340213,1.7060365245161748,2.794053445391051,0.4,0.35,active
1.5293623251611335,1.5058909752909524,2.794053445391051,0.4,0.35,active
1.7598875291162246,1.610948694480504,2.794053445391051,0.4,0.35,active
1.1681989063364697,1.640739438676741,2.794053445391051,0.4,0.35,light
1.2732284397449982,1.9972316755360024,2.794053445391051,0.4,0.35,active
1.3372839037390445,1.5160304104749869,2.794053445391051,0.4,0.35,active
1.1209255991064153,1.9574976925121976,2.794053445391051,0.4,0.35,light
1.6377580127838283,1.7634393640410337,2.794053445391051,0.4,0.35,active
1.3958644898893047,1.6521607534835283,2.794053445391051,0.4,0.35,active
1.2108470492344463,1.6171073978376767,2.794053445391051,0.4,0.35,light
1.56931050540035,1.5424885646984516,2.794053445391051,0.4,0.35,active
1.7699770762126017,1.7670806252307536,2.794053445391051,0.4,0.35,active
1.549675538517306,1.7998907729370521,2.794053445391051,0.4,0.35,active
1.4596124299428284,1.8221403542273857,2.794053445391051,0.4,0.35,active
1.5007083695441028,1.680473956704285,2.794053445391051,0.4,0.35,active
1.2732131645882467,1.9173987810748423,2.794053445391051,0.4,0.35,active
1.185927693291021,1.54432755837061,2.794053445391051,0.4,0.35,light
1.6210704211108653,1.7704708510749223,2.794053445391051,0.4,0.35,active
1.1325208743710389,1.6396522974887007,2.794053445391051,0.4,0.35,light
1.6682879170685945,1.9013119331020047,2.794053445391051,0.4,0.35,active
1.482121742866312,1.9781894517949483,2.794053445391051,0.4,0.35,active
1.5116865434781679,1.8782823712606254,2.794053445391051,0.4,0.35,active
1.3233674071451975,1.5964530885423112,2.794053445391051,0.4,0.35,active
1.7519353436060967,1.5280450802570593,2.794053445391051,0.4,0.35,active
1.1992799647198602,1.5768555228571721,2.794053445391051,0.4,0.35,light
1.103682262490612,1.9308542823817765,2.794053445391051,0.4,0.35,light
1.333706251110326,1.9265220559529028,2.794053445391051,0.55,0.35,light
1.5737699379536656,1.6859327453289497,2.794053445391051,0.55,0.35,active
1.1342986124128749,1.6829508138661666,2.794053445391051,0.55,0.35,light
1.4538434645530993,1.653639534199226,2.794053445391051,0.55,0.35,active
1.1757283256606053,1.9460119813568133,2.794053445391051,0.55,0.35,light
1.142081819148462,1.8157629336845167,2.794053445391051,0.55,0.35,light
1.1642707355589772,1.7323895048376967,2.794053445391051,0.55,0.35,light
1.1294741737604461,1.8173883532921602,2.794053445391051,0.55,0.35,light
1.559464609620017,1.6213618742678948,2.794053445391051,0.55,0.35,active
1.7494615619732365,1.9083648243783458,2.794053445391051,0.55,0.35,active
1.6289411335267876,1.862722189915299,2.794053445391051,0.55,0.35,active
1.2128430981843863,1.9333282665718468,2.794053445391051,0.55,0.35,light
1.276379656269393,1.920872573569334,2.794053445391051,0.55,0.35,light
1.2646004559651713,1.876315472902093,2.794053445391051,0.55,0.35,light
1.363538652882605,1.7083535986639762,2.794053445391051,0.55,0.35,light
1.6824973509676595,1.7769105252889794,2.794053445391051,0.55,0.35,active
1.7248640861142657,1.9887970914411948,2.794053445391051,0.55,0.35,active
1.5665443945916666,1.680898315080737,2.794053445391051,0.55,0.35,active
1.3958683595328736,1.7503528686789382,2.794053445391051,0.55,0.35,light
1.5798640375895747,1.9408635302939297,2.794053445391051,0.55,0.35,active
1.7538685333375972,1.7241506025973967,2.794053445391051,0.55,0.35,active
1.465959568662759,1.778218498016853,2.794053445391051,0.55,0.35,active
1.216598180282001,1.920505923252171,2.794053445391051,0.55,0.35,light
1.720263456687925,1.5000129005005172,2.794053445391051,0.55,0.35,active
1.3697346731422957,1.6493517680119294,2.794053445391051,0.55,0.35,light
1.2159764980411623,1.5620980901041408,2.794053445391051,0.55,0.35,light
1.5666108638942342,1.9084330378043386,2.794053445391051,0.55,0.35,active
1.631352105848787,1.8814803434446656,2.794053445391051,0.55,0.35,active
1.6223134502964456,1.5322902871501398,2.794053445391051,0.55,0.35,active
1.294273493362182,1.658574449796432,2.794053445391051,0.55,0.35,light
1.3132068479416596,1.7001719458112428,2.794053445391051,0.55,0.35,light
1.3667173236659587,1.65934389178156,2.794053445391051,0.55,0.35,light
1.0806464179209272,1.7425512454891505,2.794053445391051,0.55,0.35,light
1.114938699030859,1.7374336839527988,2.794053445391051,0.55,0.35,light
1.5033582944297914,1.5201183997564993,2.794053445391051,0.55,0.35,active
1.4808567749831423,1.839804918281683,2.794053445391051,0.55,0.35,active
1.6253443154856142,1.689393183401198,2.794053445391051,0.55,0.35,active
1.6755304496650112,1.5873040627751325,2.794053445391051,0.55,0.35,active
1.2584893575245024,1.7984850827778975,2.794053445391051,0.55,0.35,light
1.3278551022272123,1.6057747082587208,2.794053445391051,0.55,0.35,light
1.314977933292077,1.7504663572436376,2.794053445391051,0.55,0.35,light
1.6067085141130586,1.662873650108394,2.794053445391051,0.55,0.35,active
1.4612427474477487,1.9538686958221383,2.794053445391051,0.55,0.35,active
1.738582615983299,1.8553323694975337,2.794053445391051,0.55,0.35,active
1.6529718931088158,1.8447060038756842,2.794053445391051,0.55,0.35,active
1.6797675353072123,1.7727388785739653,2.794053445391051,0.55,0.35,active
1.6527159004326355,1.5159934748921207,2.794053445391051,0.55,0.35,active
1.5209089794435093,1.8378478908089169,2.794053445391051,0.55,0.35,active
1.1040745565594066,1.581478914922202,2.794053445391051,0.55,0.35,light
1.2069253431222196,1.802532454983876,2.794053445391051,0.55,0.35,light
1.1369993232316138,1.9641704875869668,2.794053445391051,0.55,0.35,light
1.0839675999406733,1.8125076012491619,2.794053445391051,0.55,0.35,light
1.6967409207394304,1.9841158078865637,2.794053445391051,0.55,0.35,active
1.4915168599391306,1.7968636215849012,2.794053445391051,0.55,0.35,active
1.2168183573586828,1.67647381670655,2.794053445391051,0.55,0.35,light
1.2029468585921548,1.8370382199970954,2.794053445391051,0.55,0.35,light
1.5237147491395706,1.8610571934757034,2.794053445391051,0.55,0.35,active
1.1273774152553884,1.939183625399599,2.794053445391051,0.55,0.35,light
1.283628100634517,1.7139060403507562,2.794053445391051,0.55,0.35,light
1.537571200199793,1.6285381856949988,2.794053445391051,0.55,0.35,active
1.1884223254277297,1.8489127316834248,2.794053445391051,0.55,0.35,light
1.133629316219097,1.823192688701776,2.794053445391051,0.55,0.35,light
1.5928318102097927,1.8273769195121583,2.794053445391051,0.55,0.35,active
1.274876605078812,1.991110931126913,2.794053445391051,0.55,0.35,light
1.4790989868613706,1.8139611180477253,2.794053445391051,0.55,0.35,active
1.1600397172473487,1.5374250901161113,2.794053445391051,0.55,0.35,light
1.4884278352829197,1.576464607587496,2.794053445391051,0.55,0.35,active
1.1917197633597572,1.5020936697399945,2.794053445391051,0.55,0.35,light
1.4446221350551194,1.6306036701555762,2.794053445391051,0.55,0.35,active
1.2585618454086482,1.7582164804864056,2.794053445391051,0.55,0.35,light
1.5622496304058804,1.7029187879955496,2.794053445391051,0.55,0.35,active
1.3910458767603842,1.772627001046347,2.794053445391051,0.55,0.35,light
1.6296955243064515,1.9890777058378852,2.794053445391051,0.55,0.35,active
1.340682445504534,1.5132067011323485,2.794053445391051,0.55,0.35,light
1.3779198794963694,1.6404920279508843,2.794053445391051,0.55,0.35,light
1.596901413050722,1.7594163086420098,2.794053445391051,0.55,0.35,active
1.52391731796269,1.8494180286210504,2.794053445391051,0.55,0.35,active
1.6519950888741788,1.7500890943904057,2.794053445391051,0.55,0.35,active
1.49309046862895,1.9547691281418236,2.794053445391051,0.55,0.35,active
1.5970301719268714,1.9940388554442945,2.794053445391051,0.55,0.35,active
1.5385820259685528,1.9216538435863477,2.794053445391051,0.55,0.35,active
1.1243037937704126,1.9033082126172445,2.794053445391051,0.55,0.35,light
1.5881573019779935,1.7486721505371712,2.794053445391051,0.55,0.35,active
1.6253621167099803,1.6842499682865293,2.794053445391051,0.55,0.35,active
1.234028428735726,1.6869128703095837,2.794053445391051,0.55,0.35,light
1.5727134381746728,1.7711248799528634,2.794053445391051,0.55,0.35,active
1.4531573641656454,1.599574806508654,2.794053445391051,0.55,0.35,active
1.614132594863493,1.5514909102570327,2.794053445391051,0.55,0.35,active
1.6557532646401567,1.8472301540687952,2.794053445391051,0.55,0.35,active
1.8370126843765882,1.9806392885497197,2.794053445391051,0.55,0.35,active
1.3855303210301446,1.823815792334841,2.794053445391051,0.55,0.35,light
1.212926756488685,1.9947405951761201,2.794053445391051,0.55,0.35,light
1.5717108608446682,1.7446754709839223,2.794053445391051,0.55,0.35,active
1.6221847679614165,1.729561585655945,2.794053445391051,0.55,0.35,active
1.4830045035569681,1.746448045301954,2.794053445391051,0.55,0.35,active
1.2816784780339965,1.9414750727753516,2.794053445391051,0.55,0.35,light
1.5273366871287617,1.8858109375279086,2.794053445391051,0.55,0.35,active
1.605324859510206,1.9500403107115183,2.794053445391051,0.55,0.35,active
1.3903482456705583,1.692087686556403,2.794053445391051,0.55,0.35,light
1.7327467767121123,1.9994271239252204,2.794053445391051,0.55,0.35,active
1.3359816744900908,1.7633524988688543,2.794053445391051,0.55,0.35,light
1.3383431054399608,1.6546867545392825,2.794053445391051,0.55,0.35,light
1.7124554476827902,1.7066067781405168,2.794053445391051,0.55,0.35,active
1.5558661225535102,1.7925023081801732,2.794053445391051,0.55,0.35,active
1.746634312473363,1.6908366743741952,2.794053445391051,0.55,0.35,active
1.4036389584521665,1.9496341632058987,2.794053445391051,0.55,0.35,light
1.266809837365002,1.7630856702027211,2.794053445391051,0.55,0.35,light
1.4018937016323507,1.5516609877363556,2.794053445391051,0.55,0.35,light
1.7704506271320397,1.8551626983783,2.794053445391051,0.55,0.35,active
1.3808159563116964,1.535048561566631,2.794053445391051,0.55,0.35,light
1.6368362091190292,1.8541264643568942,2.794053445391051,0.65,0.35,active
1.7214792775765417,1.5353359056009706,2.794053445391051,0.65,0.35,active
1.1429268572793316,1.5436791830540526,2.794053445391051,0.65,0.35,light
1.7471547899214626,1.9898522775948786,2.794053445391051,0.65,0.35,active
1.6507049279112882,1.9622831003191403,2.794053445391051,0.65,0.35,active
1.1678304023919543,1.5635207157956335,2.794053445391051,0.65,0.35,light
1.2073498139309295,1.7838726713575235,2.794053445391051,0.65,0.35,light
1.6105313924543343,1.5535519143491707,2.794053445391051,0.65,0.35,active
1.6431672360407248,1.6645523719632653,2.794053445391051,0.65,0.35,active
1.1710347134029915,1.7046906349590412,2.794053445391051,0.65,0.35,light
1.550075614949716,1.8500182219242038,2.794053445391051,0.65,0.35,light
1.3636246230463025,1.935212335882114,2.794053445391051,0.65,0.35,light
1.5349702894083765,1.808454980781653,2.794053445391051,0.65,0.35,light
1.3154282353851872,1.8415565114846677,2.794053445391051,0.65,0.35,light
1.5966992735566814,1.705205611641587,2.794053445391051,0.65,0.35,active
1.424519623112176,1.9548157897174563,2.794053445391051,0.65,0.35,light
1.307339050415361,1.9822352156098149,2.794053445391051,0.65,0.35,light
1.1067338750442715,1.6590901934196363,2.794053445391051,0.65,0.35,light
1.654123258588033,1.7556390300427673,2.794053445391051,0.65,0.35,active
1.4606907308966437,1.6621681935736587,2.794053445391051,0.65,0.35,light
1.6560877529299356,1.5664688213630722,2.794053445391051,0.65,0.35,active
1.6101024597449052,1.5962978524782268,2.794053445391051,0.65,0.35,active
1.6060611020217979,1.8838525165531799,2.794053445391051,0.65,0.35,active
1.3095092369768373,1.8532225246169491,2.794053445391051,0.65,0.35,light
1.759800180423427,1.6363718153067688,2.794053445391051,0.65,0.35,active
1.4410969399928906,1.8320735645842707,2.794053445391051,0.65,0.35,light
1.237154962919134,1.7731930601710644,2.794053445391051,0.65,0.35,light
1.7968627379669344,1.9678578731339949,2.794053445391051,0.65,0.35,active
1.8582959074111765,1.501877874017395,2.794053445391051,0.65,0.35,active
1.7926169280722448,1.7055141186736942,2.794053445391051,0.65,0.35,active
1.287629148207735,1.8929345770970665,2.794053445391051,0.65,0.35,light
1.4903780468104255,1.5740494562464808,2.794053445391051,0.65,0.35,light
1.2908105524072566,1.6255942864314639,2.794053445391051,0.65,0.35,light
1.1753845162257064,1.5177020054390442,2.794053445391051,0.65,0.35,light
1.431225369387928,1.9560998795114282,2.794053445391051,0.65,0.35,light
1.0911168646164986,1.585312366159878,2.794053445391051,0.65,0.35,light
1.352375918316264,1.7694845879516374,2.794053445391051,0.65,0.35,light
1.77581822757497,1.759540367893671,2.794053445391051,0.65,0.35,active
1.242299702452837,1.956565108376306,2.794053445391051,0.65,0.35,light
1.52496924383961,1.883827719940819,2.794053445391051,0.65,0.35,light
1.1467757294057994,1.57584300900462,2.794053445391051,0.65,0.35,light
1.8001754432361514,1.649259076557591,2.794053445391051,0.65,0.35,active
1.20299744587423,1.7767529306616465,2.794053445391051,0.65,0.35,light
1.607977095279279,1.739702196359176,2.794053445391051,0.65,0.35,active
1.4354033112082831,1.8957950552119505,2.794053445391051,0.65,0.35,light
1.5742987212423296,1.9277340715476583,2.794053445391051,0.65,0.35,active
1.289642769655891,1.9617399292941244,2.794053445391051,0.65,0.35,light
1.5316579188982946,1.7013859079697418,2.794053445391051,0.65,0.35,light
1.478622645259337,1.6324867525248798,2.794053445391051,0.65,0.35,light
1.4706680106133871,1.9856569328297102,2.794053445391051,0.65,0.35,light
1.590170326985844,1.6502067374882632,2.794053445391051,0.65,0.35,active
1.418367340296567,1.9495557861757218,2.794053445391051,0.65,0.35,light
1.3286833011863806,1.6199386301113825,2.794053445391051,0.65,0.35,light
1.2133683102232984,1.7776154160133726,2.794053445391051,0.65,0.35,light
1.7330182723678687,1.6597270194388258,2.794053445391051,0.65,0.35,active
1.7406437258002523,1.805895961379195,2.794053445391051,0.65,0.35,active
1.4612277141998609,1.5881347046135068,2.794053445391051,0.65,0.35,light
1.4726527948135364,1.871647777988057,2.794053445391051,0.65,0.35,light
1.778493688121146,1.6288699185798707,2.794053445391051,0.65,0.35,active
1.3578246773655915,1.9953937513408464,2.794053445391051,0.65,0.35,light
1.397883704159443,1.7913318364932054,2.794053445391051,0.65,0.35,light
1.4268343769022593,1.9830815012041823,2.794053445391051,0.65,0.35,light
1.5002045698694966,1.9961132966230792,2.794053445391051,0.65,0.35,light
1.676272091151219,1.9921375416120213,2.794053445391051,0.65,0.35,active
1.4727856912222994,1.5891617520386818,2.794053445391051,0.65,0.35,light
1.51164519514749,1.821639778037166,2.794053445391051,0.65,0.35,light
1.3972474048466474,1.5530781638066644,2.794053445391051,0.65,0.35,light
1.8042876300144217,1.7393953096020518,2.794053445391051,0.65,0.35,active
1.4852417267431994,1.6126207983736933,2.794053445391051,0.65,0.35,light
1.0689204877715877,1.922682430268381,2.794053445391051,0.65,0.35,light
1.0875091598204223,1.680332878911673,2.794053445391051,0.65,0.35,light
1.1714484173076356,1.6673420280293123,2.794053445391051,0.65,0.35,light
1.162386506127399,1.7038981008144125,2.794053445391051,0.65,0.35,light
1.7118393617668706,1.710410244998268,2.794053445391051,0.65,0.35,active
1.5066734341763928,1.698092228395468,2.794053445391051,0.65,0.35,light
1.1715278490356518,1.8933590654801042,2.794053445391051,0.65,0.35,light
1.4867240420882029,1.7720948624158857,2.794053445391051,0.65,0.35,light
1.1323584783696463,1.6414756284149887,2.794053445391051,0.65,0.35,light
1.2691413388487809,1.9575785463579893,2.794053445391051,0.65,0.35,light
1.201803038663667,1.6587464840816575,2.794053445391051,0.65,0.35,light
1.3616791001962272,1.7423785779610867,2.794053445391051,0.65,0.35,light
1.2742584502876295,1.6855420660245715,2.794053445391051,0.65,0.35,light
1.5545578974110863,1.8078477229643515,2.794053445391051,0.65,0.35,light
1.7839684238767028,1.9433900342106387,2.794053445391051,0.65,0.35,active
1.4799764077322493,1.989151019618221,2.794053445391051,0.65,0.35,light
1.0969156840226253,1.8225760169999785,2.794053445391051,0.65,0.35,light
1.7120536365254881,1.6200487349441377,2.794053445391051,0.65,0.35,active
1.5693026454673806,1.7424199191697687,2.794053445391051,0.65,0.35,active
1.4764082683085908,1.655407057326434,2.794053445391051,0.65,0.35,light
1.552188828884358,1.7761063386055813,2.794053445391051,0.65,0.35,light
1.7002610146199473,1.7641205125686166,2.794053445391051,0.65,0.35,active
1.3938307107860957,1.6595726884841966,2.794053445391051,0.65,0.35,light
1.8503978652582227,1.7277157726896495,2.794053445391051,0.65,0.35,active
1.198996357003612,1.7187954972911077,2.794053445391051,0.65,0.35,light
1.4561782923022548,1.7461388414255965,2.794053445391051,0.65,0.35,light
1.4428113210900468,1.8561824443800514,2.794053445391051,0.65,0.35,light
1.4388726684630704,1.8803402260185647,2.794053445391051,0.65,0.35,light
1.747789508726246,1.7437987809950277,2.794053445391051,0.65,0.35,active
1.6747882484442775,1.8577138312386465,2.794053445391051,0.65,0.35,active
1.4407271297905693,1.9027930453079096,2.794053445391051,0.65,0.35,light
1.4895958275711163,1.579992720787868,2.794053445391051,0.65,0.35,light
1.6167249547661804,1.6304516365950144,2.794053445391051,0.65,0.35,active
1.2153793280335254,1.8840802600368745,2.794053445391051,0.65,0.35,light
1.6418776706026745,1.9885395111880757,2.794053445391051,0.65,0.35,active
1.434268448866057,1.6733966036086656,2.794053445391051,0.65,0.35,light
1.5806654327404184,1.5092175825185519,2.794053445391051,0.65,0.35,active
1.6647145907114043,1.7659289724409064,2.794053445391051,0.65,0.35,active
1.324708452613171,1.7799645984549657,2.794053445391051,0.65,0.35,light
1.2007630911763778,1.9445552138950284,2.794053445391051,0.65,0.35,light
1.759685054326389,1.9054196057907595,2.794053445391051,0.65,0.35,active
1.221911823959469,1.557156076143954,3.1477310967063743,0.4,0.35,light
1.3796076520665534,1.8575851180792444,3.1477310967063743,0.4,0.35,light
1.6467431297085107,1.8081558657588475,3.1477310967063743,0.4,0.35,active
1.4946595515614314,1.8406973993720266,3.1477310967063743,0.4,0.35,active
1.5724441603461892,1.5742750583257807,3.1477310967063743,0.4,0.35,active
1.7975917329308586,1.5747304579127108,3.1477310967063743,0.4,0.35,active
1.6440102978021183,1.8295755397758688,3.1477310967063743,0.4,0.35,active
1.1280533369650985,1.6479188454849867,3.1477310967063743,0.4,0.35,light
1.5636476717546872,1.5922147550476748,3.1477310967063743,0.4,0.35,active
1.59686105727262,1.6707684858966754,3.1477310967063743,0.4,0.35,active
1.330641792876661,1.697469647749643,3.1477310967063743,0.4,0.35,light
1.637424765154092,1.9796532895661434,3.1477310967063743,0.4,0.35,active
1.4800078645258052,1.6762328983713455,3.1477310967063743,0.4,0.35,active
1.1581905188053914,1.5606050978289456,3.1477310967063743,0.4,0.35,light
1.339767684100405,1.862224301682907,3.1477310967063743,0.4,0.35,light
1.2873914056590352,1.797272691481285,3.1477310967063743,0.4,0.35,light
1.7097549937468584,1.9393419603839979,3.1477310967063743,0.4,0.35,active
1.5793414751402544,1.7952345863606083,3.1477310967063743,0.4,0.35,active
1.1806492466578906,1.5787619009897267,3.1477310967063743,0.4,0.35,light
1.593436206521859,1.7031617782010398,3.1477310967063743,0.4,0.35,active
1.507776603232487,1.6952647099349663,3.1477310967063743,0.4,0.35,active
1.1896412672140746,1.536004568515109,3.1477310967063743,0.4,0.35,light
1.5748260780159453,1.6601514289526298,3.1477310967063743,0.4,0.35,active
1.5972554632491833,1.5464218926904356,3.1477310967063743,0.4,0.35,active
1.786717505577909,1.9486248054310873,3.1477310967063743,0.4,0.35,active
1.3209850971854902,1.6625215199460905,3.1477310967063743,0.4,0.35,light
1.2618911702667062,1.6901680398852716,3.1477310967063743,0.4,0.35,light
1.5699228322279941,1.7112837419025542,3.1477310967063743,0.4,0.35,active
1.2363539364256875,1.8927554506047841,3.1477310967063743,0.4,0.35,light
1.5033992642828367,1.7235383669552982,3.1477310967063743,0.4,0.35,active
1.2357532335355077,1.663615453502786,3.1477310967063743,0.4,0.35,light
1.6354822819129,1.7963600937816218,3.1477310967063743,0.4,0.35,active
1.537738634933793,1.9100613716105022,3.1477310967063743,0.4,0.35,active
1.881772641430675,1.7129972265174,3.1477310967063743,0.4,0.35,active
1.1384571248164863,1.6925693554486636,3.1477310967063743,0.4,0.35,light
1.177890355168961,1.509636904924259,3.1477310967063743,0.4,0.35,light
1.4969162115714254,1.935639419382968,3.1477310967063743,0.4,0.35,active
1.2232768883299756,1.7031989840426927,3.1477310967063743,0.4,0.35,light
1.6403310395856456,1.565671251733294,3.1477310967063743,0.4,0.35,active
1.5306640257880024,1.9240979135125267,3.1477310967063743,0.4,0.35,active
1.551905203782904,1.6775934255962235,3.1477310967063743,0.4,0.35,active
1.327379267262997,1.830478249373876,3.1477310967063743,0.4,0.35,light
1.6562970484643251,1.9514743402758745,3.1477310967063743,0.4,0.35,active
1.2583591689092675,1.9122279622475404,3.1477310967063743,0.4,0.35,light
1.1038378291319049,1.871049808990771,3.1477310967063743,0.4,0.35,light
1.4990538436503087,1.8548108634809608,3.1477310967063743,0.4,0.35,active
1.5262357907285058,1.9222872634751633,3.1477310967063743,0.4,0.35,active
1.4634531114917713,1.8832512109737143,3.1477310967063743,0.4,0.35,active
1.7209384060092314,1.6638812137300998,3.1477310967063743,0.4,0.35,active
1.4144260458098776,1.7792780206682899,3.1477310967063743,0.4,0.35,light
1.321801290881778,1.8586190266241713,3.1477310967063743,0.4,0.35,light
1.282746644768028,1.9768145338948218,3.1477310967063743,0.4,0.35,light
1.7723533719411744,1.6853774527477,3.1477310967063743,0.4,0.35,active
1.7708047750580722,1.9486487840413438,3.1477310967063743,0.4,0.35,active
1.6059816133702003,1.7305617113892882,3.1477310967063743,0.4,0.35,active
1.850271760489148,1.6867439057656692,3.1477310967063743,0.4,0.35,active
1.7851960409557996,1.993965127857801,3.1477310967063743,0.4,0.35,active
1.1732689237351484,1.7293271519828932,3.1477310967063743,0.4,0.35,light
1.2751838092439998,1.848345253064732,3.1477310967063743,0.4,0.35,light
1.2151785194072375,1.829750857929828,3.1477310967063743,0.4,0.35,light
1.443964781904173,1.9688932482503083,3.1477310967063743,0.4,0.35,active
1.273700239666292,1.7613401419061128,3.1477310967063743,0.4,0.35,light
1.6657634611908445,1.7195028714922993,3.1477310967063743,0.4,0.35,active
1.4151939712874404,1.8705296139658392,3.1477310967063743,0.4,0.35,light
1.831092084757,1.9683044767094429,3.1477310967063743,0.4,0.35,active
1.6023595088516658,1.5008728631629389,3.1477310967063743,0.4,0.35,active
1.3903482456705583,1.692087686556403,3.1477310967063743,0.4,0.35,light
1.5129127354909253,1.9381165438348804,3.1477310967063743,0.4,0.35,active
1.280559090358333,1.5759716976891067,3.1477310967063743,0.4,0.35,light
1.287513770601654,1.7927313250949855,3.1477310967063743,0.4,0.35,light
1.7277336531773335,1.5715743942124036,3.1477310967063743,0.4,0.35,active
1.626892367423635,1.5822975163106907,3.1477310967063743,0.4,0.35,active
1.6909692383793045,1.9609410634801705,3.1477310967063743,0.4,0.35,active
1.8001754432361514,1.649259076557591,3.1477310967063743,0.4,0.35,active
1.5041852102179336,1.8436558162944374,3.1477310967063743,0.4,0.35,active
1.554024921874676,1.7410031284669145,3.1477310967063743,0.4,0.35,active
1.1545489641639315,1.780732779859705,3.1477310967063743,0.4,0.35,light
1.7371383331803583,1.723245512750084,3.1477310967063743,0.4,0.35,active
1.451948500331289,1.9463459282040565,3.1477310967063743,0.4,0.35,active
1.6496824059114021,1.9072509184545834,3.1477310967063743,0.4,0.35,active
1.4561715328837566,1.9067176923001385,3.1477310967063743,0.4,0.35,active
1.6049771668771384,1.7382287923905357,3.1477310967063743,0.4,0.35,active
1.7044516279126174,1.5971974684303745,3.1477310967063743,0.4,0.35,active
1.2072007577884278,1.6490639330689183,3.1477310967063743,0.4,0.35,light
1.7834572133904958,1.9246286263837589,3.1477310967063743,0.4,0.35,active
1.502561996922789,1.9504709223571084,3.1477310967063743,0.4,0.35,active
1.5569414999673465,1.7223624444420904,3.1477310967063743,0.4,0.35,active
1.611664227243095,1.5504901827181448,3.1477310967063743,0.4,0.35,active
1.192846698434435,1.787448586060025,3.1477310967063743,0.4,0.35,light
1.6955260451751997,1.9694857137621986,3.1477310967063743,0.4,0.35,active
1.3151372079674983,1.9168582482600374,3.1477310967063743,0.4,0.35,light
1.5926986708684867,1.928442688026316,3.1477310967063743,0.4,0.35,active
1.4564083282053908,1.695688180511027,3.1477310967063743,0.4,0.35,active
1.644979604787401,1.670312581276046,3.1477310967063743,0.4,0.35,active
1.6498069952865102,1.6865087531329437,3.1477310967063743,0.4,0.35,active
1.5552281046046799,1.8482803438750768,3.1477310967063743,0.4,0.35,active
1.5456566129325309,1.5138394214285689,3.1477310967063743,0.4,0.35,active
1.7843098199117013,1.5765088640485034,3.1477310967063743,0.4,0.35,active
1.487946622799585,1.6721878138276351,3.1477310967063743,0.4,0.35,active
1.2730818477268575,1.7203635419001042,3.1477310967063743,0.4,0.35,light
1.2841598167315103,1.651682612342439,3.1477310967063743,0.4,0.35,light
1.5145519638416804,1.5909814643222533,3.1477310967063743,0.4,0.35,active
1.3992224250051783,1.8946311911198332,3.1477310967063743,0.4,0.35,light
1.160464294612453,1.7307211726359186,3.1477310967063743,0.4,0.35,light
1.4559064681266347,1.8051547455325323,3.1477310967063743,0.4,0.35,active
1.5379018502400654,1.6536907840454165,3.1477310967063743,0.4,0.35,active
1.4402942206069367,1.635145753531608,3.1477310967063743,0.4,0.35,active
1.4079119268257494,1.9976233660833544,3.1477310967063743,0.4,0.35,light
1.1268770021352297,1.6283140889874972,3.1477310967063743,0.4,0.35,light
1.485080929415985,1.6805774875648305,3.1477310967063743,0.4,0.35,active
1.708658072540643,1.5899966374485268,3.1477310967063743,0.55,0.35,active
1.5300217581918283,1.6774204664631005,3.1477310967063743,0.55,0.35,light
1.6992565168725382,1.8752264531379976,3.1477310967063743,0.55,0.35,active
1.3807524635562036,1.7348719479032824,3.1477310967063743,0.55,0.35,light
1.7445620393158259,1.563527515528616,3.1477310967063743,0.55,0.35,active
1.2335294009859439,1.8190650099417174,3.1477310967063743,0.55,0.35,light
1.121816319737046,1.5128726552816172,3.1477310967063743,0.55,0.35,light
1.782684728877939,1.8633845056084763,3.1477310967063743,0.55,0.35,active
1.754332179062098,1.7318557038917262,3.1477310967063743,0.55,0.35,active
1.5586680257436971,1.6697893225421152,3.1477310967063743,0.55,0.35,light
1.0625663047695955,1.5428401978064903,3.1477310967063743,0.55,0.35,light
1.6174401455098972,1.5670705770734956,3.1477310967063743,0.55,0.35,light
1.2844457504822568,1.878336790316148,3.1477310967063743,0.55,0.35,light
1.5078727928423055,1.5975179733710532,3.1477310967063743,0.55,0.35,light
1.4653792667560435,1.800469593733764,3.1477310967063743,0.55,0.35,light
1.6461983441964283,1.6990442978029618,3.1477310967063743,0.55,0.35,active
1.416174269547415,1.692366195301034,3.1477310967063743,0.55,0.35,light
1.6338096430441698,1.9180719705656926,3.1477310967063743,0.55,0.35,light
1.5799967279644462,1.7060077912022928,3.1477310967063743,0.55,0.35,light
1.5800678213710857,1.8977561226577933,3.1477310967063743,0.55,0.35,light
1.6606989201194815,1.5365770196982091,3.1477310967063743,0.55,0.35,active
1.6745056723911365,1.9530442554736431,3.1477310967063743,0.55,0.35,active
1.6032009759214076,1.9190986491433224,3.1477310967063743,0.55,0.35,light
1.4441413132231569,1.8305743072312546,3.1477310967063743,0.55,0.35,light
1.140470621804377,1.5851270262815857,3.1477310967063743,0.55,0.35,light
1.357690566951795,1.5156626187455435,3.1477310967063743,0.55,0.35,light
1.702444899743522,1.5858627596143304,3.1477310967063743,0.55,0.35,active
1.259984287331603,1.9112449326758372,3.1477310967063743,0.55,0.35,light
1.3605433763397319,1.698645698265044,3.1477310967063743,0.55,0.35,light
1.6750912053268452,1.7775639427611534,3.1477310967063743,0.55,0.35,active
1.6107019468742068,1.627982463112137,3.1477310967063743,0.55,0.35,light
1.1847935377785008,1.8916044325856918,3.1477310967063743,0.55,0.35,light
1.4335212484236348,1.6000897856366958,3.1477310967063743,0.55,0.35,light
1.6630209169712515,1.9225015952886595,3.1477310967063743,0.55,0.35,active
1.2569565187920504,1.8274464292938857,3.1477310967063743,0.55,0.35,light
1.6547979665828276,1.5748566005544058,3.1477310967063743,0.55,0.35,active
1.6747567651933402,1.9578146122608213,3.1477310967063743,0.55,0.35,active
1.4768064869337565,1.831477335635914,3.1477310967063743,0.55,0.35,light
1.6497196316661074,1.7443578584929345,3.1477310967063743,0.55,0.35,active
1.4957723108632879,1.82457844376536,3.1477310967063743,0.55,0.35,light
1.2457501608048236,1.6606008295168455,3.1477310967063743,0.55,0.35,light
1.0942319384461439,1.901491795671081,3.1477310967063743,0.55,0.35,light
1.413246610631435,1.6707631671183936,3.1477310967063743,0.55,0.35,light
1.2636066461234938,1.7951047050334588,3.1477310967063743,0.55,0.35,light
1.6351885458315274,1.6314266060777132,3.1477310967063743,0.55,0.35,light
1.5503358303031958,1.804004210086942,3.1477310967063743,0.55,0.35,light
1.1818604928201992,1.7659298832267805,3.1477310967063743,0.55,0.35,light
1.2022816006080097,1.6353075784093436,3.1477310967063743,0.55,0.35,light
1.1134263712343029,1.6074973560244796,3.1477310967063743,0.55,0.35,light
1.451854122645167,1.743421769814613,3.1477310967063743,0.55,0.35,light
1.7615429912797425,1.6136453877107049,3.1477310967063743,0.55,0.35,active
1.0585976129160062,1.8010329290020803,3.1477310967063743,0.55,0.35,light
1.7650910084494178,1.859291120116733,3.1477310967063743,0.55,0.35,active
1.29187932311753,1.8766723901177844,3.1477310967063743,0.55,0.35,light
1.086800406553433,1.6527222220227729,3.1477310967063743,0.55,0.35,light
1.6268376421430641,1.7268156806498585,3.1477310967063743,0.55,0.35,light
1.6656578590374207,1.8236115777012656,3.1477310967063743,0.55,0.35,active
1.602584858567701,1.8272130203500123,3.1477310967063743,0.55,0.35,light
1.525299565276768,1.8384760406879992,3.1477310967063743,0.55,0.35,light
1.48444487638761,1.6554802494910819,3.1477310967063743,0.55,0.35,light
1.3520301923921707,1.910850125989998,3.1477310967063743,0.55,0.35,light
1.5402347830970482,1.8141798918220915,3.1477310967063743,0.55,0.35,light
1.5827821451631465,1.525465656799737,3.1477310967063743,0.55,0.35,light
1.2330979168027336,1.6372237178910536,3.1477310967063743,0.55,0.35,light
1.3110819641138616,1.5185406526801808,3.1477310967063743,0.55,0.35,light
1.7765676326440043,1.9597247140814928,3.1477310967063743,0.55,0.35,active
1.5281165509737056,1.7049384906872662,3.1477310967063743,0.55,0.35,light
1.6414547767012817,1.6752757424531126,3.1477310967063743,0.55,0.35,active
1.1174049568491284,1.7345077245202105,3.1477310967063743,0.55,0.35,light
1.6512257061389106,1.7878302677747542,3.1477310967063743,0.55,0.35,active
1.3590453172064834,1.5600793356367788,3.1477310967063743,0.55,0.35,light
1.3509967232048337,1.6563435130235344,3.1477310967063743,0.55,0.35,light
1.2058411830888478,1.6337352496862327,3.1477310967063743,0.55,0.35,light
1.311407413245383,1.7706990669614062,3.1477310967063743,0.55,0.35,light
1.732932980045567,1.7264195868339305,3.1477310967063743,0.55,0.35,active
1.4806228317108368,1.9357361392822519,3.1477310967063743,0.55,0.35,light
1.6557287358146924,1.7658549839293984,3.1477310967063743,0.55,0.35,active
1.609554931026509,1.6687412917614248,3.1477310967063743,0.55,0.35,light
1.3792053417714278,1.7936012442900418,3.1477310967063743,0.55,0.35,light
1.7882937770905942,1.8238656101927544,3.1477310967063743,0.55,0.35,active
1.4458996034817833,1.6472252411706392,3.1477310967063743,0.55,0.35,light
1.553146705738825,1.5319798116835375,3.1477310967063743,0.55,0.35,light
1.2778101163159739,1.5622337461864928,3.1477310967063743,0.55,0.35,light
1.316493068565618,1.8163185010931984,3.1477310967063743,0.55,0.35,light
1.5450032108707066,1.531982603644233,3.1477310967063743,0.55,0.35,light
1.771031374687514,1.6858859814910248,3.1477310967063743,0.55,0.35,active
1.8234777827161166,1.9300224547880456,3.1477310967063743,0.55,0.35,active
1.3861341690213413,1.5127194923249558,3.1477310967063743,0.55,0.35,light
1.4768201308377007,1.9232446362860656,3.1477310967063743,0.55,0.35,light
1.547127771031082,1.8433925831993192,3.1477310967063743,0.55,0.35,light
1.1553374462947108,1.7302878212897075,3.1477310967063743,0.55,0.35,light
1.512677987055275,1.6626278600876998,3.1477310967063743,0.55,0.35,light
1.2790318438324062,1.5650677311188737,3.1477310967063743,0.55,0.35,light
1.7277967370183487,1.53475875628014,3.1477310967063743,0.55,0.35,active
1.5860016514516992,1.7131498907851714,3.1477310967063743,0.55,0.35,light
1.68190357816955,1.9912325935543111,3.1477310967063743,0.55,0.35,active
1.1749595172200817,1.7349118814023843,3.1477310967063743,0.55,0.35,light
1.6027395391028354,1.5664331059635548,3.1477310967063743,0.55,0.35,light
1.3430457400930795,1.9532390089063498,3.1477310967063743,0.55,0.35,light
1.358880931084925,1.5112586742482446,3.1477310967063743,0.55,0.35,light
1.408706949680329,1.8068296184898651,3.1477310967063743,0.55,0.35,light
1.3962728900425532,1.6749472908907368,3.1477310967063743,0.55,0.35,light
1.5033038950950497,1.939537007911944,3.1477310967063743,0.55,0.35,light
1.7083947981708718,1.717824054350472,3.1477310967063743,0.55,0.35,active
1.1496329970084358,1.6739726220597424,3.1477310967063743,0.55,0.35,light
1.1123824457676739,1.8545320534684229,3.1477310967063743,0.55,0.35,light
1.344811203696685,1.7880826615549132,3.1477310967063743,0.55,0.35,light
1.3414575308944956,1.9755951534783722,3.1477310967063743,0.55,0.35,light
1.5506796745216471,1.8441071959277424,3.1477310967063743,0.55,0.35,light
1.359933587007096,1.5433219488757475,3.1477310967063743,0.55,0.35,light
1.3680544173545781,1.5092085819136631,3.1477310967063743,0.65,0.35,light
1.166894947655399,1.9886459538040244,3.1477310967063743,0.65,0.35,light
1.1959232847692247,1.7433273951267982,3.1477310967063743,0.65,0.35,light
1.6549694410965499,1.8285157521560502,3.1477310967063743,0.65,0.35,light
1.1522182265992313,1.5712025480976748,3.1477310967063743,0.65,0.35,light
1.3511918426951923,1.9646788855210136,3.1477310967063743,0.65,0.35,light
1.7733688622101753,1.959610435477587,3.1477310967063743,0.65,0.35,light
1.6967037413693362,1.7743134913546206,3.1477310967063743,0.65,0.35,light
1.2851824387785673,1.9932149716158567,3.1477310967063743,0.65,0.35,light
1.6324856174312101,1.6578278626127239,3.1477310967063743,0.65,0.35,light
1.749779725600554,1.7771589802862509,3.1477310967063743,0.65,0.35,light
1.5888353582290753,1.8134193238744611,3.1477310967063743,0.65,0.35,light
1.5166842585414964,1.7821606922639124,3.1477310967063743,0.65,0.35,light
1.4116343751623501,1.7223743918650862,3.1477310967063743,0.65,0.35,light
1.3337739765946253,1.768202796850935,3.1477310967063743,0.65,0.35,light
1.296794630807551,1.5664650164848624,3.1477310967063743,0.65,0.35,light
1.5983883785431001,1.7878965598190422,3.1477310967063743,0.65,0.35,light
1.608521973472268,1.9405464659098428,3.1477310967063743,0.65,0.35,light
1.1837444187684538,1.6681945665979778,3.1477310967063743,0.65,0.35,light
1.5780681975322115,1.9945714484929644,3.1477310967063743,0.65,0.35,light
1.5816500767458612,1.5214897750669985,3.1477310967063743,0.65,0.35,light
1.5010409618522669,1.7288826131903834,3.1477310967063743,0.65,0.35,light
1.2656616046331834,1.8865035846613414,3.1477310967063743,0.65,0.35,light
1.7097549937468584,1.9393419603839979,3.1477310967063743,0.65,0.35,light
1.1093429571081699,1.6262573821268587,3.1477310967063743,0.65,0.35,light
1.7816428312474177,1.9600058571468162,3.1477310967063743,0.65,0.35,active
1.5967352108841766,1.7312351725006696,3.1477310967063743,0.65,0.35,light
1.8429290999684091,1.6835854402372663,3.1477310967063743,0.65,0.35,active
1.630315896696136,1.5773740367329072,3.1477310967063743,0.65,0.35,light
1.2097405846642821,1.7003521984642314,3.1477310967063743,0.65,0.35,light
1.4945994105661162,1.9477247283895052,3.1477310967063743,0.65,0.35,light
1.8187272496310225,1.7189042731053934,3.1477310967063743,0.65,0.35,active
1.3433388554056085,1.786552972029983,3.1477310967063743,0.65,0.35,light
1.695910402643681,1.8097065109534025,3.1477310967063743,0.65,0.35,light
1.3293956081272649,1.8045910068102433,3.1477310967063743,0.65,0.35,light
1.585310550461106,1.997729482504504,3.1477310967063743,0.65,0.35,light
1.5815158658486168,1.7640001059636605,3.1477310967063743,0.65,0.35,light
1.5951875582429575,1.6055220352366821,3.1477310967063743,0.65,0.35,light
1.5862189092443026,1.9167336993503206,3.1477310967063743,0.65,0.35,light
1.6804302744243633,1.6409896702966191,3.1477310967063743,0.65,0.35,light
1.4582272008038366,1.753445036436147,3.1477310967063743,0.65,0.35,light
1.1304008286949148,1.635237436408257,3.1477310967063743,0.65,0.35,light
1.67189282565817,1.5077142501836123,3.1477310967063743,0.65,0.35,light
1.5646002190015644,1.6377404522031573,3.1477310967063743,0.65,0.35,light
1.4358646664501344,1.9838774178990108,3.1477310967063743,0.65,0.35,light
1.1678070547600636,1.8426371887786042,3.1477310967063743,0.65,0.35,light
1.3044979449202891,1.7161227029175803,3.1477310967063743,0.65,0.35,light
1.175740712544626,1.9291408744205945,3.1477310967063743,0.65,0.35,light
1.4297269323527162,1.8380450486661235,3.1477310967063743,0.65,0.35,light
1.0731207346980927,1.719066803035604,3.1477310967063743,0.65,0.35,light
1.4760765680465406,1.854882453269431,3.1477310967063743,0.65,0.35,light
1.1602710954811137,1.558696329240959,3.1477310967063743,0.65,0.35,light
1.6676274719408415,1.9974006656772616,3.1477310967063743,0.65,0.35,light
1.740321926317572,1.7724294868146733,3.1477310967063743,0.65,0.35,light
1.3277982913299493,1.6109189630691456,3.1477310967063743,0.65,0.35,light
1.4907636681621204,1.593887532212349,3.1477310967063743,0.65,0.35,light
1.53217975086267,1.5805974849833724,3.1477310967063743,0.65,0.35,light
1.6786476702882733,1.7015457017438094,3.1477310967063743,0.65,0.35,light
1.6159293250111921,1.7367204402998329,3.1477310967063743,0.65,0.35,light
1.67585078943706,1.7040939504838248,3.1477310967063743,0.65,0.35,light
1.7348884873435748,1.7188389104216744,3.1477310967063743,0.65,0.35,light
1.3260393641004642,1.5899581491900658,3.1477310967063743,0.65,0.35,light
1.6510958891455578,1.7978189884866855,3.1477310967063743,0.65,0.35,light
1.2783484918436683,1.8871821703819254,3.1477310967063743,0.65,0.35,light
1.1860673271826572,1.7814055517774745,3.1477310967063743,0.65,0.35,light
1.5433545297141273,1.685163584287395,3.1477310967063743,0.65,0.35,light
1.1571075964507802,1.5580494111423713,3.1477310967063743,0.65,0.35,light
1.3512885666677834,1.5009709762234564,3.1477310967063743,0.65,0.35,light
1.6761693366717818,1.5824407609481952,3.1477310967063743,0.65,0.35,light
1.3488198586953946,1.9422138810355798,3.1477310967063743,0.65,0.35,light
1.18112627421436,1.6181027399691577,3.1477310967063743,0.65,0.35,light
1.6059981756755326,1.995581859494088,3.1477310967063743,0.65,0.35,light
1.7753736963752327,1.8580198663507834,3.1477310967063743,0.65,0.35,light
1.6759218788149384,1.8489700194939882,3.1477310967063743,0.65,0.35,light
1.549471866445644,1.5499027080702015,3.1477310967063743,0.65,0.35,light
1.5180850962371057,1.8947160251648931,3.1477310967063743,0.65,0.35,light
1.6338705639459095,1.5900566811795533,3.1477310967063743,0.65,0.35,light
1.70405055398997,1.557870801120273,3.1477310967063743,0.65,0.35,light
1.7748479712938965,1.6250555649881913,3.1477310967063743,0.65,0.35,light
1.5140679384829885,1.8850006811525013,3.1477310967063743,0.65,0.35,light
1.509714545243089,1.8308556290263915,3.1477310967063743,0.65,0.35,light
1.4898704189480023,1.9878794854530533,3.1477310967063743,0.65,0.35,light
1.2696590718886864,1.999741233945985,3.1477310967063743,0.65,0.35,light
1.7125068849021954,1.9144878690826497,3.1477310967063743,0.65,0.35,light
1.5548346737767524,1.9337478275229576,3.1477310967063743,0.65,0.35,light
1.7338834975694606,1.5350373978976632,3.1477310967063743,0.65,0.35,light
1.3120975796536385,1.64983690814649,3.1477310967063743,0.65,0.35,light
1.3141188825549701,1.6347138302165822,3.1477310967063743,0.65,0.35,light
1.555814273289415,1.5576494345418308,3.1477310967063743,0.65,0.35,light
1.4026696393608704,1.949305388583377,3.1477310967063743,0.65,0.35,light
1.2707626961081964,1.6315301621342504,3.1477310967063743,0.65,0.35,light
1.6216552377237026,1.7986390955180078,3.1477310967063743,0.65,0.35,light
1.4589685313814855,1.8269835794425815,3.1477310967063743,0.65,0.35,light
1.2539331218410747,1.5426242308452602,3.1477310967063743,0.65,0.35,light
1.2181164729232994,1.6870077055648642,3.1477310967063743,0.65,0.35,light
1.85904206557263,1.5497306937495883,3.1477310967063743,0.65,0.35,active
1.7388374644600055,1.9257250736920448,3.1477310967063743,0.65,0.35,light
1.149453628435278,1.7122290264588345,3.1477310967063743,0.65,0.35,light
1.4002016130635702,1.5128105437857888,3.1477310967063743,0.65,0.35,light
1.7107168285128949,1.7830776726883317,3.1477310967063743,0.65,0.35,light
1.585420292243816,1.7251782324826188,3.1477310967063743,0.65,0.35,light
1.3330581111104136,1.9996836401812441,3.1477310967063743,0.65,0.35,light
1.2952852683427456,1.8722012074080574,3.1477310967063743,0.65,0.35,light
1.390992897371325,1.526959012339286,3.1477310967063743,0.65,0.35,light
1.2918122875537792,1.7946810688435442,3.1477310967063743,0.65,0.35,light
1.3598881125519955,1.9017243457855153,3.1477310967063743,0.65,0.35,light
1.170400281940868,1.5224403242159612,3.1477310967063743,0.65,0.35,light
1.1866468697816301,1.5507373130363369,3.1477310967063743,0.65,0.35,light
1.400111680987999,1.9699291880699747,3.1477310967063743,0.65,0.35,light
1.6516056801784198,1.8910303661186494,3.1477310967063743,0.65,0.35,light
1.2569899449702315,1.6053273294451316,3.501408748021697,0.4,0.35,light
1.4402942206069367,1.635145753531608,3.501408748021697,0.4,0.35,light
1.5706184120742999,1.5006997433787528,3.501408748021697,0.4,0.35,light
1.4802365003462343,1.8367973570962142,3.501408748021697,0.4,0.35,light
1.2849081096517634,1.5426229229337096,3.501408748021697,0.4,0.35,light
1.3074765199627667,1.8750975718705407,3.501408748021697,0.4,0.35,light
1.5720935597971961,1.9278542892116382,3.501408748021697,0.4,0.35,light
1.539860697116826,1.7714463784730825,3.501408748021697,0.4,0.35,light
1.7114522802115517,1.8301782988242823,3.501408748021697,0.4,0.35,active
1.1435800375589995,1.7833796382074207,3.501408748021697,0.4,0.35,light
1.3949205422293578,1.7281290955405242,3.501408748021697,0.4,0.35,light
1.327950125696923,1.5697950126033642,3.501408748021697,0.4,0.35,light
1.1412979346729089,1.6382604460251888,3.501408748021697,0.4,0.35,light
1.2306345304452575,1.8656613362197156,3.501408748021697,0.4,0.35,light
1.6618737041128802,1.5923126745884875,3.501408748021697,0.4,0.35,active
1.537015245037701,1.9217051364589666,3.501408748021697,0.4,0.35,light
1.2316143690601555,1.7220815422889526,3.501408748021697,0.4,0.35,light
1.1788700519336133,1.816122838631366,3.501408748021697,0.4,0.35,light
1.1312227079682853,1.9477090341049115,3.501408748021697,0.4,0.35,light
1.5759732617881712,1.8300506543310482,3.501408748021697,0.4,0.35,light
1.133629316219097,1.823192688701776,3.501408748021697,0.4,0.35,light
1.7984573852611005,1.8394868294832665,3.501408748021697,0.4,0.35,active
1.550807062618286,1.561777571562034,3.501408748021697,0.4,0.35,light
1.737804558470378,1.7260564819960784,3.501408748021697,0.4,0.35,active
1.5109180930835342,1.8455896702003458,3.501408748021697,0.4,0.35,light
1.3867225740090332,1.80902832852781,3.501408748021697,0.4,0.35,light
1.3216788679982379,1.9770755794849821,3.501408748021697,0.4,0.35,light
1.4431954140480112,1.5805510564961358,3.501408748021697,0.4,0.35,light
1.4387670296993949,1.7309796866499354,3.501408748021697,0.4,0.35,light
1.6907005290630532,1.9040783588132635,3.501408748021697,0.4,0.35,active
1.5982087608827396,1.8808049068097026,3.501408748021697,0.4,0.35,active
1.3508752831415685,1.928499625133699,3.501408748021697,0.4,0.35,light
1.6349394999777571,1.8927168166396569,3.501408748021697,0.4,0.35,active
1.3858712964382784,1.8310849339561845,3.501408748021697,0.4,0.35,light
1.3958285973168263,1.5198793234383323,3.501408748021697,0.4,0.35,light
1.6579957380933263,1.66056823140897,3.501408748021697,0.4,0.35,active
1.5836059177990385,1.9151458836835626,3.501408748021697,0.4,0.35,active
1.3304085352352477,1.5363588557285879,3.501408748021697,0.4,0.35,light
1.482657883797755,1.727285906139549,3.501408748021697,0.4,0.35,light
1.299330729887219,1.5235796056599349,3.501408748021697,0.4,0.35,light
1.703247795677384,1.8840721865677235,3.501408748021697,0.4,0.35,active
1.7898809275521872,1.794085461358356,3.501408748021697,0.4,0.35,active
1.3421845004420085,1.5830795537567328,3.501408748021697,0.4,0.35,light
1.7922110455205689,1.8052112463772643,3.501408748021697,0.4,0.35,active
1.4057146562650187,1.9766479856861139,3.501408748021697,0.4,0.35,light
1.754332179062098,1.7318557038917262,3.501408748021697,0.4,0.35,active
1.6431672360407248,1.6645523719632653,3.501408748021697,0.4,0.35,active
1.5301205968498357,1.7672886582238352,3.501408748021697,0.4,0.35,light
1.5865687862844633,1.8779498395942178,3.501408748021697,0.4,0.35,active
1.3550589641910968,1.9040412594160372,3.501408748021697,0.4,0.35,light
1.373400288356117,1.6120845010210745,3.501408748021697,0.4,0.35,light
1.5937345914659786,1.9093265409429034,3.501408748021697,0.4,0.35,active
1.2837485280768883,1.7813916423817786,3.501408748021697,0.4,0.35,light
1.1826415792488882,1.9465163758607738,3.501408748021697,0.4,0.35,light
1.463086758552579,1.805943063101298,3.501408748021697,0.4,0.35,light
1.5780681975322115,1.9945714484929644,3.501408748021697,0.4,0.35,light
1.6210772402025104,1.6677778897460485,3.501408748021697,0.4,0.35,active
1.182968860356377,1.8761941126150963,3.501408748021697,0.4,0.35,light
1.1502005884890776,1.8180972957215147,3.501408748021697,0.4,0.35,light
1.600599029252939,1.649979224064352,3.501408748021697,0.4,0.35,active
1.2687702436737565,1.5749957537826202,3.501408748021697,0.4,0.35,light
1.4520175659558012,1.9338548718051127,3.501408748021697,0.4,0.35,light
1.4613747118741083,1.7162350340455723,3.501408748021697,0.4,0.35,light
1.7168008765718543,1.9776275952203677,3.501408748021697,0.4,0.35,active
1.5184231593372293,1.8112893975377522,3.501408748021697,0.4,0.35,light
1.795965572313013,1.51843902731309,3.501408748021697,0.4,0.35,active
1.6098191008713851,1.8607403868799803,3.501408748021697,0.4,0.35,active
1.5836657207108715,1.8786498058606416,3.501408748021697,0.4,0.35,active
1.1739108509062253,1.5771908312206335,3.501408748021697,0.4,0.35,light
1.384277032407447,1.6463034019899931,3.501408748021697,0.4,0.35,light
1.6264446127684378,1.7971743829687683,3.501408748021697,0.4,0.35,active
1.6318240842780305,1.527833704485729,3.501408748021697,0.4,0.35,active
1.6889573853826831,1.953751403662691,3.501408748021697,0.4,0.35,active
1.3219672533231328,1.8348776174841797,3.501408748021697,0.4,0.35,light
1.4218469176449444,1.6083864869104028,3.501408748021697,0.4,0.35,light
1.4430258014937163,1.7356108323868076,3.501408748021697,0.4,0.35,light
1.677853994457807,1.877278015819895,3.501408748021697,0.4,0.35,active
1.1953172342924574,1.9517460906096207,3.501408748021697,0.4,0.35,light
1.148452115263725,1.5243733736638976,3.501408748021697,0.4,0.35,light
1.3136369009355477,1.6860979697770189,3.501408748021697,0.4,0.35,light
1.613743224114592,1.806947162729439,3.501408748021697,0.4,0.35,active
1.129175665215334,1.8966246737094596,3.501408748021697,0.4,0.35,light
1.2089025562464852,1.9401642143000872,3.501408748021697,0.4,0.35,light
1.580036516608715,1.7934737143755934,3.501408748021697,0.4,0.35,light
1.636135073451476,1.797875797009933,3.501408748021697,0.4,0.35,active
1.3271869127149973,1.8712726364578622,3.501408748021697,0.4,0.35,light
1.412552997086051,1.7917333734806715,3.501408748021697,0.4,0.35,light
1.4908227496131174,1.5561015435508807,3.501408748021697,0.4,0.35,light
1.7486845274896246,1.9225216284524418,3.501408748021697,0.4,0.35,active
1.2738191992589198,1.6807251847337852,3.501408748021697,0.4,0.35,light
1.431770325456478,1.6174448276288593,3.501408748021697,0.4,0.35,light
1.3749466552990752,1.9035350636956683,3.501408748021697,0.4,0.35,light
1.7741902085402448,1.925305165917927,3.501408748021697,0.4,0.35,active
1.4516130944614942,1.5690698222732613,3.501408748021697,0.4,0.35,light
1.2385599696304959,1.595493503503009,3.501408748021697,0.4,0.35,light
1.315927507555548,1.6377611771893605,3.501408748021697,0.4,0.35,light
1.602969260864017,1.7729839215041656,3.501408748021697,0.4,0.35,active
1.5775681823480046,1.6948310524263874,3.501408748021697,0.4,0.35,light
1.360679879069942,1.5402504615461656,3.501408748021697,0.4,0.35,light
1.4132361628531722,1.840786885964726,3.501408748021697,0.4,0.35,light
1.5068716462293243,1.722368642314183,3.501408748021697,0.4,0.35,light
1.550084082907188,1.827885057802017,3.501408748021697,0.4,0.35,light
1.510330022038641,1.530167119243388,3.501408748021697,0.4,0.35,light
1.3467152688725639,1.5190698913701954,3.501408748021697,0.4,0.35,light
1.1692390859175879,1.6231350856864495,3.501408748021697,0.4,0.35,light
1.1420800170441516,1.7082010813322444,3.501408748021697,0.4,0.35,light
1.4317410347928303,1.8184681013826176,3.501408748021697,0.4,0.35,light
1.3170711711910206,1.6086892406882032,3.501408748021697,0.4,0.35,light
1.146541410068607,1.617702786453111,3.501408748021697,0.4,0.35,light
1.421812844843221,1.806053791875118,3.501408748021697,0.4,0.35,light
1.44742102998762,1.7759976711772185,3.501408748021697,0.55,0.35,light
1.6658725975123552,1.9881896800472216,3.501408748021697,0.55,0.35,light
1.265118909041603,1.6584673779560413,3.501408748021697,0.55,0.35,light
1.4296784739084332,1.5665493389817624,3.501408748021697,0.55,0.35,light
1.5563639436201966,1.500699555963229,3.501408748021697,0.55,0.35,light
1.3044979449202891,1.7161227029175803,3.501408748021697,0.55,0.35,light
1.4436046148071418,1.8262635272832743,3.501408748021697,0.55,0.35,light
1.4441413132231569,1.8305743072312546,3.501408748021697,0.55,0.35,light
1.625452996569156,1.667020347893193,3.501408748021697,0.55,0.35,light
1.3340836847547066,1.61577769661983,3.501408748021697,0.55,0.35,light
1.309776703811735,1.5999258119276796,3.501408748021697,0.55,0.35,light
1.7884602424338434,1.740014993177511,3.501408748021697,0.55,0.35,light
1.6671025424567818,1.67928684963475,3.501408748021697,0.55,0.35,light
1.5293050813288425,1.8100928805858223,3.501408748021697,0.55,0.35,light
1.6416078664168954,1.7395809337569632,3.501408748021697,0.55,0.35,light
1.128177882353641,1.8596501764252185,3.501408748021697,0.55,0.35,light
1.486371092447188,1.8967116353710258,3.501408748021697,0.55,0.35,light
1.7596365089975028,1.8812151931683425,3.501408748021697,0.55,0.35,light
1.6908972006916796,1.784225870631928,3.501408748021697,0.55,0.35,light
1.6716349767868384,1.9773789602180896,3.501408748021697,0.55,0.35,light
1.6185363892204185,1.7007419846509788,3.501408748021697,0.55,0.35,light
1.7742005181917488,1.5967732896278652,3.501408748021697,0.55,0.35,light
1.1160339725533814,1.728876770054978,3.501408748021697,0.55,0.35,light
1.590509156931399,1.7985177211448018,3.501408748021697,0.55,0.35,light
1.4486633696132356,1.967223197598763,3.501408748021697,0.55,0.35,light
1.5853460400565844,1.812711301228525,3.501408748021697,0.55,0.35,light
1.6355381240500122,1.778217734798643,3.501408748021697,0.55,0.35,light
1.4056023627854577,1.68618465047737,3.501408748021697,0.55,0.35,light
1.498042747014014,1.7154396672133778,3.501408748021697,0.55,0.35,light
1.7303899994133822,1.8446693699718857,3.501408748021697,0.55,0.35,light
1.5852297997372615,1.5208146369974276,3.501408748021697,0.55,0.35,light
1.4530763813098984,1.505942476463351,3.501408748021697,0.55,0.35,light
1.3488341578724123,1.6920782183155427,3.501408748021697,0.55,0.35,light
1.4254298024711567,1.5855397115987853,3.501408748021697,0.55,0.35,light
1.3110932965287958,1.88716687630433,3.501408748021697,0.55,0.35,light
1.0624457477853118,1.8111412942850698,3.501408748021697,0.55,0.35,light
1.5000587243814199,1.6974068922784544,3.501408748021697,0.55,0.35,light
1.6013293257290309,1.8542784296409172,3.501408748021697,0.55,0.35,light
1.5571232938660038,1.5015749656922193,3.501408748021697,0.55,0.35,light
1.6264446127684378,1.7971743829687683,3.501408748021697,0.55,0.35,light
1.6934664522276104,1.8492390416038682,3.501408748021697,0.55,0.35,light
1.1547258422906412,1.6765875232247929,3.501408748021697,0.55,0.35,light
1.6230936128431355,1.659565430609788,3.501408748021697,0.55,0.35,light
1.5734557804504024,1.8952178685235477,3.501408748021697,0.55,0.35,light
1.511700381670594,1.5523717321305859,3.501408748021697,0.55,0.35,light
1.8233294158453976,1.7271797697859972,3.501408748021697,0.55,0.35,light
1.5078840857910054,1.7167789565562956,3.501408748021697,0.55,0.35,light
1.2285245561382385,1.9676754688530012,3.501408748021697,0.55,0.35,light
1.6583768783247894,1.6394954485404862,3.501408748021697,0.55,0.35,light
1.4421560459062255,1.9611397805383464,3.501408748021697,0.55,0.35,light
1.6194246404169126,1.8037108990066004,3.501408748021697,0.55,0.35,light
1.3028022376662054,1.5138148109157485,3.501408748021697,0.55,0.35,light
1.6066805791227001,1.7171151668412508,3.501408748021697,0.55,0.35,light
1.4848525240418673,1.652764694107269,3.501408748021697,0.55,0.35,light
1.5032083204732092,1.7164483670617634,3.501408748021697,0.55,0.35,light
1.483183255401528,1.5109705241585336,3.501408748021697,0.55,0.35,light
1.6129110646599545,1.8932894433951128,3.501408748021697,0.55,0.35,light
1.688462830217994,1.6954667919877813,3.501408748021697,0.55,0.35,light
1.1679465943253755,1.6098249164825291,3.501408748021697,0.55,0.35,light
1.2788658222339844,1.5921086396210669,3.501408748021697,0.55,0.35,light
1.6352527539572772,1.6966766982142625,3.501408748021697,0.55,0.35,light
1.4412746929346605,1.9062621512686235,3.501408748021697,0.55,0.35,light
1.48645032111827,1.745909418921797,3.501408748021697,0.55,0.35,light
1.6316821594702056,1.5108082464774026,3.501408748021697,0.55,0.35,light
1.6607723519033613,1.89754296823952,3.501408748021697,0.55,0.35,light
1.5313537613379582,1.8151640472165396,3.501408748021697,0.55,0.35,light
1.1726070507900253,1.9265703869437394,3.501408748021697,0.55,0.35,light
1.4483435761659726,1.9653263116424606,3.501408748021697,0.55,0.35,light
1.2300495348440028,1.6048695852992805,3.501408748021697,0.55,0.35,light
1.2260532158927901,1.7003604960817145,3.501408748021697,0.55,0.35,light
1.480537348461344,1.7827112190025798,3.501408748021697,0.55,0.35,light
1.5838148992468706,1.5005690136090137,3.501408748021697,0.55,0.35,light
1.889414182726158,1.9329328992623855,3.501408748021697,0.55,0.35,active
1.375068677885295,1.6740642916868265,3.501408748021697,0.55,0.35,light
1.0885736199948524,1.8678416818000487,3.501408748021697,0.55,0.35,light
1.1826415792488882,1.9465163758607738,3.501408748021697,0.55,0.35,light
1.4980234291959995,1.9750288471753077,3.501408748021697,0.55,0.35,light
1.6590978524069357,1.5368413095920201,3.501408748021697,0.55,0.35,light
1.712033396045247,1.6160539409863885,3.501408748021697,0.55,0.35,light
1.630315896696136,1.5773740367329072,3.501408748021697,0.55,0.35,light
1.4705501260829204,1.9723817649676376,3.501408748021697,0.55,0.35,light
1.2345673108840178,1.7631487534499644,3.501408748021697,0.55,0.35,light
1.6881393365248294,1.9625975742463808,3.501408748021697,0.55,0.35,light
1.7609458573828378,1.8944962991813497,3.501408748021697,0.55,0.35,light
1.6034809481114876,1.9810315501217253,3.501408748021697,0.55,0.35,light
1.706651236237184,1.6112152522621597,3.501408748021697,0.55,0.35,light
1.4874955284303246,1.599563314730977,3.501408748021697,0.55,0.35,light
1.7838731139293653,1.8745966054703171,3.501408748021697,0.55,0.35,light
1.1796735376586078,1.9491733598533867,3.501408748021697,0.55,0.35,light
1.2503429466390736,1.903998989039036,3.501408748021697,0.55,0.35,light
1.523717822873225,1.5828547932156698,3.501408748021697,0.55,0.35,light
1.5055451581460706,1.549084259274489,3.501408748021697,0.55,0.35,light
1.7289163874448261,1.5887581108498297,3.501408748021697,0.55,0.35,light
1.1274458427940288,1.7860420642836428,3.501408748021697,0.55,0.35,light
1.4016277927758813,1.737082730425261,3.501408748021697,0.55,0.35,light
1.2503404667908806,1.6514446394534321,3.501408748021697,0.55,0.35,light
1.5649743315776818,1.5777640285108747,3.501408748021697,0.55,0.35,light
1.5366653216152555,1.8725518343380854,3.501408748021697,0.55,0.35,light
1.4568700013443519,1.6746781467441318,3.501408748021697,0.55,0.35,light
1.4215702530445997,1.8874296533814066,3.501408748021697,0.55,0.35,light
1.249186507149168,1.8641701711028247,3.501408748021697,0.55,0.35,light
1.5563702148808305,1.7901003288725774,3.501408748021697,0.55,0.35,light
1.5624860185872516,1.5020056724605353,3.501408748021697,0.55,0.35,light
1.787308478542773,1.6965408828192898,3.501408748021697,0.55,0.35,light
1.2038450683868704,1.7070299820671977,3.501408748021697,0.55,0.35,light
1.51834848938171,1.6488512035038223,3.501408748021697,0.55,0.35,light
1.3482651677155835,1.9321369230935395,3.501408748021697,0.55,0.35,light
1.6087145209059897,1.7085335938865636,3.501408748021697,0.55,0.35,light
1.4223098854155574,1.8192430158370962,3.501408748021697,0.55,0.35,light
1.6197435789161854,1.628129373049588,3.501408748021697,0.55,0.35,light
1.322399418405343,1.5738813187768645,3.501408748021697,0.65,0.35,light
1.4369908948485552,1.7322336400661986,3.501408748021697,0.65,0.35,light
1.7779629299425754,1.9691544214455523,3.501408748021697,0.65,0.35,light
1.5531022370813747,1.7644914499507358,3.501408748021697,0.65,0.35,light
1.1850723548385185,1.5113831107251972,3.501408748021697,0.65,0.35,light
1.646929586864218,1.850126613206685,3.501408748021697,0.65,0.35,light
1.7189498262131988,1.7513310674063478,3.501408748021697,0.65,0.35,light
1.4627917961024801,1.5841880760074611,3.501408748021697,0.65,0.35,light
1.5075724796144356,1.8045605071500945,3.501408748021697,0.65,0.35,light
1.5266326462028805,1.6638903443287618,3.501408748021697,0.65,0.35,light
1.6091446246551107,1.8771585616473212,3.501408748021697,0.65,0.35,light
1.5108637321693263,1.5168413752900227,3.501408748021697,0.65,0.35,light
1.8065765417977535,1.9455829927172326,3.501408748021697,0.65,0.35,light
1.5632697607518482,1.5831096870969565,3.501408748021697,0.65,0.35,light
1.4990625184072985,1.5240502058164602,3.501408748021697,0.65,0.35,light
1.2652172752387836,1.7729819977557675,3.501408748021697,0.65,0.35,light
1.4768201308377007,1.9232446362860656,3.501408748021697,0.65,0.35,light
1.3667987317986245,1.9012784109640444,3.501408748021697,0.65,0.35,light
1.6416186744153998,1.663282440767854,3.501408748021697,0.65,0.35,light
1.5879707946764692,1.5544702316279753,3.501408748021697,0.65,0.35,light
1.488890831654341,1.743436615375833,3.501408748021697,0.65,0.35,light
1.4641226074104012,1.68219460838587,3.501408748021697,0.65,0.35,light
1.5478340500938674,1.8710366447659823,3.501408748021697,0.65,0.35,light
1.5083137018742623,1.5184506699918376,3.501408748021697,0.65,0.35,light
1.3497153225641936,1.9867071071180158,3.501408748021697,0.65,0.35,light
1.1292874925699814,1.5321963802140333,3.501408748021697,0.65,0.35,light
1.694291673255789,1.9080472882781314,3.501408748021697,0.65,0.35,light
1.195403212163317,1.6229249451435255,3.501408748021697,0.65,0.35,light
1.461110177704152,1.8613174681922031,3.501408748021697,0.65,0.35,light
1.6628029898899623,1.7680180609058165,3.501408748021697,0.65,0.35,light
1.56829359164327,1.5155270804827001,3.501408748021697,0.65,0.35,light
1.417649032736919,1.6500461812061196,3.501408748021697,0.65,0.35,light
1.4737211458517556,1.844203266489349,3.501408748021697,0.65,0.35,light
1.109205803492442,1.908710637351631,3.501408748021697,0.65,0.35,light
1.675536632742669,1.7797923471083565,3.501408748021697,0.65,0.35,light
1.13342803393436,1.705433196801315,3.501408748021697,0.65,0.35,light
1.4553856294882341,1.5725419035180928,3.501408748021697,0.65,0.35,light
1.6456183045133783,1.9585544282972644,3.501408748021697,0.65,0.35,light
1.566051021026879,1.705090152191212,3.501408748021697,0.65,0.35,light
1.723325483014895,1.7423064675612736,3.501408748021697,0.65,0.35,light
1.6857803630728003,1.7414369432098702,3.501408748021697,0.65,0.35,light
1.437258351322601,1.836128868160079,3.501408748021697,0.65,0.35,light
1.6628656529231303,1.8616395853350114,3.501408748021697,0.65,0.35,light
1.331145632189783,1.7052725990348034,3.501408748021697,0.65,0.35,light
1.3188370981031974,1.9147355994446555,3.501408748021697,0.65,0.35,light
1.5486164569363399,1.7189140557894336,3.501408748021697,0.65,0.35,light
1.2511163182454987,1.7726248911014828,3.501408748021697,0.65,0.35,light
1.4891316835529615,1.7684408526144975,3.501408748021697,0.65,0.35,light
1.2787335273704752,1.882324027471831,3.501408748021697,0.65,0.35,light
1.6527159004326355,1.5159934748921207,3.501408748021697,0.65,0.35,light
1.4491398966301954,1.5031742515482556,3.501408748021697,0.65,0.35,light
1.174569817829164,1.7955682148754795,3.501408748021697,0.65,0.35,light
1.8559174279632231,1.7539128205665018,3.501408748021697,0.65,0.35,light
1.2298788261645979,1.5747295546534719,3.501408748021697,0.65,0.35,light
1.220101116868315,1.7462580016853813,3.501408748021697,0.65,0.35,light
1.5064899009328578,1.8093644285358421,3.501408748021697,0.65,0.35,light
1.6343654837748378,1.8255217391508427,3.501408748021697,0.65,0.35,light
1.6985849308433778,1.8335765375481907,3.501408748021697,0.65,0.35,light
1.4166683156962043,1.985178159333703,3.501408748021697,0.65,0.35,light
1.6794632743031754,1.9942978596171748,3.501408748021697,0.65,0.35,light
1.7897684334326984,1.986688086089365,3.501408748021697,0.65,0.35,light
1.6820092075481499,1.9017336481390896,3.501408748021697,0.65,0.35,light
1.8716233605338501,1.9202000774921175,3.501408748021697,0.65,0.35,light
1.440408744883314,1.5325163698820927,3.501408748021697,0.65,0.35,light
1.4512920635016915,1.5542696833935579,3.501408748021697,0.65,0.35,light
1.3419065853683299,1.9025043256797214,3.501408748021697,0.65,0.35,light
1.28755583600537,1.8122743847376603,3.501408748021697,0.65,0.35,light
1.2866571670575357,1.8490067476156973,3.501408748021697,0.65,0.35,light
1.611143980118714,1.5794047071527753,3.501408748021697,0.65,0.35,light
1.57026223942669,1.9133270195516838,3.501408748021697,0.65,0.35,light
1.2281647020728714,1.6511575456060212,3.501408748021697,0.65,0.35,light
1.7579553223562672,1.6517181253025592,3.501408748021697,0.65,0.35,light
1.227853213097491,1.6986434961737396,3.501408748021697,0.65,0.35,light
1.4835768205659647,1.7716810054112822,3.501408748021697,0.65,0.35,light
1.5927190013221533,1.8842619273021848,3.501408748021697,0.65,0.35,light
1.547127771031082,1.8433925831993192,3.501408748021697,0.65,0.35,light
1.2479139334021576,1.622269939348555,3.501408748021697,0.65,0.35,light
1.6426500945456581,1.59513143809312,3.501408748021697,0.65,0.35,light
1.7820873095661596,1.6900389678892773,3.501408748021697,0.65,0.35,light
1.8202006281899465,1.830050949174891,3.501408748021697,0.65,0.35,light
1.1676751195167328,1.610089997699002,3.501408748021697,0.65,0.35,light
1.1818036207666078,1.5031622842166925,3.501408748021697,0.65,0.35,light
1.2243562288937997,1.7409496434668368,3.501408748021697,0.65,0.35,light
1.3028043249908612,1.9740557227686741,3.501408748021697,0.65,0.35,light
1.3030187240550128,1.5970563741512436,3.501408748021697,0.65,0.35,light
1.8347631842602636,1.9021713857377458,3.501408748021697,0.65,0.35,light
1.834342873740997,1.5452412083679379,3.501408748021697,0.65,0.35,light
1.6712325497693357,1.982050770235826,3.501408748021697,0.65,0.35,light
1.7374176247780728,1.7883551489542935,3.501408748021697,0.65,0.35,light
1.5800595366572465,1.673162151426479,3.501408748021697,0.65,0.35,light
1.3630951742164181,1.5421941551964502,3.501408748021697,0.65,0.35,light
1.5544199305438051,1.6943453135514859,3.501408748021697,0.65,0.35,light
1.399619168527855,1.8935568054008156,3.501408748021697,0.65,0.35,light
1.6448419197710138,1.794952427803606,3.501408748021697,0.65,0.35,light
1.5140340710796605,1.5318516006145162,3.501408748021697,0.65,0.35,light
1.8074759413743222,1.8515683924564088,3.501408748021697,0.65,0.35,light
1.7844805310807603,1.871474332865086,3.501408748021697,0.65,0.35,light
1.4377074074160865,1.9103123854772037,3.501408748021697,0.65,0.35,light
1.2361993517997425,1.8533360324474426,3.501408748021697,0.65,0.35,light
1.5823881651115823,1.637679767198946,3.501408748021697,0.65,0.35,light
1.1990315596046557,1.8362795065781445,3.501408748021697,0.65,0.35,light
1.4102738167728532,1.8143693682585313,3.501408748021697,0.65,0.35,light
1.452655546830301,1.5200864515451613,3.501408748021697,0.65,0.35,light
1.1228320232959905,1.9226217711398634,3.501408748021697,0.65,0.35,light
1.6597423833965477,1.9110568672214718,3.501408748021697,0.65,0.35,light
1.54897792366493,1.8154890936443289,3.501408748021697,0.65,0.35,light
1.2454129398874716,1.5601040949744855,3.501408748021697,0.65,0.35,light
1.3688514930830185,1.610601008058345,3.501408748021697,0.65,0.35,light
1.8032203817308508,1.8712761314084216,3.501408748021697,0.65,0.35,light
1.6184211612770854,1.6920779731816888,3.501408748021697,0.65,0.35,light
1.4561992063156786,1.5118337428822075,3.8550863993370204,0.4,0.35,light
1.6227913833631793,1.6543968730658458,3.8550863993370204,0.4,0.35,light
1.5037634985882744,1.8422731275676905,3.8550863993370204,0.4,0.35,light
1.487663401098589,1.9599699391637402,3.8550863993370204,0.4,0.35,light
1.359335842675004,1.9118758210507985,3.8550863993370204,0.4,0.35,light
1.6625096850961283,1.5262075375089015,3.8550863993370204,0.4,0.35,light
1.205079279662893,1.5356701646491944,3.8550863993370204,0.4,0.35,light
1.506051331408876,1.5392000578384157,3.8550863993370204,0.4,0.35,light
1.7504965534030417,1.5879661376947196,3.8550863993370204,0.4,0.35,light
1.7282912454040122,1.5930631656658978,3.8550863993370204,0.4,0.35,light
1.2179627587613122,1.9242081402855957,3.8550863993370204,0.4,0.35,light
1.1421849242961004,1.5822416129126555,3.8550863993370204,0.4,0.35,light
1.7341950318915598,1.9094053212900346,3.8550863993370204,0.4,0.35,light
1.642213876120385,1.6259280953702109,3.8550863993370204,0.4,0.35,light
1.214177138459519,1.5896803057465982,3.8550863993370204,0.4,0.35,light
1.6549694410965499,1.8285157521560502,3.8550863993370204,0.4,0.35,light
1.448956502206917,1.993144178205304,3.8550863993370204,0.4,0.35,light
1.1742942596004573,1.7542586177623156,3.8550863993370204,0.4,0.35,light
1.2964729094093934,1.7725303430909025,3.8550863993370204,0.4,0.35,light
1.5833654973990692,1.804868107068126,3.8550863993370204,0.4,0.35,light
1.5347272165870294,1.6237183127365422,3.8550863993370204,0.4,0.35,light
1.2682472772032023,1.6765510361018003,3.8550863993370204,0.4,0.35,light
1.4016146263273492,1.6123386912054984,3.8550863993370204,0.4,0.35,light
1.1560553164935352,1.9021744235153228,3.8550863993370204,0.4,0.35,light
1.4263742829170323,1.8162978204978502,3.8550863993370204,0.4,0.35,light
1.5052069850811882,1.525224949707616,3.8550863993370204,0.4,0.35,light
1.5002444024689183,1.8010729131462113,3.8550863993370204,0.4,0.35,light
1.566902300317754,1.764024862782761,3.8550863993370204,0.4,0.35,light
1.1936024664976934,1.8565056550388563,3.8550863993370204,0.4,0.35,light
1.1757754266873506,1.898343210786106,3.8550863993370204,0.4,0.35,light
1.4641938407331623,1.91255183435388,3.8550863993370204,0.4,0.35,light
1.4302050403590643,1.5671433640736168,3.8550863993370204,0.4,0.35,light
1.7131237100523569,1.537237572365504,3.8550863993370204,0.4,0.35,light
1.4949259229333944,1.5425879124487865,3.8550863993370204,0.4,0.35,light
1.0861420315283286,1.7774216506315366,3.8550863993370204,0.4,0.35,light
1.3372839037390445,1.5160304104749869,3.8550863993370204,0.4,0.35,light
1.5167334546942906,1.9853682769712084,3.8550863993370204,0.4,0.35,light
1.4935089047840677,1.5713922630180313,3.8550863993370204,0.4,0.35,light
1.7263185366669573,1.9602871452197745,3.8550863993370204,0.4,0.35,light
1.6015813143253128,1.6765389330042213,3.8550863993370204,0.4,0.35,light
1.6387736183307935,1.5790891244029805,3.8550863993370204,0.4,0.35,light
1.478033465238215,1.5785315620607612,3.8550863993370204,0.4,0.35,light
1.5706817016984342,1.516845412034158,3.8550863993370204,0.4,0.35,light
1.3666996959259103,1.6943507363973733,3.8550863993370204,0.4,0.35,light
1.579588720638199,1.6402692248822375,3.8550863993370204,0.4,0.35,light
1.4228222920750182,1.8233703062594646,3.8550863993370204,0.4,0.35,light
1.4074602696564658,1.7879444677116543,3.8550863993370204,0.4,0.35,light
1.3623309442551848,1.8062894691070674,3.8550863993370204,0.4,0.35,light
1.487641418589531,1.9425311930271731,3.8550863993370204,0.4,0.35,light
1.5459586592839607,1.9946385016331056,3.8550863993370204,0.4,0.35,light
1.527664712751197,1.6398198046134227,3.8550863993370204,0.4,0.35,light
1.4763237460122338,1.9736875397513431,3.8550863993370204,0.4,0.35,light
1.4682034709851006,1.8997053325116302,3.8550863993370204,0.4,0.35,light
1.2156315774731579,1.8973038294446023,3.8550863993370204,0.4,0.35,light
1.7560288329527083,1.9371678845298006,3.8550863993370204,0.4,0.35,light
1.4144967917683937,1.5494092128883654,3.8550863993370204,0.4,0.35,light
1.5490004987974761,1.5394208836919203,3.8550863993370204,0.4,0.35,light
1.5773799722288764,1.9583662964659254,3.8550863993370204,0.4,0.35,light
1.6128221029279588,1.6432223252686269,3.8550863993370204,0.4,0.35,light
1.4620573419660754,1.8393293151023358,3.8550863993370204,0.4,0.35,light
1.5095347103595584,1.744602344107447,3.8550863993370204,0.4,0.35,light
1.1774669780176783,1.5443745706610854,3.8550863993370204,0.4,0.35,light
1.6314371843690125,1.9328834839401894,3.8550863993370204,0.4,0.35,light
1.4807478581479958,1.7208754169829947,3.8550863993370204,0.4,0.35,light
1.5101058166812467,1.7104756669606416,3.8550863993370204,0.4,0.35,light
1.6311196674140827,1.593665734430055,3.8550863993370204,0.4,0.35,light
1.6563096708880718,1.6595591811773942,3.8550863993370204,0.4,0.35,light
1.6311459784470557,1.961304860375475,3.8550863993370204,0.4,0.35,light
1.415795301495987,1.6217590318156814,3.8550863993370204,0.4,0.35,light
1.2107642842555533,1.6409799780974188,3.8550863993370204,0.4,0.35,light
1.495118070578845,1.9866145221156428,3.8550863993370204,0.4,0.35,light
1.1613246561380706,1.8652077207639353,3.8550863993370204,0.4,0.35,light
1.5806636298445695,1.5607025412678022,3.8550863993370204,0.4,0.35,light
1.3909745069828363,1.525183260634424,3.8550863993370204,0.4,0.35,light
1.1395884520634914,1.5934936522426146,3.8550863993370204,0.4,0.35,light
1.3925481255433698,1.8420245267883346,3.8550863993370204,0.4,0.35,light
1.3264679471114507,1.7956475559360285,3.8550863993370204,0.4,0.35,light
1.2305698206118558,1.6649531901386223,3.8550863993370204,0.4,0.35,light
1.5843727501924325,1.916861014310707,3.8550863993370204,0.4,0.35,light
1.4612427474477487,1.9538686958221383,3.8550863993370204,0.4,0.35,light
1.4468783727935774,1.970786416956798,3.8550863993370204,0.4,0.35,light
1.458645906428991,1.8455756709515354,3.8550863993370204,0.4,0.35,light
1.772977120962266,1.8583430153489864,3.8550863993370204,0.4,0.35,active
1.46937547478578,1.6257907235754778,3.8550863993370204,0.4,0.35,light
1.6036200587649925,1.577246032923999,3.8550863993370204,0.4,0.35,light
1.2867093391057778,1.7721086672224438,3.8550863993370204,0.4,0.35,light
1.1538786812921171,1.9772128218057712,3.8550863993370204,0.4,0.35,light
1.5592095712549536,1.9298465052156875,3.8550863993370204,0.4,0.35,light
1.5603595111634838,1.5814540115356723,3.8550863993370204,0.4,0.35,light
1.4976976247909946,1.6976886588190223,3.8550863993370204,0.4,0.35,light
1.4488607676271321,1.8504070231821081,3.8550863993370204,0.4,0.35,light
1.261391420186413,1.6663399866601227,3.8550863993370204,0.4,0.35,light
1.728313088192928,1.9872947263434286,3.8550863993370204,0.4,0.35,light
1.2284313678174286,1.8320241651526896,3.8550863993370204,0.4,0.35,light
1.5303589957008645,1.7909806486962796,3.8550863993370204,0.4,0.35,light
1.624514872044459,1.5366103601755428,3.8550863993370204,0.4,0.35,light
1.5373799173508618,1.767189528748792,3.8550863993370204,0.4,0.35,light
1.8181166987981068,1.7802306114309028,3.8550863993370204,0.4,0.35,active
1.1353351067523523,1.791881622280374,3.8550863993370204,0.4,0.35,light
1.4825029202183184,1.930446611972378,3.8550863993370204,0.4,0.35,light
1.6048959060319394,1.6315229432211165,3.8550863993370204,0.4,0.35,light
1.656036098502026,1.8722696282741227,3.8550863993370204,0.4,0.35,light
1.5705399579987092,1.5208893352033441,3.8550863993370204,0.4,0.35,light
1.7873452623028832,1.7259330588396273,3.8550863993370204,0.4,0.35,active
1.3474670638275248,1.962319719343017,3.8550863993370204,0.4,0.35,light
1.5803216428828266,1.587400964179857,3.8550863993370204,0.4,0.35,light
1.4315022019338282,1.5504967442686384,3.8550863993370204,0.4,0.35,light
1.4594884392564051,1.590293024137455,3.8550863993370204,0.4,0.35,light
1.1553374462947108,1.7302878212897075,3.8550863993370204,0.4,0.35,light
1.1465565852712392,1.6978981288099584,3.8550863993370204,0.4,0.35,light
1.3909457965090355,1.6285783221719576,3.8550863993370204,0.55,0.35,light
1.2894049232772349,1.66606422171018,3.8550863993370204,0.55,0.35,light
1.4815925017896394,1.7149466926610462,3.8550863993370204,0.55,0.35,light
1.711714800629311,1.7535683336624777,3.8550863993370204,0.55,0.35,light
1.5937880187247873,1.7823950427988813,3.8550863993370204,0.55,0.35,light
1.6524887103117882,1.5928779985958275,3.8550863993370204,0.55,0.35,light
1.1233433101758648,1.7309589148844093,3.8550863993370204,0.55,0.35,light
1.7247184295562308,1.8040535055388711,3.8550863993370204,0.55,0.35,light
1.3423307878431532,1.60345438082383,3.8550863993370204,0.55,0.35,light
1.3833592683560003,1.6936139394140979,3.8550863993370204,0.55,0.35,light
1.6201555408135668,1.9634194441337796,3.8550863993370204,0.55,0.35,light
1.074728421537337,1.6874986729514718,3.8550863993370204,0.55,0.35,light
1.097425123064036,1.9078685700644638,3.8550863993370204,0.55,0.35,light
1.3157147151563493,1.92216097439091,3.8550863993370204,0.55,0.35,light
1.415857613058926,1.6565828437365335,3.8550863993370204,0.55,0.35,light
1.149453628435278,1.7122290264588345,3.8550863993370204,0.55,0.35,light
1.3303375124885009,1.760473934896826,3.8550863993370204,0.55,0.35,light
1.554024921874676,1.7410031284669145,3.8550863993370204,0.55,0.35,light
1.331298605181507,1.8074652840605605,3.8550863993370204,0.55,0.35,light
1.1228320232959905,1.9226217711398634,3.8550863993370204,0.55,0.35,light
1.2798725883527935,1.5176216733083692,3.8550863993370204,0.55,0.35,light
1.7741902085402448,1.925305165917927,3.8550863993370204,0.55,0.35,light
1.6694010898199239,1.5137515973823188,3.8550863993370204,0.55,0.35,light
1.5505012564240621,1.708688737878745,3.8550863993370204,0.55,0.35,light
1.6308367148083942,1.5836811884653077,3.8550863993370204,0.55,0.35,light
1.1502470660188717,1.8088919032004158,3.8550863993370204,0.55,0.35,light
1.7994964473224633,1.9421809015669413,3.8550863993370204,0.55,0.35,light
1.5843565950088436,1.8352105939409562,3.8550863993370204,0.55,0.35,light
1.586025776122407,1.7373245374721362,3.8550863993370204,0.55,0.35,light
1.6870950579272925,1.7251585290703566,3.8550863993370204,0.55,0.35,light
1.5194857756477687,1.7471623888597052,3.8550863993370204,0.55,0.35,light
1.137946203150653,1.5818554862142045,3.8550863993370204,0.55,0.35,light
1.195403212163317,1.6229249451435255,3.8550863993370204,0.55,0.35,light
1.3957861216196825,1.957568769826279,3.8550863993370204,0.55,0.35,light
1.5335370188281536,1.8924381639851573,3.8550863993370204,0.55,0.35,light
1.4825902637991766,1.9737817192626947,3.8550863993370204,0.55,0.35,light
1.2633733102350384,1.9371309125434155,3.8550863993370204,0.55,0.35,light
1.3753579842337977,1.6157000253518112,3.8550863993370204,0.55,0.35,light
1.5157012515919135,1.8081592230151657,3.8550863993370204,0.55,0.35,light
1.6761693366717818,1.5824407609481952,3.8550863993370204,0.55,0.35,light
1.7196828009293461,1.542537774330237,3.8550863993370204,0.55,0.35,light
1.3256650638570284,1.6871413056003604,3.8550863993370204,0.55,0.35,light
1.5334875462274506,1.7472265068217063,3.8550863993370204,0.55,0.35,light
1.2325038266973598,1.706173780468986,3.8550863993370204,0.55,0.35,light
1.7970655799120407,1.7856173026126947,3.8550863993370204,0.55,0.35,light
1.6137247679358049,1.7656239072254882,3.8550863993370204,0.55,0.35,light
1.1614781395733789,1.6411563033106502,3.8550863993370204,0.55,0.35,light
1.7465336532138533,1.7379740772673178,3.8550863993370204,0.55,0.35,light
1.3416125288206893,1.7801592587572626,3.8550863993370204,0.55,0.35,light
1.3827780515752532,1.9068563483632393,3.8550863993370204,0.55,0.35,light
1.4917398919940736,1.9648986572782912,3.8550863993370204,0.55,0.35,light
1.5410167776879864,1.6580916964943277,3.8550863993370204,0.55,0.35,light
1.7054919829095883,1.5511333282999424,3.8550863993370204,0.55,0.35,light
1.4430258014937163,1.7356108323868076,3.8550863993370204,0.55,0.35,light
1.4756675174000549,1.5478943327557733,3.8550863993370204,0.55,0.35,light
1.487663401098589,1.9599699391637402,3.8550863993370204,0.55,0.35,light
1.2530381944373898,1.5876458271157472,3.8550863993370204,0.55,0.35,light
1.5103526463902,1.5815155675817916,3.8550863993370204,0.55,0.35,light
1.821440214830109,1.96578136220261,3.8550863993370204,0.55,0.35,light
1.4353673602667598,1.918487718771573,3.8550863993370204,0.55,0.35,light
1.608397152436363,1.704637679575597,3.8550863993370204,0.55,0.35,light
1.1660039651767213,1.5949364829733161,3.8550863993370204,0.55,0.35,light
1.5663440110920872,1.78056291145385,3.8550863993370204,0.55,0.35,light
1.4752776781817136,1.633499091325522,3.8550863993370204,0.55,0.35,light
1.3351495847165247,1.7443972521095994,3.8550863993370204,0.55,0.35,light
1.129209095001771,1.9862169534321428,3.8550863993370204,0.55,0.35,light
1.3322864201822233,1.8542300070384932,3.8550863993370204,0.55,0.35,light
1.6301391006403854,1.6010769523020567,3.8550863993370204,0.55,0.35,light
1.33456152030336,1.7696325421830992,3.8550863993370204,0.55,0.35,light
1.6143393844978149,1.825615076445723,3.8550863993370204,0.55,0.35,light
1.5568216096509948,1.9292463420295214,3.8550863993370204,0.55,0.35,light
1.3185345894573162,1.9594590125735616,3.8550863993370204,0.55,0.35,light
1.398916536418628,1.7274092009781128,3.8550863993370204,0.55,0.35,light
1.6397311326369897,1.9676231551925412,3.8550863993370204,0.55,0.35,light
1.096713121276368,1.6792711320651725,3.8550863993370204,0.55,0.35,light
1.2348380788108264,1.9553945103405022,3.8550863993370204,0.55,0.35,light
1.5518220883543417,1.7035409477683208,3.8550863993370204,0.55,0.35,light
1.6621255056480113,1.6138755209642057,3.8550863993370204,0.55,0.35,light
1.2880746724350096,1.6562250187672782,3.8550863993370204,0.55,0.35,light
1.1413097897444024,1.6985810499306175,3.8550863993370204,0.55,0.35,light
1.434756566162692,1.5778054143556788,3.8550863993370204,0.55,0.35,light
1.2653443473120964,1.7014843112938127,3.8550863993370204,0.55,0.35,light
1.578193075639006,1.813013909711495,3.8550863993370204,0.55,0.35,light
1.3537696405771282,1.6562189501317979,3.8550863993370204,0.55,0.35,light
1.487629137909843,1.7323603154800138,3.8550863993370204,0.55,0.35,light
1.4586668728618106,1.6806728503882296,3.8550863993370204,0.55,0.35,light
1.863378828610611,1.7313916774673648,3.8550863993370204,0.55,0.35,light
1.16807006303258,1.7134252717470693,3.8550863993370204,0.55,0.35,light
1.5170318600323123,1.8742910079613848,3.8550863993370204,0.55,0.35,light
1.5421118096512167,1.8273380076829813,3.8550863993370204,0.55,0.35,light
1.2476991173451457,1.5897115873630687,3.8550863993370204,0.55,0.35,light
1.128177882353641,1.8596501764252185,3.8550863993370204,0.55,0.35,light
1.7283259823015946,1.545182501812663,3.8550863993370204,0.55,0.35,light
1.6129897124772739,1.600590580590247,3.8550863993370204,0.55,0.35,light
1.3982435622788356,1.9304846522083894,3.8550863993370204,0.55,0.35,light
1.436159169795589,1.7348949536557796,3.8550863993370204,0.55,0.35,light
1.7019900965681614,1.931807102479545,3.8550863993370204,0.55,0.35,light
1.2980404264520065,1.8695418192642046,3.8550863993370204,0.55,0.35,light
1.1295299697848387,1.7444095946847047,3.8550863993370204,0.55,0.35,light
1.066755672314849,1.771508239056573,3.8550863993370204,0.55,0.35,light
1.227853213097491,1.6986434961737396,3.8550863993370204,0.55,0.35,light
1.125784089693919,1.691954041309415,3.8550863993370204,0.55,0.35,light
1.3141188825549701,1.6347138302165822,3.8550863993370204,0.55,0.35,light
1.557148335136631,1.721970405221495,3.8550863993370204,0.55,0.35,light
1.3418222711996228,1.59797379124176,3.8550863993370204,0.55,0.35,light
1.8560101771043032,1.9370866740930124,3.8550863993370204,0.55,0.35,light
1.0995300761127136,1.5262487052706146,3.8550863993370204,0.55,0.35,light
1.59686105727262,1.6707684858966754,3.8550863993370204,0.55,0.35,light
1.5833654973990692,1.804868107068126,3.8550863993370204,0.55,0.35,light
1.7104318398471292,1.7699744566026767,3.8550863993370204,0.55,0.35,light
1.1024370451162597,1.7741419731215973,3.8550863993370204,0.65,0.35,light
1.5530560663682433,1.6066444504695798,3.8550863993370204,0.65,0.35,light
1.4562965745920486,1.8460818546208009,3.8550863993370204,0.65,0.35,light
1.651438650318548,1.6158165752264684,3.8550863993370204,0.65,0.35,light
1.51834848938171,1.6488512035038223,3.8550863993370204,0.65,0.35,light
1.3653880623056047,1.6146135079686361,3.8550863993370204,0.65,0.35,light
1.7539847770902046,1.9128462657798453,3.8550863993370204,0.65,0.35,light
1.5561245462877478,1.8744292498476605,3.8550863993370204,0.65,0.35,light
1.6193851835155624,1.9129690055432116,3.8550863993370204,0.65,0.35,light
1.4829228257677447,1.8978800535318812,3.8550863993370204,0.65,0.35,light
1.4737567545856978,1.9225220601611066,3.8550863993370204,0.65,0.35,light
1.136876527251117,1.9122363286990431,3.8550863993370204,0.65,0.35,light
1.356442321549949,1.9794908258417263,3.8550863993370204,0.65,0.35,light
1.485080929415985,1.6805774875648305,3.8550863993370204,0.65,0.35,light
1.167739407815576,1.6872296290061812,3.8550863993370204,0.65,0.35,light
1.7808552360782801,1.9150731509826888,3.8550863993370204,0.65,0.35,light
1.4706924155077135,1.8378382531743032,3.8550863993370204,0.65,0.35,light
1.1190746686047421,1.7244266680698086,3.8550863993370204,0.65,0.35,light
1.6225199977354348,1.9833838311868646,3.8550863993370204,0.65,0.35,light
1.5434876410009795,1.633853761128828,3.8550863993370204,0.65,0.35,light
1.666149305293929,1.6912065063225674,3.8550863993370204,0.65,0.35,light
1.453139356564099,1.6660201957378362,3.8550863993370204,0.65,0.35,light
1.1082889833878655,1.8286974282174,3.8550863993370204,0.65,0.35,light
1.6578188237385478,1.575607629566324,3.8550863993370204,0.65,0.35,light
1.5649743315776818,1.5777640285108747,3.8550863993370204,0.65,0.35,light
1.2592096144404032,1.7485839560771985,3.8550863993370204,0.65,0.35,light
1.4419457682164172,1.5316684598861041,3.8550863993370204,0.65,0.35,light
1.769030767329516,1.6787754630975698,3.8550863993370204,0.65,0.35,light
1.77581822757497,1.759540367893671,3.8550863993370204,0.65,0.35,light
1.8067906650759051,1.8742453654941962,3.8550863993370204,0.65,0.35,light
1.5683916675898044,1.8267176210700304,3.8550863993370204,0.65,0.35,light
1.1984224641770829,1.6941544933025172,3.8550863993370204,0.65,0.35,light
1.2232768883299756,1.7031989840426927,3.8550863993370204,0.65,0.35,light
1.44405910454235,1.997422504263355,3.8550863993370204,0.65,0.35,light
1.3348120072760599,1.6103169984054218,3.8550863993370204,0.65,0.35,light
1.7367426761481644,1.7940577788145022,3.8550863993370204,0.65,0.35,light
1.4154255268867237,1.5743525720665517,3.8550863993370204,0.65,0.35,light
1.5736203506948196,1.6341537080391126,3.8550863993370204,0.65,0.35,light
1.374455747643903,1.9605242299154182,3.8550863993370204,0.65,0.35,light
1.7827030511810193,1.8337237269248905,3.8550863993370204,0.65,0.35,light
1.5294464385889432,1.627029528158039,3.8550863993370204,0.65,0.35,light
1.6515713168364137,1.5546866089201206,3.8550863993370204,0.65,0.35,light
1.634132678262427,1.6365613043088165,3.8550863993370204,0.65,0.35,light
1.1908024225252767,1.8157798073204607,3.8550863993370204,0.65,0.35,light
1.3667173236659587,1.65934389178156,3.8550863993370204,0.65,0.35,light
1.240562434423105,1.9384041679940258,3.8550863993370204,0.65,0.35,light
1.5557629555910508,1.6436555000887043,3.8550863993370204,0.65,0.35,light
1.215824704069186,1.5390931594065624,3.8550863993370204,0.65,0.35,light
1.7280165484191747,1.827419658493564,3.8550863993370204,0.65,0.35,light
1.140817913013968,1.6359233822650858,3.8550863993370204,0.65,0.35,light
1.3769187371261074,1.724150336668752,3.8550863993370204,0.65,0.35,light
1.7751054172778578,1.8990081583888236,3.8550863993370204,0.65,0.35,light
1.4941522772287874,1.677173792621986,3.8550863993370204,0.65,0.35,light
1.643587661041698,1.920610400012091,3.8550863993370204,0.65,0.35,light
1.2164518151767472,1.8850792141071628,3.8550863993370204,0.65,0.35,light
1.6268444027849258,1.517476189453591,3.8550863993370204,0.65,0.35,light
1.6546692752949,1.5533933297174007,3.8550863993370204,0.65,0.35,light
1.1388371812212865,1.8101003814709888,3.8550863993370204,0.65,0.35,light
1.6212071133780552,1.720578409468953,3.8550863993370204,0.65,0.35,light
1.620265350701851,1.8540307335767996,3.8550863993370204,0.65,0.35,light
1.5847316236100315,1.5729707353022195,3.8550863993370204,0.65,0.35,light
1.2629053579994165,1.8187842260946456,3.8550863993370204,0.65,0.35,light
1.5256594329839348,1.7760651808202377,3.8550863993370204,0.65,0.35,light
1.717131621862875,1.6577574030798405,3.8550863993370204,0.65,0.35,light
1.6370551633478412,1.667363501306734,3.8550863993370204,0.65,0.35,light
1.2690955717038543,1.9396908080730706,3.8550863993370204,0.65,0.35,light
1.6604598833344433,1.9126948176370524,3.8550863993370204,0.65,0.35,light
1.2305698206118558,1.6649531901386223,3.8550863993370204,0.65,0.35,light
1.7716470342236514,1.8910464872806616,3.8550863993370204,0.65,0.35,light
1.50146189534193,1.9941762455551117,3.8550863993370204,0.65,0.35,light
1.4787667130205207,1.8200521267504108,3.8550863993370204,0.65,0.35,light
1.8623021621317222,1.864527005125701,3.8550863993370204,0.65,0.35,light
1.454299665537947,1.899377567052115,3.8550863993370204,0.65,0.35,light
1.168420131024282,1.8551130532004938,3.8550863993370204,0.65,0.35,light
1.5192460428893793,1.7637298635172194,3.8550863993370204,0.65,0.35,light
1.7372912533434535,1.8635993490690708,3.8550863993370204,0.65,0.35,light
1.2204674345432802,1.7120972562248045,3.8550863993370204,0.65,0.35,light
1.695910402643681,1.8097065109534025,3.8550863993370204,0.65,0.35,light
1.3026582815086967,1.842595012973445,3.8550863993370204,0.65,0.35,light
1.69591724998398,1.6761658182477643,3.8550863993370204,0.65,0.35,light
1.415156217726929,1.5638264895423644,3.8550863993370204,0.65,0.35,light
1.6443309307368554,1.815435509789748,3.8550863993370204,0.65,0.35,light
1.4189314745795985,1.8166531533660786,3.8550863993370204,0.65,0.35,light
1.143100082352441,1.6433084588781386,3.8550863993370204,0.65,0.35,light
1.4913041067708472,1.847283226569389,3.8550863993370204,0.65,0.35,light
1.4286460375061347,1.6135312908221993,3.8550863993370204,0.65,0.35,light
1.5678458305610241,1.6216102796925562,3.8550863993370204,0.65,0.35,light
1.481776341473467,1.5857481665454636,3.8550863993370204,0.65,0.35,light
1.2436407259986226,1.9663289235739596,3.8550863993370204,0.65,0.35,light
1.5200643981277546,1.55054630115889,3.8550863993370204,0.65,0.35,light
1.2084947084571973,1.7478164512502876,3.8550863993370204,0.65,0.35,light
1.4811686038586862,1.5217312961109144,3.8550863993370204,0.65,0.35,light
1.1424404954067184,1.6755114674393885,3.8550863993370204,0.65,0.35,light
1.55809476047162,1.970261177893707,3.8550863993370204,0.65,0.35,light
1.4467475006476236,1.6952032364822038,3.8550863993370204,0.65,0.35,light
1.6048899737523752,1.54409361169493,3.8550863993370204,0.65,0.35,light
1.4686466970794811,1.6654744428599133,3.8550863993370204,0.65,0.35,light
1.5634318989464093,1.6544635092520759,3.8550863993370204,0.65,0.35,light
1.1429613568175239,1.7610199653704752,3.8550863993370204,0.65,0.35,light
1.458352423655345,1.9871706111049408,3.8550863993370204,0.65,0.35,light
1.8032478697491487,1.5174103808209793,3.8550863993370204,0.65,0.35,light
1.3119549319310653,1.9261512137006345,3.8550863993370204,0.65,0.35,light
1.322994590471404,1.6495299482732007,3.8550863993370204,0.65,0.35,light
1.6737792128111124,1.8805488296658903,3.8550863993370204,0.65,0.35,light
1.2785298265460154,1.6832666318926932,3.8550863993370204,0.65,0.35,light
1.1421827547495165,1.8441415634538318,3.8550863993370204,0.65,0.35,light
1.753880931493089,1.5313256485272564,3.8550863993370204,0.65,0.35,light
1.2463988323239816,1.8367823598598938,3.8550863993370204,0.65,0.35,light
1.2698737957386905,1.584421392231059,3.8550863993370204,0.65,0.35,light
1.6787354205104268,1.615411949448857,3.8550863993370204,0.65,0.35,light
